ISO-10303-21;
HEADER;
FILE_DESCRIPTION(('FreeCAD Model'),'2;1');
FILE_NAME('Open CASCADE Shape Model','2022-11-10T08:53:14',(''),(''),
  'Open CASCADE STEP processor 7.6','FreeCAD','Unknown');
FILE_SCHEMA(('CONFIG_CONTROL_DESIGN','SHAPE_APPEARANCE_LAYER_MIM'));
ENDSEC;
DATA;
#1 = APPLICATION_PROTOCOL_DEFINITION('international standard',
  'config_control_design',1994,#2);
#2 = APPLICATION_CONTEXT(
'configuration controlled 3D designs of mechanical parts and assemblies'
  );
#3 = SHAPE_DEFINITION_REPRESENTATION(#4,#10);
#4 = PRODUCT_DEFINITION_SHAPE('','',#5);
#5 = PRODUCT_DEFINITION('design','',#6,#9);
#6 = PRODUCT_DEFINITION_FORMATION_WITH_SPECIFIED_SOURCE('','',#7,
  .NOT_KNOWN.);
#7 = PRODUCT('Body','Body','',(#8));
#8 = MECHANICAL_CONTEXT('',#2,'mechanical');
#9 = DESIGN_CONTEXT('',#2,'design');
#10 = ADVANCED_BREP_SHAPE_REPRESENTATION('',(#11,#15),#7969);
#11 = AXIS2_PLACEMENT_3D('',#12,#13,#14);
#12 = CARTESIAN_POINT('',(0.,0.,0.));
#13 = DIRECTION('',(0.,0.,1.));
#14 = DIRECTION('',(1.,0.,-0.));
#15 = MANIFOLD_SOLID_BREP('',#16);
#16 = CLOSED_SHELL('',(#17,#57,#120,#528,#584,#601,#623,#640,#652,#1059,
    #1426,#1457,#1618,#2037,#2061,#2101,#2118,#2158,#2182,#2215,#2239,
    #2279,#2296,#2345,#2369,#2411,#2435,#2475,#2492,#2532,#2556,#2589,
    #2613,#2653,#2670,#3107,#3131,#3171,#3188,#3228,#3252,#3285,#3309,
    #3349,#3366,#3511,#3535,#3728,#3752,#3938,#3962,#3986,#4003,#4027,
    #4044,#4068,#4080,#4097,#4137,#4161,#4178,#4211,#4235,#4259,#4276,
    #4300,#4317,#4341,#4353,#4370,#4395,#4426,#4450,#4474,#4498,#4522,
    #4546,#4570,#4594,#4618,#4642,#4666,#4683,#4714,#4738,#4762,#4779,
    #4804,#4828,#4868,#4885,#4925,#4949,#4982,#5006,#5046,#5063,#5077,
    #5094,#5108,#5125,#5149,#5189,#5206,#5246,#5270,#5303,#5327,#5367,
    #5384,#5401,#5418,#5435,#5452,#5469,#5486,#5503,#5520,#5537,#5554,
    #5571,#5583,#5614,#5631,#5657,#5688,#5705,#5731,#5748,#5765,#5782,
    #5794,#5811,#5823,#5840,#5857,#5874,#5891,#5908,#5920,#5937,#5949,
    #5966,#5983,#6014,#6038,#6062,#6079,#6110,#6134,#6158,#6182,#6206,
    #6230,#6254,#6278,#6302,#6326,#6350,#6367,#6392,#6417,#6461,#6647,
    #6664,#6681,#6693,#6705,#6722,#6739,#6756,#6768,#6785,#6797,#6821,
    #6838,#6855,#6872,#6891,#6903,#6927,#6944,#6963,#6975,#6992,#7009,
    #7021,#7052,#7076,#7100,#7124,#7148,#7172,#7196,#7220,#7244,#7268,
    #7292,#7309,#7334,#7365,#7389,#7413,#7430,#7455,#7472,#7489,#7506,
    #7523,#7540,#7557,#7574,#7591,#7603,#7615,#7627,#7651,#7671,#7691,
    #7703,#7723,#7735,#7755,#7775,#7795,#7812,#7829,#7846,#7871,#7888,
    #7913,#7933,#7945,#7957));
#17 = ADVANCED_FACE('',(#18),#52,.F.);
#18 = FACE_BOUND('',#19,.F.);
#19 = EDGE_LOOP('',(#20,#30,#38,#46));
#20 = ORIENTED_EDGE('',*,*,#21,.F.);
#21 = EDGE_CURVE('',#22,#24,#26,.T.);
#22 = VERTEX_POINT('',#23);
#23 = CARTESIAN_POINT('',(33.49,8.605,15.54));
#24 = VERTEX_POINT('',#25);
#25 = CARTESIAN_POINT('',(36.49,8.605,15.54));
#26 = LINE('',#27,#28);
#27 = CARTESIAN_POINT('',(-5.,8.605,15.54));
#28 = VECTOR('',#29,1.);
#29 = DIRECTION('',(1.,0.,0.));
#30 = ORIENTED_EDGE('',*,*,#31,.T.);
#31 = EDGE_CURVE('',#22,#32,#34,.T.);
#32 = VERTEX_POINT('',#33);
#33 = CARTESIAN_POINT('',(33.49,10.605,15.54));
#34 = LINE('',#35,#36);
#35 = CARTESIAN_POINT('',(33.49,-10.605,15.54));
#36 = VECTOR('',#37,1.);
#37 = DIRECTION('',(0.,1.,-2.2E-16));
#38 = ORIENTED_EDGE('',*,*,#39,.F.);
#39 = EDGE_CURVE('',#40,#32,#42,.T.);
#40 = VERTEX_POINT('',#41);
#41 = CARTESIAN_POINT('',(36.49,10.605,15.54));
#42 = LINE('',#43,#44);
#43 = CARTESIAN_POINT('',(31.49,10.605,15.54));
#44 = VECTOR('',#45,1.);
#45 = DIRECTION('',(-1.,0.,0.));
#46 = ORIENTED_EDGE('',*,*,#47,.F.);
#47 = EDGE_CURVE('',#24,#40,#48,.T.);
#48 = LINE('',#49,#50);
#49 = CARTESIAN_POINT('',(36.49,-29.815,15.54));
#50 = VECTOR('',#51,1.);
#51 = DIRECTION('',(0.,1.,-2.2E-16));
#52 = PLANE('',#53);
#53 = AXIS2_PLACEMENT_3D('',#54,#55,#56);
#54 = CARTESIAN_POINT('',(26.49,-29.815,15.54));
#55 = DIRECTION('',(0.,-2.2E-16,-1.));
#56 = DIRECTION('',(1.,0.,0.));
#57 = ADVANCED_FACE('',(#58),#115,.T.);
#58 = FACE_BOUND('',#59,.T.);
#59 = EDGE_LOOP('',(#60,#70,#78,#86,#92,#93,#101,#109));
#60 = ORIENTED_EDGE('',*,*,#61,.F.);
#61 = EDGE_CURVE('',#62,#64,#66,.T.);
#62 = VERTEX_POINT('',#63);
#63 = CARTESIAN_POINT('',(-36.49,8.605,15.54));
#64 = VERTEX_POINT('',#65);
#65 = CARTESIAN_POINT('',(-33.49,8.605,15.54));
#66 = LINE('',#67,#68);
#67 = CARTESIAN_POINT('',(-36.49,8.605,15.54));
#68 = VECTOR('',#69,1.);
#69 = DIRECTION('',(1.,0.,0.));
#70 = ORIENTED_EDGE('',*,*,#71,.T.);
#71 = EDGE_CURVE('',#62,#72,#74,.T.);
#72 = VERTEX_POINT('',#73);
#73 = CARTESIAN_POINT('',(-36.49,8.605,2.5));
#74 = LINE('',#75,#76);
#75 = CARTESIAN_POINT('',(-36.49,8.605,21.54));
#76 = VECTOR('',#77,1.);
#77 = DIRECTION('',(-0.,-0.,-1.));
#78 = ORIENTED_EDGE('',*,*,#79,.T.);
#79 = EDGE_CURVE('',#72,#80,#82,.T.);
#80 = VERTEX_POINT('',#81);
#81 = CARTESIAN_POINT('',(36.49,8.605,2.5));
#82 = LINE('',#83,#84);
#83 = CARTESIAN_POINT('',(-36.49,8.605,2.5));
#84 = VECTOR('',#85,1.);
#85 = DIRECTION('',(1.,0.,0.));
#86 = ORIENTED_EDGE('',*,*,#87,.F.);
#87 = EDGE_CURVE('',#24,#80,#88,.T.);
#88 = LINE('',#89,#90);
#89 = CARTESIAN_POINT('',(36.49,8.605,21.54));
#90 = VECTOR('',#91,1.);
#91 = DIRECTION('',(-0.,-0.,-1.));
#92 = ORIENTED_EDGE('',*,*,#21,.F.);
#93 = ORIENTED_EDGE('',*,*,#94,.F.);
#94 = EDGE_CURVE('',#95,#22,#97,.T.);
#95 = VERTEX_POINT('',#96);
#96 = CARTESIAN_POINT('',(23.95,8.605,6.));
#97 = LINE('',#98,#99);
#98 = CARTESIAN_POINT('',(12.725,8.605,-5.225));
#99 = VECTOR('',#100,1.);
#100 = DIRECTION('',(0.707106781187,0.,0.707106781187));
#101 = ORIENTED_EDGE('',*,*,#102,.F.);
#102 = EDGE_CURVE('',#103,#95,#105,.T.);
#103 = VERTEX_POINT('',#104);
#104 = CARTESIAN_POINT('',(-23.95,8.605,6.));
#105 = LINE('',#106,#107);
#106 = CARTESIAN_POINT('',(-30.22,8.605,6.));
#107 = VECTOR('',#108,1.);
#108 = DIRECTION('',(1.,0.,0.));
#109 = ORIENTED_EDGE('',*,*,#110,.F.);
#110 = EDGE_CURVE('',#64,#103,#111,.T.);
#111 = LINE('',#112,#113);
#112 = CARTESIAN_POINT('',(-35.74,8.605,17.79));
#113 = VECTOR('',#114,1.);
#114 = DIRECTION('',(0.707106781187,0.,-0.707106781187));
#115 = PLANE('',#116);
#116 = AXIS2_PLACEMENT_3D('',#117,#118,#119);
#117 = CARTESIAN_POINT('',(-36.49,8.605,21.54));
#118 = DIRECTION('',(0.,-1.,0.));
#119 = DIRECTION('',(1.,0.,0.));
#120 = ADVANCED_FACE('',(#121),#523,.T.);
#121 = FACE_BOUND('',#122,.T.);
#122 = EDGE_LOOP('',(#123,#133,#141,#149,#157,#165,#173,#181,#189,#197,
    #205,#213,#221,#229,#237,#245,#253,#261,#269,#277,#283,#284,#285,
    #293,#301,#309,#317,#325,#333,#341,#349,#357,#365,#373,#381,#389,
    #397,#405,#413,#421,#429,#437,#445,#453,#461,#469,#477,#485,#493,
    #501,#509,#517));
#123 = ORIENTED_EDGE('',*,*,#124,.F.);
#124 = EDGE_CURVE('',#125,#127,#129,.T.);
#125 = VERTEX_POINT('',#126);
#126 = CARTESIAN_POINT('',(36.49,-29.815,15.54));
#127 = VERTEX_POINT('',#128);
#128 = CARTESIAN_POINT('',(36.49,-27.815,15.54));
#129 = LINE('',#130,#131);
#130 = CARTESIAN_POINT('',(36.49,-29.815,15.54));
#131 = VECTOR('',#132,1.);
#132 = DIRECTION('',(0.,1.,-2.2E-16));
#133 = ORIENTED_EDGE('',*,*,#134,.T.);
#134 = EDGE_CURVE('',#125,#135,#137,.T.);
#135 = VERTEX_POINT('',#136);
#136 = CARTESIAN_POINT('',(36.49,-29.815,21.54));
#137 = LINE('',#138,#139);
#138 = CARTESIAN_POINT('',(36.49,-29.815,15.54));
#139 = VECTOR('',#140,1.);
#140 = DIRECTION('',(0.,0.,1.));
#141 = ORIENTED_EDGE('',*,*,#142,.T.);
#142 = EDGE_CURVE('',#135,#143,#145,.T.);
#143 = VERTEX_POINT('',#144);
#144 = CARTESIAN_POINT('',(36.49,29.815,21.54));
#145 = LINE('',#146,#147);
#146 = CARTESIAN_POINT('',(36.49,-29.815,21.54));
#147 = VECTOR('',#148,1.);
#148 = DIRECTION('',(0.,1.,-2.2E-16));
#149 = ORIENTED_EDGE('',*,*,#150,.T.);
#150 = EDGE_CURVE('',#143,#151,#153,.T.);
#151 = VERTEX_POINT('',#152);
#152 = CARTESIAN_POINT('',(36.49,29.815,15.54));
#153 = LINE('',#154,#155);
#154 = CARTESIAN_POINT('',(36.49,29.815,7.77));
#155 = VECTOR('',#156,1.);
#156 = DIRECTION('',(0.,0.,-1.));
#157 = ORIENTED_EDGE('',*,*,#158,.F.);
#158 = EDGE_CURVE('',#159,#151,#161,.T.);
#159 = VERTEX_POINT('',#160);
#160 = CARTESIAN_POINT('',(36.49,27.815,15.54));
#161 = LINE('',#162,#163);
#162 = CARTESIAN_POINT('',(36.49,-29.815,15.54));
#163 = VECTOR('',#164,1.);
#164 = DIRECTION('',(0.,1.,-2.2E-16));
#165 = ORIENTED_EDGE('',*,*,#166,.T.);
#166 = EDGE_CURVE('',#159,#167,#169,.T.);
#167 = VERTEX_POINT('',#168);
#168 = CARTESIAN_POINT('',(36.49,27.815,2.5));
#169 = LINE('',#170,#171);
#170 = CARTESIAN_POINT('',(36.49,27.815,21.54));
#171 = VECTOR('',#172,1.);
#172 = DIRECTION('',(-0.,-0.,-1.));
#173 = ORIENTED_EDGE('',*,*,#174,.T.);
#174 = EDGE_CURVE('',#167,#175,#177,.T.);
#175 = VERTEX_POINT('',#176);
#176 = CARTESIAN_POINT('',(36.49,22.8,2.5));
#177 = LINE('',#178,#179);
#178 = CARTESIAN_POINT('',(36.49,27.815,2.5));
#179 = VECTOR('',#180,1.);
#180 = DIRECTION('',(0.,-1.,0.));
#181 = ORIENTED_EDGE('',*,*,#182,.T.);
#182 = EDGE_CURVE('',#175,#183,#185,.T.);
#183 = VERTEX_POINT('',#184);
#184 = CARTESIAN_POINT('',(36.49,22.8,12.5));
#185 = LINE('',#186,#187);
#186 = CARTESIAN_POINT('',(36.49,22.8,2.5));
#187 = VECTOR('',#188,1.);
#188 = DIRECTION('',(0.,0.,1.));
#189 = ORIENTED_EDGE('',*,*,#190,.F.);
#190 = EDGE_CURVE('',#191,#183,#193,.T.);
#191 = VERTEX_POINT('',#192);
#192 = CARTESIAN_POINT('',(36.49,22.3,12.5));
#193 = LINE('',#194,#195);
#194 = CARTESIAN_POINT('',(36.49,22.3,12.5));
#195 = VECTOR('',#196,1.);
#196 = DIRECTION('',(0.,1.,0.));
#197 = ORIENTED_EDGE('',*,*,#198,.F.);
#198 = EDGE_CURVE('',#199,#191,#201,.T.);
#199 = VERTEX_POINT('',#200);
#200 = CARTESIAN_POINT('',(36.49,22.3,2.5));
#201 = LINE('',#202,#203);
#202 = CARTESIAN_POINT('',(36.49,22.3,2.5));
#203 = VECTOR('',#204,1.);
#204 = DIRECTION('',(0.,0.,1.));
#205 = ORIENTED_EDGE('',*,*,#206,.T.);
#206 = EDGE_CURVE('',#199,#207,#209,.T.);
#207 = VERTEX_POINT('',#208);
#208 = CARTESIAN_POINT('',(36.49,20.591666666667,2.5));
#209 = LINE('',#210,#211);
#210 = CARTESIAN_POINT('',(36.49,27.815,2.5));
#211 = VECTOR('',#212,1.);
#212 = DIRECTION('',(0.,-1.,0.));
#213 = ORIENTED_EDGE('',*,*,#214,.T.);
#214 = EDGE_CURVE('',#207,#215,#217,.T.);
#215 = VERTEX_POINT('',#216);
#216 = CARTESIAN_POINT('',(36.49,20.05,9.));
#217 = LINE('',#218,#219);
#218 = CARTESIAN_POINT('',(36.49,19.86619891367,11.205613035964));
#219 = VECTOR('',#220,1.);
#220 = DIRECTION('',(0.,-8.304547985374E-02,0.996545758245));
#221 = ORIENTED_EDGE('',*,*,#222,.T.);
#222 = EDGE_CURVE('',#215,#223,#225,.T.);
#223 = VERTEX_POINT('',#224);
#224 = CARTESIAN_POINT('',(36.49,18.55,9.));
#225 = LINE('',#226,#227);
#226 = CARTESIAN_POINT('',(36.49,9.275,9.));
#227 = VECTOR('',#228,1.);
#228 = DIRECTION('',(0.,-1.,0.));
#229 = ORIENTED_EDGE('',*,*,#230,.T.);
#230 = EDGE_CURVE('',#223,#231,#233,.T.);
#231 = VERTEX_POINT('',#232);
#232 = CARTESIAN_POINT('',(36.49,18.008333333333,2.5));
#233 = LINE('',#234,#235);
#234 = CARTESIAN_POINT('',(36.49,18.225697638054,5.108371656654));
#235 = VECTOR('',#236,1.);
#236 = DIRECTION('',(0.,-8.304547985374E-02,-0.996545758245));
#237 = ORIENTED_EDGE('',*,*,#238,.T.);
#238 = EDGE_CURVE('',#231,#239,#241,.T.);
#239 = VERTEX_POINT('',#240);
#240 = CARTESIAN_POINT('',(36.49,16.3,2.5));
#241 = LINE('',#242,#243);
#242 = CARTESIAN_POINT('',(36.49,27.815,2.5));
#243 = VECTOR('',#244,1.);
#244 = DIRECTION('',(0.,-1.,0.));
#245 = ORIENTED_EDGE('',*,*,#246,.T.);
#246 = EDGE_CURVE('',#239,#247,#249,.T.);
#247 = VERTEX_POINT('',#248);
#248 = CARTESIAN_POINT('',(36.49,16.3,12.5));
#249 = LINE('',#250,#251);
#250 = CARTESIAN_POINT('',(36.49,16.3,2.5));
#251 = VECTOR('',#252,1.);
#252 = DIRECTION('',(0.,0.,1.));
#253 = ORIENTED_EDGE('',*,*,#254,.F.);
#254 = EDGE_CURVE('',#255,#247,#257,.T.);
#255 = VERTEX_POINT('',#256);
#256 = CARTESIAN_POINT('',(36.49,15.8,12.5));
#257 = LINE('',#258,#259);
#258 = CARTESIAN_POINT('',(36.49,15.8,12.5));
#259 = VECTOR('',#260,1.);
#260 = DIRECTION('',(0.,1.,0.));
#261 = ORIENTED_EDGE('',*,*,#262,.F.);
#262 = EDGE_CURVE('',#263,#255,#265,.T.);
#263 = VERTEX_POINT('',#264);
#264 = CARTESIAN_POINT('',(36.49,15.8,2.5));
#265 = LINE('',#266,#267);
#266 = CARTESIAN_POINT('',(36.49,15.8,2.5));
#267 = VECTOR('',#268,1.);
#268 = DIRECTION('',(0.,0.,1.));
#269 = ORIENTED_EDGE('',*,*,#270,.T.);
#270 = EDGE_CURVE('',#263,#271,#273,.T.);
#271 = VERTEX_POINT('',#272);
#272 = CARTESIAN_POINT('',(36.49,10.605,2.5));
#273 = LINE('',#274,#275);
#274 = CARTESIAN_POINT('',(36.49,27.815,2.5));
#275 = VECTOR('',#276,1.);
#276 = DIRECTION('',(0.,-1.,0.));
#277 = ORIENTED_EDGE('',*,*,#278,.F.);
#278 = EDGE_CURVE('',#40,#271,#279,.T.);
#279 = LINE('',#280,#281);
#280 = CARTESIAN_POINT('',(36.49,10.605,21.54));
#281 = VECTOR('',#282,1.);
#282 = DIRECTION('',(-0.,-0.,-1.));
#283 = ORIENTED_EDGE('',*,*,#47,.F.);
#284 = ORIENTED_EDGE('',*,*,#87,.T.);
#285 = ORIENTED_EDGE('',*,*,#286,.T.);
#286 = EDGE_CURVE('',#80,#287,#289,.T.);
#287 = VERTEX_POINT('',#288);
#288 = CARTESIAN_POINT('',(36.49,3.5,2.5));
#289 = LINE('',#290,#291);
#290 = CARTESIAN_POINT('',(36.49,8.605,2.5));
#291 = VECTOR('',#292,1.);
#292 = DIRECTION('',(0.,-1.,0.));
#293 = ORIENTED_EDGE('',*,*,#294,.T.);
#294 = EDGE_CURVE('',#287,#295,#297,.T.);
#295 = VERTEX_POINT('',#296);
#296 = CARTESIAN_POINT('',(36.49,3.5,12.5));
#297 = LINE('',#298,#299);
#298 = CARTESIAN_POINT('',(36.49,3.5,2.5));
#299 = VECTOR('',#300,1.);
#300 = DIRECTION('',(0.,0.,1.));
#301 = ORIENTED_EDGE('',*,*,#302,.F.);
#302 = EDGE_CURVE('',#303,#295,#305,.T.);
#303 = VERTEX_POINT('',#304);
#304 = CARTESIAN_POINT('',(36.49,3.,12.5));
#305 = LINE('',#306,#307);
#306 = CARTESIAN_POINT('',(36.49,3.,12.5));
#307 = VECTOR('',#308,1.);
#308 = DIRECTION('',(0.,1.,0.));
#309 = ORIENTED_EDGE('',*,*,#310,.F.);
#310 = EDGE_CURVE('',#311,#303,#313,.T.);
#311 = VERTEX_POINT('',#312);
#312 = CARTESIAN_POINT('',(36.49,3.,2.5));
#313 = LINE('',#314,#315);
#314 = CARTESIAN_POINT('',(36.49,3.,2.5));
#315 = VECTOR('',#316,1.);
#316 = DIRECTION('',(0.,0.,1.));
#317 = ORIENTED_EDGE('',*,*,#318,.T.);
#318 = EDGE_CURVE('',#311,#319,#321,.T.);
#319 = VERTEX_POINT('',#320);
#320 = CARTESIAN_POINT('',(36.49,1.291666666667,2.5));
#321 = LINE('',#322,#323);
#322 = CARTESIAN_POINT('',(36.49,8.605,2.5));
#323 = VECTOR('',#324,1.);
#324 = DIRECTION('',(0.,-1.,0.));
#325 = ORIENTED_EDGE('',*,*,#326,.T.);
#326 = EDGE_CURVE('',#319,#327,#329,.T.);
#327 = VERTEX_POINT('',#328);
#328 = CARTESIAN_POINT('',(36.49,0.75,9.));
#329 = LINE('',#330,#331);
#330 = CARTESIAN_POINT('',(36.49,0.632750637808,10.406992346309));
#331 = VECTOR('',#332,1.);
#332 = DIRECTION('',(0.,-8.304547985374E-02,0.996545758245));
#333 = ORIENTED_EDGE('',*,*,#334,.T.);
#334 = EDGE_CURVE('',#327,#335,#337,.T.);
#335 = VERTEX_POINT('',#336);
#336 = CARTESIAN_POINT('',(36.49,-0.75,9.));
#337 = LINE('',#338,#339);
#338 = CARTESIAN_POINT('',(36.49,-0.375,9.));
#339 = VECTOR('',#340,1.);
#340 = DIRECTION('',(0.,-1.,0.));
#341 = ORIENTED_EDGE('',*,*,#342,.T.);
#342 = EDGE_CURVE('',#335,#343,#345,.T.);
#343 = VERTEX_POINT('',#344);
#344 = CARTESIAN_POINT('',(36.49,-1.291666666667,2.5));
#345 = LINE('',#346,#347);
#346 = CARTESIAN_POINT('',(36.49,-1.007750637808,5.906992346309));
#347 = VECTOR('',#348,1.);
#348 = DIRECTION('',(0.,-8.304547985374E-02,-0.996545758245));
#349 = ORIENTED_EDGE('',*,*,#350,.T.);
#350 = EDGE_CURVE('',#343,#351,#353,.T.);
#351 = VERTEX_POINT('',#352);
#352 = CARTESIAN_POINT('',(36.49,-3.,2.5));
#353 = LINE('',#354,#355);
#354 = CARTESIAN_POINT('',(36.49,8.605,2.5));
#355 = VECTOR('',#356,1.);
#356 = DIRECTION('',(0.,-1.,0.));
#357 = ORIENTED_EDGE('',*,*,#358,.T.);
#358 = EDGE_CURVE('',#351,#359,#361,.T.);
#359 = VERTEX_POINT('',#360);
#360 = CARTESIAN_POINT('',(36.49,-3.,12.5));
#361 = LINE('',#362,#363);
#362 = CARTESIAN_POINT('',(36.49,-3.,2.5));
#363 = VECTOR('',#364,1.);
#364 = DIRECTION('',(0.,0.,1.));
#365 = ORIENTED_EDGE('',*,*,#366,.F.);
#366 = EDGE_CURVE('',#367,#359,#369,.T.);
#367 = VERTEX_POINT('',#368);
#368 = CARTESIAN_POINT('',(36.49,-3.5,12.5));
#369 = LINE('',#370,#371);
#370 = CARTESIAN_POINT('',(36.49,-3.5,12.5));
#371 = VECTOR('',#372,1.);
#372 = DIRECTION('',(0.,1.,0.));
#373 = ORIENTED_EDGE('',*,*,#374,.F.);
#374 = EDGE_CURVE('',#375,#367,#377,.T.);
#375 = VERTEX_POINT('',#376);
#376 = CARTESIAN_POINT('',(36.49,-3.5,2.5));
#377 = LINE('',#378,#379);
#378 = CARTESIAN_POINT('',(36.49,-3.5,2.5));
#379 = VECTOR('',#380,1.);
#380 = DIRECTION('',(0.,0.,1.));
#381 = ORIENTED_EDGE('',*,*,#382,.T.);
#382 = EDGE_CURVE('',#375,#383,#385,.T.);
#383 = VERTEX_POINT('',#384);
#384 = CARTESIAN_POINT('',(36.49,-8.605,2.5));
#385 = LINE('',#386,#387);
#386 = CARTESIAN_POINT('',(36.49,8.605,2.5));
#387 = VECTOR('',#388,1.);
#388 = DIRECTION('',(0.,-1.,0.));
#389 = ORIENTED_EDGE('',*,*,#390,.F.);
#390 = EDGE_CURVE('',#391,#383,#393,.T.);
#391 = VERTEX_POINT('',#392);
#392 = CARTESIAN_POINT('',(36.49,-8.605,15.54));
#393 = LINE('',#394,#395);
#394 = CARTESIAN_POINT('',(36.49,-8.605,21.54));
#395 = VECTOR('',#396,1.);
#396 = DIRECTION('',(-0.,-0.,-1.));
#397 = ORIENTED_EDGE('',*,*,#398,.F.);
#398 = EDGE_CURVE('',#399,#391,#401,.T.);
#399 = VERTEX_POINT('',#400);
#400 = CARTESIAN_POINT('',(36.49,-10.605,15.54));
#401 = LINE('',#402,#403);
#402 = CARTESIAN_POINT('',(36.49,-29.815,15.54));
#403 = VECTOR('',#404,1.);
#404 = DIRECTION('',(0.,1.,-2.2E-16));
#405 = ORIENTED_EDGE('',*,*,#406,.T.);
#406 = EDGE_CURVE('',#399,#407,#409,.T.);
#407 = VERTEX_POINT('',#408);
#408 = CARTESIAN_POINT('',(36.49,-10.605,2.5));
#409 = LINE('',#410,#411);
#410 = CARTESIAN_POINT('',(36.49,-10.605,21.54));
#411 = VECTOR('',#412,1.);
#412 = DIRECTION('',(-0.,-0.,-1.));
#413 = ORIENTED_EDGE('',*,*,#414,.T.);
#414 = EDGE_CURVE('',#407,#415,#417,.T.);
#415 = VERTEX_POINT('',#416);
#416 = CARTESIAN_POINT('',(36.49,-15.8,2.5));
#417 = LINE('',#418,#419);
#418 = CARTESIAN_POINT('',(36.49,-10.605,2.5));
#419 = VECTOR('',#420,1.);
#420 = DIRECTION('',(0.,-1.,0.));
#421 = ORIENTED_EDGE('',*,*,#422,.T.);
#422 = EDGE_CURVE('',#415,#423,#425,.T.);
#423 = VERTEX_POINT('',#424);
#424 = CARTESIAN_POINT('',(36.49,-15.8,12.5));
#425 = LINE('',#426,#427);
#426 = CARTESIAN_POINT('',(36.49,-15.8,2.5));
#427 = VECTOR('',#428,1.);
#428 = DIRECTION('',(0.,0.,1.));
#429 = ORIENTED_EDGE('',*,*,#430,.F.);
#430 = EDGE_CURVE('',#431,#423,#433,.T.);
#431 = VERTEX_POINT('',#432);
#432 = CARTESIAN_POINT('',(36.49,-16.3,12.5));
#433 = LINE('',#434,#435);
#434 = CARTESIAN_POINT('',(36.49,-16.3,12.5));
#435 = VECTOR('',#436,1.);
#436 = DIRECTION('',(0.,1.,0.));
#437 = ORIENTED_EDGE('',*,*,#438,.F.);
#438 = EDGE_CURVE('',#439,#431,#441,.T.);
#439 = VERTEX_POINT('',#440);
#440 = CARTESIAN_POINT('',(36.49,-16.3,2.5));
#441 = LINE('',#442,#443);
#442 = CARTESIAN_POINT('',(36.49,-16.3,2.5));
#443 = VECTOR('',#444,1.);
#444 = DIRECTION('',(0.,0.,1.));
#445 = ORIENTED_EDGE('',*,*,#446,.T.);
#446 = EDGE_CURVE('',#439,#447,#449,.T.);
#447 = VERTEX_POINT('',#448);
#448 = CARTESIAN_POINT('',(36.49,-18.00833333333,2.5));
#449 = LINE('',#450,#451);
#450 = CARTESIAN_POINT('',(36.49,-10.605,2.5));
#451 = VECTOR('',#452,1.);
#452 = DIRECTION('',(0.,-1.,0.));
#453 = ORIENTED_EDGE('',*,*,#454,.T.);
#454 = EDGE_CURVE('',#447,#455,#457,.T.);
#455 = VERTEX_POINT('',#456);
#456 = CARTESIAN_POINT('',(36.49,-18.55,9.));
#457 = LINE('',#458,#459);
#458 = CARTESIAN_POINT('',(36.49,-18.60069763805,9.608371656654));
#459 = VECTOR('',#460,1.);
#460 = DIRECTION('',(0.,-8.304547985374E-02,0.996545758245));
#461 = ORIENTED_EDGE('',*,*,#462,.T.);
#462 = EDGE_CURVE('',#455,#463,#465,.T.);
#463 = VERTEX_POINT('',#464);
#464 = CARTESIAN_POINT('',(36.49,-20.05,9.));
#465 = LINE('',#466,#467);
#466 = CARTESIAN_POINT('',(36.49,-10.025,9.));
#467 = VECTOR('',#468,1.);
#468 = DIRECTION('',(0.,-1.,0.));
#469 = ORIENTED_EDGE('',*,*,#470,.T.);
#470 = EDGE_CURVE('',#463,#471,#473,.T.);
#471 = VERTEX_POINT('',#472);
#472 = CARTESIAN_POINT('',(36.49,-20.59166666666,2.5));
#473 = LINE('',#474,#475);
#474 = CARTESIAN_POINT('',(36.49,-20.24119891367,6.705613035964));
#475 = VECTOR('',#476,1.);
#476 = DIRECTION('',(0.,-8.304547985374E-02,-0.996545758245));
#477 = ORIENTED_EDGE('',*,*,#478,.T.);
#478 = EDGE_CURVE('',#471,#479,#481,.T.);
#479 = VERTEX_POINT('',#480);
#480 = CARTESIAN_POINT('',(36.49,-22.3,2.5));
#481 = LINE('',#482,#483);
#482 = CARTESIAN_POINT('',(36.49,-10.605,2.5));
#483 = VECTOR('',#484,1.);
#484 = DIRECTION('',(0.,-1.,0.));
#485 = ORIENTED_EDGE('',*,*,#486,.T.);
#486 = EDGE_CURVE('',#479,#487,#489,.T.);
#487 = VERTEX_POINT('',#488);
#488 = CARTESIAN_POINT('',(36.49,-22.3,12.5));
#489 = LINE('',#490,#491);
#490 = CARTESIAN_POINT('',(36.49,-22.3,2.5));
#491 = VECTOR('',#492,1.);
#492 = DIRECTION('',(0.,0.,1.));
#493 = ORIENTED_EDGE('',*,*,#494,.F.);
#494 = EDGE_CURVE('',#495,#487,#497,.T.);
#495 = VERTEX_POINT('',#496);
#496 = CARTESIAN_POINT('',(36.49,-22.8,12.5));
#497 = LINE('',#498,#499);
#498 = CARTESIAN_POINT('',(36.49,-22.8,12.5));
#499 = VECTOR('',#500,1.);
#500 = DIRECTION('',(0.,1.,0.));
#501 = ORIENTED_EDGE('',*,*,#502,.F.);
#502 = EDGE_CURVE('',#503,#495,#505,.T.);
#503 = VERTEX_POINT('',#504);
#504 = CARTESIAN_POINT('',(36.49,-22.8,2.5));
#505 = LINE('',#506,#507);
#506 = CARTESIAN_POINT('',(36.49,-22.8,2.5));
#507 = VECTOR('',#508,1.);
#508 = DIRECTION('',(0.,0.,1.));
#509 = ORIENTED_EDGE('',*,*,#510,.T.);
#510 = EDGE_CURVE('',#503,#511,#513,.T.);
#511 = VERTEX_POINT('',#512);
#512 = CARTESIAN_POINT('',(36.49,-27.815,2.5));
#513 = LINE('',#514,#515);
#514 = CARTESIAN_POINT('',(36.49,-10.605,2.5));
#515 = VECTOR('',#516,1.);
#516 = DIRECTION('',(0.,-1.,0.));
#517 = ORIENTED_EDGE('',*,*,#518,.F.);
#518 = EDGE_CURVE('',#127,#511,#519,.T.);
#519 = LINE('',#520,#521);
#520 = CARTESIAN_POINT('',(36.49,-27.815,21.54));
#521 = VECTOR('',#522,1.);
#522 = DIRECTION('',(-0.,-0.,-1.));
#523 = PLANE('',#524);
#524 = AXIS2_PLACEMENT_3D('',#525,#526,#527);
#525 = CARTESIAN_POINT('',(36.49,-2.37E-15,11.771026252983));
#526 = DIRECTION('',(-1.,-0.,-0.));
#527 = DIRECTION('',(0.,0.,-1.));
#528 = ADVANCED_FACE('',(#529),#579,.T.);
#529 = FACE_BOUND('',#530,.T.);
#530 = EDGE_LOOP('',(#531,#532,#533,#541,#549,#557,#565,#573));
#531 = ORIENTED_EDGE('',*,*,#39,.F.);
#532 = ORIENTED_EDGE('',*,*,#278,.T.);
#533 = ORIENTED_EDGE('',*,*,#534,.T.);
#534 = EDGE_CURVE('',#271,#535,#537,.T.);
#535 = VERTEX_POINT('',#536);
#536 = CARTESIAN_POINT('',(-36.49,10.605,2.5));
#537 = LINE('',#538,#539);
#538 = CARTESIAN_POINT('',(36.49,10.605,2.5));
#539 = VECTOR('',#540,1.);
#540 = DIRECTION('',(-1.,0.,0.));
#541 = ORIENTED_EDGE('',*,*,#542,.F.);
#542 = EDGE_CURVE('',#543,#535,#545,.T.);
#543 = VERTEX_POINT('',#544);
#544 = CARTESIAN_POINT('',(-36.49,10.605,15.54));
#545 = LINE('',#546,#547);
#546 = CARTESIAN_POINT('',(-36.49,10.605,21.54));
#547 = VECTOR('',#548,1.);
#548 = DIRECTION('',(-0.,-0.,-1.));
#549 = ORIENTED_EDGE('',*,*,#550,.F.);
#550 = EDGE_CURVE('',#551,#543,#553,.T.);
#551 = VERTEX_POINT('',#552);
#552 = CARTESIAN_POINT('',(-33.49,10.605,15.54));
#553 = LINE('',#554,#555);
#554 = CARTESIAN_POINT('',(0.,10.605,15.54));
#555 = VECTOR('',#556,1.);
#556 = DIRECTION('',(-1.,0.,0.));
#557 = ORIENTED_EDGE('',*,*,#558,.F.);
#558 = EDGE_CURVE('',#559,#551,#561,.T.);
#559 = VERTEX_POINT('',#560);
#560 = CARTESIAN_POINT('',(-23.95,10.605,6.));
#561 = LINE('',#562,#563);
#562 = CARTESIAN_POINT('',(-17.495,10.605,-0.455));
#563 = VECTOR('',#564,1.);
#564 = DIRECTION('',(-0.707106781187,0.,0.707106781187));
#565 = ORIENTED_EDGE('',*,*,#566,.F.);
#566 = EDGE_CURVE('',#567,#559,#569,.T.);
#567 = VERTEX_POINT('',#568);
#568 = CARTESIAN_POINT('',(23.95,10.605,6.));
#569 = LINE('',#570,#571);
#570 = CARTESIAN_POINT('',(6.27,10.605,6.));
#571 = VECTOR('',#572,1.);
#572 = DIRECTION('',(-1.,0.,0.));
#573 = ORIENTED_EDGE('',*,*,#574,.F.);
#574 = EDGE_CURVE('',#32,#567,#575,.T.);
#575 = LINE('',#576,#577);
#576 = CARTESIAN_POINT('',(30.97,10.605,13.02));
#577 = VECTOR('',#578,1.);
#578 = DIRECTION('',(-0.707106781187,0.,-0.707106781187));
#579 = PLANE('',#580);
#580 = AXIS2_PLACEMENT_3D('',#581,#582,#583);
#581 = CARTESIAN_POINT('',(36.49,10.605,21.54));
#582 = DIRECTION('',(0.,1.,0.));
#583 = DIRECTION('',(-1.,0.,0.));
#584 = ADVANCED_FACE('',(#585),#596,.F.);
#585 = FACE_BOUND('',#586,.F.);
#586 = EDGE_LOOP('',(#587,#588,#594,#595));
#587 = ORIENTED_EDGE('',*,*,#94,.F.);
#588 = ORIENTED_EDGE('',*,*,#589,.T.);
#589 = EDGE_CURVE('',#95,#567,#590,.T.);
#590 = LINE('',#591,#592);
#591 = CARTESIAN_POINT('',(23.95,-10.605,6.));
#592 = VECTOR('',#593,1.);
#593 = DIRECTION('',(0.,1.,-2.2E-16));
#594 = ORIENTED_EDGE('',*,*,#574,.F.);
#595 = ORIENTED_EDGE('',*,*,#31,.F.);
#596 = PLANE('',#597);
#597 = AXIS2_PLACEMENT_3D('',#598,#599,#600);
#598 = CARTESIAN_POINT('',(23.95,-10.605,6.));
#599 = DIRECTION('',(0.707106781187,-1.6E-16,-0.707106781187));
#600 = DIRECTION('',(0.707106781187,1.6E-16,0.707106781187));
#601 = ADVANCED_FACE('',(#602),#618,.F.);
#602 = FACE_BOUND('',#603,.F.);
#603 = EDGE_LOOP('',(#604,#605,#611,#612));
#604 = ORIENTED_EDGE('',*,*,#61,.F.);
#605 = ORIENTED_EDGE('',*,*,#606,.T.);
#606 = EDGE_CURVE('',#62,#543,#607,.T.);
#607 = LINE('',#608,#609);
#608 = CARTESIAN_POINT('',(-36.49,-29.815,15.54));
#609 = VECTOR('',#610,1.);
#610 = DIRECTION('',(0.,1.,-2.2E-16));
#611 = ORIENTED_EDGE('',*,*,#550,.F.);
#612 = ORIENTED_EDGE('',*,*,#613,.F.);
#613 = EDGE_CURVE('',#64,#551,#614,.T.);
#614 = LINE('',#615,#616);
#615 = CARTESIAN_POINT('',(-33.49,-10.605,15.54));
#616 = VECTOR('',#617,1.);
#617 = DIRECTION('',(0.,1.,-2.2E-16));
#618 = PLANE('',#619);
#619 = AXIS2_PLACEMENT_3D('',#620,#621,#622);
#620 = CARTESIAN_POINT('',(-36.49,-29.815,15.54));
#621 = DIRECTION('',(0.,-2.2E-16,-1.));
#622 = DIRECTION('',(1.,0.,0.));
#623 = ADVANCED_FACE('',(#624),#635,.F.);
#624 = FACE_BOUND('',#625,.F.);
#625 = EDGE_LOOP('',(#626,#627,#628,#629));
#626 = ORIENTED_EDGE('',*,*,#110,.F.);
#627 = ORIENTED_EDGE('',*,*,#613,.T.);
#628 = ORIENTED_EDGE('',*,*,#558,.F.);
#629 = ORIENTED_EDGE('',*,*,#630,.F.);
#630 = EDGE_CURVE('',#103,#559,#631,.T.);
#631 = LINE('',#632,#633);
#632 = CARTESIAN_POINT('',(-23.95,-10.605,6.));
#633 = VECTOR('',#634,1.);
#634 = DIRECTION('',(0.,1.,-2.2E-16));
#635 = PLANE('',#636);
#636 = AXIS2_PLACEMENT_3D('',#637,#638,#639);
#637 = CARTESIAN_POINT('',(-33.49,-10.605,15.54));
#638 = DIRECTION('',(-0.707106781187,-1.6E-16,-0.707106781187));
#639 = DIRECTION('',(0.707106781187,-1.6E-16,-0.707106781187));
#640 = ADVANCED_FACE('',(#641),#647,.F.);
#641 = FACE_BOUND('',#642,.T.);
#642 = EDGE_LOOP('',(#643,#644,#645,#646));
#643 = ORIENTED_EDGE('',*,*,#102,.T.);
#644 = ORIENTED_EDGE('',*,*,#589,.T.);
#645 = ORIENTED_EDGE('',*,*,#566,.T.);
#646 = ORIENTED_EDGE('',*,*,#630,.F.);
#647 = PLANE('',#648);
#648 = AXIS2_PLACEMENT_3D('',#649,#650,#651);
#649 = CARTESIAN_POINT('',(-23.95,-10.605,6.));
#650 = DIRECTION('',(0.,-2.2E-16,-1.));
#651 = DIRECTION('',(1.,0.,0.));
#652 = ADVANCED_FACE('',(#653,#900,#911,#1009,#1043),#1054,.F.);
#653 = FACE_BOUND('',#654,.F.);
#654 = EDGE_LOOP('',(#655,#663,#671,#679,#687,#695,#703,#711,#719,#727,
    #735,#743,#751,#759,#767,#775,#783,#791,#797,#798,#799,#807,#815,
    #823,#831,#837,#838,#846,#854,#860,#861,#869,#877,#885,#893,#899));
#655 = ORIENTED_EDGE('',*,*,#656,.F.);
#656 = EDGE_CURVE('',#657,#383,#659,.T.);
#657 = VERTEX_POINT('',#658);
#658 = CARTESIAN_POINT('',(-36.48999999998,-8.605,2.5));
#659 = LINE('',#660,#661);
#660 = CARTESIAN_POINT('',(-36.48999999998,-8.605,2.5));
#661 = VECTOR('',#662,1.);
#662 = DIRECTION('',(1.,0.,0.));
#663 = ORIENTED_EDGE('',*,*,#664,.T.);
#664 = EDGE_CURVE('',#657,#665,#667,.T.);
#665 = VERTEX_POINT('',#666);
#666 = CARTESIAN_POINT('',(-36.49,-3.5,2.5));
#667 = LINE('',#668,#669);
#668 = CARTESIAN_POINT('',(-36.48999999998,-8.605,2.5));
#669 = VECTOR('',#670,1.);
#670 = DIRECTION('',(-7.4068E-13,1.,0.));
#671 = ORIENTED_EDGE('',*,*,#672,.F.);
#672 = EDGE_CURVE('',#673,#665,#675,.T.);
#673 = VERTEX_POINT('',#674);
#674 = CARTESIAN_POINT('',(-35.49,-3.5,2.5));
#675 = LINE('',#676,#677);
#676 = CARTESIAN_POINT('',(-35.49,-3.5,2.5));
#677 = VECTOR('',#678,1.);
#678 = DIRECTION('',(-1.,0.,0.));
#679 = ORIENTED_EDGE('',*,*,#680,.F.);
#680 = EDGE_CURVE('',#681,#673,#683,.T.);
#681 = VERTEX_POINT('',#682);
#682 = CARTESIAN_POINT('',(-35.49,-2.5,2.5));
#683 = LINE('',#684,#685);
#684 = CARTESIAN_POINT('',(-35.49,-2.5,2.5));
#685 = VECTOR('',#686,1.);
#686 = DIRECTION('',(0.,-1.,0.));
#687 = ORIENTED_EDGE('',*,*,#688,.F.);
#688 = EDGE_CURVE('',#689,#681,#691,.T.);
#689 = VERTEX_POINT('',#690);
#690 = CARTESIAN_POINT('',(-35.99,-2.5,2.5));
#691 = LINE('',#692,#693);
#692 = CARTESIAN_POINT('',(-35.99,-2.5,2.5));
#693 = VECTOR('',#694,1.);
#694 = DIRECTION('',(1.,0.,0.));
#695 = ORIENTED_EDGE('',*,*,#696,.F.);
#696 = EDGE_CURVE('',#697,#689,#699,.T.);
#697 = VERTEX_POINT('',#698);
#698 = CARTESIAN_POINT('',(-35.99,-3.,2.5));
#699 = LINE('',#700,#701);
#700 = CARTESIAN_POINT('',(-35.99,-3.,2.5));
#701 = VECTOR('',#702,1.);
#702 = DIRECTION('',(0.,1.,0.));
#703 = ORIENTED_EDGE('',*,*,#704,.F.);
#704 = EDGE_CURVE('',#705,#697,#707,.T.);
#705 = VERTEX_POINT('',#706);
#706 = CARTESIAN_POINT('',(-36.49,-3.,2.5));
#707 = LINE('',#708,#709);
#708 = CARTESIAN_POINT('',(-36.49,-3.,2.5));
#709 = VECTOR('',#710,1.);
#710 = DIRECTION('',(1.,0.,0.));
#711 = ORIENTED_EDGE('',*,*,#712,.T.);
#712 = EDGE_CURVE('',#705,#713,#715,.T.);
#713 = VERTEX_POINT('',#714);
#714 = CARTESIAN_POINT('',(-36.48999999999,-1.291666666667,2.5));
#715 = LINE('',#716,#717);
#716 = CARTESIAN_POINT('',(-36.48999999998,-8.605,2.5));
#717 = VECTOR('',#718,1.);
#718 = DIRECTION('',(-7.4068E-13,1.,0.));
#719 = ORIENTED_EDGE('',*,*,#720,.F.);
#720 = EDGE_CURVE('',#721,#713,#723,.T.);
#721 = VERTEX_POINT('',#722);
#722 = CARTESIAN_POINT('',(-35.99,-1.291666666667,2.5));
#723 = LINE('',#724,#725);
#724 = CARTESIAN_POINT('',(-19.49499999999,-1.291666666667,2.5));
#725 = VECTOR('',#726,1.);
#726 = DIRECTION('',(-1.,0.,0.));
#727 = ORIENTED_EDGE('',*,*,#728,.T.);
#728 = EDGE_CURVE('',#721,#729,#731,.T.);
#729 = VERTEX_POINT('',#730);
#730 = CARTESIAN_POINT('',(-35.99,1.291666666667,2.5));
#731 = LINE('',#732,#733);
#732 = CARTESIAN_POINT('',(-35.99,3.0396E-13,2.5));
#733 = VECTOR('',#734,1.);
#734 = DIRECTION('',(0.,1.,0.));
#735 = ORIENTED_EDGE('',*,*,#736,.F.);
#736 = EDGE_CURVE('',#737,#729,#739,.T.);
#737 = VERTEX_POINT('',#738);
#738 = CARTESIAN_POINT('',(-36.48999999999,1.291666666667,2.5));
#739 = LINE('',#740,#741);
#740 = CARTESIAN_POINT('',(-19.49499999999,1.291666666667,2.5));
#741 = VECTOR('',#742,1.);
#742 = DIRECTION('',(1.,0.,0.));
#743 = ORIENTED_EDGE('',*,*,#744,.T.);
#744 = EDGE_CURVE('',#737,#745,#747,.T.);
#745 = VERTEX_POINT('',#746);
#746 = CARTESIAN_POINT('',(-36.49,3.,2.5));
#747 = LINE('',#748,#749);
#748 = CARTESIAN_POINT('',(-36.48999999998,-8.605,2.5));
#749 = VECTOR('',#750,1.);
#750 = DIRECTION('',(-7.4068E-13,1.,0.));
#751 = ORIENTED_EDGE('',*,*,#752,.F.);
#752 = EDGE_CURVE('',#753,#745,#755,.T.);
#753 = VERTEX_POINT('',#754);
#754 = CARTESIAN_POINT('',(-35.99,3.,2.5));
#755 = LINE('',#756,#757);
#756 = CARTESIAN_POINT('',(-35.99,3.,2.5));
#757 = VECTOR('',#758,1.);
#758 = DIRECTION('',(-1.,0.,0.));
#759 = ORIENTED_EDGE('',*,*,#760,.F.);
#760 = EDGE_CURVE('',#761,#753,#763,.T.);
#761 = VERTEX_POINT('',#762);
#762 = CARTESIAN_POINT('',(-35.99,2.5,2.5));
#763 = LINE('',#764,#765);
#764 = CARTESIAN_POINT('',(-35.99,2.5,2.5));
#765 = VECTOR('',#766,1.);
#766 = DIRECTION('',(0.,1.,0.));
#767 = ORIENTED_EDGE('',*,*,#768,.F.);
#768 = EDGE_CURVE('',#769,#761,#771,.T.);
#769 = VERTEX_POINT('',#770);
#770 = CARTESIAN_POINT('',(-35.49,2.5,2.5));
#771 = LINE('',#772,#773);
#772 = CARTESIAN_POINT('',(-35.49,2.5,2.5));
#773 = VECTOR('',#774,1.);
#774 = DIRECTION('',(-1.,0.,0.));
#775 = ORIENTED_EDGE('',*,*,#776,.F.);
#776 = EDGE_CURVE('',#777,#769,#779,.T.);
#777 = VERTEX_POINT('',#778);
#778 = CARTESIAN_POINT('',(-35.49,3.5,2.5));
#779 = LINE('',#780,#781);
#780 = CARTESIAN_POINT('',(-35.49,3.5,2.5));
#781 = VECTOR('',#782,1.);
#782 = DIRECTION('',(0.,-1.,0.));
#783 = ORIENTED_EDGE('',*,*,#784,.F.);
#784 = EDGE_CURVE('',#785,#777,#787,.T.);
#785 = VERTEX_POINT('',#786);
#786 = CARTESIAN_POINT('',(-36.49,3.5,2.5));
#787 = LINE('',#788,#789);
#788 = CARTESIAN_POINT('',(-36.49,3.5,2.5));
#789 = VECTOR('',#790,1.);
#790 = DIRECTION('',(1.,0.,0.));
#791 = ORIENTED_EDGE('',*,*,#792,.T.);
#792 = EDGE_CURVE('',#785,#72,#793,.T.);
#793 = LINE('',#794,#795);
#794 = CARTESIAN_POINT('',(-36.48999999998,-8.605,2.5));
#795 = VECTOR('',#796,1.);
#796 = DIRECTION('',(-7.4068E-13,1.,0.));
#797 = ORIENTED_EDGE('',*,*,#79,.T.);
#798 = ORIENTED_EDGE('',*,*,#286,.T.);
#799 = ORIENTED_EDGE('',*,*,#800,.T.);
#800 = EDGE_CURVE('',#287,#801,#803,.T.);
#801 = VERTEX_POINT('',#802);
#802 = CARTESIAN_POINT('',(35.49,3.5,2.5));
#803 = LINE('',#804,#805);
#804 = CARTESIAN_POINT('',(36.49,3.5,2.5));
#805 = VECTOR('',#806,1.);
#806 = DIRECTION('',(-1.,0.,0.));
#807 = ORIENTED_EDGE('',*,*,#808,.T.);
#808 = EDGE_CURVE('',#801,#809,#811,.T.);
#809 = VERTEX_POINT('',#810);
#810 = CARTESIAN_POINT('',(35.49,2.5,2.5));
#811 = LINE('',#812,#813);
#812 = CARTESIAN_POINT('',(35.49,3.5,2.5));
#813 = VECTOR('',#814,1.);
#814 = DIRECTION('',(0.,-1.,0.));
#815 = ORIENTED_EDGE('',*,*,#816,.T.);
#816 = EDGE_CURVE('',#809,#817,#819,.T.);
#817 = VERTEX_POINT('',#818);
#818 = CARTESIAN_POINT('',(35.99,2.5,2.5));
#819 = LINE('',#820,#821);
#820 = CARTESIAN_POINT('',(35.49,2.5,2.5));
#821 = VECTOR('',#822,1.);
#822 = DIRECTION('',(1.,0.,0.));
#823 = ORIENTED_EDGE('',*,*,#824,.T.);
#824 = EDGE_CURVE('',#817,#825,#827,.T.);
#825 = VERTEX_POINT('',#826);
#826 = CARTESIAN_POINT('',(35.99,3.,2.5));
#827 = LINE('',#828,#829);
#828 = CARTESIAN_POINT('',(35.99,2.5,2.5));
#829 = VECTOR('',#830,1.);
#830 = DIRECTION('',(0.,1.,0.));
#831 = ORIENTED_EDGE('',*,*,#832,.T.);
#832 = EDGE_CURVE('',#825,#311,#833,.T.);
#833 = LINE('',#834,#835);
#834 = CARTESIAN_POINT('',(35.99,3.,2.5));
#835 = VECTOR('',#836,1.);
#836 = DIRECTION('',(1.,0.,0.));
#837 = ORIENTED_EDGE('',*,*,#318,.T.);
#838 = ORIENTED_EDGE('',*,*,#839,.T.);
#839 = EDGE_CURVE('',#319,#840,#842,.T.);
#840 = VERTEX_POINT('',#841);
#841 = CARTESIAN_POINT('',(35.99,1.291666666667,2.5));
#842 = LINE('',#843,#844);
#843 = CARTESIAN_POINT('',(19.495000000002,1.291666666667,2.5));
#844 = VECTOR('',#845,1.);
#845 = DIRECTION('',(-1.,0.,0.));
#846 = ORIENTED_EDGE('',*,*,#847,.F.);
#847 = EDGE_CURVE('',#848,#840,#850,.T.);
#848 = VERTEX_POINT('',#849);
#849 = CARTESIAN_POINT('',(35.99,-1.291666666667,2.5));
#850 = LINE('',#851,#852);
#851 = CARTESIAN_POINT('',(35.99,3.042E-13,2.5));
#852 = VECTOR('',#853,1.);
#853 = DIRECTION('',(0.,1.,0.));
#854 = ORIENTED_EDGE('',*,*,#855,.T.);
#855 = EDGE_CURVE('',#848,#343,#856,.T.);
#856 = LINE('',#857,#858);
#857 = CARTESIAN_POINT('',(19.495000000002,-1.291666666667,2.5));
#858 = VECTOR('',#859,1.);
#859 = DIRECTION('',(1.,0.,0.));
#860 = ORIENTED_EDGE('',*,*,#350,.T.);
#861 = ORIENTED_EDGE('',*,*,#862,.T.);
#862 = EDGE_CURVE('',#351,#863,#865,.T.);
#863 = VERTEX_POINT('',#864);
#864 = CARTESIAN_POINT('',(35.99,-3.,2.5));
#865 = LINE('',#866,#867);
#866 = CARTESIAN_POINT('',(36.49,-3.,2.5));
#867 = VECTOR('',#868,1.);
#868 = DIRECTION('',(-1.,0.,0.));
#869 = ORIENTED_EDGE('',*,*,#870,.T.);
#870 = EDGE_CURVE('',#863,#871,#873,.T.);
#871 = VERTEX_POINT('',#872);
#872 = CARTESIAN_POINT('',(35.99,-2.5,2.5));
#873 = LINE('',#874,#875);
#874 = CARTESIAN_POINT('',(35.99,-3.,2.5));
#875 = VECTOR('',#876,1.);
#876 = DIRECTION('',(0.,1.,0.));
#877 = ORIENTED_EDGE('',*,*,#878,.T.);
#878 = EDGE_CURVE('',#871,#879,#881,.T.);
#879 = VERTEX_POINT('',#880);
#880 = CARTESIAN_POINT('',(35.49,-2.5,2.5));
#881 = LINE('',#882,#883);
#882 = CARTESIAN_POINT('',(35.99,-2.5,2.5));
#883 = VECTOR('',#884,1.);
#884 = DIRECTION('',(-1.,0.,0.));
#885 = ORIENTED_EDGE('',*,*,#886,.T.);
#886 = EDGE_CURVE('',#879,#887,#889,.T.);
#887 = VERTEX_POINT('',#888);
#888 = CARTESIAN_POINT('',(35.49,-3.5,2.5));
#889 = LINE('',#890,#891);
#890 = CARTESIAN_POINT('',(35.49,-2.5,2.5));
#891 = VECTOR('',#892,1.);
#892 = DIRECTION('',(0.,-1.,0.));
#893 = ORIENTED_EDGE('',*,*,#894,.T.);
#894 = EDGE_CURVE('',#887,#375,#895,.T.);
#895 = LINE('',#896,#897);
#896 = CARTESIAN_POINT('',(35.49,-3.5,2.5));
#897 = VECTOR('',#898,1.);
#898 = DIRECTION('',(1.,0.,0.));
#899 = ORIENTED_EDGE('',*,*,#382,.T.);
#900 = FACE_BOUND('',#901,.F.);
#901 = EDGE_LOOP('',(#902));
#902 = ORIENTED_EDGE('',*,*,#903,.T.);
#903 = EDGE_CURVE('',#904,#904,#906,.T.);
#904 = VERTEX_POINT('',#905);
#905 = CARTESIAN_POINT('',(30.805,0.,2.5));
#906 = CIRCLE('',#907,3.);
#907 = AXIS2_PLACEMENT_3D('',#908,#909,#910);
#908 = CARTESIAN_POINT('',(27.805,0.,2.5));
#909 = DIRECTION('',(0.,0.,1.));
#910 = DIRECTION('',(1.,0.,0.));
#911 = FACE_BOUND('',#912,.F.);
#912 = EDGE_LOOP('',(#913,#923,#931,#939,#947,#955,#963,#971,#979,#987,
    #995,#1003));
#913 = ORIENTED_EDGE('',*,*,#914,.F.);
#914 = EDGE_CURVE('',#915,#917,#919,.T.);
#915 = VERTEX_POINT('',#916);
#916 = CARTESIAN_POINT('',(17.5,0.5,2.5));
#917 = VERTEX_POINT('',#918);
#918 = CARTESIAN_POINT('',(19.5,0.5,2.5));
#919 = LINE('',#920,#921);
#920 = CARTESIAN_POINT('',(17.5,0.5,2.5));
#921 = VECTOR('',#922,1.);
#922 = DIRECTION('',(1.,0.,0.));
#923 = ORIENTED_EDGE('',*,*,#924,.F.);
#924 = EDGE_CURVE('',#925,#915,#927,.T.);
#925 = VERTEX_POINT('',#926);
#926 = CARTESIAN_POINT('',(17.5,-0.5,2.5));
#927 = LINE('',#928,#929);
#928 = CARTESIAN_POINT('',(17.5,-0.5,2.5));
#929 = VECTOR('',#930,1.);
#930 = DIRECTION('',(3.55E-15,1.,0.));
#931 = ORIENTED_EDGE('',*,*,#932,.F.);
#932 = EDGE_CURVE('',#933,#925,#935,.T.);
#933 = VERTEX_POINT('',#934);
#934 = CARTESIAN_POINT('',(19.5,-0.5,2.5));
#935 = LINE('',#936,#937);
#936 = CARTESIAN_POINT('',(19.5,-0.5,2.5));
#937 = VECTOR('',#938,1.);
#938 = DIRECTION('',(-1.,0.,0.));
#939 = ORIENTED_EDGE('',*,*,#940,.F.);
#940 = EDGE_CURVE('',#941,#933,#943,.T.);
#941 = VERTEX_POINT('',#942);
#942 = CARTESIAN_POINT('',(19.5,-2.5,2.5));
#943 = LINE('',#944,#945);
#944 = CARTESIAN_POINT('',(19.5,-2.5,2.5));
#945 = VECTOR('',#946,1.);
#946 = DIRECTION('',(1.78E-15,1.,0.));
#947 = ORIENTED_EDGE('',*,*,#948,.F.);
#948 = EDGE_CURVE('',#949,#941,#951,.T.);
#949 = VERTEX_POINT('',#950);
#950 = CARTESIAN_POINT('',(20.5,-2.5,2.5));
#951 = LINE('',#952,#953);
#952 = CARTESIAN_POINT('',(20.5,-2.5,2.5));
#953 = VECTOR('',#954,1.);
#954 = DIRECTION('',(-1.,0.,0.));
#955 = ORIENTED_EDGE('',*,*,#956,.F.);
#956 = EDGE_CURVE('',#957,#949,#959,.T.);
#957 = VERTEX_POINT('',#958);
#958 = CARTESIAN_POINT('',(20.5,-0.5,2.5));
#959 = LINE('',#960,#961);
#960 = CARTESIAN_POINT('',(20.5,-0.5,2.5));
#961 = VECTOR('',#962,1.);
#962 = DIRECTION('',(-1.78E-15,-1.,0.));
#963 = ORIENTED_EDGE('',*,*,#964,.F.);
#964 = EDGE_CURVE('',#965,#957,#967,.T.);
#965 = VERTEX_POINT('',#966);
#966 = CARTESIAN_POINT('',(22.5,-0.5,2.5));
#967 = LINE('',#968,#969);
#968 = CARTESIAN_POINT('',(22.5,-0.5,2.5));
#969 = VECTOR('',#970,1.);
#970 = DIRECTION('',(-1.,0.,0.));
#971 = ORIENTED_EDGE('',*,*,#972,.F.);
#972 = EDGE_CURVE('',#973,#965,#975,.T.);
#973 = VERTEX_POINT('',#974);
#974 = CARTESIAN_POINT('',(22.5,0.5,2.5));
#975 = LINE('',#976,#977);
#976 = CARTESIAN_POINT('',(22.5,0.5,2.5));
#977 = VECTOR('',#978,1.);
#978 = DIRECTION('',(0.,-1.,0.));
#979 = ORIENTED_EDGE('',*,*,#980,.F.);
#980 = EDGE_CURVE('',#981,#973,#983,.T.);
#981 = VERTEX_POINT('',#982);
#982 = CARTESIAN_POINT('',(20.5,0.5,2.5));
#983 = LINE('',#984,#985);
#984 = CARTESIAN_POINT('',(20.5,0.5,2.5));
#985 = VECTOR('',#986,1.);
#986 = DIRECTION('',(1.,-1.7E-16,0.));
#987 = ORIENTED_EDGE('',*,*,#988,.F.);
#988 = EDGE_CURVE('',#989,#981,#991,.T.);
#989 = VERTEX_POINT('',#990);
#990 = CARTESIAN_POINT('',(20.5,2.5,2.5));
#991 = LINE('',#992,#993);
#992 = CARTESIAN_POINT('',(20.5,2.5,2.5));
#993 = VECTOR('',#994,1.);
#994 = DIRECTION('',(-1.78E-15,-1.,0.));
#995 = ORIENTED_EDGE('',*,*,#996,.F.);
#996 = EDGE_CURVE('',#997,#989,#999,.T.);
#997 = VERTEX_POINT('',#998);
#998 = CARTESIAN_POINT('',(19.5,2.5,2.5));
#999 = LINE('',#1000,#1001);
#1000 = CARTESIAN_POINT('',(19.5,2.5,2.5));
#1001 = VECTOR('',#1002,1.);
#1002 = DIRECTION('',(1.,4.4E-16,0.));
#1003 = ORIENTED_EDGE('',*,*,#1004,.F.);
#1004 = EDGE_CURVE('',#917,#997,#1005,.T.);
#1005 = LINE('',#1006,#1007);
#1006 = CARTESIAN_POINT('',(19.5,0.5,2.5));
#1007 = VECTOR('',#1008,1.);
#1008 = DIRECTION('',(1.78E-15,1.,0.));
#1009 = FACE_BOUND('',#1010,.F.);
#1010 = EDGE_LOOP('',(#1011,#1021,#1029,#1037));
#1011 = ORIENTED_EDGE('',*,*,#1012,.F.);
#1012 = EDGE_CURVE('',#1013,#1015,#1017,.T.);
#1013 = VERTEX_POINT('',#1014);
#1014 = CARTESIAN_POINT('',(-22.5,0.5,2.5));
#1015 = VERTEX_POINT('',#1016);
#1016 = CARTESIAN_POINT('',(-17.5,0.5,2.5));
#1017 = LINE('',#1018,#1019);
#1018 = CARTESIAN_POINT('',(-22.5,0.5,2.5));
#1019 = VECTOR('',#1020,1.);
#1020 = DIRECTION('',(1.,0.,0.));
#1021 = ORIENTED_EDGE('',*,*,#1022,.F.);
#1022 = EDGE_CURVE('',#1023,#1013,#1025,.T.);
#1023 = VERTEX_POINT('',#1024);
#1024 = CARTESIAN_POINT('',(-22.5,-0.5,2.5));
#1025 = LINE('',#1026,#1027);
#1026 = CARTESIAN_POINT('',(-22.5,-0.5,2.5));
#1027 = VECTOR('',#1028,1.);
#1028 = DIRECTION('',(0.,1.,0.));
#1029 = ORIENTED_EDGE('',*,*,#1030,.F.);
#1030 = EDGE_CURVE('',#1031,#1023,#1033,.T.);
#1031 = VERTEX_POINT('',#1032);
#1032 = CARTESIAN_POINT('',(-17.5,-0.5,2.5));
#1033 = LINE('',#1034,#1035);
#1034 = CARTESIAN_POINT('',(-17.5,-0.5,2.5));
#1035 = VECTOR('',#1036,1.);
#1036 = DIRECTION('',(-1.,0.,0.));
#1037 = ORIENTED_EDGE('',*,*,#1038,.F.);
#1038 = EDGE_CURVE('',#1015,#1031,#1039,.T.);
#1039 = LINE('',#1040,#1041);
#1040 = CARTESIAN_POINT('',(-17.5,0.5,2.5));
#1041 = VECTOR('',#1042,1.);
#1042 = DIRECTION('',(0.,-1.,0.));
#1043 = FACE_BOUND('',#1044,.F.);
#1044 = EDGE_LOOP('',(#1045));
#1045 = ORIENTED_EDGE('',*,*,#1046,.T.);
#1046 = EDGE_CURVE('',#1047,#1047,#1049,.T.);
#1047 = VERTEX_POINT('',#1048);
#1048 = CARTESIAN_POINT('',(-24.805,0.,2.5));
#1049 = CIRCLE('',#1050,3.);
#1050 = AXIS2_PLACEMENT_3D('',#1051,#1052,#1053);
#1051 = CARTESIAN_POINT('',(-27.805,0.,2.5));
#1052 = DIRECTION('',(0.,0.,1.));
#1053 = DIRECTION('',(1.,0.,0.));
#1054 = PLANE('',#1055);
#1055 = AXIS2_PLACEMENT_3D('',#1056,#1057,#1058);
#1056 = CARTESIAN_POINT('',(3.18787E-12,6.082E-13,2.5));
#1057 = DIRECTION('',(-0.,-0.,-1.));
#1058 = DIRECTION('',(-1.,0.,0.));
#1059 = ADVANCED_FACE('',(#1060),#1421,.T.);
#1060 = FACE_BOUND('',#1061,.T.);
#1061 = EDGE_LOOP('',(#1062,#1072,#1080,#1088,#1096,#1104,#1112,#1120,
    #1128,#1136,#1144,#1152,#1160,#1168,#1176,#1184,#1192,#1200,#1208,
    #1216,#1224,#1232,#1240,#1246,#1247,#1255,#1263,#1269,#1270,#1278,
    #1286,#1292,#1293,#1301,#1309,#1315,#1316,#1317,#1318,#1319,#1327,
    #1335,#1343,#1351,#1359,#1367,#1375,#1383,#1391,#1399,#1407,#1415));
#1062 = ORIENTED_EDGE('',*,*,#1063,.F.);
#1063 = EDGE_CURVE('',#1064,#1066,#1068,.T.);
#1064 = VERTEX_POINT('',#1065);
#1065 = CARTESIAN_POINT('',(-36.49,27.815,15.54));
#1066 = VERTEX_POINT('',#1067);
#1067 = CARTESIAN_POINT('',(-36.49,27.815,2.5));
#1068 = LINE('',#1069,#1070);
#1069 = CARTESIAN_POINT('',(-36.49,27.815,21.54));
#1070 = VECTOR('',#1071,1.);
#1071 = DIRECTION('',(-0.,-0.,-1.));
#1072 = ORIENTED_EDGE('',*,*,#1073,.T.);
#1073 = EDGE_CURVE('',#1064,#1074,#1076,.T.);
#1074 = VERTEX_POINT('',#1075);
#1075 = CARTESIAN_POINT('',(-36.49,29.815,15.54));
#1076 = LINE('',#1077,#1078);
#1077 = CARTESIAN_POINT('',(-36.49,-29.815,15.54));
#1078 = VECTOR('',#1079,1.);
#1079 = DIRECTION('',(0.,1.,-2.2E-16));
#1080 = ORIENTED_EDGE('',*,*,#1081,.T.);
#1081 = EDGE_CURVE('',#1074,#1082,#1084,.T.);
#1082 = VERTEX_POINT('',#1083);
#1083 = CARTESIAN_POINT('',(-36.49,29.815,21.54));
#1084 = LINE('',#1085,#1086);
#1085 = CARTESIAN_POINT('',(-36.49,29.815,10.77));
#1086 = VECTOR('',#1087,1.);
#1087 = DIRECTION('',(0.,0.,1.));
#1088 = ORIENTED_EDGE('',*,*,#1089,.F.);
#1089 = EDGE_CURVE('',#1090,#1082,#1092,.T.);
#1090 = VERTEX_POINT('',#1091);
#1091 = CARTESIAN_POINT('',(-36.49,-29.815,21.54));
#1092 = LINE('',#1093,#1094);
#1093 = CARTESIAN_POINT('',(-36.49,-29.815,21.54));
#1094 = VECTOR('',#1095,1.);
#1095 = DIRECTION('',(0.,1.,-2.2E-16));
#1096 = ORIENTED_EDGE('',*,*,#1097,.T.);
#1097 = EDGE_CURVE('',#1090,#1098,#1100,.T.);
#1098 = VERTEX_POINT('',#1099);
#1099 = CARTESIAN_POINT('',(-36.49,-29.815,15.54));
#1100 = LINE('',#1101,#1102);
#1101 = CARTESIAN_POINT('',(-36.49,-29.815,21.54));
#1102 = VECTOR('',#1103,1.);
#1103 = DIRECTION('',(0.,0.,-1.));
#1104 = ORIENTED_EDGE('',*,*,#1105,.T.);
#1105 = EDGE_CURVE('',#1098,#1106,#1108,.T.);
#1106 = VERTEX_POINT('',#1107);
#1107 = CARTESIAN_POINT('',(-36.48999999999,-27.815,15.54));
#1108 = LINE('',#1109,#1110);
#1109 = CARTESIAN_POINT('',(-36.49,-29.815,15.54));
#1110 = VECTOR('',#1111,1.);
#1111 = DIRECTION('',(0.,1.,-2.2E-16));
#1112 = ORIENTED_EDGE('',*,*,#1113,.T.);
#1113 = EDGE_CURVE('',#1106,#1114,#1116,.T.);
#1114 = VERTEX_POINT('',#1115);
#1115 = CARTESIAN_POINT('',(-36.48999999998,-27.815,2.5));
#1116 = LINE('',#1117,#1118);
#1117 = CARTESIAN_POINT('',(-36.48999999998,-27.815,21.54));
#1118 = VECTOR('',#1119,1.);
#1119 = DIRECTION('',(-0.,-0.,-1.));
#1120 = ORIENTED_EDGE('',*,*,#1121,.F.);
#1121 = EDGE_CURVE('',#1122,#1114,#1124,.T.);
#1122 = VERTEX_POINT('',#1123);
#1123 = CARTESIAN_POINT('',(-36.49,-22.8,2.5));
#1124 = LINE('',#1125,#1126);
#1125 = CARTESIAN_POINT('',(-36.48999999998,-10.605,2.5));
#1126 = VECTOR('',#1127,1.);
#1127 = DIRECTION('',(0.,-1.,0.));
#1128 = ORIENTED_EDGE('',*,*,#1129,.T.);
#1129 = EDGE_CURVE('',#1122,#1130,#1132,.T.);
#1130 = VERTEX_POINT('',#1131);
#1131 = CARTESIAN_POINT('',(-36.49,-22.8,12.5));
#1132 = LINE('',#1133,#1134);
#1133 = CARTESIAN_POINT('',(-36.49,-22.8,2.5));
#1134 = VECTOR('',#1135,1.);
#1135 = DIRECTION('',(0.,0.,1.));
#1136 = ORIENTED_EDGE('',*,*,#1137,.T.);
#1137 = EDGE_CURVE('',#1130,#1138,#1140,.T.);
#1138 = VERTEX_POINT('',#1139);
#1139 = CARTESIAN_POINT('',(-36.49,-22.3,12.5));
#1140 = LINE('',#1141,#1142);
#1141 = CARTESIAN_POINT('',(-36.49,-22.8,12.5));
#1142 = VECTOR('',#1143,1.);
#1143 = DIRECTION('',(0.,1.,0.));
#1144 = ORIENTED_EDGE('',*,*,#1145,.F.);
#1145 = EDGE_CURVE('',#1146,#1138,#1148,.T.);
#1146 = VERTEX_POINT('',#1147);
#1147 = CARTESIAN_POINT('',(-36.49,-22.3,2.5));
#1148 = LINE('',#1149,#1150);
#1149 = CARTESIAN_POINT('',(-36.49,-22.3,2.5));
#1150 = VECTOR('',#1151,1.);
#1151 = DIRECTION('',(0.,0.,1.));
#1152 = ORIENTED_EDGE('',*,*,#1153,.F.);
#1153 = EDGE_CURVE('',#1154,#1146,#1156,.T.);
#1154 = VERTEX_POINT('',#1155);
#1155 = CARTESIAN_POINT('',(-36.48999999998,-20.59166666666,2.5));
#1156 = LINE('',#1157,#1158);
#1157 = CARTESIAN_POINT('',(-36.48999999998,-10.605,2.5));
#1158 = VECTOR('',#1159,1.);
#1159 = DIRECTION('',(0.,-1.,0.));
#1160 = ORIENTED_EDGE('',*,*,#1161,.F.);
#1161 = EDGE_CURVE('',#1162,#1154,#1164,.T.);
#1162 = VERTEX_POINT('',#1163);
#1163 = CARTESIAN_POINT('',(-36.48999999998,-20.05,9.));
#1164 = LINE('',#1165,#1166);
#1165 = CARTESIAN_POINT('',(-36.48999999998,-20.24119891367,
    6.705613035964));
#1166 = VECTOR('',#1167,1.);
#1167 = DIRECTION('',(1.0101E-13,-8.304547985374E-02,-0.996545758245));
#1168 = ORIENTED_EDGE('',*,*,#1169,.F.);
#1169 = EDGE_CURVE('',#1170,#1162,#1172,.T.);
#1170 = VERTEX_POINT('',#1171);
#1171 = CARTESIAN_POINT('',(-36.48999999999,-18.55,9.));
#1172 = LINE('',#1173,#1174);
#1173 = CARTESIAN_POINT('',(-36.48999999999,-10.025,9.));
#1174 = VECTOR('',#1175,1.);
#1175 = DIRECTION('',(2.3811E-13,-1.,0.));
#1176 = ORIENTED_EDGE('',*,*,#1177,.F.);
#1177 = EDGE_CURVE('',#1178,#1170,#1180,.T.);
#1178 = VERTEX_POINT('',#1179);
#1179 = CARTESIAN_POINT('',(-36.48999999998,-18.00833333333,2.5));
#1180 = LINE('',#1181,#1182);
#1181 = CARTESIAN_POINT('',(-36.48999999999,-18.60069763805,
    9.608371656654));
#1182 = VECTOR('',#1183,1.);
#1183 = DIRECTION('',(-6.147E-14,-8.304547985374E-02,0.996545758245));
#1184 = ORIENTED_EDGE('',*,*,#1185,.F.);
#1185 = EDGE_CURVE('',#1186,#1178,#1188,.T.);
#1186 = VERTEX_POINT('',#1187);
#1187 = CARTESIAN_POINT('',(-36.49,-16.3,2.5));
#1188 = LINE('',#1189,#1190);
#1189 = CARTESIAN_POINT('',(-36.48999999998,-10.605,2.5));
#1190 = VECTOR('',#1191,1.);
#1191 = DIRECTION('',(0.,-1.,0.));
#1192 = ORIENTED_EDGE('',*,*,#1193,.T.);
#1193 = EDGE_CURVE('',#1186,#1194,#1196,.T.);
#1194 = VERTEX_POINT('',#1195);
#1195 = CARTESIAN_POINT('',(-36.49,-16.3,12.5));
#1196 = LINE('',#1197,#1198);
#1197 = CARTESIAN_POINT('',(-36.49,-16.3,2.5));
#1198 = VECTOR('',#1199,1.);
#1199 = DIRECTION('',(0.,0.,1.));
#1200 = ORIENTED_EDGE('',*,*,#1201,.T.);
#1201 = EDGE_CURVE('',#1194,#1202,#1204,.T.);
#1202 = VERTEX_POINT('',#1203);
#1203 = CARTESIAN_POINT('',(-36.49,-15.8,12.5));
#1204 = LINE('',#1205,#1206);
#1205 = CARTESIAN_POINT('',(-36.49,-16.3,12.5));
#1206 = VECTOR('',#1207,1.);
#1207 = DIRECTION('',(0.,1.,0.));
#1208 = ORIENTED_EDGE('',*,*,#1209,.F.);
#1209 = EDGE_CURVE('',#1210,#1202,#1212,.T.);
#1210 = VERTEX_POINT('',#1211);
#1211 = CARTESIAN_POINT('',(-36.49,-15.8,2.5));
#1212 = LINE('',#1213,#1214);
#1213 = CARTESIAN_POINT('',(-36.49,-15.8,2.5));
#1214 = VECTOR('',#1215,1.);
#1215 = DIRECTION('',(0.,0.,1.));
#1216 = ORIENTED_EDGE('',*,*,#1217,.F.);
#1217 = EDGE_CURVE('',#1218,#1210,#1220,.T.);
#1218 = VERTEX_POINT('',#1219);
#1219 = CARTESIAN_POINT('',(-36.48999999998,-10.605,2.5));
#1220 = LINE('',#1221,#1222);
#1221 = CARTESIAN_POINT('',(-36.48999999998,-10.605,2.5));
#1222 = VECTOR('',#1223,1.);
#1223 = DIRECTION('',(0.,-1.,0.));
#1224 = ORIENTED_EDGE('',*,*,#1225,.F.);
#1225 = EDGE_CURVE('',#1226,#1218,#1228,.T.);
#1226 = VERTEX_POINT('',#1227);
#1227 = CARTESIAN_POINT('',(-36.48999999999,-10.605,15.54));
#1228 = LINE('',#1229,#1230);
#1229 = CARTESIAN_POINT('',(-36.48999999998,-10.605,21.54));
#1230 = VECTOR('',#1231,1.);
#1231 = DIRECTION('',(-0.,-0.,-1.));
#1232 = ORIENTED_EDGE('',*,*,#1233,.T.);
#1233 = EDGE_CURVE('',#1226,#1234,#1236,.T.);
#1234 = VERTEX_POINT('',#1235);
#1235 = CARTESIAN_POINT('',(-36.48999999999,-8.605,15.54));
#1236 = LINE('',#1237,#1238);
#1237 = CARTESIAN_POINT('',(-36.49,-29.815,15.54));
#1238 = VECTOR('',#1239,1.);
#1239 = DIRECTION('',(0.,1.,-2.2E-16));
#1240 = ORIENTED_EDGE('',*,*,#1241,.T.);
#1241 = EDGE_CURVE('',#1234,#657,#1242,.T.);
#1242 = LINE('',#1243,#1244);
#1243 = CARTESIAN_POINT('',(-36.48999999998,-8.605,21.54));
#1244 = VECTOR('',#1245,1.);
#1245 = DIRECTION('',(-0.,-0.,-1.));
#1246 = ORIENTED_EDGE('',*,*,#664,.T.);
#1247 = ORIENTED_EDGE('',*,*,#1248,.T.);
#1248 = EDGE_CURVE('',#665,#1249,#1251,.T.);
#1249 = VERTEX_POINT('',#1250);
#1250 = CARTESIAN_POINT('',(-36.49,-3.5,12.5));
#1251 = LINE('',#1252,#1253);
#1252 = CARTESIAN_POINT('',(-36.49,-3.5,2.5));
#1253 = VECTOR('',#1254,1.);
#1254 = DIRECTION('',(0.,0.,1.));
#1255 = ORIENTED_EDGE('',*,*,#1256,.F.);
#1256 = EDGE_CURVE('',#1257,#1249,#1259,.T.);
#1257 = VERTEX_POINT('',#1258);
#1258 = CARTESIAN_POINT('',(-36.49,-3.,12.5));
#1259 = LINE('',#1260,#1261);
#1260 = CARTESIAN_POINT('',(-36.49,-3.,12.5));
#1261 = VECTOR('',#1262,1.);
#1262 = DIRECTION('',(0.,-1.,0.));
#1263 = ORIENTED_EDGE('',*,*,#1264,.F.);
#1264 = EDGE_CURVE('',#705,#1257,#1265,.T.);
#1265 = LINE('',#1266,#1267);
#1266 = CARTESIAN_POINT('',(-36.49,-3.,2.5));
#1267 = VECTOR('',#1268,1.);
#1268 = DIRECTION('',(0.,0.,1.));
#1269 = ORIENTED_EDGE('',*,*,#712,.T.);
#1270 = ORIENTED_EDGE('',*,*,#1271,.F.);
#1271 = EDGE_CURVE('',#1272,#713,#1274,.T.);
#1272 = VERTEX_POINT('',#1273);
#1273 = CARTESIAN_POINT('',(-36.48999999999,-0.75,9.));
#1274 = LINE('',#1275,#1276);
#1275 = CARTESIAN_POINT('',(-36.48999999999,-1.007750637808,
    5.906992346309));
#1276 = VECTOR('',#1277,1.);
#1277 = DIRECTION('',(1.0101E-13,-8.304547985374E-02,-0.996545758245));
#1278 = ORIENTED_EDGE('',*,*,#1279,.F.);
#1279 = EDGE_CURVE('',#1280,#1272,#1282,.T.);
#1280 = VERTEX_POINT('',#1281);
#1281 = CARTESIAN_POINT('',(-36.48999999999,0.75,9.));
#1282 = LINE('',#1283,#1284);
#1283 = CARTESIAN_POINT('',(-36.48999999999,-0.375,9.));
#1284 = VECTOR('',#1285,1.);
#1285 = DIRECTION('',(2.3811E-13,-1.,0.));
#1286 = ORIENTED_EDGE('',*,*,#1287,.F.);
#1287 = EDGE_CURVE('',#737,#1280,#1288,.T.);
#1288 = LINE('',#1289,#1290);
#1289 = CARTESIAN_POINT('',(-36.48999999999,0.632750637808,
    10.406992346309));
#1290 = VECTOR('',#1291,1.);
#1291 = DIRECTION('',(-6.147E-14,-8.304547985374E-02,0.996545758245));
#1292 = ORIENTED_EDGE('',*,*,#744,.T.);
#1293 = ORIENTED_EDGE('',*,*,#1294,.T.);
#1294 = EDGE_CURVE('',#745,#1295,#1297,.T.);
#1295 = VERTEX_POINT('',#1296);
#1296 = CARTESIAN_POINT('',(-36.49,3.,12.5));
#1297 = LINE('',#1298,#1299);
#1298 = CARTESIAN_POINT('',(-36.49,3.,2.5));
#1299 = VECTOR('',#1300,1.);
#1300 = DIRECTION('',(0.,0.,1.));
#1301 = ORIENTED_EDGE('',*,*,#1302,.T.);
#1302 = EDGE_CURVE('',#1295,#1303,#1305,.T.);
#1303 = VERTEX_POINT('',#1304);
#1304 = CARTESIAN_POINT('',(-36.49,3.5,12.5));
#1305 = LINE('',#1306,#1307);
#1306 = CARTESIAN_POINT('',(-36.49,3.,12.5));
#1307 = VECTOR('',#1308,1.);
#1308 = DIRECTION('',(0.,1.,0.));
#1309 = ORIENTED_EDGE('',*,*,#1310,.F.);
#1310 = EDGE_CURVE('',#785,#1303,#1311,.T.);
#1311 = LINE('',#1312,#1313);
#1312 = CARTESIAN_POINT('',(-36.49,3.5,2.5));
#1313 = VECTOR('',#1314,1.);
#1314 = DIRECTION('',(0.,0.,1.));
#1315 = ORIENTED_EDGE('',*,*,#792,.T.);
#1316 = ORIENTED_EDGE('',*,*,#71,.F.);
#1317 = ORIENTED_EDGE('',*,*,#606,.T.);
#1318 = ORIENTED_EDGE('',*,*,#542,.T.);
#1319 = ORIENTED_EDGE('',*,*,#1320,.T.);
#1320 = EDGE_CURVE('',#535,#1321,#1323,.T.);
#1321 = VERTEX_POINT('',#1322);
#1322 = CARTESIAN_POINT('',(-36.49,15.8,2.5));
#1323 = LINE('',#1324,#1325);
#1324 = CARTESIAN_POINT('',(-36.49,10.605,2.5));
#1325 = VECTOR('',#1326,1.);
#1326 = DIRECTION('',(0.,1.,0.));
#1327 = ORIENTED_EDGE('',*,*,#1328,.T.);
#1328 = EDGE_CURVE('',#1321,#1329,#1331,.T.);
#1329 = VERTEX_POINT('',#1330);
#1330 = CARTESIAN_POINT('',(-36.49,15.8,12.5));
#1331 = LINE('',#1332,#1333);
#1332 = CARTESIAN_POINT('',(-36.49,15.8,2.5));
#1333 = VECTOR('',#1334,1.);
#1334 = DIRECTION('',(0.,0.,1.));
#1335 = ORIENTED_EDGE('',*,*,#1336,.T.);
#1336 = EDGE_CURVE('',#1329,#1337,#1339,.T.);
#1337 = VERTEX_POINT('',#1338);
#1338 = CARTESIAN_POINT('',(-36.49,16.3,12.5));
#1339 = LINE('',#1340,#1341);
#1340 = CARTESIAN_POINT('',(-36.49,15.8,12.5));
#1341 = VECTOR('',#1342,1.);
#1342 = DIRECTION('',(0.,1.,0.));
#1343 = ORIENTED_EDGE('',*,*,#1344,.F.);
#1344 = EDGE_CURVE('',#1345,#1337,#1347,.T.);
#1345 = VERTEX_POINT('',#1346);
#1346 = CARTESIAN_POINT('',(-36.49,16.3,2.5));
#1347 = LINE('',#1348,#1349);
#1348 = CARTESIAN_POINT('',(-36.49,16.3,2.5));
#1349 = VECTOR('',#1350,1.);
#1350 = DIRECTION('',(0.,0.,1.));
#1351 = ORIENTED_EDGE('',*,*,#1352,.T.);
#1352 = EDGE_CURVE('',#1345,#1353,#1355,.T.);
#1353 = VERTEX_POINT('',#1354);
#1354 = CARTESIAN_POINT('',(-36.49,18.008333333333,2.5));
#1355 = LINE('',#1356,#1357);
#1356 = CARTESIAN_POINT('',(-36.49,10.605,2.5));
#1357 = VECTOR('',#1358,1.);
#1358 = DIRECTION('',(0.,1.,0.));
#1359 = ORIENTED_EDGE('',*,*,#1360,.F.);
#1360 = EDGE_CURVE('',#1361,#1353,#1363,.T.);
#1361 = VERTEX_POINT('',#1362);
#1362 = CARTESIAN_POINT('',(-36.48999999999,18.55,9.));
#1363 = LINE('',#1364,#1365);
#1364 = CARTESIAN_POINT('',(-36.48999999999,18.225697638054,
    5.108371656654));
#1365 = VECTOR('',#1366,1.);
#1366 = DIRECTION('',(1.0101E-13,-8.304547985374E-02,-0.996545758245));
#1367 = ORIENTED_EDGE('',*,*,#1368,.F.);
#1368 = EDGE_CURVE('',#1369,#1361,#1371,.T.);
#1369 = VERTEX_POINT('',#1370);
#1370 = CARTESIAN_POINT('',(-36.48999999999,20.05,9.));
#1371 = LINE('',#1372,#1373);
#1372 = CARTESIAN_POINT('',(-36.48999999999,9.275,9.));
#1373 = VECTOR('',#1374,1.);
#1374 = DIRECTION('',(2.3811E-13,-1.,0.));
#1375 = ORIENTED_EDGE('',*,*,#1376,.F.);
#1376 = EDGE_CURVE('',#1377,#1369,#1379,.T.);
#1377 = VERTEX_POINT('',#1378);
#1378 = CARTESIAN_POINT('',(-36.49,20.591666666667,2.5));
#1379 = LINE('',#1380,#1381);
#1380 = CARTESIAN_POINT('',(-36.48999999999,19.86619891367,
    11.205613035964));
#1381 = VECTOR('',#1382,1.);
#1382 = DIRECTION('',(-6.147E-14,-8.304547985374E-02,0.996545758245));
#1383 = ORIENTED_EDGE('',*,*,#1384,.T.);
#1384 = EDGE_CURVE('',#1377,#1385,#1387,.T.);
#1385 = VERTEX_POINT('',#1386);
#1386 = CARTESIAN_POINT('',(-36.49,22.3,2.5));
#1387 = LINE('',#1388,#1389);
#1388 = CARTESIAN_POINT('',(-36.49,10.605,2.5));
#1389 = VECTOR('',#1390,1.);
#1390 = DIRECTION('',(0.,1.,0.));
#1391 = ORIENTED_EDGE('',*,*,#1392,.T.);
#1392 = EDGE_CURVE('',#1385,#1393,#1395,.T.);
#1393 = VERTEX_POINT('',#1394);
#1394 = CARTESIAN_POINT('',(-36.49,22.3,12.5));
#1395 = LINE('',#1396,#1397);
#1396 = CARTESIAN_POINT('',(-36.49,22.3,2.5));
#1397 = VECTOR('',#1398,1.);
#1398 = DIRECTION('',(0.,0.,1.));
#1399 = ORIENTED_EDGE('',*,*,#1400,.T.);
#1400 = EDGE_CURVE('',#1393,#1401,#1403,.T.);
#1401 = VERTEX_POINT('',#1402);
#1402 = CARTESIAN_POINT('',(-36.49,22.8,12.5));
#1403 = LINE('',#1404,#1405);
#1404 = CARTESIAN_POINT('',(-36.49,22.3,12.5));
#1405 = VECTOR('',#1406,1.);
#1406 = DIRECTION('',(0.,1.,0.));
#1407 = ORIENTED_EDGE('',*,*,#1408,.F.);
#1408 = EDGE_CURVE('',#1409,#1401,#1411,.T.);
#1409 = VERTEX_POINT('',#1410);
#1410 = CARTESIAN_POINT('',(-36.49,22.8,2.5));
#1411 = LINE('',#1412,#1413);
#1412 = CARTESIAN_POINT('',(-36.49,22.8,2.5));
#1413 = VECTOR('',#1414,1.);
#1414 = DIRECTION('',(0.,0.,1.));
#1415 = ORIENTED_EDGE('',*,*,#1416,.T.);
#1416 = EDGE_CURVE('',#1409,#1066,#1417,.T.);
#1417 = LINE('',#1418,#1419);
#1418 = CARTESIAN_POINT('',(-36.49,10.605,2.5));
#1419 = VECTOR('',#1420,1.);
#1420 = DIRECTION('',(0.,1.,0.));
#1421 = PLANE('',#1422);
#1422 = AXIS2_PLACEMENT_3D('',#1423,#1424,#1425);
#1423 = CARTESIAN_POINT('',(-36.48999999999,-1.63E-15,11.771026252983));
#1424 = DIRECTION('',(1.,2.3811E-13,8.152E-14));
#1425 = DIRECTION('',(-2.3811E-13,1.,0.));
#1426 = ADVANCED_FACE('',(#1427),#1452,.F.);
#1427 = FACE_BOUND('',#1428,.F.);
#1428 = EDGE_LOOP('',(#1429,#1437,#1445,#1451));
#1429 = ORIENTED_EDGE('',*,*,#1430,.F.);
#1430 = EDGE_CURVE('',#1431,#125,#1433,.T.);
#1431 = VERTEX_POINT('',#1432);
#1432 = CARTESIAN_POINT('',(26.49,-29.815,15.54));
#1433 = LINE('',#1434,#1435);
#1434 = CARTESIAN_POINT('',(26.49,-29.815,15.54));
#1435 = VECTOR('',#1436,1.);
#1436 = DIRECTION('',(1.,0.,0.));
#1437 = ORIENTED_EDGE('',*,*,#1438,.T.);
#1438 = EDGE_CURVE('',#1431,#1439,#1441,.T.);
#1439 = VERTEX_POINT('',#1440);
#1440 = CARTESIAN_POINT('',(26.49,-27.815,15.54));
#1441 = LINE('',#1442,#1443);
#1442 = CARTESIAN_POINT('',(26.49,-29.815,15.54));
#1443 = VECTOR('',#1444,1.);
#1444 = DIRECTION('',(0.,1.,-2.2E-16));
#1445 = ORIENTED_EDGE('',*,*,#1446,.F.);
#1446 = EDGE_CURVE('',#127,#1439,#1447,.T.);
#1447 = LINE('',#1448,#1449);
#1448 = CARTESIAN_POINT('',(31.49,-27.815,15.54));
#1449 = VECTOR('',#1450,1.);
#1450 = DIRECTION('',(-1.,0.,0.));
#1451 = ORIENTED_EDGE('',*,*,#124,.F.);
#1452 = PLANE('',#1453);
#1453 = AXIS2_PLACEMENT_3D('',#1454,#1455,#1456);
#1454 = CARTESIAN_POINT('',(26.49,-29.815,15.54));
#1455 = DIRECTION('',(0.,-2.2E-16,-1.));
#1456 = DIRECTION('',(1.,0.,0.));
#1457 = ADVANCED_FACE('',(#1458),#1613,.T.);
#1458 = FACE_BOUND('',#1459,.T.);
#1459 = EDGE_LOOP('',(#1460,#1461,#1462,#1470,#1478,#1486,#1494,#1502,
    #1510,#1518,#1526,#1532,#1533,#1541,#1549,#1557,#1566,#1574,#1582,
    #1590,#1599,#1607));
#1460 = ORIENTED_EDGE('',*,*,#1446,.F.);
#1461 = ORIENTED_EDGE('',*,*,#518,.T.);
#1462 = ORIENTED_EDGE('',*,*,#1463,.T.);
#1463 = EDGE_CURVE('',#511,#1464,#1466,.T.);
#1464 = VERTEX_POINT('',#1465);
#1465 = CARTESIAN_POINT('',(7.5,-27.815,2.5));
#1466 = LINE('',#1467,#1468);
#1467 = CARTESIAN_POINT('',(36.49,-27.815,2.5));
#1468 = VECTOR('',#1469,1.);
#1469 = DIRECTION('',(-1.,0.,0.));
#1470 = ORIENTED_EDGE('',*,*,#1471,.F.);
#1471 = EDGE_CURVE('',#1472,#1464,#1474,.T.);
#1472 = VERTEX_POINT('',#1473);
#1473 = CARTESIAN_POINT('',(7.5,-27.815,3.));
#1474 = LINE('',#1475,#1476);
#1475 = CARTESIAN_POINT('',(7.5,-27.815,10.77));
#1476 = VECTOR('',#1477,1.);
#1477 = DIRECTION('',(0.,0.,-1.));
#1478 = ORIENTED_EDGE('',*,*,#1479,.F.);
#1479 = EDGE_CURVE('',#1480,#1472,#1482,.T.);
#1480 = VERTEX_POINT('',#1481);
#1481 = CARTESIAN_POINT('',(2.5,-27.815,3.));
#1482 = LINE('',#1483,#1484);
#1483 = CARTESIAN_POINT('',(21.995,-27.815,3.));
#1484 = VECTOR('',#1485,1.);
#1485 = DIRECTION('',(1.,0.,0.));
#1486 = ORIENTED_EDGE('',*,*,#1487,.F.);
#1487 = EDGE_CURVE('',#1488,#1480,#1490,.T.);
#1488 = VERTEX_POINT('',#1489);
#1489 = CARTESIAN_POINT('',(2.5,-27.815,2.5));
#1490 = LINE('',#1491,#1492);
#1491 = CARTESIAN_POINT('',(2.5,-27.815,12.27));
#1492 = VECTOR('',#1493,1.);
#1493 = DIRECTION('',(0.,0.,1.));
#1494 = ORIENTED_EDGE('',*,*,#1495,.T.);
#1495 = EDGE_CURVE('',#1488,#1496,#1498,.T.);
#1496 = VERTEX_POINT('',#1497);
#1497 = CARTESIAN_POINT('',(-2.5,-27.815,2.5));
#1498 = LINE('',#1499,#1500);
#1499 = CARTESIAN_POINT('',(36.49,-27.815,2.5));
#1500 = VECTOR('',#1501,1.);
#1501 = DIRECTION('',(-1.,0.,0.));
#1502 = ORIENTED_EDGE('',*,*,#1503,.F.);
#1503 = EDGE_CURVE('',#1504,#1496,#1506,.T.);
#1504 = VERTEX_POINT('',#1505);
#1505 = CARTESIAN_POINT('',(-2.5,-27.815,3.));
#1506 = LINE('',#1507,#1508);
#1507 = CARTESIAN_POINT('',(-2.5,-27.815,10.77));
#1508 = VECTOR('',#1509,1.);
#1509 = DIRECTION('',(0.,0.,-1.));
#1510 = ORIENTED_EDGE('',*,*,#1511,.F.);
#1511 = EDGE_CURVE('',#1512,#1504,#1514,.T.);
#1512 = VERTEX_POINT('',#1513);
#1513 = CARTESIAN_POINT('',(-7.5,-27.815,3.));
#1514 = LINE('',#1515,#1516);
#1515 = CARTESIAN_POINT('',(16.995,-27.815,3.));
#1516 = VECTOR('',#1517,1.);
#1517 = DIRECTION('',(1.,0.,0.));
#1518 = ORIENTED_EDGE('',*,*,#1519,.F.);
#1519 = EDGE_CURVE('',#1520,#1512,#1522,.T.);
#1520 = VERTEX_POINT('',#1521);
#1521 = CARTESIAN_POINT('',(-7.5,-27.815,2.5));
#1522 = LINE('',#1523,#1524);
#1523 = CARTESIAN_POINT('',(-7.5,-27.815,12.27));
#1524 = VECTOR('',#1525,1.);
#1525 = DIRECTION('',(0.,0.,1.));
#1526 = ORIENTED_EDGE('',*,*,#1527,.T.);
#1527 = EDGE_CURVE('',#1520,#1114,#1528,.T.);
#1528 = LINE('',#1529,#1530);
#1529 = CARTESIAN_POINT('',(36.49,-27.815,2.5));
#1530 = VECTOR('',#1531,1.);
#1531 = DIRECTION('',(-1.,0.,0.));
#1532 = ORIENTED_EDGE('',*,*,#1113,.F.);
#1533 = ORIENTED_EDGE('',*,*,#1534,.F.);
#1534 = EDGE_CURVE('',#1535,#1106,#1537,.T.);
#1535 = VERTEX_POINT('',#1536);
#1536 = CARTESIAN_POINT('',(-26.49,-27.815,15.54));
#1537 = LINE('',#1538,#1539);
#1538 = CARTESIAN_POINT('',(0.,-27.815,15.54));
#1539 = VECTOR('',#1540,1.);
#1540 = DIRECTION('',(-1.,0.,0.));
#1541 = ORIENTED_EDGE('',*,*,#1542,.F.);
#1542 = EDGE_CURVE('',#1543,#1535,#1545,.T.);
#1543 = VERTEX_POINT('',#1544);
#1544 = CARTESIAN_POINT('',(-22.49,-27.815,11.54));
#1545 = LINE('',#1546,#1547);
#1546 = CARTESIAN_POINT('',(-12.245,-27.815,1.295));
#1547 = VECTOR('',#1548,1.);
#1548 = DIRECTION('',(-0.707106781187,0.,0.707106781187));
#1549 = ORIENTED_EDGE('',*,*,#1550,.F.);
#1550 = EDGE_CURVE('',#1551,#1543,#1553,.T.);
#1551 = VERTEX_POINT('',#1552);
#1552 = CARTESIAN_POINT('',(-14.,-27.815,11.54));
#1553 = LINE('',#1554,#1555);
#1554 = CARTESIAN_POINT('',(7.,-27.815,11.54));
#1555 = VECTOR('',#1556,1.);
#1556 = DIRECTION('',(-1.,0.,0.));
#1557 = ORIENTED_EDGE('',*,*,#1558,.F.);
#1558 = EDGE_CURVE('',#1559,#1551,#1561,.T.);
#1559 = VERTEX_POINT('',#1560);
#1560 = CARTESIAN_POINT('',(-11.,-27.815,8.54));
#1561 = CIRCLE('',#1562,3.);
#1562 = AXIS2_PLACEMENT_3D('',#1563,#1564,#1565);
#1563 = CARTESIAN_POINT('',(-14.,-27.815,8.54));
#1564 = DIRECTION('',(0.,-1.,2.2E-16));
#1565 = DIRECTION('',(1.,0.,0.));
#1566 = ORIENTED_EDGE('',*,*,#1567,.F.);
#1567 = EDGE_CURVE('',#1568,#1559,#1570,.T.);
#1568 = VERTEX_POINT('',#1569);
#1569 = CARTESIAN_POINT('',(-11.,-27.815,6.));
#1570 = LINE('',#1571,#1572);
#1571 = CARTESIAN_POINT('',(-11.,-27.815,15.04));
#1572 = VECTOR('',#1573,1.);
#1573 = DIRECTION('',(0.,0.,1.));
#1574 = ORIENTED_EDGE('',*,*,#1575,.F.);
#1575 = EDGE_CURVE('',#1576,#1568,#1578,.T.);
#1576 = VERTEX_POINT('',#1577);
#1577 = CARTESIAN_POINT('',(11.,-27.815,6.));
#1578 = LINE('',#1579,#1580);
#1579 = CARTESIAN_POINT('',(12.745,-27.815,6.));
#1580 = VECTOR('',#1581,1.);
#1581 = DIRECTION('',(-1.,0.,0.));
#1582 = ORIENTED_EDGE('',*,*,#1583,.F.);
#1583 = EDGE_CURVE('',#1584,#1576,#1586,.T.);
#1584 = VERTEX_POINT('',#1585);
#1585 = CARTESIAN_POINT('',(11.,-27.815,8.54));
#1586 = LINE('',#1587,#1588);
#1587 = CARTESIAN_POINT('',(11.,-27.815,13.77));
#1588 = VECTOR('',#1589,1.);
#1589 = DIRECTION('',(0.,0.,-1.));
#1590 = ORIENTED_EDGE('',*,*,#1591,.F.);
#1591 = EDGE_CURVE('',#1592,#1584,#1594,.T.);
#1592 = VERTEX_POINT('',#1593);
#1593 = CARTESIAN_POINT('',(14.,-27.815,11.54));
#1594 = CIRCLE('',#1595,3.);
#1595 = AXIS2_PLACEMENT_3D('',#1596,#1597,#1598);
#1596 = CARTESIAN_POINT('',(14.,-27.815,8.54));
#1597 = DIRECTION('',(0.,-1.,2.2E-16));
#1598 = DIRECTION('',(1.,0.,0.));
#1599 = ORIENTED_EDGE('',*,*,#1600,.F.);
#1600 = EDGE_CURVE('',#1601,#1592,#1603,.T.);
#1601 = VERTEX_POINT('',#1602);
#1602 = CARTESIAN_POINT('',(22.49,-27.815,11.54));
#1603 = LINE('',#1604,#1605);
#1604 = CARTESIAN_POINT('',(25.245,-27.815,11.54));
#1605 = VECTOR('',#1606,1.);
#1606 = DIRECTION('',(-1.,0.,0.));
#1607 = ORIENTED_EDGE('',*,*,#1608,.F.);
#1608 = EDGE_CURVE('',#1439,#1601,#1609,.T.);
#1609 = LINE('',#1610,#1611);
#1610 = CARTESIAN_POINT('',(28.49,-27.815,17.54));
#1611 = VECTOR('',#1612,1.);
#1612 = DIRECTION('',(-0.707106781187,0.,-0.707106781187));
#1613 = PLANE('',#1614);
#1614 = AXIS2_PLACEMENT_3D('',#1615,#1616,#1617);
#1615 = CARTESIAN_POINT('',(36.49,-27.815,21.54));
#1616 = DIRECTION('',(0.,1.,0.));
#1617 = DIRECTION('',(-1.,0.,0.));
#1618 = ADVANCED_FACE('',(#1619,#1878,#1912,#2010,#2021),#2032,.T.);
#1619 = FACE_BOUND('',#1620,.T.);
#1620 = EDGE_LOOP('',(#1621,#1622,#1628,#1629,#1637,#1645,#1653,#1661,
    #1667,#1668,#1676,#1684,#1690,#1691,#1699,#1707,#1715,#1723,#1729,
    #1730,#1731,#1739,#1747,#1753,#1754,#1762,#1770,#1776,#1777,#1778,
    #1786,#1794,#1802,#1810,#1816,#1817,#1825,#1833,#1839,#1840,#1848,
    #1856,#1864,#1872));
#1621 = ORIENTED_EDGE('',*,*,#414,.F.);
#1622 = ORIENTED_EDGE('',*,*,#1623,.T.);
#1623 = EDGE_CURVE('',#407,#1218,#1624,.T.);
#1624 = LINE('',#1625,#1626);
#1625 = CARTESIAN_POINT('',(36.49,-10.605,2.5));
#1626 = VECTOR('',#1627,1.);
#1627 = DIRECTION('',(-1.,0.,0.));
#1628 = ORIENTED_EDGE('',*,*,#1217,.T.);
#1629 = ORIENTED_EDGE('',*,*,#1630,.T.);
#1630 = EDGE_CURVE('',#1210,#1631,#1633,.T.);
#1631 = VERTEX_POINT('',#1632);
#1632 = CARTESIAN_POINT('',(-35.49,-15.8,2.5));
#1633 = LINE('',#1634,#1635);
#1634 = CARTESIAN_POINT('',(-36.49,-15.8,2.5));
#1635 = VECTOR('',#1636,1.);
#1636 = DIRECTION('',(1.,0.,0.));
#1637 = ORIENTED_EDGE('',*,*,#1638,.T.);
#1638 = EDGE_CURVE('',#1631,#1639,#1641,.T.);
#1639 = VERTEX_POINT('',#1640);
#1640 = CARTESIAN_POINT('',(-35.49,-16.8,2.5));
#1641 = LINE('',#1642,#1643);
#1642 = CARTESIAN_POINT('',(-35.49,-15.8,2.5));
#1643 = VECTOR('',#1644,1.);
#1644 = DIRECTION('',(0.,-1.,0.));
#1645 = ORIENTED_EDGE('',*,*,#1646,.T.);
#1646 = EDGE_CURVE('',#1639,#1647,#1649,.T.);
#1647 = VERTEX_POINT('',#1648);
#1648 = CARTESIAN_POINT('',(-35.99,-16.8,2.5));
#1649 = LINE('',#1650,#1651);
#1650 = CARTESIAN_POINT('',(-35.49,-16.8,2.5));
#1651 = VECTOR('',#1652,1.);
#1652 = DIRECTION('',(-1.,0.,0.));
#1653 = ORIENTED_EDGE('',*,*,#1654,.T.);
#1654 = EDGE_CURVE('',#1647,#1655,#1657,.T.);
#1655 = VERTEX_POINT('',#1656);
#1656 = CARTESIAN_POINT('',(-35.99,-16.3,2.5));
#1657 = LINE('',#1658,#1659);
#1658 = CARTESIAN_POINT('',(-35.99,-16.8,2.5));
#1659 = VECTOR('',#1660,1.);
#1660 = DIRECTION('',(0.,1.,0.));
#1661 = ORIENTED_EDGE('',*,*,#1662,.T.);
#1662 = EDGE_CURVE('',#1655,#1186,#1663,.T.);
#1663 = LINE('',#1664,#1665);
#1664 = CARTESIAN_POINT('',(-35.99,-16.3,2.5));
#1665 = VECTOR('',#1666,1.);
#1666 = DIRECTION('',(-1.,0.,0.));
#1667 = ORIENTED_EDGE('',*,*,#1185,.T.);
#1668 = ORIENTED_EDGE('',*,*,#1669,.F.);
#1669 = EDGE_CURVE('',#1670,#1178,#1672,.T.);
#1670 = VERTEX_POINT('',#1671);
#1671 = CARTESIAN_POINT('',(-35.99,-18.00833333333,2.5));
#1672 = LINE('',#1673,#1674);
#1673 = CARTESIAN_POINT('',(-19.49499999999,-18.00833333333,2.5));
#1674 = VECTOR('',#1675,1.);
#1675 = DIRECTION('',(-1.,0.,0.));
#1676 = ORIENTED_EDGE('',*,*,#1677,.T.);
#1677 = EDGE_CURVE('',#1670,#1678,#1680,.T.);
#1678 = VERTEX_POINT('',#1679);
#1679 = CARTESIAN_POINT('',(-35.99,-20.59166666666,2.5));
#1680 = LINE('',#1681,#1682);
#1681 = CARTESIAN_POINT('',(-35.99,-19.255,2.5));
#1682 = VECTOR('',#1683,1.);
#1683 = DIRECTION('',(0.,-1.,0.));
#1684 = ORIENTED_EDGE('',*,*,#1685,.F.);
#1685 = EDGE_CURVE('',#1154,#1678,#1686,.T.);
#1686 = LINE('',#1687,#1688);
#1687 = CARTESIAN_POINT('',(-19.49499999999,-20.59166666666,2.5));
#1688 = VECTOR('',#1689,1.);
#1689 = DIRECTION('',(1.,0.,0.));
#1690 = ORIENTED_EDGE('',*,*,#1153,.T.);
#1691 = ORIENTED_EDGE('',*,*,#1692,.T.);
#1692 = EDGE_CURVE('',#1146,#1693,#1695,.T.);
#1693 = VERTEX_POINT('',#1694);
#1694 = CARTESIAN_POINT('',(-35.99,-22.3,2.5));
#1695 = LINE('',#1696,#1697);
#1696 = CARTESIAN_POINT('',(-36.49,-22.3,2.5));
#1697 = VECTOR('',#1698,1.);
#1698 = DIRECTION('',(1.,0.,0.));
#1699 = ORIENTED_EDGE('',*,*,#1700,.T.);
#1700 = EDGE_CURVE('',#1693,#1701,#1703,.T.);
#1701 = VERTEX_POINT('',#1702);
#1702 = CARTESIAN_POINT('',(-35.99,-21.8,2.5));
#1703 = LINE('',#1704,#1705);
#1704 = CARTESIAN_POINT('',(-35.99,-22.3,2.5));
#1705 = VECTOR('',#1706,1.);
#1706 = DIRECTION('',(0.,1.,0.));
#1707 = ORIENTED_EDGE('',*,*,#1708,.T.);
#1708 = EDGE_CURVE('',#1701,#1709,#1711,.T.);
#1709 = VERTEX_POINT('',#1710);
#1710 = CARTESIAN_POINT('',(-35.49,-21.8,2.5));
#1711 = LINE('',#1712,#1713);
#1712 = CARTESIAN_POINT('',(-35.99,-21.8,2.5));
#1713 = VECTOR('',#1714,1.);
#1714 = DIRECTION('',(1.,0.,0.));
#1715 = ORIENTED_EDGE('',*,*,#1716,.T.);
#1716 = EDGE_CURVE('',#1709,#1717,#1719,.T.);
#1717 = VERTEX_POINT('',#1718);
#1718 = CARTESIAN_POINT('',(-35.49,-22.8,2.5));
#1719 = LINE('',#1720,#1721);
#1720 = CARTESIAN_POINT('',(-35.49,-21.8,2.5));
#1721 = VECTOR('',#1722,1.);
#1722 = DIRECTION('',(0.,-1.,0.));
#1723 = ORIENTED_EDGE('',*,*,#1724,.T.);
#1724 = EDGE_CURVE('',#1717,#1122,#1725,.T.);
#1725 = LINE('',#1726,#1727);
#1726 = CARTESIAN_POINT('',(-35.49,-22.8,2.5));
#1727 = VECTOR('',#1728,1.);
#1728 = DIRECTION('',(-1.,0.,0.));
#1729 = ORIENTED_EDGE('',*,*,#1121,.T.);
#1730 = ORIENTED_EDGE('',*,*,#1527,.F.);
#1731 = ORIENTED_EDGE('',*,*,#1732,.F.);
#1732 = EDGE_CURVE('',#1733,#1520,#1735,.T.);
#1733 = VERTEX_POINT('',#1734);
#1734 = CARTESIAN_POINT('',(-7.5,-24.815,2.5));
#1735 = LINE('',#1736,#1737);
#1736 = CARTESIAN_POINT('',(-7.5,-24.5125,2.5));
#1737 = VECTOR('',#1738,1.);
#1738 = DIRECTION('',(0.,-1.,0.));
#1739 = ORIENTED_EDGE('',*,*,#1740,.T.);
#1740 = EDGE_CURVE('',#1733,#1741,#1743,.T.);
#1741 = VERTEX_POINT('',#1742);
#1742 = CARTESIAN_POINT('',(-2.5,-24.815,2.5));
#1743 = LINE('',#1744,#1745);
#1744 = CARTESIAN_POINT('',(-2.499999999997,-24.815,2.5));
#1745 = VECTOR('',#1746,1.);
#1746 = DIRECTION('',(1.,0.,0.));
#1747 = ORIENTED_EDGE('',*,*,#1748,.F.);
#1748 = EDGE_CURVE('',#1496,#1741,#1749,.T.);
#1749 = LINE('',#1750,#1751);
#1750 = CARTESIAN_POINT('',(-2.5,-24.5125,2.5));
#1751 = VECTOR('',#1752,1.);
#1752 = DIRECTION('',(0.,1.,0.));
#1753 = ORIENTED_EDGE('',*,*,#1495,.F.);
#1754 = ORIENTED_EDGE('',*,*,#1755,.F.);
#1755 = EDGE_CURVE('',#1756,#1488,#1758,.T.);
#1756 = VERTEX_POINT('',#1757);
#1757 = CARTESIAN_POINT('',(2.5,-24.815,2.5));
#1758 = LINE('',#1759,#1760);
#1759 = CARTESIAN_POINT('',(2.5,-24.5125,2.5));
#1760 = VECTOR('',#1761,1.);
#1761 = DIRECTION('',(0.,-1.,0.));
#1762 = ORIENTED_EDGE('',*,*,#1763,.T.);
#1763 = EDGE_CURVE('',#1756,#1764,#1766,.T.);
#1764 = VERTEX_POINT('',#1765);
#1765 = CARTESIAN_POINT('',(7.5,-24.815,2.5));
#1766 = LINE('',#1767,#1768);
#1767 = CARTESIAN_POINT('',(2.500000000003,-24.815,2.5));
#1768 = VECTOR('',#1769,1.);
#1769 = DIRECTION('',(1.,0.,0.));
#1770 = ORIENTED_EDGE('',*,*,#1771,.F.);
#1771 = EDGE_CURVE('',#1464,#1764,#1772,.T.);
#1772 = LINE('',#1773,#1774);
#1773 = CARTESIAN_POINT('',(7.5,-24.5125,2.5));
#1774 = VECTOR('',#1775,1.);
#1775 = DIRECTION('',(0.,1.,0.));
#1776 = ORIENTED_EDGE('',*,*,#1463,.F.);
#1777 = ORIENTED_EDGE('',*,*,#510,.F.);
#1778 = ORIENTED_EDGE('',*,*,#1779,.F.);
#1779 = EDGE_CURVE('',#1780,#503,#1782,.T.);
#1780 = VERTEX_POINT('',#1781);
#1781 = CARTESIAN_POINT('',(35.49,-22.8,2.5));
#1782 = LINE('',#1783,#1784);
#1783 = CARTESIAN_POINT('',(35.49,-22.8,2.5));
#1784 = VECTOR('',#1785,1.);
#1785 = DIRECTION('',(1.,0.,0.));
#1786 = ORIENTED_EDGE('',*,*,#1787,.F.);
#1787 = EDGE_CURVE('',#1788,#1780,#1790,.T.);
#1788 = VERTEX_POINT('',#1789);
#1789 = CARTESIAN_POINT('',(35.49,-21.8,2.5));
#1790 = LINE('',#1791,#1792);
#1791 = CARTESIAN_POINT('',(35.49,-21.8,2.5));
#1792 = VECTOR('',#1793,1.);
#1793 = DIRECTION('',(7.11E-15,-1.,0.));
#1794 = ORIENTED_EDGE('',*,*,#1795,.F.);
#1795 = EDGE_CURVE('',#1796,#1788,#1798,.T.);
#1796 = VERTEX_POINT('',#1797);
#1797 = CARTESIAN_POINT('',(35.99,-21.8,2.5));
#1798 = LINE('',#1799,#1800);
#1799 = CARTESIAN_POINT('',(35.99,-21.8,2.5));
#1800 = VECTOR('',#1801,1.);
#1801 = DIRECTION('',(-1.,0.,0.));
#1802 = ORIENTED_EDGE('',*,*,#1803,.F.);
#1803 = EDGE_CURVE('',#1804,#1796,#1806,.T.);
#1804 = VERTEX_POINT('',#1805);
#1805 = CARTESIAN_POINT('',(35.99,-22.3,2.5));
#1806 = LINE('',#1807,#1808);
#1807 = CARTESIAN_POINT('',(35.99,-22.3,2.5));
#1808 = VECTOR('',#1809,1.);
#1809 = DIRECTION('',(0.,1.,0.));
#1810 = ORIENTED_EDGE('',*,*,#1811,.F.);
#1811 = EDGE_CURVE('',#479,#1804,#1812,.T.);
#1812 = LINE('',#1813,#1814);
#1813 = CARTESIAN_POINT('',(36.49,-22.3,2.5));
#1814 = VECTOR('',#1815,1.);
#1815 = DIRECTION('',(-1.,0.,0.));
#1816 = ORIENTED_EDGE('',*,*,#478,.F.);
#1817 = ORIENTED_EDGE('',*,*,#1818,.T.);
#1818 = EDGE_CURVE('',#471,#1819,#1821,.T.);
#1819 = VERTEX_POINT('',#1820);
#1820 = CARTESIAN_POINT('',(35.99,-20.59166666666,2.5));
#1821 = LINE('',#1822,#1823);
#1822 = CARTESIAN_POINT('',(19.495000000003,-20.59166666666,2.5));
#1823 = VECTOR('',#1824,1.);
#1824 = DIRECTION('',(-1.,0.,0.));
#1825 = ORIENTED_EDGE('',*,*,#1826,.F.);
#1826 = EDGE_CURVE('',#1827,#1819,#1829,.T.);
#1827 = VERTEX_POINT('',#1828);
#1828 = CARTESIAN_POINT('',(35.99,-18.00833333333,2.5));
#1829 = LINE('',#1830,#1831);
#1830 = CARTESIAN_POINT('',(35.99,-19.255,2.5));
#1831 = VECTOR('',#1832,1.);
#1832 = DIRECTION('',(0.,-1.,0.));
#1833 = ORIENTED_EDGE('',*,*,#1834,.T.);
#1834 = EDGE_CURVE('',#1827,#447,#1835,.T.);
#1835 = LINE('',#1836,#1837);
#1836 = CARTESIAN_POINT('',(19.495000000003,-18.00833333333,2.5));
#1837 = VECTOR('',#1838,1.);
#1838 = DIRECTION('',(1.,0.,0.));
#1839 = ORIENTED_EDGE('',*,*,#446,.F.);
#1840 = ORIENTED_EDGE('',*,*,#1841,.F.);
#1841 = EDGE_CURVE('',#1842,#439,#1844,.T.);
#1842 = VERTEX_POINT('',#1843);
#1843 = CARTESIAN_POINT('',(35.99,-16.3,2.5));
#1844 = LINE('',#1845,#1846);
#1845 = CARTESIAN_POINT('',(35.99,-16.3,2.5));
#1846 = VECTOR('',#1847,1.);
#1847 = DIRECTION('',(1.,0.,0.));
#1848 = ORIENTED_EDGE('',*,*,#1849,.F.);
#1849 = EDGE_CURVE('',#1850,#1842,#1852,.T.);
#1850 = VERTEX_POINT('',#1851);
#1851 = CARTESIAN_POINT('',(35.99,-16.8,2.5));
#1852 = LINE('',#1853,#1854);
#1853 = CARTESIAN_POINT('',(35.99,-16.8,2.5));
#1854 = VECTOR('',#1855,1.);
#1855 = DIRECTION('',(0.,1.,0.));
#1856 = ORIENTED_EDGE('',*,*,#1857,.F.);
#1857 = EDGE_CURVE('',#1858,#1850,#1860,.T.);
#1858 = VERTEX_POINT('',#1859);
#1859 = CARTESIAN_POINT('',(35.49,-16.8,2.5));
#1860 = LINE('',#1861,#1862);
#1861 = CARTESIAN_POINT('',(35.49,-16.8,2.5));
#1862 = VECTOR('',#1863,1.);
#1863 = DIRECTION('',(1.,0.,0.));
#1864 = ORIENTED_EDGE('',*,*,#1865,.F.);
#1865 = EDGE_CURVE('',#1866,#1858,#1868,.T.);
#1866 = VERTEX_POINT('',#1867);
#1867 = CARTESIAN_POINT('',(35.49,-15.8,2.5));
#1868 = LINE('',#1869,#1870);
#1869 = CARTESIAN_POINT('',(35.49,-15.8,2.5));
#1870 = VECTOR('',#1871,1.);
#1871 = DIRECTION('',(0.,-1.,0.));
#1872 = ORIENTED_EDGE('',*,*,#1873,.F.);
#1873 = EDGE_CURVE('',#415,#1866,#1874,.T.);
#1874 = LINE('',#1875,#1876);
#1875 = CARTESIAN_POINT('',(36.49,-15.8,2.5));
#1876 = VECTOR('',#1877,1.);
#1877 = DIRECTION('',(-1.,0.,0.));
#1878 = FACE_BOUND('',#1879,.T.);
#1879 = EDGE_LOOP('',(#1880,#1890,#1898,#1906));
#1880 = ORIENTED_EDGE('',*,*,#1881,.T.);
#1881 = EDGE_CURVE('',#1882,#1884,#1886,.T.);
#1882 = VERTEX_POINT('',#1883);
#1883 = CARTESIAN_POINT('',(-22.5,-19.8,2.5));
#1884 = VERTEX_POINT('',#1885);
#1885 = CARTESIAN_POINT('',(-22.5,-18.8,2.5));
#1886 = LINE('',#1887,#1888);
#1887 = CARTESIAN_POINT('',(-22.5,-19.8,2.5));
#1888 = VECTOR('',#1889,1.);
#1889 = DIRECTION('',(0.,1.,0.));
#1890 = ORIENTED_EDGE('',*,*,#1891,.T.);
#1891 = EDGE_CURVE('',#1884,#1892,#1894,.T.);
#1892 = VERTEX_POINT('',#1893);
#1893 = CARTESIAN_POINT('',(-17.5,-18.8,2.5));
#1894 = LINE('',#1895,#1896);
#1895 = CARTESIAN_POINT('',(-22.5,-18.8,2.5));
#1896 = VECTOR('',#1897,1.);
#1897 = DIRECTION('',(1.,0.,0.));
#1898 = ORIENTED_EDGE('',*,*,#1899,.T.);
#1899 = EDGE_CURVE('',#1892,#1900,#1902,.T.);
#1900 = VERTEX_POINT('',#1901);
#1901 = CARTESIAN_POINT('',(-17.5,-19.8,2.5));
#1902 = LINE('',#1903,#1904);
#1903 = CARTESIAN_POINT('',(-17.5,-18.8,2.5));
#1904 = VECTOR('',#1905,1.);
#1905 = DIRECTION('',(0.,-1.,0.));
#1906 = ORIENTED_EDGE('',*,*,#1907,.T.);
#1907 = EDGE_CURVE('',#1900,#1882,#1908,.T.);
#1908 = LINE('',#1909,#1910);
#1909 = CARTESIAN_POINT('',(-17.5,-19.8,2.5));
#1910 = VECTOR('',#1911,1.);
#1911 = DIRECTION('',(-1.,0.,0.));
#1912 = FACE_BOUND('',#1913,.T.);
#1913 = EDGE_LOOP('',(#1914,#1924,#1932,#1940,#1948,#1956,#1964,#1972,
    #1980,#1988,#1996,#2004));
#1914 = ORIENTED_EDGE('',*,*,#1915,.T.);
#1915 = EDGE_CURVE('',#1916,#1918,#1920,.T.);
#1916 = VERTEX_POINT('',#1917);
#1917 = CARTESIAN_POINT('',(17.5,-19.8,2.5));
#1918 = VERTEX_POINT('',#1919);
#1919 = CARTESIAN_POINT('',(17.5,-18.8,2.5));
#1920 = LINE('',#1921,#1922);
#1921 = CARTESIAN_POINT('',(17.5,-19.8,2.5));
#1922 = VECTOR('',#1923,1.);
#1923 = DIRECTION('',(1.421E-14,1.,0.));
#1924 = ORIENTED_EDGE('',*,*,#1925,.T.);
#1925 = EDGE_CURVE('',#1918,#1926,#1928,.T.);
#1926 = VERTEX_POINT('',#1927);
#1927 = CARTESIAN_POINT('',(19.5,-18.8,2.5));
#1928 = LINE('',#1929,#1930);
#1929 = CARTESIAN_POINT('',(17.5,-18.8,2.5));
#1930 = VECTOR('',#1931,1.);
#1931 = DIRECTION('',(1.,0.,0.));
#1932 = ORIENTED_EDGE('',*,*,#1933,.T.);
#1933 = EDGE_CURVE('',#1926,#1934,#1936,.T.);
#1934 = VERTEX_POINT('',#1935);
#1935 = CARTESIAN_POINT('',(19.5,-16.8,2.5));
#1936 = LINE('',#1937,#1938);
#1937 = CARTESIAN_POINT('',(19.5,-18.8,2.5));
#1938 = VECTOR('',#1939,1.);
#1939 = DIRECTION('',(1.421E-14,1.,0.));
#1940 = ORIENTED_EDGE('',*,*,#1941,.T.);
#1941 = EDGE_CURVE('',#1934,#1942,#1944,.T.);
#1942 = VERTEX_POINT('',#1943);
#1943 = CARTESIAN_POINT('',(20.5,-16.8,2.5));
#1944 = LINE('',#1945,#1946);
#1945 = CARTESIAN_POINT('',(19.5,-16.8,2.5));
#1946 = VECTOR('',#1947,1.);
#1947 = DIRECTION('',(1.,-7.11E-15,0.));
#1948 = ORIENTED_EDGE('',*,*,#1949,.T.);
#1949 = EDGE_CURVE('',#1942,#1950,#1952,.T.);
#1950 = VERTEX_POINT('',#1951);
#1951 = CARTESIAN_POINT('',(20.5,-18.8,2.5));
#1952 = LINE('',#1953,#1954);
#1953 = CARTESIAN_POINT('',(20.5,-16.8,2.5));
#1954 = VECTOR('',#1955,1.);
#1955 = DIRECTION('',(-1.599E-14,-1.,0.));
#1956 = ORIENTED_EDGE('',*,*,#1957,.T.);
#1957 = EDGE_CURVE('',#1950,#1958,#1960,.T.);
#1958 = VERTEX_POINT('',#1959);
#1959 = CARTESIAN_POINT('',(22.5,-18.8,2.5));
#1960 = LINE('',#1961,#1962);
#1961 = CARTESIAN_POINT('',(20.5,-18.8,2.5));
#1962 = VECTOR('',#1963,1.);
#1963 = DIRECTION('',(1.,3.55E-15,0.));
#1964 = ORIENTED_EDGE('',*,*,#1965,.T.);
#1965 = EDGE_CURVE('',#1958,#1966,#1968,.T.);
#1966 = VERTEX_POINT('',#1967);
#1967 = CARTESIAN_POINT('',(22.5,-19.8,2.5));
#1968 = LINE('',#1969,#1970);
#1969 = CARTESIAN_POINT('',(22.5,-18.8,2.5));
#1970 = VECTOR('',#1971,1.);
#1971 = DIRECTION('',(0.,-1.,0.));
#1972 = ORIENTED_EDGE('',*,*,#1973,.T.);
#1973 = EDGE_CURVE('',#1966,#1974,#1976,.T.);
#1974 = VERTEX_POINT('',#1975);
#1975 = CARTESIAN_POINT('',(20.5,-19.8,2.5));
#1976 = LINE('',#1977,#1978);
#1977 = CARTESIAN_POINT('',(22.5,-19.8,2.5));
#1978 = VECTOR('',#1979,1.);
#1979 = DIRECTION('',(-1.,0.,0.));
#1980 = ORIENTED_EDGE('',*,*,#1981,.T.);
#1981 = EDGE_CURVE('',#1974,#1982,#1984,.T.);
#1982 = VERTEX_POINT('',#1983);
#1983 = CARTESIAN_POINT('',(20.5,-21.8,2.5));
#1984 = LINE('',#1985,#1986);
#1985 = CARTESIAN_POINT('',(20.5,-19.8,2.5));
#1986 = VECTOR('',#1987,1.);
#1987 = DIRECTION('',(-1.421E-14,-1.,0.));
#1988 = ORIENTED_EDGE('',*,*,#1989,.T.);
#1989 = EDGE_CURVE('',#1982,#1990,#1992,.T.);
#1990 = VERTEX_POINT('',#1991);
#1991 = CARTESIAN_POINT('',(19.5,-21.8,2.5));
#1992 = LINE('',#1993,#1994);
#1993 = CARTESIAN_POINT('',(20.5,-21.8,2.5));
#1994 = VECTOR('',#1995,1.);
#1995 = DIRECTION('',(-1.,7.11E-15,0.));
#1996 = ORIENTED_EDGE('',*,*,#1997,.T.);
#1997 = EDGE_CURVE('',#1990,#1998,#2000,.T.);
#1998 = VERTEX_POINT('',#1999);
#1999 = CARTESIAN_POINT('',(19.5,-19.8,2.5));
#2000 = LINE('',#2001,#2002);
#2001 = CARTESIAN_POINT('',(19.5,-21.8,2.5));
#2002 = VECTOR('',#2003,1.);
#2003 = DIRECTION('',(1.954E-14,1.,0.));
#2004 = ORIENTED_EDGE('',*,*,#2005,.T.);
#2005 = EDGE_CURVE('',#1998,#1916,#2006,.T.);
#2006 = LINE('',#2007,#2008);
#2007 = CARTESIAN_POINT('',(19.5,-19.8,2.5));
#2008 = VECTOR('',#2009,1.);
#2009 = DIRECTION('',(-1.,-1.78E-15,0.));
#2010 = FACE_BOUND('',#2011,.T.);
#2011 = EDGE_LOOP('',(#2012));
#2012 = ORIENTED_EDGE('',*,*,#2013,.F.);
#2013 = EDGE_CURVE('',#2014,#2014,#2016,.T.);
#2014 = VERTEX_POINT('',#2015);
#2015 = CARTESIAN_POINT('',(-24.805,-19.21,2.5));
#2016 = CIRCLE('',#2017,3.);
#2017 = AXIS2_PLACEMENT_3D('',#2018,#2019,#2020);
#2018 = CARTESIAN_POINT('',(-27.805,-19.21,2.5));
#2019 = DIRECTION('',(0.,0.,1.));
#2020 = DIRECTION('',(1.,0.,0.));
#2021 = FACE_BOUND('',#2022,.T.);
#2022 = EDGE_LOOP('',(#2023));
#2023 = ORIENTED_EDGE('',*,*,#2024,.F.);
#2024 = EDGE_CURVE('',#2025,#2025,#2027,.T.);
#2025 = VERTEX_POINT('',#2026);
#2026 = CARTESIAN_POINT('',(30.805,-19.21,2.5));
#2027 = CIRCLE('',#2028,3.);
#2028 = AXIS2_PLACEMENT_3D('',#2029,#2030,#2031);
#2029 = CARTESIAN_POINT('',(27.805,-19.21,2.5));
#2030 = DIRECTION('',(0.,0.,1.));
#2031 = DIRECTION('',(1.,0.,0.));
#2032 = PLANE('',#2033);
#2033 = AXIS2_PLACEMENT_3D('',#2034,#2035,#2036);
#2034 = CARTESIAN_POINT('',(6.37448E-12,-19.21,2.5));
#2035 = DIRECTION('',(0.,0.,1.));
#2036 = DIRECTION('',(1.,0.,0.));
#2037 = ADVANCED_FACE('',(#2038),#2056,.F.);
#2038 = FACE_BOUND('',#2039,.F.);
#2039 = EDGE_LOOP('',(#2040,#2048,#2054,#2055));
#2040 = ORIENTED_EDGE('',*,*,#2041,.T.);
#2041 = EDGE_CURVE('',#1780,#2042,#2044,.T.);
#2042 = VERTEX_POINT('',#2043);
#2043 = CARTESIAN_POINT('',(35.49,-22.8,12.5));
#2044 = LINE('',#2045,#2046);
#2045 = CARTESIAN_POINT('',(35.49,-22.8,2.5));
#2046 = VECTOR('',#2047,1.);
#2047 = DIRECTION('',(0.,0.,1.));
#2048 = ORIENTED_EDGE('',*,*,#2049,.T.);
#2049 = EDGE_CURVE('',#2042,#495,#2050,.T.);
#2050 = LINE('',#2051,#2052);
#2051 = CARTESIAN_POINT('',(35.49,-22.8,12.5));
#2052 = VECTOR('',#2053,1.);
#2053 = DIRECTION('',(1.,0.,0.));
#2054 = ORIENTED_EDGE('',*,*,#502,.F.);
#2055 = ORIENTED_EDGE('',*,*,#1779,.F.);
#2056 = PLANE('',#2057);
#2057 = AXIS2_PLACEMENT_3D('',#2058,#2059,#2060);
#2058 = CARTESIAN_POINT('',(35.49,-22.8,2.5));
#2059 = DIRECTION('',(0.,1.,0.));
#2060 = DIRECTION('',(1.,0.,0.));
#2061 = ADVANCED_FACE('',(#2062),#2096,.T.);
#2062 = FACE_BOUND('',#2063,.T.);
#2063 = EDGE_LOOP('',(#2064,#2072,#2080,#2088,#2094,#2095));
#2064 = ORIENTED_EDGE('',*,*,#2065,.T.);
#2065 = EDGE_CURVE('',#487,#2066,#2068,.T.);
#2066 = VERTEX_POINT('',#2067);
#2067 = CARTESIAN_POINT('',(35.99,-22.3,12.5));
#2068 = LINE('',#2069,#2070);
#2069 = CARTESIAN_POINT('',(36.49,-22.3,12.5));
#2070 = VECTOR('',#2071,1.);
#2071 = DIRECTION('',(-1.,0.,0.));
#2072 = ORIENTED_EDGE('',*,*,#2073,.T.);
#2073 = EDGE_CURVE('',#2066,#2074,#2076,.T.);
#2074 = VERTEX_POINT('',#2075);
#2075 = CARTESIAN_POINT('',(35.99,-21.8,12.5));
#2076 = LINE('',#2077,#2078);
#2077 = CARTESIAN_POINT('',(35.99,-22.3,12.5));
#2078 = VECTOR('',#2079,1.);
#2079 = DIRECTION('',(0.,1.,0.));
#2080 = ORIENTED_EDGE('',*,*,#2081,.T.);
#2081 = EDGE_CURVE('',#2074,#2082,#2084,.T.);
#2082 = VERTEX_POINT('',#2083);
#2083 = CARTESIAN_POINT('',(35.49,-21.8,12.5));
#2084 = LINE('',#2085,#2086);
#2085 = CARTESIAN_POINT('',(35.99,-21.8,12.5));
#2086 = VECTOR('',#2087,1.);
#2087 = DIRECTION('',(-1.,0.,0.));
#2088 = ORIENTED_EDGE('',*,*,#2089,.T.);
#2089 = EDGE_CURVE('',#2082,#2042,#2090,.T.);
#2090 = LINE('',#2091,#2092);
#2091 = CARTESIAN_POINT('',(35.49,-21.8,12.5));
#2092 = VECTOR('',#2093,1.);
#2093 = DIRECTION('',(7.11E-15,-1.,0.));
#2094 = ORIENTED_EDGE('',*,*,#2049,.T.);
#2095 = ORIENTED_EDGE('',*,*,#494,.T.);
#2096 = PLANE('',#2097);
#2097 = AXIS2_PLACEMENT_3D('',#2098,#2099,#2100);
#2098 = CARTESIAN_POINT('',(35.9275,-22.3625,12.5));
#2099 = DIRECTION('',(0.,0.,1.));
#2100 = DIRECTION('',(1.,0.,0.));
#2101 = ADVANCED_FACE('',(#2102),#2113,.F.);
#2102 = FACE_BOUND('',#2103,.F.);
#2103 = EDGE_LOOP('',(#2104,#2105,#2106,#2112));
#2104 = ORIENTED_EDGE('',*,*,#486,.T.);
#2105 = ORIENTED_EDGE('',*,*,#2065,.T.);
#2106 = ORIENTED_EDGE('',*,*,#2107,.F.);
#2107 = EDGE_CURVE('',#1804,#2066,#2108,.T.);
#2108 = LINE('',#2109,#2110);
#2109 = CARTESIAN_POINT('',(35.99,-22.3,2.5));
#2110 = VECTOR('',#2111,1.);
#2111 = DIRECTION('',(0.,0.,1.));
#2112 = ORIENTED_EDGE('',*,*,#1811,.F.);
#2113 = PLANE('',#2114);
#2114 = AXIS2_PLACEMENT_3D('',#2115,#2116,#2117);
#2115 = CARTESIAN_POINT('',(36.49,-22.3,2.5));
#2116 = DIRECTION('',(0.,-1.,0.));
#2117 = DIRECTION('',(-1.,0.,0.));
#2118 = ADVANCED_FACE('',(#2119),#2153,.T.);
#2119 = FACE_BOUND('',#2120,.T.);
#2120 = EDGE_LOOP('',(#2121,#2131,#2139,#2145,#2146,#2147));
#2121 = ORIENTED_EDGE('',*,*,#2122,.F.);
#2122 = EDGE_CURVE('',#2123,#2125,#2127,.T.);
#2123 = VERTEX_POINT('',#2124);
#2124 = CARTESIAN_POINT('',(38.99,-20.8,0.));
#2125 = VERTEX_POINT('',#2126);
#2126 = CARTESIAN_POINT('',(38.99,-20.05,9.));
#2127 = LINE('',#2128,#2129);
#2128 = CARTESIAN_POINT('',(38.99,-20.8,0.));
#2129 = VECTOR('',#2130,1.);
#2130 = DIRECTION('',(0.,8.304547985374E-02,0.996545758245));
#2131 = ORIENTED_EDGE('',*,*,#2132,.T.);
#2132 = EDGE_CURVE('',#2123,#2133,#2135,.T.);
#2133 = VERTEX_POINT('',#2134);
#2134 = CARTESIAN_POINT('',(35.99,-20.8,0.));
#2135 = LINE('',#2136,#2137);
#2136 = CARTESIAN_POINT('',(38.99,-20.8,0.));
#2137 = VECTOR('',#2138,1.);
#2138 = DIRECTION('',(-1.,-0.,-0.));
#2139 = ORIENTED_EDGE('',*,*,#2140,.T.);
#2140 = EDGE_CURVE('',#2133,#1819,#2141,.T.);
#2141 = LINE('',#2142,#2143);
#2142 = CARTESIAN_POINT('',(35.99,-20.8,0.));
#2143 = VECTOR('',#2144,1.);
#2144 = DIRECTION('',(0.,8.304547985374E-02,0.996545758245));
#2145 = ORIENTED_EDGE('',*,*,#1818,.F.);
#2146 = ORIENTED_EDGE('',*,*,#470,.F.);
#2147 = ORIENTED_EDGE('',*,*,#2148,.F.);
#2148 = EDGE_CURVE('',#2125,#463,#2149,.T.);
#2149 = LINE('',#2150,#2151);
#2150 = CARTESIAN_POINT('',(38.99,-20.05,9.));
#2151 = VECTOR('',#2152,1.);
#2152 = DIRECTION('',(-1.,-0.,-0.));
#2153 = PLANE('',#2154);
#2154 = AXIS2_PLACEMENT_3D('',#2155,#2156,#2157);
#2155 = CARTESIAN_POINT('',(38.99,-20.8,0.));
#2156 = DIRECTION('',(0.,0.996545758245,-8.304547985374E-02));
#2157 = DIRECTION('',(0.,8.304547985374E-02,0.996545758245));
#2158 = ADVANCED_FACE('',(#2159),#2177,.T.);
#2159 = FACE_BOUND('',#2160,.T.);
#2160 = EDGE_LOOP('',(#2161,#2169,#2170,#2171));
#2161 = ORIENTED_EDGE('',*,*,#2162,.F.);
#2162 = EDGE_CURVE('',#2125,#2163,#2165,.T.);
#2163 = VERTEX_POINT('',#2164);
#2164 = CARTESIAN_POINT('',(38.99,-18.55,9.));
#2165 = LINE('',#2166,#2167);
#2166 = CARTESIAN_POINT('',(38.99,-20.05,9.));
#2167 = VECTOR('',#2168,1.);
#2168 = DIRECTION('',(0.,1.,0.));
#2169 = ORIENTED_EDGE('',*,*,#2148,.T.);
#2170 = ORIENTED_EDGE('',*,*,#462,.F.);
#2171 = ORIENTED_EDGE('',*,*,#2172,.F.);
#2172 = EDGE_CURVE('',#2163,#455,#2173,.T.);
#2173 = LINE('',#2174,#2175);
#2174 = CARTESIAN_POINT('',(38.99,-18.55,9.));
#2175 = VECTOR('',#2176,1.);
#2176 = DIRECTION('',(-1.,-0.,-0.));
#2177 = PLANE('',#2178);
#2178 = AXIS2_PLACEMENT_3D('',#2179,#2180,#2181);
#2179 = CARTESIAN_POINT('',(38.99,-20.05,9.));
#2180 = DIRECTION('',(0.,0.,-1.));
#2181 = DIRECTION('',(0.,1.,0.));
#2182 = ADVANCED_FACE('',(#2183),#2210,.T.);
#2183 = FACE_BOUND('',#2184,.T.);
#2184 = EDGE_LOOP('',(#2185,#2193,#2194,#2195,#2196,#2204));
#2185 = ORIENTED_EDGE('',*,*,#2186,.F.);
#2186 = EDGE_CURVE('',#2163,#2187,#2189,.T.);
#2187 = VERTEX_POINT('',#2188);
#2188 = CARTESIAN_POINT('',(38.99,-17.8,0.));
#2189 = LINE('',#2190,#2191);
#2190 = CARTESIAN_POINT('',(38.99,-18.55,9.));
#2191 = VECTOR('',#2192,1.);
#2192 = DIRECTION('',(0.,8.304547985374E-02,-0.996545758245));
#2193 = ORIENTED_EDGE('',*,*,#2172,.T.);
#2194 = ORIENTED_EDGE('',*,*,#454,.F.);
#2195 = ORIENTED_EDGE('',*,*,#1834,.F.);
#2196 = ORIENTED_EDGE('',*,*,#2197,.T.);
#2197 = EDGE_CURVE('',#1827,#2198,#2200,.T.);
#2198 = VERTEX_POINT('',#2199);
#2199 = CARTESIAN_POINT('',(35.99,-17.8,0.));
#2200 = LINE('',#2201,#2202);
#2201 = CARTESIAN_POINT('',(35.99,-18.55,9.));
#2202 = VECTOR('',#2203,1.);
#2203 = DIRECTION('',(0.,8.304547985374E-02,-0.996545758245));
#2204 = ORIENTED_EDGE('',*,*,#2205,.F.);
#2205 = EDGE_CURVE('',#2187,#2198,#2206,.T.);
#2206 = LINE('',#2207,#2208);
#2207 = CARTESIAN_POINT('',(38.99,-17.8,0.));
#2208 = VECTOR('',#2209,1.);
#2209 = DIRECTION('',(-1.,-0.,-0.));
#2210 = PLANE('',#2211);
#2211 = AXIS2_PLACEMENT_3D('',#2212,#2213,#2214);
#2212 = CARTESIAN_POINT('',(38.99,-18.55,9.));
#2213 = DIRECTION('',(0.,-0.996545758245,-8.304547985374E-02));
#2214 = DIRECTION('',(0.,8.304547985374E-02,-0.996545758245));
#2215 = ADVANCED_FACE('',(#2216),#2234,.F.);
#2216 = FACE_BOUND('',#2217,.F.);
#2217 = EDGE_LOOP('',(#2218,#2226,#2232,#2233));
#2218 = ORIENTED_EDGE('',*,*,#2219,.T.);
#2219 = EDGE_CURVE('',#1842,#2220,#2222,.T.);
#2220 = VERTEX_POINT('',#2221);
#2221 = CARTESIAN_POINT('',(35.99,-16.3,12.5));
#2222 = LINE('',#2223,#2224);
#2223 = CARTESIAN_POINT('',(35.99,-16.3,2.5));
#2224 = VECTOR('',#2225,1.);
#2225 = DIRECTION('',(0.,0.,1.));
#2226 = ORIENTED_EDGE('',*,*,#2227,.T.);
#2227 = EDGE_CURVE('',#2220,#431,#2228,.T.);
#2228 = LINE('',#2229,#2230);
#2229 = CARTESIAN_POINT('',(35.99,-16.3,12.5));
#2230 = VECTOR('',#2231,1.);
#2231 = DIRECTION('',(1.,0.,0.));
#2232 = ORIENTED_EDGE('',*,*,#438,.F.);
#2233 = ORIENTED_EDGE('',*,*,#1841,.F.);
#2234 = PLANE('',#2235);
#2235 = AXIS2_PLACEMENT_3D('',#2236,#2237,#2238);
#2236 = CARTESIAN_POINT('',(35.99,-16.3,2.5));
#2237 = DIRECTION('',(0.,1.,0.));
#2238 = DIRECTION('',(1.,0.,0.));
#2239 = ADVANCED_FACE('',(#2240),#2274,.T.);
#2240 = FACE_BOUND('',#2241,.T.);
#2241 = EDGE_LOOP('',(#2242,#2250,#2258,#2266,#2272,#2273));
#2242 = ORIENTED_EDGE('',*,*,#2243,.T.);
#2243 = EDGE_CURVE('',#423,#2244,#2246,.T.);
#2244 = VERTEX_POINT('',#2245);
#2245 = CARTESIAN_POINT('',(35.49,-15.8,12.5));
#2246 = LINE('',#2247,#2248);
#2247 = CARTESIAN_POINT('',(36.49,-15.8,12.5));
#2248 = VECTOR('',#2249,1.);
#2249 = DIRECTION('',(-1.,0.,0.));
#2250 = ORIENTED_EDGE('',*,*,#2251,.T.);
#2251 = EDGE_CURVE('',#2244,#2252,#2254,.T.);
#2252 = VERTEX_POINT('',#2253);
#2253 = CARTESIAN_POINT('',(35.49,-16.8,12.5));
#2254 = LINE('',#2255,#2256);
#2255 = CARTESIAN_POINT('',(35.49,-15.8,12.5));
#2256 = VECTOR('',#2257,1.);
#2257 = DIRECTION('',(0.,-1.,0.));
#2258 = ORIENTED_EDGE('',*,*,#2259,.T.);
#2259 = EDGE_CURVE('',#2252,#2260,#2262,.T.);
#2260 = VERTEX_POINT('',#2261);
#2261 = CARTESIAN_POINT('',(35.99,-16.8,12.5));
#2262 = LINE('',#2263,#2264);
#2263 = CARTESIAN_POINT('',(35.49,-16.8,12.5));
#2264 = VECTOR('',#2265,1.);
#2265 = DIRECTION('',(1.,0.,0.));
#2266 = ORIENTED_EDGE('',*,*,#2267,.T.);
#2267 = EDGE_CURVE('',#2260,#2220,#2268,.T.);
#2268 = LINE('',#2269,#2270);
#2269 = CARTESIAN_POINT('',(35.99,-16.8,12.5));
#2270 = VECTOR('',#2271,1.);
#2271 = DIRECTION('',(0.,1.,0.));
#2272 = ORIENTED_EDGE('',*,*,#2227,.T.);
#2273 = ORIENTED_EDGE('',*,*,#430,.T.);
#2274 = PLANE('',#2275);
#2275 = AXIS2_PLACEMENT_3D('',#2276,#2277,#2278);
#2276 = CARTESIAN_POINT('',(35.9275,-16.2375,12.5));
#2277 = DIRECTION('',(0.,0.,1.));
#2278 = DIRECTION('',(1.,0.,0.));
#2279 = ADVANCED_FACE('',(#2280),#2291,.F.);
#2280 = FACE_BOUND('',#2281,.F.);
#2281 = EDGE_LOOP('',(#2282,#2283,#2284,#2290));
#2282 = ORIENTED_EDGE('',*,*,#422,.T.);
#2283 = ORIENTED_EDGE('',*,*,#2243,.T.);
#2284 = ORIENTED_EDGE('',*,*,#2285,.F.);
#2285 = EDGE_CURVE('',#1866,#2244,#2286,.T.);
#2286 = LINE('',#2287,#2288);
#2287 = CARTESIAN_POINT('',(35.49,-15.8,2.5));
#2288 = VECTOR('',#2289,1.);
#2289 = DIRECTION('',(0.,0.,1.));
#2290 = ORIENTED_EDGE('',*,*,#1873,.F.);
#2291 = PLANE('',#2292);
#2292 = AXIS2_PLACEMENT_3D('',#2293,#2294,#2295);
#2293 = CARTESIAN_POINT('',(36.49,-15.8,2.5));
#2294 = DIRECTION('',(0.,-1.,0.));
#2295 = DIRECTION('',(-1.,0.,0.));
#2296 = ADVANCED_FACE('',(#2297),#2340,.F.);
#2297 = FACE_BOUND('',#2298,.F.);
#2298 = EDGE_LOOP('',(#2299,#2307,#2308,#2309,#2310,#2318,#2326,#2334));
#2299 = ORIENTED_EDGE('',*,*,#2300,.F.);
#2300 = EDGE_CURVE('',#399,#2301,#2303,.T.);
#2301 = VERTEX_POINT('',#2302);
#2302 = CARTESIAN_POINT('',(33.49,-10.605,15.54));
#2303 = LINE('',#2304,#2305);
#2304 = CARTESIAN_POINT('',(31.49,-10.605,15.54));
#2305 = VECTOR('',#2306,1.);
#2306 = DIRECTION('',(-1.,0.,0.));
#2307 = ORIENTED_EDGE('',*,*,#406,.T.);
#2308 = ORIENTED_EDGE('',*,*,#1623,.T.);
#2309 = ORIENTED_EDGE('',*,*,#1225,.F.);
#2310 = ORIENTED_EDGE('',*,*,#2311,.F.);
#2311 = EDGE_CURVE('',#2312,#1226,#2314,.T.);
#2312 = VERTEX_POINT('',#2313);
#2313 = CARTESIAN_POINT('',(-33.49,-10.605,15.54));
#2314 = LINE('',#2315,#2316);
#2315 = CARTESIAN_POINT('',(0.,-10.605,15.54));
#2316 = VECTOR('',#2317,1.);
#2317 = DIRECTION('',(-1.,0.,0.));
#2318 = ORIENTED_EDGE('',*,*,#2319,.T.);
#2319 = EDGE_CURVE('',#2312,#2320,#2322,.T.);
#2320 = VERTEX_POINT('',#2321);
#2321 = CARTESIAN_POINT('',(-23.95,-10.605,6.));
#2322 = LINE('',#2323,#2324);
#2323 = CARTESIAN_POINT('',(-33.49,-10.605,15.54));
#2324 = VECTOR('',#2325,1.);
#2325 = DIRECTION('',(0.707106781187,0.,-0.707106781187));
#2326 = ORIENTED_EDGE('',*,*,#2327,.T.);
#2327 = EDGE_CURVE('',#2320,#2328,#2330,.T.);
#2328 = VERTEX_POINT('',#2329);
#2329 = CARTESIAN_POINT('',(23.95,-10.605,6.));
#2330 = LINE('',#2331,#2332);
#2331 = CARTESIAN_POINT('',(-23.95,-10.605,6.));
#2332 = VECTOR('',#2333,1.);
#2333 = DIRECTION('',(1.,0.,0.));
#2334 = ORIENTED_EDGE('',*,*,#2335,.T.);
#2335 = EDGE_CURVE('',#2328,#2301,#2336,.T.);
#2336 = LINE('',#2337,#2338);
#2337 = CARTESIAN_POINT('',(23.95,-10.605,6.));
#2338 = VECTOR('',#2339,1.);
#2339 = DIRECTION('',(0.707106781187,0.,0.707106781187));
#2340 = PLANE('',#2341);
#2341 = AXIS2_PLACEMENT_3D('',#2342,#2343,#2344);
#2342 = CARTESIAN_POINT('',(36.49,-10.605,21.54));
#2343 = DIRECTION('',(0.,1.,0.));
#2344 = DIRECTION('',(-1.,0.,0.));
#2345 = ADVANCED_FACE('',(#2346),#2364,.F.);
#2346 = FACE_BOUND('',#2347,.F.);
#2347 = EDGE_LOOP('',(#2348,#2349,#2350,#2358));
#2348 = ORIENTED_EDGE('',*,*,#398,.F.);
#2349 = ORIENTED_EDGE('',*,*,#2300,.T.);
#2350 = ORIENTED_EDGE('',*,*,#2351,.T.);
#2351 = EDGE_CURVE('',#2301,#2352,#2354,.T.);
#2352 = VERTEX_POINT('',#2353);
#2353 = CARTESIAN_POINT('',(33.49,-8.605,15.54));
#2354 = LINE('',#2355,#2356);
#2355 = CARTESIAN_POINT('',(33.49,-10.605,15.54));
#2356 = VECTOR('',#2357,1.);
#2357 = DIRECTION('',(0.,1.,-2.2E-16));
#2358 = ORIENTED_EDGE('',*,*,#2359,.T.);
#2359 = EDGE_CURVE('',#2352,#391,#2360,.T.);
#2360 = LINE('',#2361,#2362);
#2361 = CARTESIAN_POINT('',(-4.999999999994,-8.605,15.54));
#2362 = VECTOR('',#2363,1.);
#2363 = DIRECTION('',(1.,0.,0.));
#2364 = PLANE('',#2365);
#2365 = AXIS2_PLACEMENT_3D('',#2366,#2367,#2368);
#2366 = CARTESIAN_POINT('',(26.49,-29.815,15.54));
#2367 = DIRECTION('',(0.,-2.2E-16,-1.));
#2368 = DIRECTION('',(1.,0.,0.));
#2369 = ADVANCED_FACE('',(#2370),#2406,.F.);
#2370 = FACE_BOUND('',#2371,.F.);
#2371 = EDGE_LOOP('',(#2372,#2380,#2381,#2382,#2383,#2384,#2392,#2400));
#2372 = ORIENTED_EDGE('',*,*,#2373,.F.);
#2373 = EDGE_CURVE('',#1234,#2374,#2376,.T.);
#2374 = VERTEX_POINT('',#2375);
#2375 = CARTESIAN_POINT('',(-33.49,-8.605,15.54));
#2376 = LINE('',#2377,#2378);
#2377 = CARTESIAN_POINT('',(-36.48999999999,-8.605,15.54));
#2378 = VECTOR('',#2379,1.);
#2379 = DIRECTION('',(1.,0.,0.));
#2380 = ORIENTED_EDGE('',*,*,#1241,.T.);
#2381 = ORIENTED_EDGE('',*,*,#656,.T.);
#2382 = ORIENTED_EDGE('',*,*,#390,.F.);
#2383 = ORIENTED_EDGE('',*,*,#2359,.F.);
#2384 = ORIENTED_EDGE('',*,*,#2385,.F.);
#2385 = EDGE_CURVE('',#2386,#2352,#2388,.T.);
#2386 = VERTEX_POINT('',#2387);
#2387 = CARTESIAN_POINT('',(23.95,-8.605,6.));
#2388 = LINE('',#2389,#2390);
#2389 = CARTESIAN_POINT('',(12.725000000003,-8.605,-5.224999999997));
#2390 = VECTOR('',#2391,1.);
#2391 = DIRECTION('',(0.707106781187,0.,0.707106781187));
#2392 = ORIENTED_EDGE('',*,*,#2393,.F.);
#2393 = EDGE_CURVE('',#2394,#2386,#2396,.T.);
#2394 = VERTEX_POINT('',#2395);
#2395 = CARTESIAN_POINT('',(-23.95,-8.605,6.));
#2396 = LINE('',#2397,#2398);
#2397 = CARTESIAN_POINT('',(-30.21999999999,-8.605,6.));
#2398 = VECTOR('',#2399,1.);
#2399 = DIRECTION('',(1.,0.,0.));
#2400 = ORIENTED_EDGE('',*,*,#2401,.F.);
#2401 = EDGE_CURVE('',#2374,#2394,#2402,.T.);
#2402 = LINE('',#2403,#2404);
#2403 = CARTESIAN_POINT('',(-35.73999999999,-8.605,17.789999999997));
#2404 = VECTOR('',#2405,1.);
#2405 = DIRECTION('',(0.707106781187,0.,-0.707106781187));
#2406 = PLANE('',#2407);
#2407 = AXIS2_PLACEMENT_3D('',#2408,#2409,#2410);
#2408 = CARTESIAN_POINT('',(-36.48999999998,-8.605,21.54));
#2409 = DIRECTION('',(0.,-1.,0.));
#2410 = DIRECTION('',(1.,0.,0.));
#2411 = ADVANCED_FACE('',(#2412),#2430,.F.);
#2412 = FACE_BOUND('',#2413,.F.);
#2413 = EDGE_LOOP('',(#2414,#2422,#2428,#2429));
#2414 = ORIENTED_EDGE('',*,*,#2415,.T.);
#2415 = EDGE_CURVE('',#887,#2416,#2418,.T.);
#2416 = VERTEX_POINT('',#2417);
#2417 = CARTESIAN_POINT('',(35.49,-3.5,12.5));
#2418 = LINE('',#2419,#2420);
#2419 = CARTESIAN_POINT('',(35.49,-3.5,2.5));
#2420 = VECTOR('',#2421,1.);
#2421 = DIRECTION('',(0.,0.,1.));
#2422 = ORIENTED_EDGE('',*,*,#2423,.T.);
#2423 = EDGE_CURVE('',#2416,#367,#2424,.T.);
#2424 = LINE('',#2425,#2426);
#2425 = CARTESIAN_POINT('',(35.49,-3.5,12.5));
#2426 = VECTOR('',#2427,1.);
#2427 = DIRECTION('',(1.,0.,0.));
#2428 = ORIENTED_EDGE('',*,*,#374,.F.);
#2429 = ORIENTED_EDGE('',*,*,#894,.F.);
#2430 = PLANE('',#2431);
#2431 = AXIS2_PLACEMENT_3D('',#2432,#2433,#2434);
#2432 = CARTESIAN_POINT('',(35.49,-3.5,2.5));
#2433 = DIRECTION('',(0.,1.,0.));
#2434 = DIRECTION('',(1.,0.,0.));
#2435 = ADVANCED_FACE('',(#2436),#2470,.T.);
#2436 = FACE_BOUND('',#2437,.T.);
#2437 = EDGE_LOOP('',(#2438,#2446,#2454,#2462,#2468,#2469));
#2438 = ORIENTED_EDGE('',*,*,#2439,.T.);
#2439 = EDGE_CURVE('',#359,#2440,#2442,.T.);
#2440 = VERTEX_POINT('',#2441);
#2441 = CARTESIAN_POINT('',(35.99,-3.,12.5));
#2442 = LINE('',#2443,#2444);
#2443 = CARTESIAN_POINT('',(36.49,-3.,12.5));
#2444 = VECTOR('',#2445,1.);
#2445 = DIRECTION('',(-1.,0.,0.));
#2446 = ORIENTED_EDGE('',*,*,#2447,.T.);
#2447 = EDGE_CURVE('',#2440,#2448,#2450,.T.);
#2448 = VERTEX_POINT('',#2449);
#2449 = CARTESIAN_POINT('',(35.99,-2.5,12.5));
#2450 = LINE('',#2451,#2452);
#2451 = CARTESIAN_POINT('',(35.99,-3.,12.5));
#2452 = VECTOR('',#2453,1.);
#2453 = DIRECTION('',(0.,1.,0.));
#2454 = ORIENTED_EDGE('',*,*,#2455,.T.);
#2455 = EDGE_CURVE('',#2448,#2456,#2458,.T.);
#2456 = VERTEX_POINT('',#2457);
#2457 = CARTESIAN_POINT('',(35.49,-2.5,12.5));
#2458 = LINE('',#2459,#2460);
#2459 = CARTESIAN_POINT('',(35.99,-2.5,12.5));
#2460 = VECTOR('',#2461,1.);
#2461 = DIRECTION('',(-1.,0.,0.));
#2462 = ORIENTED_EDGE('',*,*,#2463,.T.);
#2463 = EDGE_CURVE('',#2456,#2416,#2464,.T.);
#2464 = LINE('',#2465,#2466);
#2465 = CARTESIAN_POINT('',(35.49,-2.5,12.5));
#2466 = VECTOR('',#2467,1.);
#2467 = DIRECTION('',(0.,-1.,0.));
#2468 = ORIENTED_EDGE('',*,*,#2423,.T.);
#2469 = ORIENTED_EDGE('',*,*,#366,.T.);
#2470 = PLANE('',#2471);
#2471 = AXIS2_PLACEMENT_3D('',#2472,#2473,#2474);
#2472 = CARTESIAN_POINT('',(35.9275,-3.0625,12.5));
#2473 = DIRECTION('',(0.,0.,1.));
#2474 = DIRECTION('',(1.,0.,0.));
#2475 = ADVANCED_FACE('',(#2476),#2487,.F.);
#2476 = FACE_BOUND('',#2477,.F.);
#2477 = EDGE_LOOP('',(#2478,#2479,#2480,#2486));
#2478 = ORIENTED_EDGE('',*,*,#358,.T.);
#2479 = ORIENTED_EDGE('',*,*,#2439,.T.);
#2480 = ORIENTED_EDGE('',*,*,#2481,.F.);
#2481 = EDGE_CURVE('',#863,#2440,#2482,.T.);
#2482 = LINE('',#2483,#2484);
#2483 = CARTESIAN_POINT('',(35.99,-3.,2.5));
#2484 = VECTOR('',#2485,1.);
#2485 = DIRECTION('',(0.,0.,1.));
#2486 = ORIENTED_EDGE('',*,*,#862,.F.);
#2487 = PLANE('',#2488);
#2488 = AXIS2_PLACEMENT_3D('',#2489,#2490,#2491);
#2489 = CARTESIAN_POINT('',(36.49,-3.,2.5));
#2490 = DIRECTION('',(0.,-1.,0.));
#2491 = DIRECTION('',(-1.,0.,0.));
#2492 = ADVANCED_FACE('',(#2493),#2527,.T.);
#2493 = FACE_BOUND('',#2494,.T.);
#2494 = EDGE_LOOP('',(#2495,#2505,#2513,#2519,#2520,#2521));
#2495 = ORIENTED_EDGE('',*,*,#2496,.F.);
#2496 = EDGE_CURVE('',#2497,#2499,#2501,.T.);
#2497 = VERTEX_POINT('',#2498);
#2498 = CARTESIAN_POINT('',(38.99,-1.5,0.));
#2499 = VERTEX_POINT('',#2500);
#2500 = CARTESIAN_POINT('',(38.99,-0.75,9.));
#2501 = LINE('',#2502,#2503);
#2502 = CARTESIAN_POINT('',(38.99,-1.5,0.));
#2503 = VECTOR('',#2504,1.);
#2504 = DIRECTION('',(0.,8.304547985374E-02,0.996545758245));
#2505 = ORIENTED_EDGE('',*,*,#2506,.T.);
#2506 = EDGE_CURVE('',#2497,#2507,#2509,.T.);
#2507 = VERTEX_POINT('',#2508);
#2508 = CARTESIAN_POINT('',(35.99,-1.5,0.));
#2509 = LINE('',#2510,#2511);
#2510 = CARTESIAN_POINT('',(38.99,-1.5,0.));
#2511 = VECTOR('',#2512,1.);
#2512 = DIRECTION('',(-1.,-0.,-0.));
#2513 = ORIENTED_EDGE('',*,*,#2514,.T.);
#2514 = EDGE_CURVE('',#2507,#848,#2515,.T.);
#2515 = LINE('',#2516,#2517);
#2516 = CARTESIAN_POINT('',(35.99,-1.5,0.));
#2517 = VECTOR('',#2518,1.);
#2518 = DIRECTION('',(0.,8.304547985374E-02,0.996545758245));
#2519 = ORIENTED_EDGE('',*,*,#855,.T.);
#2520 = ORIENTED_EDGE('',*,*,#342,.F.);
#2521 = ORIENTED_EDGE('',*,*,#2522,.F.);
#2522 = EDGE_CURVE('',#2499,#335,#2523,.T.);
#2523 = LINE('',#2524,#2525);
#2524 = CARTESIAN_POINT('',(38.99,-0.75,9.));
#2525 = VECTOR('',#2526,1.);
#2526 = DIRECTION('',(-1.,-0.,-0.));
#2527 = PLANE('',#2528);
#2528 = AXIS2_PLACEMENT_3D('',#2529,#2530,#2531);
#2529 = CARTESIAN_POINT('',(38.99,-1.5,0.));
#2530 = DIRECTION('',(0.,0.996545758245,-8.304547985374E-02));
#2531 = DIRECTION('',(0.,8.304547985374E-02,0.996545758245));
#2532 = ADVANCED_FACE('',(#2533),#2551,.T.);
#2533 = FACE_BOUND('',#2534,.T.);
#2534 = EDGE_LOOP('',(#2535,#2543,#2544,#2545));
#2535 = ORIENTED_EDGE('',*,*,#2536,.F.);
#2536 = EDGE_CURVE('',#2499,#2537,#2539,.T.);
#2537 = VERTEX_POINT('',#2538);
#2538 = CARTESIAN_POINT('',(38.99,0.75,9.));
#2539 = LINE('',#2540,#2541);
#2540 = CARTESIAN_POINT('',(38.99,-0.75,9.));
#2541 = VECTOR('',#2542,1.);
#2542 = DIRECTION('',(0.,1.,0.));
#2543 = ORIENTED_EDGE('',*,*,#2522,.T.);
#2544 = ORIENTED_EDGE('',*,*,#334,.F.);
#2545 = ORIENTED_EDGE('',*,*,#2546,.F.);
#2546 = EDGE_CURVE('',#2537,#327,#2547,.T.);
#2547 = LINE('',#2548,#2549);
#2548 = CARTESIAN_POINT('',(38.99,0.75,9.));
#2549 = VECTOR('',#2550,1.);
#2550 = DIRECTION('',(-1.,-0.,-0.));
#2551 = PLANE('',#2552);
#2552 = AXIS2_PLACEMENT_3D('',#2553,#2554,#2555);
#2553 = CARTESIAN_POINT('',(38.99,-0.75,9.));
#2554 = DIRECTION('',(0.,0.,-1.));
#2555 = DIRECTION('',(0.,1.,0.));
#2556 = ADVANCED_FACE('',(#2557),#2584,.T.);
#2557 = FACE_BOUND('',#2558,.T.);
#2558 = EDGE_LOOP('',(#2559,#2567,#2568,#2569,#2570,#2578));
#2559 = ORIENTED_EDGE('',*,*,#2560,.F.);
#2560 = EDGE_CURVE('',#2537,#2561,#2563,.T.);
#2561 = VERTEX_POINT('',#2562);
#2562 = CARTESIAN_POINT('',(38.99,1.5,0.));
#2563 = LINE('',#2564,#2565);
#2564 = CARTESIAN_POINT('',(38.99,0.75,9.));
#2565 = VECTOR('',#2566,1.);
#2566 = DIRECTION('',(0.,8.304547985374E-02,-0.996545758245));
#2567 = ORIENTED_EDGE('',*,*,#2546,.T.);
#2568 = ORIENTED_EDGE('',*,*,#326,.F.);
#2569 = ORIENTED_EDGE('',*,*,#839,.T.);
#2570 = ORIENTED_EDGE('',*,*,#2571,.T.);
#2571 = EDGE_CURVE('',#840,#2572,#2574,.T.);
#2572 = VERTEX_POINT('',#2573);
#2573 = CARTESIAN_POINT('',(35.99,1.5,0.));
#2574 = LINE('',#2575,#2576);
#2575 = CARTESIAN_POINT('',(35.99,0.75,9.));
#2576 = VECTOR('',#2577,1.);
#2577 = DIRECTION('',(0.,8.304547985374E-02,-0.996545758245));
#2578 = ORIENTED_EDGE('',*,*,#2579,.F.);
#2579 = EDGE_CURVE('',#2561,#2572,#2580,.T.);
#2580 = LINE('',#2581,#2582);
#2581 = CARTESIAN_POINT('',(38.99,1.5,0.));
#2582 = VECTOR('',#2583,1.);
#2583 = DIRECTION('',(-1.,-0.,-0.));
#2584 = PLANE('',#2585);
#2585 = AXIS2_PLACEMENT_3D('',#2586,#2587,#2588);
#2586 = CARTESIAN_POINT('',(38.99,0.75,9.));
#2587 = DIRECTION('',(0.,-0.996545758245,-8.304547985374E-02));
#2588 = DIRECTION('',(0.,8.304547985374E-02,-0.996545758245));
#2589 = ADVANCED_FACE('',(#2590),#2608,.F.);
#2590 = FACE_BOUND('',#2591,.F.);
#2591 = EDGE_LOOP('',(#2592,#2600,#2606,#2607));
#2592 = ORIENTED_EDGE('',*,*,#2593,.T.);
#2593 = EDGE_CURVE('',#825,#2594,#2596,.T.);
#2594 = VERTEX_POINT('',#2595);
#2595 = CARTESIAN_POINT('',(35.99,3.,12.5));
#2596 = LINE('',#2597,#2598);
#2597 = CARTESIAN_POINT('',(35.99,3.,2.5));
#2598 = VECTOR('',#2599,1.);
#2599 = DIRECTION('',(0.,0.,1.));
#2600 = ORIENTED_EDGE('',*,*,#2601,.T.);
#2601 = EDGE_CURVE('',#2594,#303,#2602,.T.);
#2602 = LINE('',#2603,#2604);
#2603 = CARTESIAN_POINT('',(35.99,3.,12.5));
#2604 = VECTOR('',#2605,1.);
#2605 = DIRECTION('',(1.,0.,0.));
#2606 = ORIENTED_EDGE('',*,*,#310,.F.);
#2607 = ORIENTED_EDGE('',*,*,#832,.F.);
#2608 = PLANE('',#2609);
#2609 = AXIS2_PLACEMENT_3D('',#2610,#2611,#2612);
#2610 = CARTESIAN_POINT('',(35.99,3.,2.5));
#2611 = DIRECTION('',(0.,1.,0.));
#2612 = DIRECTION('',(1.,0.,0.));
#2613 = ADVANCED_FACE('',(#2614),#2648,.T.);
#2614 = FACE_BOUND('',#2615,.T.);
#2615 = EDGE_LOOP('',(#2616,#2624,#2632,#2640,#2646,#2647));
#2616 = ORIENTED_EDGE('',*,*,#2617,.T.);
#2617 = EDGE_CURVE('',#295,#2618,#2620,.T.);
#2618 = VERTEX_POINT('',#2619);
#2619 = CARTESIAN_POINT('',(35.49,3.5,12.5));
#2620 = LINE('',#2621,#2622);
#2621 = CARTESIAN_POINT('',(36.49,3.5,12.5));
#2622 = VECTOR('',#2623,1.);
#2623 = DIRECTION('',(-1.,0.,0.));
#2624 = ORIENTED_EDGE('',*,*,#2625,.T.);
#2625 = EDGE_CURVE('',#2618,#2626,#2628,.T.);
#2626 = VERTEX_POINT('',#2627);
#2627 = CARTESIAN_POINT('',(35.49,2.5,12.5));
#2628 = LINE('',#2629,#2630);
#2629 = CARTESIAN_POINT('',(35.49,3.5,12.5));
#2630 = VECTOR('',#2631,1.);
#2631 = DIRECTION('',(0.,-1.,0.));
#2632 = ORIENTED_EDGE('',*,*,#2633,.T.);
#2633 = EDGE_CURVE('',#2626,#2634,#2636,.T.);
#2634 = VERTEX_POINT('',#2635);
#2635 = CARTESIAN_POINT('',(35.99,2.5,12.5));
#2636 = LINE('',#2637,#2638);
#2637 = CARTESIAN_POINT('',(35.49,2.5,12.5));
#2638 = VECTOR('',#2639,1.);
#2639 = DIRECTION('',(1.,0.,0.));
#2640 = ORIENTED_EDGE('',*,*,#2641,.T.);
#2641 = EDGE_CURVE('',#2634,#2594,#2642,.T.);
#2642 = LINE('',#2643,#2644);
#2643 = CARTESIAN_POINT('',(35.99,2.5,12.5));
#2644 = VECTOR('',#2645,1.);
#2645 = DIRECTION('',(0.,1.,0.));
#2646 = ORIENTED_EDGE('',*,*,#2601,.T.);
#2647 = ORIENTED_EDGE('',*,*,#302,.T.);
#2648 = PLANE('',#2649);
#2649 = AXIS2_PLACEMENT_3D('',#2650,#2651,#2652);
#2650 = CARTESIAN_POINT('',(35.9275,3.0625,12.5));
#2651 = DIRECTION('',(0.,0.,1.));
#2652 = DIRECTION('',(1.,0.,0.));
#2653 = ADVANCED_FACE('',(#2654),#2665,.F.);
#2654 = FACE_BOUND('',#2655,.F.);
#2655 = EDGE_LOOP('',(#2656,#2657,#2658,#2664));
#2656 = ORIENTED_EDGE('',*,*,#294,.T.);
#2657 = ORIENTED_EDGE('',*,*,#2617,.T.);
#2658 = ORIENTED_EDGE('',*,*,#2659,.F.);
#2659 = EDGE_CURVE('',#801,#2618,#2660,.T.);
#2660 = LINE('',#2661,#2662);
#2661 = CARTESIAN_POINT('',(35.49,3.5,2.5));
#2662 = VECTOR('',#2663,1.);
#2663 = DIRECTION('',(0.,0.,1.));
#2664 = ORIENTED_EDGE('',*,*,#800,.F.);
#2665 = PLANE('',#2666);
#2666 = AXIS2_PLACEMENT_3D('',#2667,#2668,#2669);
#2667 = CARTESIAN_POINT('',(36.49,3.5,2.5));
#2668 = DIRECTION('',(0.,-1.,0.));
#2669 = DIRECTION('',(-1.,0.,0.));
#2670 = ADVANCED_FACE('',(#2671,#2948,#3046,#3057,#3091),#3102,.F.);
#2671 = FACE_BOUND('',#2672,.F.);
#2672 = EDGE_LOOP('',(#2673,#2681,#2682,#2690,#2698,#2706,#2714,#2720,
    #2721,#2722,#2723,#2731,#2739,#2747,#2755,#2761,#2762,#2770,#2778,
    #2784,#2785,#2793,#2801,#2809,#2817,#2823,#2824,#2832,#2840,#2848,
    #2856,#2864,#2872,#2880,#2888,#2894,#2895,#2903,#2911,#2919,#2927,
    #2933,#2934,#2942));
#2673 = ORIENTED_EDGE('',*,*,#2674,.T.);
#2674 = EDGE_CURVE('',#2675,#231,#2677,.T.);
#2675 = VERTEX_POINT('',#2676);
#2676 = CARTESIAN_POINT('',(35.99,18.008333333333,2.5));
#2677 = LINE('',#2678,#2679);
#2678 = CARTESIAN_POINT('',(19.495,18.008333333333,2.5));
#2679 = VECTOR('',#2680,1.);
#2680 = DIRECTION('',(1.,0.,0.));
#2681 = ORIENTED_EDGE('',*,*,#238,.T.);
#2682 = ORIENTED_EDGE('',*,*,#2683,.T.);
#2683 = EDGE_CURVE('',#239,#2684,#2686,.T.);
#2684 = VERTEX_POINT('',#2685);
#2685 = CARTESIAN_POINT('',(35.99,16.3,2.5));
#2686 = LINE('',#2687,#2688);
#2687 = CARTESIAN_POINT('',(36.49,16.3,2.5));
#2688 = VECTOR('',#2689,1.);
#2689 = DIRECTION('',(-1.,0.,0.));
#2690 = ORIENTED_EDGE('',*,*,#2691,.T.);
#2691 = EDGE_CURVE('',#2684,#2692,#2694,.T.);
#2692 = VERTEX_POINT('',#2693);
#2693 = CARTESIAN_POINT('',(35.99,16.8,2.5));
#2694 = LINE('',#2695,#2696);
#2695 = CARTESIAN_POINT('',(35.99,16.3,2.5));
#2696 = VECTOR('',#2697,1.);
#2697 = DIRECTION('',(0.,1.,0.));
#2698 = ORIENTED_EDGE('',*,*,#2699,.T.);
#2699 = EDGE_CURVE('',#2692,#2700,#2702,.T.);
#2700 = VERTEX_POINT('',#2701);
#2701 = CARTESIAN_POINT('',(35.49,16.8,2.5));
#2702 = LINE('',#2703,#2704);
#2703 = CARTESIAN_POINT('',(35.99,16.8,2.5));
#2704 = VECTOR('',#2705,1.);
#2705 = DIRECTION('',(-1.,0.,0.));
#2706 = ORIENTED_EDGE('',*,*,#2707,.T.);
#2707 = EDGE_CURVE('',#2700,#2708,#2710,.T.);
#2708 = VERTEX_POINT('',#2709);
#2709 = CARTESIAN_POINT('',(35.49,15.8,2.5));
#2710 = LINE('',#2711,#2712);
#2711 = CARTESIAN_POINT('',(35.49,16.8,2.5));
#2712 = VECTOR('',#2713,1.);
#2713 = DIRECTION('',(-7.11E-15,-1.,0.));
#2714 = ORIENTED_EDGE('',*,*,#2715,.T.);
#2715 = EDGE_CURVE('',#2708,#263,#2716,.T.);
#2716 = LINE('',#2717,#2718);
#2717 = CARTESIAN_POINT('',(35.49,15.8,2.5));
#2718 = VECTOR('',#2719,1.);
#2719 = DIRECTION('',(1.,0.,0.));
#2720 = ORIENTED_EDGE('',*,*,#270,.T.);
#2721 = ORIENTED_EDGE('',*,*,#534,.T.);
#2722 = ORIENTED_EDGE('',*,*,#1320,.T.);
#2723 = ORIENTED_EDGE('',*,*,#2724,.F.);
#2724 = EDGE_CURVE('',#2725,#1321,#2727,.T.);
#2725 = VERTEX_POINT('',#2726);
#2726 = CARTESIAN_POINT('',(-35.49,15.8,2.5));
#2727 = LINE('',#2728,#2729);
#2728 = CARTESIAN_POINT('',(-35.49,15.8,2.5));
#2729 = VECTOR('',#2730,1.);
#2730 = DIRECTION('',(-1.,0.,0.));
#2731 = ORIENTED_EDGE('',*,*,#2732,.F.);
#2732 = EDGE_CURVE('',#2733,#2725,#2735,.T.);
#2733 = VERTEX_POINT('',#2734);
#2734 = CARTESIAN_POINT('',(-35.49,16.8,2.5));
#2735 = LINE('',#2736,#2737);
#2736 = CARTESIAN_POINT('',(-35.49,16.8,2.5));
#2737 = VECTOR('',#2738,1.);
#2738 = DIRECTION('',(7.11E-15,-1.,0.));
#2739 = ORIENTED_EDGE('',*,*,#2740,.F.);
#2740 = EDGE_CURVE('',#2741,#2733,#2743,.T.);
#2741 = VERTEX_POINT('',#2742);
#2742 = CARTESIAN_POINT('',(-35.99,16.8,2.5));
#2743 = LINE('',#2744,#2745);
#2744 = CARTESIAN_POINT('',(-35.99,16.8,2.5));
#2745 = VECTOR('',#2746,1.);
#2746 = DIRECTION('',(1.,0.,0.));
#2747 = ORIENTED_EDGE('',*,*,#2748,.F.);
#2748 = EDGE_CURVE('',#2749,#2741,#2751,.T.);
#2749 = VERTEX_POINT('',#2750);
#2750 = CARTESIAN_POINT('',(-35.99,16.3,2.5));
#2751 = LINE('',#2752,#2753);
#2752 = CARTESIAN_POINT('',(-35.99,16.3,2.5));
#2753 = VECTOR('',#2754,1.);
#2754 = DIRECTION('',(0.,1.,0.));
#2755 = ORIENTED_EDGE('',*,*,#2756,.F.);
#2756 = EDGE_CURVE('',#1345,#2749,#2757,.T.);
#2757 = LINE('',#2758,#2759);
#2758 = CARTESIAN_POINT('',(-36.49,16.3,2.5));
#2759 = VECTOR('',#2760,1.);
#2760 = DIRECTION('',(1.,0.,0.));
#2761 = ORIENTED_EDGE('',*,*,#1352,.T.);
#2762 = ORIENTED_EDGE('',*,*,#2763,.F.);
#2763 = EDGE_CURVE('',#2764,#1353,#2766,.T.);
#2764 = VERTEX_POINT('',#2765);
#2765 = CARTESIAN_POINT('',(-35.99,18.008333333333,2.5));
#2766 = LINE('',#2767,#2768);
#2767 = CARTESIAN_POINT('',(-19.495,18.008333333333,2.5));
#2768 = VECTOR('',#2769,1.);
#2769 = DIRECTION('',(-1.,-0.,-0.));
#2770 = ORIENTED_EDGE('',*,*,#2771,.T.);
#2771 = EDGE_CURVE('',#2764,#2772,#2774,.T.);
#2772 = VERTEX_POINT('',#2773);
#2773 = CARTESIAN_POINT('',(-35.99,20.591666666667,2.5));
#2774 = LINE('',#2775,#2776);
#2775 = CARTESIAN_POINT('',(-35.99,19.255,2.5));
#2776 = VECTOR('',#2777,1.);
#2777 = DIRECTION('',(0.,1.,0.));
#2778 = ORIENTED_EDGE('',*,*,#2779,.F.);
#2779 = EDGE_CURVE('',#1377,#2772,#2780,.T.);
#2780 = LINE('',#2781,#2782);
#2781 = CARTESIAN_POINT('',(-19.495,20.591666666667,2.5));
#2782 = VECTOR('',#2783,1.);
#2783 = DIRECTION('',(1.,0.,0.));
#2784 = ORIENTED_EDGE('',*,*,#1384,.T.);
#2785 = ORIENTED_EDGE('',*,*,#2786,.F.);
#2786 = EDGE_CURVE('',#2787,#1385,#2789,.T.);
#2787 = VERTEX_POINT('',#2788);
#2788 = CARTESIAN_POINT('',(-35.99,22.3,2.5));
#2789 = LINE('',#2790,#2791);
#2790 = CARTESIAN_POINT('',(-35.99,22.3,2.5));
#2791 = VECTOR('',#2792,1.);
#2792 = DIRECTION('',(-1.,0.,0.));
#2793 = ORIENTED_EDGE('',*,*,#2794,.F.);
#2794 = EDGE_CURVE('',#2795,#2787,#2797,.T.);
#2795 = VERTEX_POINT('',#2796);
#2796 = CARTESIAN_POINT('',(-35.99,21.8,2.5));
#2797 = LINE('',#2798,#2799);
#2798 = CARTESIAN_POINT('',(-35.99,21.8,2.5));
#2799 = VECTOR('',#2800,1.);
#2800 = DIRECTION('',(0.,1.,0.));
#2801 = ORIENTED_EDGE('',*,*,#2802,.F.);
#2802 = EDGE_CURVE('',#2803,#2795,#2805,.T.);
#2803 = VERTEX_POINT('',#2804);
#2804 = CARTESIAN_POINT('',(-35.49,21.8,2.5));
#2805 = LINE('',#2806,#2807);
#2806 = CARTESIAN_POINT('',(-35.49,21.8,2.5));
#2807 = VECTOR('',#2808,1.);
#2808 = DIRECTION('',(-1.,0.,0.));
#2809 = ORIENTED_EDGE('',*,*,#2810,.F.);
#2810 = EDGE_CURVE('',#2811,#2803,#2813,.T.);
#2811 = VERTEX_POINT('',#2812);
#2812 = CARTESIAN_POINT('',(-35.49,22.8,2.5));
#2813 = LINE('',#2814,#2815);
#2814 = CARTESIAN_POINT('',(-35.49,22.8,2.5));
#2815 = VECTOR('',#2816,1.);
#2816 = DIRECTION('',(0.,-1.,0.));
#2817 = ORIENTED_EDGE('',*,*,#2818,.F.);
#2818 = EDGE_CURVE('',#1409,#2811,#2819,.T.);
#2819 = LINE('',#2820,#2821);
#2820 = CARTESIAN_POINT('',(-36.49,22.8,2.5));
#2821 = VECTOR('',#2822,1.);
#2822 = DIRECTION('',(1.,0.,0.));
#2823 = ORIENTED_EDGE('',*,*,#1416,.T.);
#2824 = ORIENTED_EDGE('',*,*,#2825,.T.);
#2825 = EDGE_CURVE('',#1066,#2826,#2828,.T.);
#2826 = VERTEX_POINT('',#2827);
#2827 = CARTESIAN_POINT('',(-7.5,27.815,2.5));
#2828 = LINE('',#2829,#2830);
#2829 = CARTESIAN_POINT('',(-36.49,27.815,2.5));
#2830 = VECTOR('',#2831,1.);
#2831 = DIRECTION('',(1.,0.,0.));
#2832 = ORIENTED_EDGE('',*,*,#2833,.F.);
#2833 = EDGE_CURVE('',#2834,#2826,#2836,.T.);
#2834 = VERTEX_POINT('',#2835);
#2835 = CARTESIAN_POINT('',(-7.5,24.815,2.5));
#2836 = LINE('',#2837,#2838);
#2837 = CARTESIAN_POINT('',(-7.5,24.5125,2.5));
#2838 = VECTOR('',#2839,1.);
#2839 = DIRECTION('',(0.,1.,0.));
#2840 = ORIENTED_EDGE('',*,*,#2841,.T.);
#2841 = EDGE_CURVE('',#2834,#2842,#2844,.T.);
#2842 = VERTEX_POINT('',#2843);
#2843 = CARTESIAN_POINT('',(-2.5,24.815,2.5));
#2844 = LINE('',#2845,#2846);
#2845 = CARTESIAN_POINT('',(-2.5,24.815,2.5));
#2846 = VECTOR('',#2847,1.);
#2847 = DIRECTION('',(1.,0.,0.));
#2848 = ORIENTED_EDGE('',*,*,#2849,.F.);
#2849 = EDGE_CURVE('',#2850,#2842,#2852,.T.);
#2850 = VERTEX_POINT('',#2851);
#2851 = CARTESIAN_POINT('',(-2.5,27.815,2.5));
#2852 = LINE('',#2853,#2854);
#2853 = CARTESIAN_POINT('',(-2.5,24.5125,2.5));
#2854 = VECTOR('',#2855,1.);
#2855 = DIRECTION('',(0.,-1.,0.));
#2856 = ORIENTED_EDGE('',*,*,#2857,.T.);
#2857 = EDGE_CURVE('',#2850,#2858,#2860,.T.);
#2858 = VERTEX_POINT('',#2859);
#2859 = CARTESIAN_POINT('',(2.5,27.815,2.5));
#2860 = LINE('',#2861,#2862);
#2861 = CARTESIAN_POINT('',(-36.49,27.815,2.5));
#2862 = VECTOR('',#2863,1.);
#2863 = DIRECTION('',(1.,0.,0.));
#2864 = ORIENTED_EDGE('',*,*,#2865,.F.);
#2865 = EDGE_CURVE('',#2866,#2858,#2868,.T.);
#2866 = VERTEX_POINT('',#2867);
#2867 = CARTESIAN_POINT('',(2.5,24.815,2.5));
#2868 = LINE('',#2869,#2870);
#2869 = CARTESIAN_POINT('',(2.5,24.5125,2.5));
#2870 = VECTOR('',#2871,1.);
#2871 = DIRECTION('',(0.,1.,0.));
#2872 = ORIENTED_EDGE('',*,*,#2873,.T.);
#2873 = EDGE_CURVE('',#2866,#2874,#2876,.T.);
#2874 = VERTEX_POINT('',#2875);
#2875 = CARTESIAN_POINT('',(7.5,24.815,2.5));
#2876 = LINE('',#2877,#2878);
#2877 = CARTESIAN_POINT('',(2.5,24.815,2.5));
#2878 = VECTOR('',#2879,1.);
#2879 = DIRECTION('',(1.,0.,0.));
#2880 = ORIENTED_EDGE('',*,*,#2881,.F.);
#2881 = EDGE_CURVE('',#2882,#2874,#2884,.T.);
#2882 = VERTEX_POINT('',#2883);
#2883 = CARTESIAN_POINT('',(7.5,27.815,2.5));
#2884 = LINE('',#2885,#2886);
#2885 = CARTESIAN_POINT('',(7.5,24.5125,2.5));
#2886 = VECTOR('',#2887,1.);
#2887 = DIRECTION('',(0.,-1.,0.));
#2888 = ORIENTED_EDGE('',*,*,#2889,.T.);
#2889 = EDGE_CURVE('',#2882,#167,#2890,.T.);
#2890 = LINE('',#2891,#2892);
#2891 = CARTESIAN_POINT('',(-36.49,27.815,2.5));
#2892 = VECTOR('',#2893,1.);
#2893 = DIRECTION('',(1.,0.,0.));
#2894 = ORIENTED_EDGE('',*,*,#174,.T.);
#2895 = ORIENTED_EDGE('',*,*,#2896,.T.);
#2896 = EDGE_CURVE('',#175,#2897,#2899,.T.);
#2897 = VERTEX_POINT('',#2898);
#2898 = CARTESIAN_POINT('',(35.49,22.8,2.5));
#2899 = LINE('',#2900,#2901);
#2900 = CARTESIAN_POINT('',(36.49,22.8,2.5));
#2901 = VECTOR('',#2902,1.);
#2902 = DIRECTION('',(-1.,0.,0.));
#2903 = ORIENTED_EDGE('',*,*,#2904,.T.);
#2904 = EDGE_CURVE('',#2897,#2905,#2907,.T.);
#2905 = VERTEX_POINT('',#2906);
#2906 = CARTESIAN_POINT('',(35.49,21.8,2.5));
#2907 = LINE('',#2908,#2909);
#2908 = CARTESIAN_POINT('',(35.49,22.8,2.5));
#2909 = VECTOR('',#2910,1.);
#2910 = DIRECTION('',(0.,-1.,0.));
#2911 = ORIENTED_EDGE('',*,*,#2912,.T.);
#2912 = EDGE_CURVE('',#2905,#2913,#2915,.T.);
#2913 = VERTEX_POINT('',#2914);
#2914 = CARTESIAN_POINT('',(35.99,21.8,2.5));
#2915 = LINE('',#2916,#2917);
#2916 = CARTESIAN_POINT('',(35.49,21.8,2.5));
#2917 = VECTOR('',#2918,1.);
#2918 = DIRECTION('',(1.,0.,0.));
#2919 = ORIENTED_EDGE('',*,*,#2920,.T.);
#2920 = EDGE_CURVE('',#2913,#2921,#2923,.T.);
#2921 = VERTEX_POINT('',#2922);
#2922 = CARTESIAN_POINT('',(35.99,22.3,2.5));
#2923 = LINE('',#2924,#2925);
#2924 = CARTESIAN_POINT('',(35.99,21.8,2.5));
#2925 = VECTOR('',#2926,1.);
#2926 = DIRECTION('',(0.,1.,0.));
#2927 = ORIENTED_EDGE('',*,*,#2928,.T.);
#2928 = EDGE_CURVE('',#2921,#199,#2929,.T.);
#2929 = LINE('',#2930,#2931);
#2930 = CARTESIAN_POINT('',(35.99,22.3,2.5));
#2931 = VECTOR('',#2932,1.);
#2932 = DIRECTION('',(1.,0.,0.));
#2933 = ORIENTED_EDGE('',*,*,#206,.T.);
#2934 = ORIENTED_EDGE('',*,*,#2935,.T.);
#2935 = EDGE_CURVE('',#207,#2936,#2938,.T.);
#2936 = VERTEX_POINT('',#2937);
#2937 = CARTESIAN_POINT('',(35.99,20.591666666667,2.5));
#2938 = LINE('',#2939,#2940);
#2939 = CARTESIAN_POINT('',(19.495,20.591666666667,2.5));
#2940 = VECTOR('',#2941,1.);
#2941 = DIRECTION('',(-1.,0.,0.));
#2942 = ORIENTED_EDGE('',*,*,#2943,.F.);
#2943 = EDGE_CURVE('',#2675,#2936,#2944,.T.);
#2944 = LINE('',#2945,#2946);
#2945 = CARTESIAN_POINT('',(35.99,19.255,2.5));
#2946 = VECTOR('',#2947,1.);
#2947 = DIRECTION('',(0.,1.,0.));
#2948 = FACE_BOUND('',#2949,.F.);
#2949 = EDGE_LOOP('',(#2950,#2960,#2968,#2976,#2984,#2992,#3000,#3008,
    #3016,#3024,#3032,#3040));
#2950 = ORIENTED_EDGE('',*,*,#2951,.F.);
#2951 = EDGE_CURVE('',#2952,#2954,#2956,.T.);
#2952 = VERTEX_POINT('',#2953);
#2953 = CARTESIAN_POINT('',(17.5,19.8,2.5));
#2954 = VERTEX_POINT('',#2955);
#2955 = CARTESIAN_POINT('',(19.5,19.8,2.5));
#2956 = LINE('',#2957,#2958);
#2957 = CARTESIAN_POINT('',(17.5,19.8,2.5));
#2958 = VECTOR('',#2959,1.);
#2959 = DIRECTION('',(1.,0.,0.));
#2960 = ORIENTED_EDGE('',*,*,#2961,.F.);
#2961 = EDGE_CURVE('',#2962,#2952,#2964,.T.);
#2962 = VERTEX_POINT('',#2963);
#2963 = CARTESIAN_POINT('',(17.5,18.8,2.5));
#2964 = LINE('',#2965,#2966);
#2965 = CARTESIAN_POINT('',(17.5,18.8,2.5));
#2966 = VECTOR('',#2967,1.);
#2967 = DIRECTION('',(7.11E-15,1.,0.));
#2968 = ORIENTED_EDGE('',*,*,#2969,.F.);
#2969 = EDGE_CURVE('',#2970,#2962,#2972,.T.);
#2970 = VERTEX_POINT('',#2971);
#2971 = CARTESIAN_POINT('',(19.5,18.8,2.5));
#2972 = LINE('',#2973,#2974);
#2973 = CARTESIAN_POINT('',(19.5,18.8,2.5));
#2974 = VECTOR('',#2975,1.);
#2975 = DIRECTION('',(-1.,1.78E-15,0.));
#2976 = ORIENTED_EDGE('',*,*,#2977,.F.);
#2977 = EDGE_CURVE('',#2978,#2970,#2980,.T.);
#2978 = VERTEX_POINT('',#2979);
#2979 = CARTESIAN_POINT('',(19.5,16.8,2.5));
#2980 = LINE('',#2981,#2982);
#2981 = CARTESIAN_POINT('',(19.5,16.8,2.5));
#2982 = VECTOR('',#2983,1.);
#2983 = DIRECTION('',(1.78E-15,1.,0.));
#2984 = ORIENTED_EDGE('',*,*,#2985,.F.);
#2985 = EDGE_CURVE('',#2986,#2978,#2988,.T.);
#2986 = VERTEX_POINT('',#2987);
#2987 = CARTESIAN_POINT('',(20.5,16.8,2.5));
#2988 = LINE('',#2989,#2990);
#2989 = CARTESIAN_POINT('',(20.5,16.8,2.5));
#2990 = VECTOR('',#2991,1.);
#2991 = DIRECTION('',(-1.,-2.842E-14,0.));
#2992 = ORIENTED_EDGE('',*,*,#2993,.F.);
#2993 = EDGE_CURVE('',#2994,#2986,#2996,.T.);
#2994 = VERTEX_POINT('',#2995);
#2995 = CARTESIAN_POINT('',(20.5,18.8,2.5));
#2996 = LINE('',#2997,#2998);
#2997 = CARTESIAN_POINT('',(20.5,18.8,2.5));
#2998 = VECTOR('',#2999,1.);
#2999 = DIRECTION('',(1.78E-15,-1.,0.));
#3000 = ORIENTED_EDGE('',*,*,#3001,.F.);
#3001 = EDGE_CURVE('',#3002,#2994,#3004,.T.);
#3002 = VERTEX_POINT('',#3003);
#3003 = CARTESIAN_POINT('',(22.5,18.8,2.5));
#3004 = LINE('',#3005,#3006);
#3005 = CARTESIAN_POINT('',(22.5,18.8,2.5));
#3006 = VECTOR('',#3007,1.);
#3007 = DIRECTION('',(-1.,0.,0.));
#3008 = ORIENTED_EDGE('',*,*,#3009,.F.);
#3009 = EDGE_CURVE('',#3010,#3002,#3012,.T.);
#3010 = VERTEX_POINT('',#3011);
#3011 = CARTESIAN_POINT('',(22.5,19.8,2.5));
#3012 = LINE('',#3013,#3014);
#3013 = CARTESIAN_POINT('',(22.5,19.8,2.5));
#3014 = VECTOR('',#3015,1.);
#3015 = DIRECTION('',(0.,-1.,0.));
#3016 = ORIENTED_EDGE('',*,*,#3017,.F.);
#3017 = EDGE_CURVE('',#3018,#3010,#3020,.T.);
#3018 = VERTEX_POINT('',#3019);
#3019 = CARTESIAN_POINT('',(20.5,19.8,2.5));
#3020 = LINE('',#3021,#3022);
#3021 = CARTESIAN_POINT('',(20.5,19.8,2.5));
#3022 = VECTOR('',#3023,1.);
#3023 = DIRECTION('',(1.,5.33E-15,0.));
#3024 = ORIENTED_EDGE('',*,*,#3025,.F.);
#3025 = EDGE_CURVE('',#3026,#3018,#3028,.T.);
#3026 = VERTEX_POINT('',#3027);
#3027 = CARTESIAN_POINT('',(20.5,21.8,2.5));
#3028 = LINE('',#3029,#3030);
#3029 = CARTESIAN_POINT('',(20.5,21.8,2.5));
#3030 = VECTOR('',#3031,1.);
#3031 = DIRECTION('',(1.78E-15,-1.,0.));
#3032 = ORIENTED_EDGE('',*,*,#3033,.F.);
#3033 = EDGE_CURVE('',#3034,#3026,#3036,.T.);
#3034 = VERTEX_POINT('',#3035);
#3035 = CARTESIAN_POINT('',(19.5,21.8,2.5));
#3036 = LINE('',#3037,#3038);
#3037 = CARTESIAN_POINT('',(19.5,21.8,2.5));
#3038 = VECTOR('',#3039,1.);
#3039 = DIRECTION('',(1.,-1.066E-14,0.));
#3040 = ORIENTED_EDGE('',*,*,#3041,.F.);
#3041 = EDGE_CURVE('',#2954,#3034,#3042,.T.);
#3042 = LINE('',#3043,#3044);
#3043 = CARTESIAN_POINT('',(19.5,19.8,2.5));
#3044 = VECTOR('',#3045,1.);
#3045 = DIRECTION('',(1.78E-15,1.,0.));
#3046 = FACE_BOUND('',#3047,.F.);
#3047 = EDGE_LOOP('',(#3048));
#3048 = ORIENTED_EDGE('',*,*,#3049,.T.);
#3049 = EDGE_CURVE('',#3050,#3050,#3052,.T.);
#3050 = VERTEX_POINT('',#3051);
#3051 = CARTESIAN_POINT('',(30.805,19.21,2.5));
#3052 = CIRCLE('',#3053,3.);
#3053 = AXIS2_PLACEMENT_3D('',#3054,#3055,#3056);
#3054 = CARTESIAN_POINT('',(27.805,19.21,2.5));
#3055 = DIRECTION('',(0.,0.,1.));
#3056 = DIRECTION('',(1.,0.,0.));
#3057 = FACE_BOUND('',#3058,.F.);
#3058 = EDGE_LOOP('',(#3059,#3069,#3077,#3085));
#3059 = ORIENTED_EDGE('',*,*,#3060,.F.);
#3060 = EDGE_CURVE('',#3061,#3063,#3065,.T.);
#3061 = VERTEX_POINT('',#3062);
#3062 = CARTESIAN_POINT('',(-22.5,19.8,2.5));
#3063 = VERTEX_POINT('',#3064);
#3064 = CARTESIAN_POINT('',(-17.5,19.8,2.5));
#3065 = LINE('',#3066,#3067);
#3066 = CARTESIAN_POINT('',(-22.5,19.8,2.5));
#3067 = VECTOR('',#3068,1.);
#3068 = DIRECTION('',(1.,0.,0.));
#3069 = ORIENTED_EDGE('',*,*,#3070,.F.);
#3070 = EDGE_CURVE('',#3071,#3061,#3073,.T.);
#3071 = VERTEX_POINT('',#3072);
#3072 = CARTESIAN_POINT('',(-22.5,18.8,2.5));
#3073 = LINE('',#3074,#3075);
#3074 = CARTESIAN_POINT('',(-22.5,18.8,2.5));
#3075 = VECTOR('',#3076,1.);
#3076 = DIRECTION('',(0.,1.,0.));
#3077 = ORIENTED_EDGE('',*,*,#3078,.F.);
#3078 = EDGE_CURVE('',#3079,#3071,#3081,.T.);
#3079 = VERTEX_POINT('',#3080);
#3080 = CARTESIAN_POINT('',(-17.5,18.8,2.5));
#3081 = LINE('',#3082,#3083);
#3082 = CARTESIAN_POINT('',(-17.5,18.8,2.5));
#3083 = VECTOR('',#3084,1.);
#3084 = DIRECTION('',(-1.,0.,0.));
#3085 = ORIENTED_EDGE('',*,*,#3086,.F.);
#3086 = EDGE_CURVE('',#3063,#3079,#3087,.T.);
#3087 = LINE('',#3088,#3089);
#3088 = CARTESIAN_POINT('',(-17.5,19.8,2.5));
#3089 = VECTOR('',#3090,1.);
#3090 = DIRECTION('',(0.,-1.,0.));
#3091 = FACE_BOUND('',#3092,.F.);
#3092 = EDGE_LOOP('',(#3093));
#3093 = ORIENTED_EDGE('',*,*,#3094,.T.);
#3094 = EDGE_CURVE('',#3095,#3095,#3097,.T.);
#3095 = VERTEX_POINT('',#3096);
#3096 = CARTESIAN_POINT('',(-24.805,19.21,2.5));
#3097 = CIRCLE('',#3098,3.);
#3098 = AXIS2_PLACEMENT_3D('',#3099,#3100,#3101);
#3099 = CARTESIAN_POINT('',(-27.805,19.21,2.5));
#3100 = DIRECTION('',(0.,0.,1.));
#3101 = DIRECTION('',(1.,0.,0.));
#3102 = PLANE('',#3103);
#3103 = AXIS2_PLACEMENT_3D('',#3104,#3105,#3106);
#3104 = CARTESIAN_POINT('',(6.3E-16,19.21,2.5));
#3105 = DIRECTION('',(0.,0.,-1.));
#3106 = DIRECTION('',(0.,-1.,0.));
#3107 = ADVANCED_FACE('',(#3108),#3126,.F.);
#3108 = FACE_BOUND('',#3109,.F.);
#3109 = EDGE_LOOP('',(#3110,#3118,#3124,#3125));
#3110 = ORIENTED_EDGE('',*,*,#3111,.T.);
#3111 = EDGE_CURVE('',#2708,#3112,#3114,.T.);
#3112 = VERTEX_POINT('',#3113);
#3113 = CARTESIAN_POINT('',(35.49,15.8,12.5));
#3114 = LINE('',#3115,#3116);
#3115 = CARTESIAN_POINT('',(35.49,15.8,2.5));
#3116 = VECTOR('',#3117,1.);
#3117 = DIRECTION('',(0.,0.,1.));
#3118 = ORIENTED_EDGE('',*,*,#3119,.T.);
#3119 = EDGE_CURVE('',#3112,#255,#3120,.T.);
#3120 = LINE('',#3121,#3122);
#3121 = CARTESIAN_POINT('',(35.49,15.8,12.5));
#3122 = VECTOR('',#3123,1.);
#3123 = DIRECTION('',(1.,0.,0.));
#3124 = ORIENTED_EDGE('',*,*,#262,.F.);
#3125 = ORIENTED_EDGE('',*,*,#2715,.F.);
#3126 = PLANE('',#3127);
#3127 = AXIS2_PLACEMENT_3D('',#3128,#3129,#3130);
#3128 = CARTESIAN_POINT('',(35.49,15.8,2.5));
#3129 = DIRECTION('',(0.,1.,0.));
#3130 = DIRECTION('',(1.,0.,0.));
#3131 = ADVANCED_FACE('',(#3132),#3166,.T.);
#3132 = FACE_BOUND('',#3133,.T.);
#3133 = EDGE_LOOP('',(#3134,#3142,#3150,#3158,#3164,#3165));
#3134 = ORIENTED_EDGE('',*,*,#3135,.T.);
#3135 = EDGE_CURVE('',#247,#3136,#3138,.T.);
#3136 = VERTEX_POINT('',#3137);
#3137 = CARTESIAN_POINT('',(35.99,16.3,12.5));
#3138 = LINE('',#3139,#3140);
#3139 = CARTESIAN_POINT('',(36.49,16.3,12.5));
#3140 = VECTOR('',#3141,1.);
#3141 = DIRECTION('',(-1.,0.,0.));
#3142 = ORIENTED_EDGE('',*,*,#3143,.T.);
#3143 = EDGE_CURVE('',#3136,#3144,#3146,.T.);
#3144 = VERTEX_POINT('',#3145);
#3145 = CARTESIAN_POINT('',(35.99,16.8,12.5));
#3146 = LINE('',#3147,#3148);
#3147 = CARTESIAN_POINT('',(35.99,16.3,12.5));
#3148 = VECTOR('',#3149,1.);
#3149 = DIRECTION('',(0.,1.,0.));
#3150 = ORIENTED_EDGE('',*,*,#3151,.T.);
#3151 = EDGE_CURVE('',#3144,#3152,#3154,.T.);
#3152 = VERTEX_POINT('',#3153);
#3153 = CARTESIAN_POINT('',(35.49,16.8,12.5));
#3154 = LINE('',#3155,#3156);
#3155 = CARTESIAN_POINT('',(35.99,16.8,12.5));
#3156 = VECTOR('',#3157,1.);
#3157 = DIRECTION('',(-1.,0.,0.));
#3158 = ORIENTED_EDGE('',*,*,#3159,.T.);
#3159 = EDGE_CURVE('',#3152,#3112,#3160,.T.);
#3160 = LINE('',#3161,#3162);
#3161 = CARTESIAN_POINT('',(35.49,16.8,12.5));
#3162 = VECTOR('',#3163,1.);
#3163 = DIRECTION('',(-7.11E-15,-1.,0.));
#3164 = ORIENTED_EDGE('',*,*,#3119,.T.);
#3165 = ORIENTED_EDGE('',*,*,#254,.T.);
#3166 = PLANE('',#3167);
#3167 = AXIS2_PLACEMENT_3D('',#3168,#3169,#3170);
#3168 = CARTESIAN_POINT('',(35.9275,16.2375,12.5));
#3169 = DIRECTION('',(0.,0.,1.));
#3170 = DIRECTION('',(1.,0.,0.));
#3171 = ADVANCED_FACE('',(#3172),#3183,.F.);
#3172 = FACE_BOUND('',#3173,.F.);
#3173 = EDGE_LOOP('',(#3174,#3175,#3176,#3182));
#3174 = ORIENTED_EDGE('',*,*,#246,.T.);
#3175 = ORIENTED_EDGE('',*,*,#3135,.T.);
#3176 = ORIENTED_EDGE('',*,*,#3177,.F.);
#3177 = EDGE_CURVE('',#2684,#3136,#3178,.T.);
#3178 = LINE('',#3179,#3180);
#3179 = CARTESIAN_POINT('',(35.99,16.3,2.5));
#3180 = VECTOR('',#3181,1.);
#3181 = DIRECTION('',(0.,0.,1.));
#3182 = ORIENTED_EDGE('',*,*,#2683,.F.);
#3183 = PLANE('',#3184);
#3184 = AXIS2_PLACEMENT_3D('',#3185,#3186,#3187);
#3185 = CARTESIAN_POINT('',(36.49,16.3,2.5));
#3186 = DIRECTION('',(0.,-1.,0.));
#3187 = DIRECTION('',(-1.,0.,0.));
#3188 = ADVANCED_FACE('',(#3189),#3223,.T.);
#3189 = FACE_BOUND('',#3190,.T.);
#3190 = EDGE_LOOP('',(#3191,#3201,#3209,#3215,#3216,#3217));
#3191 = ORIENTED_EDGE('',*,*,#3192,.F.);
#3192 = EDGE_CURVE('',#3193,#3195,#3197,.T.);
#3193 = VERTEX_POINT('',#3194);
#3194 = CARTESIAN_POINT('',(38.99,17.8,0.));
#3195 = VERTEX_POINT('',#3196);
#3196 = CARTESIAN_POINT('',(38.99,18.55,9.));
#3197 = LINE('',#3198,#3199);
#3198 = CARTESIAN_POINT('',(38.99,17.8,0.));
#3199 = VECTOR('',#3200,1.);
#3200 = DIRECTION('',(0.,8.304547985374E-02,0.996545758245));
#3201 = ORIENTED_EDGE('',*,*,#3202,.T.);
#3202 = EDGE_CURVE('',#3193,#3203,#3205,.T.);
#3203 = VERTEX_POINT('',#3204);
#3204 = CARTESIAN_POINT('',(35.99,17.8,0.));
#3205 = LINE('',#3206,#3207);
#3206 = CARTESIAN_POINT('',(38.99,17.8,0.));
#3207 = VECTOR('',#3208,1.);
#3208 = DIRECTION('',(-1.,-0.,-0.));
#3209 = ORIENTED_EDGE('',*,*,#3210,.T.);
#3210 = EDGE_CURVE('',#3203,#2675,#3211,.T.);
#3211 = LINE('',#3212,#3213);
#3212 = CARTESIAN_POINT('',(35.99,17.8,0.));
#3213 = VECTOR('',#3214,1.);
#3214 = DIRECTION('',(0.,8.304547985374E-02,0.996545758245));
#3215 = ORIENTED_EDGE('',*,*,#2674,.T.);
#3216 = ORIENTED_EDGE('',*,*,#230,.F.);
#3217 = ORIENTED_EDGE('',*,*,#3218,.F.);
#3218 = EDGE_CURVE('',#3195,#223,#3219,.T.);
#3219 = LINE('',#3220,#3221);
#3220 = CARTESIAN_POINT('',(38.99,18.55,9.));
#3221 = VECTOR('',#3222,1.);
#3222 = DIRECTION('',(-1.,-0.,-0.));
#3223 = PLANE('',#3224);
#3224 = AXIS2_PLACEMENT_3D('',#3225,#3226,#3227);
#3225 = CARTESIAN_POINT('',(38.99,17.8,0.));
#3226 = DIRECTION('',(0.,0.996545758245,-8.304547985374E-02));
#3227 = DIRECTION('',(0.,8.304547985374E-02,0.996545758245));
#3228 = ADVANCED_FACE('',(#3229),#3247,.T.);
#3229 = FACE_BOUND('',#3230,.T.);
#3230 = EDGE_LOOP('',(#3231,#3239,#3240,#3241));
#3231 = ORIENTED_EDGE('',*,*,#3232,.F.);
#3232 = EDGE_CURVE('',#3195,#3233,#3235,.T.);
#3233 = VERTEX_POINT('',#3234);
#3234 = CARTESIAN_POINT('',(38.99,20.05,9.));
#3235 = LINE('',#3236,#3237);
#3236 = CARTESIAN_POINT('',(38.99,18.55,9.));
#3237 = VECTOR('',#3238,1.);
#3238 = DIRECTION('',(0.,1.,0.));
#3239 = ORIENTED_EDGE('',*,*,#3218,.T.);
#3240 = ORIENTED_EDGE('',*,*,#222,.F.);
#3241 = ORIENTED_EDGE('',*,*,#3242,.F.);
#3242 = EDGE_CURVE('',#3233,#215,#3243,.T.);
#3243 = LINE('',#3244,#3245);
#3244 = CARTESIAN_POINT('',(38.99,20.05,9.));
#3245 = VECTOR('',#3246,1.);
#3246 = DIRECTION('',(-1.,-0.,-0.));
#3247 = PLANE('',#3248);
#3248 = AXIS2_PLACEMENT_3D('',#3249,#3250,#3251);
#3249 = CARTESIAN_POINT('',(38.99,18.55,9.));
#3250 = DIRECTION('',(0.,0.,-1.));
#3251 = DIRECTION('',(0.,1.,0.));
#3252 = ADVANCED_FACE('',(#3253),#3280,.T.);
#3253 = FACE_BOUND('',#3254,.T.);
#3254 = EDGE_LOOP('',(#3255,#3263,#3264,#3265,#3266,#3274));
#3255 = ORIENTED_EDGE('',*,*,#3256,.F.);
#3256 = EDGE_CURVE('',#3233,#3257,#3259,.T.);
#3257 = VERTEX_POINT('',#3258);
#3258 = CARTESIAN_POINT('',(38.99,20.8,0.));
#3259 = LINE('',#3260,#3261);
#3260 = CARTESIAN_POINT('',(38.99,20.05,9.));
#3261 = VECTOR('',#3262,1.);
#3262 = DIRECTION('',(0.,8.304547985374E-02,-0.996545758245));
#3263 = ORIENTED_EDGE('',*,*,#3242,.T.);
#3264 = ORIENTED_EDGE('',*,*,#214,.F.);
#3265 = ORIENTED_EDGE('',*,*,#2935,.T.);
#3266 = ORIENTED_EDGE('',*,*,#3267,.T.);
#3267 = EDGE_CURVE('',#2936,#3268,#3270,.T.);
#3268 = VERTEX_POINT('',#3269);
#3269 = CARTESIAN_POINT('',(35.99,20.8,0.));
#3270 = LINE('',#3271,#3272);
#3271 = CARTESIAN_POINT('',(35.99,20.05,9.));
#3272 = VECTOR('',#3273,1.);
#3273 = DIRECTION('',(0.,8.304547985374E-02,-0.996545758245));
#3274 = ORIENTED_EDGE('',*,*,#3275,.F.);
#3275 = EDGE_CURVE('',#3257,#3268,#3276,.T.);
#3276 = LINE('',#3277,#3278);
#3277 = CARTESIAN_POINT('',(38.99,20.8,0.));
#3278 = VECTOR('',#3279,1.);
#3279 = DIRECTION('',(-1.,-0.,-0.));
#3280 = PLANE('',#3281);
#3281 = AXIS2_PLACEMENT_3D('',#3282,#3283,#3284);
#3282 = CARTESIAN_POINT('',(38.99,20.05,9.));
#3283 = DIRECTION('',(0.,-0.996545758245,-8.304547985374E-02));
#3284 = DIRECTION('',(0.,8.304547985374E-02,-0.996545758245));
#3285 = ADVANCED_FACE('',(#3286),#3304,.F.);
#3286 = FACE_BOUND('',#3287,.F.);
#3287 = EDGE_LOOP('',(#3288,#3296,#3302,#3303));
#3288 = ORIENTED_EDGE('',*,*,#3289,.T.);
#3289 = EDGE_CURVE('',#2921,#3290,#3292,.T.);
#3290 = VERTEX_POINT('',#3291);
#3291 = CARTESIAN_POINT('',(35.99,22.3,12.5));
#3292 = LINE('',#3293,#3294);
#3293 = CARTESIAN_POINT('',(35.99,22.3,2.5));
#3294 = VECTOR('',#3295,1.);
#3295 = DIRECTION('',(0.,0.,1.));
#3296 = ORIENTED_EDGE('',*,*,#3297,.T.);
#3297 = EDGE_CURVE('',#3290,#191,#3298,.T.);
#3298 = LINE('',#3299,#3300);
#3299 = CARTESIAN_POINT('',(35.99,22.3,12.5));
#3300 = VECTOR('',#3301,1.);
#3301 = DIRECTION('',(1.,0.,0.));
#3302 = ORIENTED_EDGE('',*,*,#198,.F.);
#3303 = ORIENTED_EDGE('',*,*,#2928,.F.);
#3304 = PLANE('',#3305);
#3305 = AXIS2_PLACEMENT_3D('',#3306,#3307,#3308);
#3306 = CARTESIAN_POINT('',(35.99,22.3,2.5));
#3307 = DIRECTION('',(0.,1.,0.));
#3308 = DIRECTION('',(1.,0.,0.));
#3309 = ADVANCED_FACE('',(#3310),#3344,.T.);
#3310 = FACE_BOUND('',#3311,.T.);
#3311 = EDGE_LOOP('',(#3312,#3320,#3328,#3336,#3342,#3343));
#3312 = ORIENTED_EDGE('',*,*,#3313,.T.);
#3313 = EDGE_CURVE('',#183,#3314,#3316,.T.);
#3314 = VERTEX_POINT('',#3315);
#3315 = CARTESIAN_POINT('',(35.49,22.8,12.5));
#3316 = LINE('',#3317,#3318);
#3317 = CARTESIAN_POINT('',(36.49,22.8,12.5));
#3318 = VECTOR('',#3319,1.);
#3319 = DIRECTION('',(-1.,0.,0.));
#3320 = ORIENTED_EDGE('',*,*,#3321,.T.);
#3321 = EDGE_CURVE('',#3314,#3322,#3324,.T.);
#3322 = VERTEX_POINT('',#3323);
#3323 = CARTESIAN_POINT('',(35.49,21.8,12.5));
#3324 = LINE('',#3325,#3326);
#3325 = CARTESIAN_POINT('',(35.49,22.8,12.5));
#3326 = VECTOR('',#3327,1.);
#3327 = DIRECTION('',(0.,-1.,0.));
#3328 = ORIENTED_EDGE('',*,*,#3329,.T.);
#3329 = EDGE_CURVE('',#3322,#3330,#3332,.T.);
#3330 = VERTEX_POINT('',#3331);
#3331 = CARTESIAN_POINT('',(35.99,21.8,12.5));
#3332 = LINE('',#3333,#3334);
#3333 = CARTESIAN_POINT('',(35.49,21.8,12.5));
#3334 = VECTOR('',#3335,1.);
#3335 = DIRECTION('',(1.,0.,0.));
#3336 = ORIENTED_EDGE('',*,*,#3337,.T.);
#3337 = EDGE_CURVE('',#3330,#3290,#3338,.T.);
#3338 = LINE('',#3339,#3340);
#3339 = CARTESIAN_POINT('',(35.99,21.8,12.5));
#3340 = VECTOR('',#3341,1.);
#3341 = DIRECTION('',(0.,1.,0.));
#3342 = ORIENTED_EDGE('',*,*,#3297,.T.);
#3343 = ORIENTED_EDGE('',*,*,#190,.T.);
#3344 = PLANE('',#3345);
#3345 = AXIS2_PLACEMENT_3D('',#3346,#3347,#3348);
#3346 = CARTESIAN_POINT('',(35.9275,22.3625,12.5));
#3347 = DIRECTION('',(0.,0.,1.));
#3348 = DIRECTION('',(1.,0.,0.));
#3349 = ADVANCED_FACE('',(#3350),#3361,.F.);
#3350 = FACE_BOUND('',#3351,.F.);
#3351 = EDGE_LOOP('',(#3352,#3353,#3354,#3360));
#3352 = ORIENTED_EDGE('',*,*,#182,.T.);
#3353 = ORIENTED_EDGE('',*,*,#3313,.T.);
#3354 = ORIENTED_EDGE('',*,*,#3355,.F.);
#3355 = EDGE_CURVE('',#2897,#3314,#3356,.T.);
#3356 = LINE('',#3357,#3358);
#3357 = CARTESIAN_POINT('',(35.49,22.8,2.5));
#3358 = VECTOR('',#3359,1.);
#3359 = DIRECTION('',(0.,0.,1.));
#3360 = ORIENTED_EDGE('',*,*,#2896,.F.);
#3361 = PLANE('',#3362);
#3362 = AXIS2_PLACEMENT_3D('',#3363,#3364,#3365);
#3363 = CARTESIAN_POINT('',(36.49,22.8,2.5));
#3364 = DIRECTION('',(0.,-1.,0.));
#3365 = DIRECTION('',(-1.,0.,0.));
#3366 = ADVANCED_FACE('',(#3367),#3506,.T.);
#3367 = FACE_BOUND('',#3368,.T.);
#3368 = EDGE_LOOP('',(#3369,#3377,#3378,#3379,#3387,#3395,#3401,#3402,
    #3410,#3418,#3424,#3425,#3426,#3434,#3442,#3450,#3459,#3467,#3475,
    #3483,#3492,#3500));
#3369 = ORIENTED_EDGE('',*,*,#3370,.F.);
#3370 = EDGE_CURVE('',#1064,#3371,#3373,.T.);
#3371 = VERTEX_POINT('',#3372);
#3372 = CARTESIAN_POINT('',(-26.49,27.815,15.54));
#3373 = LINE('',#3374,#3375);
#3374 = CARTESIAN_POINT('',(-36.49,27.815,15.54));
#3375 = VECTOR('',#3376,1.);
#3376 = DIRECTION('',(1.,0.,0.));
#3377 = ORIENTED_EDGE('',*,*,#1063,.T.);
#3378 = ORIENTED_EDGE('',*,*,#2825,.T.);
#3379 = ORIENTED_EDGE('',*,*,#3380,.F.);
#3380 = EDGE_CURVE('',#3381,#2826,#3383,.T.);
#3381 = VERTEX_POINT('',#3382);
#3382 = CARTESIAN_POINT('',(-7.5,27.815,3.));
#3383 = LINE('',#3384,#3385);
#3384 = CARTESIAN_POINT('',(-7.5,27.815,10.77));
#3385 = VECTOR('',#3386,1.);
#3386 = DIRECTION('',(-0.,-0.,-1.));
#3387 = ORIENTED_EDGE('',*,*,#3388,.F.);
#3388 = EDGE_CURVE('',#3389,#3381,#3391,.T.);
#3389 = VERTEX_POINT('',#3390);
#3390 = CARTESIAN_POINT('',(-2.5,27.815,3.));
#3391 = LINE('',#3392,#3393);
#3392 = CARTESIAN_POINT('',(-21.995,27.815,3.));
#3393 = VECTOR('',#3394,1.);
#3394 = DIRECTION('',(-1.,0.,0.));
#3395 = ORIENTED_EDGE('',*,*,#3396,.F.);
#3396 = EDGE_CURVE('',#2850,#3389,#3397,.T.);
#3397 = LINE('',#3398,#3399);
#3398 = CARTESIAN_POINT('',(-2.5,27.815,12.27));
#3399 = VECTOR('',#3400,1.);
#3400 = DIRECTION('',(0.,0.,1.));
#3401 = ORIENTED_EDGE('',*,*,#2857,.T.);
#3402 = ORIENTED_EDGE('',*,*,#3403,.F.);
#3403 = EDGE_CURVE('',#3404,#2858,#3406,.T.);
#3404 = VERTEX_POINT('',#3405);
#3405 = CARTESIAN_POINT('',(2.5,27.815,3.));
#3406 = LINE('',#3407,#3408);
#3407 = CARTESIAN_POINT('',(2.5,27.815,10.77));
#3408 = VECTOR('',#3409,1.);
#3409 = DIRECTION('',(-0.,-0.,-1.));
#3410 = ORIENTED_EDGE('',*,*,#3411,.F.);
#3411 = EDGE_CURVE('',#3412,#3404,#3414,.T.);
#3412 = VERTEX_POINT('',#3413);
#3413 = CARTESIAN_POINT('',(7.5,27.815,3.));
#3414 = LINE('',#3415,#3416);
#3415 = CARTESIAN_POINT('',(-16.995,27.815,3.));
#3416 = VECTOR('',#3417,1.);
#3417 = DIRECTION('',(-1.,0.,0.));
#3418 = ORIENTED_EDGE('',*,*,#3419,.F.);
#3419 = EDGE_CURVE('',#2882,#3412,#3420,.T.);
#3420 = LINE('',#3421,#3422);
#3421 = CARTESIAN_POINT('',(7.5,27.815,12.27));
#3422 = VECTOR('',#3423,1.);
#3423 = DIRECTION('',(0.,0.,1.));
#3424 = ORIENTED_EDGE('',*,*,#2889,.T.);
#3425 = ORIENTED_EDGE('',*,*,#166,.F.);
#3426 = ORIENTED_EDGE('',*,*,#3427,.F.);
#3427 = EDGE_CURVE('',#3428,#159,#3430,.T.);
#3428 = VERTEX_POINT('',#3429);
#3429 = CARTESIAN_POINT('',(26.49,27.815,15.54));
#3430 = LINE('',#3431,#3432);
#3431 = CARTESIAN_POINT('',(-5.,27.815,15.54));
#3432 = VECTOR('',#3433,1.);
#3433 = DIRECTION('',(1.,0.,0.));
#3434 = ORIENTED_EDGE('',*,*,#3435,.F.);
#3435 = EDGE_CURVE('',#3436,#3428,#3438,.T.);
#3436 = VERTEX_POINT('',#3437);
#3437 = CARTESIAN_POINT('',(22.49,27.815,11.54));
#3438 = LINE('',#3439,#3440);
#3439 = CARTESIAN_POINT('',(10.245,27.815,-0.705));
#3440 = VECTOR('',#3441,1.);
#3441 = DIRECTION('',(0.707106781187,0.,0.707106781187));
#3442 = ORIENTED_EDGE('',*,*,#3443,.F.);
#3443 = EDGE_CURVE('',#3444,#3436,#3446,.T.);
#3444 = VERTEX_POINT('',#3445);
#3445 = CARTESIAN_POINT('',(14.,27.815,11.54));
#3446 = LINE('',#3447,#3448);
#3447 = CARTESIAN_POINT('',(-11.245,27.815,11.54));
#3448 = VECTOR('',#3449,1.);
#3449 = DIRECTION('',(1.,0.,0.));
#3450 = ORIENTED_EDGE('',*,*,#3451,.T.);
#3451 = EDGE_CURVE('',#3444,#3452,#3454,.T.);
#3452 = VERTEX_POINT('',#3453);
#3453 = CARTESIAN_POINT('',(11.,27.815,8.54));
#3454 = CIRCLE('',#3455,3.);
#3455 = AXIS2_PLACEMENT_3D('',#3456,#3457,#3458);
#3456 = CARTESIAN_POINT('',(14.,27.815,8.54));
#3457 = DIRECTION('',(0.,-1.,2.2E-16));
#3458 = DIRECTION('',(1.,0.,0.));
#3459 = ORIENTED_EDGE('',*,*,#3460,.F.);
#3460 = EDGE_CURVE('',#3461,#3452,#3463,.T.);
#3461 = VERTEX_POINT('',#3462);
#3462 = CARTESIAN_POINT('',(11.,27.815,6.));
#3463 = LINE('',#3464,#3465);
#3464 = CARTESIAN_POINT('',(11.,27.815,13.77));
#3465 = VECTOR('',#3466,1.);
#3466 = DIRECTION('',(0.,0.,1.));
#3467 = ORIENTED_EDGE('',*,*,#3468,.F.);
#3468 = EDGE_CURVE('',#3469,#3461,#3471,.T.);
#3469 = VERTEX_POINT('',#3470);
#3470 = CARTESIAN_POINT('',(-11.,27.815,6.));
#3471 = LINE('',#3472,#3473);
#3472 = CARTESIAN_POINT('',(-23.745,27.815,6.));
#3473 = VECTOR('',#3474,1.);
#3474 = DIRECTION('',(1.,0.,0.));
#3475 = ORIENTED_EDGE('',*,*,#3476,.F.);
#3476 = EDGE_CURVE('',#3477,#3469,#3479,.T.);
#3477 = VERTEX_POINT('',#3478);
#3478 = CARTESIAN_POINT('',(-11.,27.815,8.54));
#3479 = LINE('',#3480,#3481);
#3480 = CARTESIAN_POINT('',(-11.,27.815,15.04));
#3481 = VECTOR('',#3482,1.);
#3482 = DIRECTION('',(0.,0.,-1.));
#3483 = ORIENTED_EDGE('',*,*,#3484,.T.);
#3484 = EDGE_CURVE('',#3477,#3485,#3487,.T.);
#3485 = VERTEX_POINT('',#3486);
#3486 = CARTESIAN_POINT('',(-14.,27.815,11.54));
#3487 = CIRCLE('',#3488,3.);
#3488 = AXIS2_PLACEMENT_3D('',#3489,#3490,#3491);
#3489 = CARTESIAN_POINT('',(-14.,27.815,8.54));
#3490 = DIRECTION('',(0.,-1.,2.2E-16));
#3491 = DIRECTION('',(1.,0.,0.));
#3492 = ORIENTED_EDGE('',*,*,#3493,.F.);
#3493 = EDGE_CURVE('',#3494,#3485,#3496,.T.);
#3494 = VERTEX_POINT('',#3495);
#3495 = CARTESIAN_POINT('',(-22.49,27.815,11.54));
#3496 = LINE('',#3497,#3498);
#3497 = CARTESIAN_POINT('',(-29.49,27.815,11.54));
#3498 = VECTOR('',#3499,1.);
#3499 = DIRECTION('',(1.,0.,0.));
#3500 = ORIENTED_EDGE('',*,*,#3501,.F.);
#3501 = EDGE_CURVE('',#3371,#3494,#3502,.T.);
#3502 = LINE('',#3503,#3504);
#3503 = CARTESIAN_POINT('',(-30.49,27.815,19.54));
#3504 = VECTOR('',#3505,1.);
#3505 = DIRECTION('',(0.707106781187,0.,-0.707106781187));
#3506 = PLANE('',#3507);
#3507 = AXIS2_PLACEMENT_3D('',#3508,#3509,#3510);
#3508 = CARTESIAN_POINT('',(-36.49,27.815,21.54));
#3509 = DIRECTION('',(0.,-1.,0.));
#3510 = DIRECTION('',(1.,0.,0.));
#3511 = ADVANCED_FACE('',(#3512),#3530,.F.);
#3512 = FACE_BOUND('',#3513,.F.);
#3513 = EDGE_LOOP('',(#3514,#3515,#3523,#3529));
#3514 = ORIENTED_EDGE('',*,*,#3427,.F.);
#3515 = ORIENTED_EDGE('',*,*,#3516,.T.);
#3516 = EDGE_CURVE('',#3428,#3517,#3519,.T.);
#3517 = VERTEX_POINT('',#3518);
#3518 = CARTESIAN_POINT('',(26.49,29.815,15.54));
#3519 = LINE('',#3520,#3521);
#3520 = CARTESIAN_POINT('',(26.49,-29.815,15.54));
#3521 = VECTOR('',#3522,1.);
#3522 = DIRECTION('',(0.,1.,-2.2E-16));
#3523 = ORIENTED_EDGE('',*,*,#3524,.F.);
#3524 = EDGE_CURVE('',#151,#3517,#3525,.T.);
#3525 = LINE('',#3526,#3527);
#3526 = CARTESIAN_POINT('',(-6.25,29.815,15.54));
#3527 = VECTOR('',#3528,1.);
#3528 = DIRECTION('',(-1.,0.,0.));
#3529 = ORIENTED_EDGE('',*,*,#158,.F.);
#3530 = PLANE('',#3531);
#3531 = AXIS2_PLACEMENT_3D('',#3532,#3533,#3534);
#3532 = CARTESIAN_POINT('',(26.49,-29.815,15.54));
#3533 = DIRECTION('',(0.,-2.2E-16,-1.));
#3534 = DIRECTION('',(1.,0.,0.));
#3535 = ADVANCED_FACE('',(#3536),#3723,.T.);
#3536 = FACE_BOUND('',#3537,.T.);
#3537 = EDGE_LOOP('',(#3538,#3548,#3556,#3562,#3563,#3571,#3579,#3587,
    #3596,#3604,#3612,#3620,#3629,#3637,#3643,#3644,#3645,#3653,#3661,
    #3669,#3677,#3685,#3693,#3701,#3709,#3717));
#3538 = ORIENTED_EDGE('',*,*,#3539,.F.);
#3539 = EDGE_CURVE('',#3540,#3542,#3544,.T.);
#3540 = VERTEX_POINT('',#3541);
#3541 = CARTESIAN_POINT('',(-38.99,29.815,0.));
#3542 = VERTEX_POINT('',#3543);
#3543 = CARTESIAN_POINT('',(-7.5,29.815,0.));
#3544 = LINE('',#3545,#3546);
#3545 = CARTESIAN_POINT('',(-38.99,29.815,0.));
#3546 = VECTOR('',#3547,1.);
#3547 = DIRECTION('',(1.,0.,0.));
#3548 = ORIENTED_EDGE('',*,*,#3549,.T.);
#3549 = EDGE_CURVE('',#3540,#3550,#3552,.T.);
#3550 = VERTEX_POINT('',#3551);
#3551 = CARTESIAN_POINT('',(-38.99,29.815,21.54));
#3552 = LINE('',#3553,#3554);
#3553 = CARTESIAN_POINT('',(-38.99,29.815,0.));
#3554 = VECTOR('',#3555,1.);
#3555 = DIRECTION('',(0.,0.,1.));
#3556 = ORIENTED_EDGE('',*,*,#3557,.T.);
#3557 = EDGE_CURVE('',#3550,#1082,#3558,.T.);
#3558 = LINE('',#3559,#3560);
#3559 = CARTESIAN_POINT('',(-38.99,29.815,21.54));
#3560 = VECTOR('',#3561,1.);
#3561 = DIRECTION('',(1.,0.,0.));
#3562 = ORIENTED_EDGE('',*,*,#1081,.F.);
#3563 = ORIENTED_EDGE('',*,*,#3564,.F.);
#3564 = EDGE_CURVE('',#3565,#1074,#3567,.T.);
#3565 = VERTEX_POINT('',#3566);
#3566 = CARTESIAN_POINT('',(-26.49,29.815,15.54));
#3567 = LINE('',#3568,#3569);
#3568 = CARTESIAN_POINT('',(-37.74,29.815,15.54));
#3569 = VECTOR('',#3570,1.);
#3570 = DIRECTION('',(-1.,0.,0.));
#3571 = ORIENTED_EDGE('',*,*,#3572,.F.);
#3572 = EDGE_CURVE('',#3573,#3565,#3575,.T.);
#3573 = VERTEX_POINT('',#3574);
#3574 = CARTESIAN_POINT('',(-22.49,29.815,11.54));
#3575 = LINE('',#3576,#3577);
#3576 = CARTESIAN_POINT('',(-25.73,29.815,14.78));
#3577 = VECTOR('',#3578,1.);
#3578 = DIRECTION('',(-0.707106781187,0.,0.707106781187));
#3579 = ORIENTED_EDGE('',*,*,#3580,.F.);
#3580 = EDGE_CURVE('',#3581,#3573,#3583,.T.);
#3581 = VERTEX_POINT('',#3582);
#3582 = CARTESIAN_POINT('',(-14.,29.815,11.54));
#3583 = LINE('',#3584,#3585);
#3584 = CARTESIAN_POINT('',(-30.74,29.815,11.54));
#3585 = VECTOR('',#3586,1.);
#3586 = DIRECTION('',(-1.,0.,0.));
#3587 = ORIENTED_EDGE('',*,*,#3588,.F.);
#3588 = EDGE_CURVE('',#3589,#3581,#3591,.T.);
#3589 = VERTEX_POINT('',#3590);
#3590 = CARTESIAN_POINT('',(-11.,29.815,8.54));
#3591 = CIRCLE('',#3592,3.);
#3592 = AXIS2_PLACEMENT_3D('',#3593,#3594,#3595);
#3593 = CARTESIAN_POINT('',(-14.,29.815,8.54));
#3594 = DIRECTION('',(0.,-1.,2.2E-16));
#3595 = DIRECTION('',(1.,0.,0.));
#3596 = ORIENTED_EDGE('',*,*,#3597,.F.);
#3597 = EDGE_CURVE('',#3598,#3589,#3600,.T.);
#3598 = VERTEX_POINT('',#3599);
#3599 = CARTESIAN_POINT('',(-11.,29.815,6.));
#3600 = LINE('',#3601,#3602);
#3601 = CARTESIAN_POINT('',(-11.,29.815,4.27));
#3602 = VECTOR('',#3603,1.);
#3603 = DIRECTION('',(0.,0.,1.));
#3604 = ORIENTED_EDGE('',*,*,#3605,.F.);
#3605 = EDGE_CURVE('',#3606,#3598,#3608,.T.);
#3606 = VERTEX_POINT('',#3607);
#3607 = CARTESIAN_POINT('',(11.,29.815,6.));
#3608 = LINE('',#3609,#3610);
#3609 = CARTESIAN_POINT('',(-24.995,29.815,6.));
#3610 = VECTOR('',#3611,1.);
#3611 = DIRECTION('',(-1.,0.,0.));
#3612 = ORIENTED_EDGE('',*,*,#3613,.F.);
#3613 = EDGE_CURVE('',#3614,#3606,#3616,.T.);
#3614 = VERTEX_POINT('',#3615);
#3615 = CARTESIAN_POINT('',(11.,29.815,8.54));
#3616 = LINE('',#3617,#3618);
#3617 = CARTESIAN_POINT('',(11.,29.815,3.));
#3618 = VECTOR('',#3619,1.);
#3619 = DIRECTION('',(0.,0.,-1.));
#3620 = ORIENTED_EDGE('',*,*,#3621,.F.);
#3621 = EDGE_CURVE('',#3622,#3614,#3624,.T.);
#3622 = VERTEX_POINT('',#3623);
#3623 = CARTESIAN_POINT('',(14.,29.815,11.54));
#3624 = CIRCLE('',#3625,3.);
#3625 = AXIS2_PLACEMENT_3D('',#3626,#3627,#3628);
#3626 = CARTESIAN_POINT('',(14.,29.815,8.54));
#3627 = DIRECTION('',(0.,-1.,2.2E-16));
#3628 = DIRECTION('',(1.,0.,0.));
#3629 = ORIENTED_EDGE('',*,*,#3630,.F.);
#3630 = EDGE_CURVE('',#3631,#3622,#3633,.T.);
#3631 = VERTEX_POINT('',#3632);
#3632 = CARTESIAN_POINT('',(22.49,29.815,11.54));
#3633 = LINE('',#3634,#3635);
#3634 = CARTESIAN_POINT('',(-12.495,29.815,11.54));
#3635 = VECTOR('',#3636,1.);
#3636 = DIRECTION('',(-1.,0.,0.));
#3637 = ORIENTED_EDGE('',*,*,#3638,.F.);
#3638 = EDGE_CURVE('',#3517,#3631,#3639,.T.);
#3639 = LINE('',#3640,#3641);
#3640 = CARTESIAN_POINT('',(4.235,29.815,-6.715));
#3641 = VECTOR('',#3642,1.);
#3642 = DIRECTION('',(-0.707106781187,0.,-0.707106781187));
#3643 = ORIENTED_EDGE('',*,*,#3524,.F.);
#3644 = ORIENTED_EDGE('',*,*,#150,.F.);
#3645 = ORIENTED_EDGE('',*,*,#3646,.T.);
#3646 = EDGE_CURVE('',#143,#3647,#3649,.T.);
#3647 = VERTEX_POINT('',#3648);
#3648 = CARTESIAN_POINT('',(38.99,29.815,21.54));
#3649 = LINE('',#3650,#3651);
#3650 = CARTESIAN_POINT('',(-38.99,29.815,21.54));
#3651 = VECTOR('',#3652,1.);
#3652 = DIRECTION('',(1.,0.,0.));
#3653 = ORIENTED_EDGE('',*,*,#3654,.F.);
#3654 = EDGE_CURVE('',#3655,#3647,#3657,.T.);
#3655 = VERTEX_POINT('',#3656);
#3656 = CARTESIAN_POINT('',(38.99,29.815,0.));
#3657 = LINE('',#3658,#3659);
#3658 = CARTESIAN_POINT('',(38.99,29.815,0.));
#3659 = VECTOR('',#3660,1.);
#3660 = DIRECTION('',(0.,0.,1.));
#3661 = ORIENTED_EDGE('',*,*,#3662,.F.);
#3662 = EDGE_CURVE('',#3663,#3655,#3665,.T.);
#3663 = VERTEX_POINT('',#3664);
#3664 = CARTESIAN_POINT('',(7.5,29.815,0.));
#3665 = LINE('',#3666,#3667);
#3666 = CARTESIAN_POINT('',(-38.99,29.815,0.));
#3667 = VECTOR('',#3668,1.);
#3668 = DIRECTION('',(1.,0.,0.));
#3669 = ORIENTED_EDGE('',*,*,#3670,.F.);
#3670 = EDGE_CURVE('',#3671,#3663,#3673,.T.);
#3671 = VERTEX_POINT('',#3672);
#3672 = CARTESIAN_POINT('',(7.5,29.815,3.));
#3673 = LINE('',#3674,#3675);
#3674 = CARTESIAN_POINT('',(7.5,29.815,3.));
#3675 = VECTOR('',#3676,1.);
#3676 = DIRECTION('',(0.,0.,-1.));
#3677 = ORIENTED_EDGE('',*,*,#3678,.F.);
#3678 = EDGE_CURVE('',#3679,#3671,#3681,.T.);
#3679 = VERTEX_POINT('',#3680);
#3680 = CARTESIAN_POINT('',(2.5,29.815,3.));
#3681 = LINE('',#3682,#3683);
#3682 = CARTESIAN_POINT('',(2.5,29.815,3.));
#3683 = VECTOR('',#3684,1.);
#3684 = DIRECTION('',(1.,0.,0.));
#3685 = ORIENTED_EDGE('',*,*,#3686,.F.);
#3686 = EDGE_CURVE('',#3687,#3679,#3689,.T.);
#3687 = VERTEX_POINT('',#3688);
#3688 = CARTESIAN_POINT('',(2.5,29.815,0.));
#3689 = LINE('',#3690,#3691);
#3690 = CARTESIAN_POINT('',(2.5,29.815,0.));
#3691 = VECTOR('',#3692,1.);
#3692 = DIRECTION('',(0.,0.,1.));
#3693 = ORIENTED_EDGE('',*,*,#3694,.F.);
#3694 = EDGE_CURVE('',#3695,#3687,#3697,.T.);
#3695 = VERTEX_POINT('',#3696);
#3696 = CARTESIAN_POINT('',(-2.5,29.815,0.));
#3697 = LINE('',#3698,#3699);
#3698 = CARTESIAN_POINT('',(-38.99,29.815,0.));
#3699 = VECTOR('',#3700,1.);
#3700 = DIRECTION('',(1.,0.,0.));
#3701 = ORIENTED_EDGE('',*,*,#3702,.F.);
#3702 = EDGE_CURVE('',#3703,#3695,#3705,.T.);
#3703 = VERTEX_POINT('',#3704);
#3704 = CARTESIAN_POINT('',(-2.5,29.815,3.));
#3705 = LINE('',#3706,#3707);
#3706 = CARTESIAN_POINT('',(-2.5,29.815,3.));
#3707 = VECTOR('',#3708,1.);
#3708 = DIRECTION('',(0.,0.,-1.));
#3709 = ORIENTED_EDGE('',*,*,#3710,.F.);
#3710 = EDGE_CURVE('',#3711,#3703,#3713,.T.);
#3711 = VERTEX_POINT('',#3712);
#3712 = CARTESIAN_POINT('',(-7.5,29.815,3.));
#3713 = LINE('',#3714,#3715);
#3714 = CARTESIAN_POINT('',(-7.5,29.815,3.));
#3715 = VECTOR('',#3716,1.);
#3716 = DIRECTION('',(1.,0.,0.));
#3717 = ORIENTED_EDGE('',*,*,#3718,.F.);
#3718 = EDGE_CURVE('',#3542,#3711,#3719,.T.);
#3719 = LINE('',#3720,#3721);
#3720 = CARTESIAN_POINT('',(-7.5,29.815,0.));
#3721 = VECTOR('',#3722,1.);
#3722 = DIRECTION('',(0.,0.,1.));
#3723 = PLANE('',#3724);
#3724 = AXIS2_PLACEMENT_3D('',#3725,#3726,#3727);
#3725 = CARTESIAN_POINT('',(-38.99,29.815,0.));
#3726 = DIRECTION('',(0.,1.,0.));
#3727 = DIRECTION('',(1.,0.,0.));
#3728 = ADVANCED_FACE('',(#3729),#3747,.F.);
#3729 = FACE_BOUND('',#3730,.F.);
#3730 = EDGE_LOOP('',(#3731,#3732,#3733,#3741));
#3731 = ORIENTED_EDGE('',*,*,#142,.T.);
#3732 = ORIENTED_EDGE('',*,*,#3646,.T.);
#3733 = ORIENTED_EDGE('',*,*,#3734,.T.);
#3734 = EDGE_CURVE('',#3647,#3735,#3737,.T.);
#3735 = VERTEX_POINT('',#3736);
#3736 = CARTESIAN_POINT('',(38.99,-29.815,21.54));
#3737 = LINE('',#3738,#3739);
#3738 = CARTESIAN_POINT('',(38.99,29.815,21.54));
#3739 = VECTOR('',#3740,1.);
#3740 = DIRECTION('',(0.,-1.,0.));
#3741 = ORIENTED_EDGE('',*,*,#3742,.T.);
#3742 = EDGE_CURVE('',#3735,#135,#3743,.T.);
#3743 = LINE('',#3744,#3745);
#3744 = CARTESIAN_POINT('',(38.99,-29.815,21.54));
#3745 = VECTOR('',#3746,1.);
#3746 = DIRECTION('',(-1.,0.,0.));
#3747 = PLANE('',#3748);
#3748 = AXIS2_PLACEMENT_3D('',#3749,#3750,#3751);
#3749 = CARTESIAN_POINT('',(-1.65E-15,0.,21.54));
#3750 = DIRECTION('',(-0.,-0.,-1.));
#3751 = DIRECTION('',(-1.,0.,0.));
#3752 = ADVANCED_FACE('',(#3753),#3933,.T.);
#3753 = FACE_BOUND('',#3754,.T.);
#3754 = EDGE_LOOP('',(#3755,#3765,#3771,#3772,#3773,#3774,#3782,#3790,
    #3799,#3807,#3815,#3823,#3832,#3840,#3848,#3854,#3855,#3863,#3871,
    #3879,#3887,#3895,#3903,#3911,#3919,#3927));
#3755 = ORIENTED_EDGE('',*,*,#3756,.F.);
#3756 = EDGE_CURVE('',#3757,#3759,#3761,.T.);
#3757 = VERTEX_POINT('',#3758);
#3758 = CARTESIAN_POINT('',(38.99,-29.815,0.));
#3759 = VERTEX_POINT('',#3760);
#3760 = CARTESIAN_POINT('',(7.5,-29.815,0.));
#3761 = LINE('',#3762,#3763);
#3762 = CARTESIAN_POINT('',(38.99,-29.815,0.));
#3763 = VECTOR('',#3764,1.);
#3764 = DIRECTION('',(-1.,0.,0.));
#3765 = ORIENTED_EDGE('',*,*,#3766,.T.);
#3766 = EDGE_CURVE('',#3757,#3735,#3767,.T.);
#3767 = LINE('',#3768,#3769);
#3768 = CARTESIAN_POINT('',(38.99,-29.815,0.));
#3769 = VECTOR('',#3770,1.);
#3770 = DIRECTION('',(0.,0.,1.));
#3771 = ORIENTED_EDGE('',*,*,#3742,.T.);
#3772 = ORIENTED_EDGE('',*,*,#134,.F.);
#3773 = ORIENTED_EDGE('',*,*,#1430,.F.);
#3774 = ORIENTED_EDGE('',*,*,#3775,.F.);
#3775 = EDGE_CURVE('',#3776,#1431,#3778,.T.);
#3776 = VERTEX_POINT('',#3777);
#3777 = CARTESIAN_POINT('',(22.49,-29.815,11.54));
#3778 = LINE('',#3779,#3780);
#3779 = CARTESIAN_POINT('',(22.49,-29.815,11.54));
#3780 = VECTOR('',#3781,1.);
#3781 = DIRECTION('',(0.707106781187,0.,0.707106781187));
#3782 = ORIENTED_EDGE('',*,*,#3783,.F.);
#3783 = EDGE_CURVE('',#3784,#3776,#3786,.T.);
#3784 = VERTEX_POINT('',#3785);
#3785 = CARTESIAN_POINT('',(14.,-29.815,11.54));
#3786 = LINE('',#3787,#3788);
#3787 = CARTESIAN_POINT('',(14.,-29.815,11.54));
#3788 = VECTOR('',#3789,1.);
#3789 = DIRECTION('',(1.,0.,0.));
#3790 = ORIENTED_EDGE('',*,*,#3791,.T.);
#3791 = EDGE_CURVE('',#3784,#3792,#3794,.T.);
#3792 = VERTEX_POINT('',#3793);
#3793 = CARTESIAN_POINT('',(11.,-29.815,8.54));
#3794 = CIRCLE('',#3795,3.);
#3795 = AXIS2_PLACEMENT_3D('',#3796,#3797,#3798);
#3796 = CARTESIAN_POINT('',(14.,-29.815,8.54));
#3797 = DIRECTION('',(0.,-1.,0.));
#3798 = DIRECTION('',(1.,0.,0.));
#3799 = ORIENTED_EDGE('',*,*,#3800,.F.);
#3800 = EDGE_CURVE('',#3801,#3792,#3803,.T.);
#3801 = VERTEX_POINT('',#3802);
#3802 = CARTESIAN_POINT('',(11.,-29.815,6.));
#3803 = LINE('',#3804,#3805);
#3804 = CARTESIAN_POINT('',(11.,-29.815,6.));
#3805 = VECTOR('',#3806,1.);
#3806 = DIRECTION('',(0.,0.,1.));
#3807 = ORIENTED_EDGE('',*,*,#3808,.F.);
#3808 = EDGE_CURVE('',#3809,#3801,#3811,.T.);
#3809 = VERTEX_POINT('',#3810);
#3810 = CARTESIAN_POINT('',(-11.,-29.815,6.));
#3811 = LINE('',#3812,#3813);
#3812 = CARTESIAN_POINT('',(-11.,-29.815,6.));
#3813 = VECTOR('',#3814,1.);
#3814 = DIRECTION('',(1.,0.,0.));
#3815 = ORIENTED_EDGE('',*,*,#3816,.F.);
#3816 = EDGE_CURVE('',#3817,#3809,#3819,.T.);
#3817 = VERTEX_POINT('',#3818);
#3818 = CARTESIAN_POINT('',(-11.,-29.815,8.54));
#3819 = LINE('',#3820,#3821);
#3820 = CARTESIAN_POINT('',(-11.,-29.815,8.54));
#3821 = VECTOR('',#3822,1.);
#3822 = DIRECTION('',(0.,0.,-1.));
#3823 = ORIENTED_EDGE('',*,*,#3824,.T.);
#3824 = EDGE_CURVE('',#3817,#3825,#3827,.T.);
#3825 = VERTEX_POINT('',#3826);
#3826 = CARTESIAN_POINT('',(-14.,-29.815,11.54));
#3827 = CIRCLE('',#3828,3.);
#3828 = AXIS2_PLACEMENT_3D('',#3829,#3830,#3831);
#3829 = CARTESIAN_POINT('',(-14.,-29.815,8.54));
#3830 = DIRECTION('',(0.,-1.,0.));
#3831 = DIRECTION('',(1.,0.,0.));
#3832 = ORIENTED_EDGE('',*,*,#3833,.F.);
#3833 = EDGE_CURVE('',#3834,#3825,#3836,.T.);
#3834 = VERTEX_POINT('',#3835);
#3835 = CARTESIAN_POINT('',(-22.49,-29.815,11.54));
#3836 = LINE('',#3837,#3838);
#3837 = CARTESIAN_POINT('',(-22.49,-29.815,11.54));
#3838 = VECTOR('',#3839,1.);
#3839 = DIRECTION('',(1.,0.,0.));
#3840 = ORIENTED_EDGE('',*,*,#3841,.F.);
#3841 = EDGE_CURVE('',#3842,#3834,#3844,.T.);
#3842 = VERTEX_POINT('',#3843);
#3843 = CARTESIAN_POINT('',(-26.49,-29.815,15.54));
#3844 = LINE('',#3845,#3846);
#3845 = CARTESIAN_POINT('',(-26.49,-29.815,15.54));
#3846 = VECTOR('',#3847,1.);
#3847 = DIRECTION('',(0.707106781187,0.,-0.707106781187));
#3848 = ORIENTED_EDGE('',*,*,#3849,.F.);
#3849 = EDGE_CURVE('',#1098,#3842,#3850,.T.);
#3850 = LINE('',#3851,#3852);
#3851 = CARTESIAN_POINT('',(-36.49,-29.815,15.54));
#3852 = VECTOR('',#3853,1.);
#3853 = DIRECTION('',(1.,0.,0.));
#3854 = ORIENTED_EDGE('',*,*,#1097,.F.);
#3855 = ORIENTED_EDGE('',*,*,#3856,.T.);
#3856 = EDGE_CURVE('',#1090,#3857,#3859,.T.);
#3857 = VERTEX_POINT('',#3858);
#3858 = CARTESIAN_POINT('',(-38.99,-29.815,21.54));
#3859 = LINE('',#3860,#3861);
#3860 = CARTESIAN_POINT('',(38.99,-29.815,21.54));
#3861 = VECTOR('',#3862,1.);
#3862 = DIRECTION('',(-1.,0.,0.));
#3863 = ORIENTED_EDGE('',*,*,#3864,.F.);
#3864 = EDGE_CURVE('',#3865,#3857,#3867,.T.);
#3865 = VERTEX_POINT('',#3866);
#3866 = CARTESIAN_POINT('',(-38.99,-29.815,0.));
#3867 = LINE('',#3868,#3869);
#3868 = CARTESIAN_POINT('',(-38.99,-29.815,0.));
#3869 = VECTOR('',#3870,1.);
#3870 = DIRECTION('',(0.,0.,1.));
#3871 = ORIENTED_EDGE('',*,*,#3872,.F.);
#3872 = EDGE_CURVE('',#3873,#3865,#3875,.T.);
#3873 = VERTEX_POINT('',#3874);
#3874 = CARTESIAN_POINT('',(-7.5,-29.815,0.));
#3875 = LINE('',#3876,#3877);
#3876 = CARTESIAN_POINT('',(38.99,-29.815,0.));
#3877 = VECTOR('',#3878,1.);
#3878 = DIRECTION('',(-1.,0.,0.));
#3879 = ORIENTED_EDGE('',*,*,#3880,.F.);
#3880 = EDGE_CURVE('',#3881,#3873,#3883,.T.);
#3881 = VERTEX_POINT('',#3882);
#3882 = CARTESIAN_POINT('',(-7.5,-29.815,3.));
#3883 = LINE('',#3884,#3885);
#3884 = CARTESIAN_POINT('',(-7.5,-29.815,3.));
#3885 = VECTOR('',#3886,1.);
#3886 = DIRECTION('',(0.,0.,-1.));
#3887 = ORIENTED_EDGE('',*,*,#3888,.F.);
#3888 = EDGE_CURVE('',#3889,#3881,#3891,.T.);
#3889 = VERTEX_POINT('',#3890);
#3890 = CARTESIAN_POINT('',(-2.5,-29.815,3.));
#3891 = LINE('',#3892,#3893);
#3892 = CARTESIAN_POINT('',(-2.5,-29.815,3.));
#3893 = VECTOR('',#3894,1.);
#3894 = DIRECTION('',(-1.,0.,0.));
#3895 = ORIENTED_EDGE('',*,*,#3896,.F.);
#3896 = EDGE_CURVE('',#3897,#3889,#3899,.T.);
#3897 = VERTEX_POINT('',#3898);
#3898 = CARTESIAN_POINT('',(-2.5,-29.815,0.));
#3899 = LINE('',#3900,#3901);
#3900 = CARTESIAN_POINT('',(-2.5,-29.815,0.));
#3901 = VECTOR('',#3902,1.);
#3902 = DIRECTION('',(0.,0.,1.));
#3903 = ORIENTED_EDGE('',*,*,#3904,.F.);
#3904 = EDGE_CURVE('',#3905,#3897,#3907,.T.);
#3905 = VERTEX_POINT('',#3906);
#3906 = CARTESIAN_POINT('',(2.5,-29.815,0.));
#3907 = LINE('',#3908,#3909);
#3908 = CARTESIAN_POINT('',(38.99,-29.815,0.));
#3909 = VECTOR('',#3910,1.);
#3910 = DIRECTION('',(-1.,0.,0.));
#3911 = ORIENTED_EDGE('',*,*,#3912,.F.);
#3912 = EDGE_CURVE('',#3913,#3905,#3915,.T.);
#3913 = VERTEX_POINT('',#3914);
#3914 = CARTESIAN_POINT('',(2.5,-29.815,3.));
#3915 = LINE('',#3916,#3917);
#3916 = CARTESIAN_POINT('',(2.5,-29.815,3.));
#3917 = VECTOR('',#3918,1.);
#3918 = DIRECTION('',(0.,0.,-1.));
#3919 = ORIENTED_EDGE('',*,*,#3920,.F.);
#3920 = EDGE_CURVE('',#3921,#3913,#3923,.T.);
#3921 = VERTEX_POINT('',#3922);
#3922 = CARTESIAN_POINT('',(7.5,-29.815,3.));
#3923 = LINE('',#3924,#3925);
#3924 = CARTESIAN_POINT('',(7.5,-29.815,3.));
#3925 = VECTOR('',#3926,1.);
#3926 = DIRECTION('',(-1.,0.,0.));
#3927 = ORIENTED_EDGE('',*,*,#3928,.F.);
#3928 = EDGE_CURVE('',#3759,#3921,#3929,.T.);
#3929 = LINE('',#3930,#3931);
#3930 = CARTESIAN_POINT('',(7.5,-29.815,0.));
#3931 = VECTOR('',#3932,1.);
#3932 = DIRECTION('',(0.,0.,1.));
#3933 = PLANE('',#3934);
#3934 = AXIS2_PLACEMENT_3D('',#3935,#3936,#3937);
#3935 = CARTESIAN_POINT('',(38.99,-29.815,0.));
#3936 = DIRECTION('',(0.,-1.,0.));
#3937 = DIRECTION('',(-1.,0.,0.));
#3938 = ADVANCED_FACE('',(#3939),#3957,.T.);
#3939 = FACE_BOUND('',#3940,.T.);
#3940 = EDGE_LOOP('',(#3941,#3949,#3955,#3956));
#3941 = ORIENTED_EDGE('',*,*,#3942,.T.);
#3942 = EDGE_CURVE('',#673,#3943,#3945,.T.);
#3943 = VERTEX_POINT('',#3944);
#3944 = CARTESIAN_POINT('',(-35.49,-3.5,12.5));
#3945 = LINE('',#3946,#3947);
#3946 = CARTESIAN_POINT('',(-35.49,-3.5,2.5));
#3947 = VECTOR('',#3948,1.);
#3948 = DIRECTION('',(0.,0.,1.));
#3949 = ORIENTED_EDGE('',*,*,#3950,.T.);
#3950 = EDGE_CURVE('',#3943,#1249,#3951,.T.);
#3951 = LINE('',#3952,#3953);
#3952 = CARTESIAN_POINT('',(-35.49,-3.5,12.5));
#3953 = VECTOR('',#3954,1.);
#3954 = DIRECTION('',(-1.,0.,0.));
#3955 = ORIENTED_EDGE('',*,*,#1248,.F.);
#3956 = ORIENTED_EDGE('',*,*,#672,.F.);
#3957 = PLANE('',#3958);
#3958 = AXIS2_PLACEMENT_3D('',#3959,#3960,#3961);
#3959 = CARTESIAN_POINT('',(-35.49,-3.5,2.5));
#3960 = DIRECTION('',(0.,-1.,0.));
#3961 = DIRECTION('',(-1.,0.,0.));
#3962 = ADVANCED_FACE('',(#3963),#3981,.T.);
#3963 = FACE_BOUND('',#3964,.T.);
#3964 = EDGE_LOOP('',(#3965,#3973,#3979,#3980));
#3965 = ORIENTED_EDGE('',*,*,#3966,.T.);
#3966 = EDGE_CURVE('',#681,#3967,#3969,.T.);
#3967 = VERTEX_POINT('',#3968);
#3968 = CARTESIAN_POINT('',(-35.49,-2.5,12.5));
#3969 = LINE('',#3970,#3971);
#3970 = CARTESIAN_POINT('',(-35.49,-2.5,2.5));
#3971 = VECTOR('',#3972,1.);
#3972 = DIRECTION('',(0.,0.,1.));
#3973 = ORIENTED_EDGE('',*,*,#3974,.T.);
#3974 = EDGE_CURVE('',#3967,#3943,#3975,.T.);
#3975 = LINE('',#3976,#3977);
#3976 = CARTESIAN_POINT('',(-35.49,-2.5,12.5));
#3977 = VECTOR('',#3978,1.);
#3978 = DIRECTION('',(0.,-1.,0.));
#3979 = ORIENTED_EDGE('',*,*,#3942,.F.);
#3980 = ORIENTED_EDGE('',*,*,#680,.F.);
#3981 = PLANE('',#3982);
#3982 = AXIS2_PLACEMENT_3D('',#3983,#3984,#3985);
#3983 = CARTESIAN_POINT('',(-35.49,-2.5,2.5));
#3984 = DIRECTION('',(1.,0.,0.));
#3985 = DIRECTION('',(0.,-1.,0.));
#3986 = ADVANCED_FACE('',(#3987),#3998,.F.);
#3987 = FACE_BOUND('',#3988,.F.);
#3988 = EDGE_LOOP('',(#3989,#3995,#3996,#3997));
#3989 = ORIENTED_EDGE('',*,*,#3990,.T.);
#3990 = EDGE_CURVE('',#879,#2456,#3991,.T.);
#3991 = LINE('',#3992,#3993);
#3992 = CARTESIAN_POINT('',(35.49,-2.5,2.5));
#3993 = VECTOR('',#3994,1.);
#3994 = DIRECTION('',(0.,0.,1.));
#3995 = ORIENTED_EDGE('',*,*,#2463,.T.);
#3996 = ORIENTED_EDGE('',*,*,#2415,.F.);
#3997 = ORIENTED_EDGE('',*,*,#886,.F.);
#3998 = PLANE('',#3999);
#3999 = AXIS2_PLACEMENT_3D('',#4000,#4001,#4002);
#4000 = CARTESIAN_POINT('',(35.49,-2.5,2.5));
#4001 = DIRECTION('',(1.,0.,0.));
#4002 = DIRECTION('',(0.,-1.,0.));
#4003 = ADVANCED_FACE('',(#4004),#4022,.T.);
#4004 = FACE_BOUND('',#4005,.T.);
#4005 = EDGE_LOOP('',(#4006,#4014,#4020,#4021));
#4006 = ORIENTED_EDGE('',*,*,#4007,.T.);
#4007 = EDGE_CURVE('',#689,#4008,#4010,.T.);
#4008 = VERTEX_POINT('',#4009);
#4009 = CARTESIAN_POINT('',(-35.99,-2.5,12.5));
#4010 = LINE('',#4011,#4012);
#4011 = CARTESIAN_POINT('',(-35.99,-2.5,2.5));
#4012 = VECTOR('',#4013,1.);
#4013 = DIRECTION('',(0.,0.,1.));
#4014 = ORIENTED_EDGE('',*,*,#4015,.T.);
#4015 = EDGE_CURVE('',#4008,#3967,#4016,.T.);
#4016 = LINE('',#4017,#4018);
#4017 = CARTESIAN_POINT('',(-35.99,-2.5,12.5));
#4018 = VECTOR('',#4019,1.);
#4019 = DIRECTION('',(1.,0.,0.));
#4020 = ORIENTED_EDGE('',*,*,#3966,.F.);
#4021 = ORIENTED_EDGE('',*,*,#688,.F.);
#4022 = PLANE('',#4023);
#4023 = AXIS2_PLACEMENT_3D('',#4024,#4025,#4026);
#4024 = CARTESIAN_POINT('',(-35.99,-2.5,2.5));
#4025 = DIRECTION('',(0.,1.,0.));
#4026 = DIRECTION('',(1.,0.,0.));
#4027 = ADVANCED_FACE('',(#4028),#4039,.F.);
#4028 = FACE_BOUND('',#4029,.F.);
#4029 = EDGE_LOOP('',(#4030,#4036,#4037,#4038));
#4030 = ORIENTED_EDGE('',*,*,#4031,.T.);
#4031 = EDGE_CURVE('',#871,#2448,#4032,.T.);
#4032 = LINE('',#4033,#4034);
#4033 = CARTESIAN_POINT('',(35.99,-2.5,2.5));
#4034 = VECTOR('',#4035,1.);
#4035 = DIRECTION('',(0.,0.,1.));
#4036 = ORIENTED_EDGE('',*,*,#2455,.T.);
#4037 = ORIENTED_EDGE('',*,*,#3990,.F.);
#4038 = ORIENTED_EDGE('',*,*,#878,.F.);
#4039 = PLANE('',#4040);
#4040 = AXIS2_PLACEMENT_3D('',#4041,#4042,#4043);
#4041 = CARTESIAN_POINT('',(35.99,-2.5,2.5));
#4042 = DIRECTION('',(0.,-1.,0.));
#4043 = DIRECTION('',(-1.,0.,0.));
#4044 = ADVANCED_FACE('',(#4045),#4063,.T.);
#4045 = FACE_BOUND('',#4046,.T.);
#4046 = EDGE_LOOP('',(#4047,#4055,#4061,#4062));
#4047 = ORIENTED_EDGE('',*,*,#4048,.T.);
#4048 = EDGE_CURVE('',#697,#4049,#4051,.T.);
#4049 = VERTEX_POINT('',#4050);
#4050 = CARTESIAN_POINT('',(-35.99,-3.,12.5));
#4051 = LINE('',#4052,#4053);
#4052 = CARTESIAN_POINT('',(-35.99,-3.,2.5));
#4053 = VECTOR('',#4054,1.);
#4054 = DIRECTION('',(0.,0.,1.));
#4055 = ORIENTED_EDGE('',*,*,#4056,.T.);
#4056 = EDGE_CURVE('',#4049,#4008,#4057,.T.);
#4057 = LINE('',#4058,#4059);
#4058 = CARTESIAN_POINT('',(-35.99,-3.,12.5));
#4059 = VECTOR('',#4060,1.);
#4060 = DIRECTION('',(0.,1.,0.));
#4061 = ORIENTED_EDGE('',*,*,#4007,.F.);
#4062 = ORIENTED_EDGE('',*,*,#696,.F.);
#4063 = PLANE('',#4064);
#4064 = AXIS2_PLACEMENT_3D('',#4065,#4066,#4067);
#4065 = CARTESIAN_POINT('',(-35.99,-3.,2.5));
#4066 = DIRECTION('',(-1.,0.,0.));
#4067 = DIRECTION('',(0.,1.,0.));
#4068 = ADVANCED_FACE('',(#4069),#4075,.F.);
#4069 = FACE_BOUND('',#4070,.F.);
#4070 = EDGE_LOOP('',(#4071,#4072,#4073,#4074));
#4071 = ORIENTED_EDGE('',*,*,#2481,.T.);
#4072 = ORIENTED_EDGE('',*,*,#2447,.T.);
#4073 = ORIENTED_EDGE('',*,*,#4031,.F.);
#4074 = ORIENTED_EDGE('',*,*,#870,.F.);
#4075 = PLANE('',#4076);
#4076 = AXIS2_PLACEMENT_3D('',#4077,#4078,#4079);
#4077 = CARTESIAN_POINT('',(35.99,-3.,2.5));
#4078 = DIRECTION('',(-1.,0.,0.));
#4079 = DIRECTION('',(0.,1.,0.));
#4080 = ADVANCED_FACE('',(#4081),#4092,.T.);
#4081 = FACE_BOUND('',#4082,.T.);
#4082 = EDGE_LOOP('',(#4083,#4084,#4090,#4091));
#4083 = ORIENTED_EDGE('',*,*,#1264,.T.);
#4084 = ORIENTED_EDGE('',*,*,#4085,.T.);
#4085 = EDGE_CURVE('',#1257,#4049,#4086,.T.);
#4086 = LINE('',#4087,#4088);
#4087 = CARTESIAN_POINT('',(-36.49,-3.,12.5));
#4088 = VECTOR('',#4089,1.);
#4089 = DIRECTION('',(1.,0.,0.));
#4090 = ORIENTED_EDGE('',*,*,#4048,.F.);
#4091 = ORIENTED_EDGE('',*,*,#704,.F.);
#4092 = PLANE('',#4093);
#4093 = AXIS2_PLACEMENT_3D('',#4094,#4095,#4096);
#4094 = CARTESIAN_POINT('',(-36.49,-3.,2.5));
#4095 = DIRECTION('',(0.,1.,0.));
#4096 = DIRECTION('',(1.,0.,0.));
#4097 = ADVANCED_FACE('',(#4098),#4132,.F.);
#4098 = FACE_BOUND('',#4099,.F.);
#4099 = EDGE_LOOP('',(#4100,#4110,#4118,#4124,#4125,#4126));
#4100 = ORIENTED_EDGE('',*,*,#4101,.F.);
#4101 = EDGE_CURVE('',#4102,#4104,#4106,.T.);
#4102 = VERTEX_POINT('',#4103);
#4103 = CARTESIAN_POINT('',(-38.99,-1.5,0.));
#4104 = VERTEX_POINT('',#4105);
#4105 = CARTESIAN_POINT('',(-38.99,-0.75,9.));
#4106 = LINE('',#4107,#4108);
#4107 = CARTESIAN_POINT('',(-38.99,-1.5,0.));
#4108 = VECTOR('',#4109,1.);
#4109 = DIRECTION('',(0.,8.304547985374E-02,0.996545758245));
#4110 = ORIENTED_EDGE('',*,*,#4111,.T.);
#4111 = EDGE_CURVE('',#4102,#4112,#4114,.T.);
#4112 = VERTEX_POINT('',#4113);
#4113 = CARTESIAN_POINT('',(-35.99,-1.5,0.));
#4114 = LINE('',#4115,#4116);
#4115 = CARTESIAN_POINT('',(-38.99,-1.5,0.));
#4116 = VECTOR('',#4117,1.);
#4117 = DIRECTION('',(1.,0.,0.));
#4118 = ORIENTED_EDGE('',*,*,#4119,.T.);
#4119 = EDGE_CURVE('',#4112,#721,#4120,.T.);
#4120 = LINE('',#4121,#4122);
#4121 = CARTESIAN_POINT('',(-35.99,-1.5,0.));
#4122 = VECTOR('',#4123,1.);
#4123 = DIRECTION('',(0.,8.304547985374E-02,0.996545758245));
#4124 = ORIENTED_EDGE('',*,*,#720,.T.);
#4125 = ORIENTED_EDGE('',*,*,#1271,.F.);
#4126 = ORIENTED_EDGE('',*,*,#4127,.F.);
#4127 = EDGE_CURVE('',#4104,#1272,#4128,.T.);
#4128 = LINE('',#4129,#4130);
#4129 = CARTESIAN_POINT('',(-38.99,-0.75,9.));
#4130 = VECTOR('',#4131,1.);
#4131 = DIRECTION('',(1.,0.,0.));
#4132 = PLANE('',#4133);
#4133 = AXIS2_PLACEMENT_3D('',#4134,#4135,#4136);
#4134 = CARTESIAN_POINT('',(-38.99,-1.5,0.));
#4135 = DIRECTION('',(0.,-0.996545758245,8.304547985374E-02));
#4136 = DIRECTION('',(0.,8.304547985374E-02,0.996545758245));
#4137 = ADVANCED_FACE('',(#4138),#4156,.T.);
#4138 = FACE_BOUND('',#4139,.T.);
#4139 = EDGE_LOOP('',(#4140,#4148,#4154,#4155));
#4140 = ORIENTED_EDGE('',*,*,#4141,.T.);
#4141 = EDGE_CURVE('',#729,#4142,#4144,.T.);
#4142 = VERTEX_POINT('',#4143);
#4143 = CARTESIAN_POINT('',(-35.99,1.5,0.));
#4144 = LINE('',#4145,#4146);
#4145 = CARTESIAN_POINT('',(-35.99,0.75,9.));
#4146 = VECTOR('',#4147,1.);
#4147 = DIRECTION('',(-0.,8.304547985374E-02,-0.996545758245));
#4148 = ORIENTED_EDGE('',*,*,#4149,.T.);
#4149 = EDGE_CURVE('',#4142,#4112,#4150,.T.);
#4150 = LINE('',#4151,#4152);
#4151 = CARTESIAN_POINT('',(-35.99,1.5,0.));
#4152 = VECTOR('',#4153,1.);
#4153 = DIRECTION('',(0.,-1.,0.));
#4154 = ORIENTED_EDGE('',*,*,#4119,.T.);
#4155 = ORIENTED_EDGE('',*,*,#728,.T.);
#4156 = PLANE('',#4157);
#4157 = AXIS2_PLACEMENT_3D('',#4158,#4159,#4160);
#4158 = CARTESIAN_POINT('',(-35.99,-2.8E-16,4.200829591143));
#4159 = DIRECTION('',(-1.,-0.,-0.));
#4160 = DIRECTION('',(0.,0.,-1.));
#4161 = ADVANCED_FACE('',(#4162),#4173,.F.);
#4162 = FACE_BOUND('',#4163,.F.);
#4163 = EDGE_LOOP('',(#4164,#4165,#4166,#4167));
#4164 = ORIENTED_EDGE('',*,*,#2514,.T.);
#4165 = ORIENTED_EDGE('',*,*,#847,.T.);
#4166 = ORIENTED_EDGE('',*,*,#2571,.T.);
#4167 = ORIENTED_EDGE('',*,*,#4168,.T.);
#4168 = EDGE_CURVE('',#2572,#2507,#4169,.T.);
#4169 = LINE('',#4170,#4171);
#4170 = CARTESIAN_POINT('',(35.99,1.5,0.));
#4171 = VECTOR('',#4172,1.);
#4172 = DIRECTION('',(0.,-1.,0.));
#4173 = PLANE('',#4174);
#4174 = AXIS2_PLACEMENT_3D('',#4175,#4176,#4177);
#4175 = CARTESIAN_POINT('',(35.99,2.E-16,4.200829591143));
#4176 = DIRECTION('',(-1.,-0.,-0.));
#4177 = DIRECTION('',(0.,0.,-1.));
#4178 = ADVANCED_FACE('',(#4179),#4206,.F.);
#4179 = FACE_BOUND('',#4180,.F.);
#4180 = EDGE_LOOP('',(#4181,#4191,#4197,#4198,#4199,#4200));
#4181 = ORIENTED_EDGE('',*,*,#4182,.F.);
#4182 = EDGE_CURVE('',#4183,#4185,#4187,.T.);
#4183 = VERTEX_POINT('',#4184);
#4184 = CARTESIAN_POINT('',(-38.99,0.75,9.));
#4185 = VERTEX_POINT('',#4186);
#4186 = CARTESIAN_POINT('',(-38.99,1.5,0.));
#4187 = LINE('',#4188,#4189);
#4188 = CARTESIAN_POINT('',(-38.99,0.75,9.));
#4189 = VECTOR('',#4190,1.);
#4190 = DIRECTION('',(-0.,8.304547985374E-02,-0.996545758245));
#4191 = ORIENTED_EDGE('',*,*,#4192,.T.);
#4192 = EDGE_CURVE('',#4183,#1280,#4193,.T.);
#4193 = LINE('',#4194,#4195);
#4194 = CARTESIAN_POINT('',(-38.99,0.75,9.));
#4195 = VECTOR('',#4196,1.);
#4196 = DIRECTION('',(1.,0.,0.));
#4197 = ORIENTED_EDGE('',*,*,#1287,.F.);
#4198 = ORIENTED_EDGE('',*,*,#736,.T.);
#4199 = ORIENTED_EDGE('',*,*,#4141,.T.);
#4200 = ORIENTED_EDGE('',*,*,#4201,.F.);
#4201 = EDGE_CURVE('',#4185,#4142,#4202,.T.);
#4202 = LINE('',#4203,#4204);
#4203 = CARTESIAN_POINT('',(-38.99,1.5,0.));
#4204 = VECTOR('',#4205,1.);
#4205 = DIRECTION('',(1.,0.,0.));
#4206 = PLANE('',#4207);
#4207 = AXIS2_PLACEMENT_3D('',#4208,#4209,#4210);
#4208 = CARTESIAN_POINT('',(-38.99,0.75,9.));
#4209 = DIRECTION('',(0.,0.996545758245,8.304547985374E-02));
#4210 = DIRECTION('',(0.,8.304547985374E-02,-0.996545758245));
#4211 = ADVANCED_FACE('',(#4212),#4230,.T.);
#4212 = FACE_BOUND('',#4213,.T.);
#4213 = EDGE_LOOP('',(#4214,#4222,#4228,#4229));
#4214 = ORIENTED_EDGE('',*,*,#4215,.T.);
#4215 = EDGE_CURVE('',#753,#4216,#4218,.T.);
#4216 = VERTEX_POINT('',#4217);
#4217 = CARTESIAN_POINT('',(-35.99,3.,12.5));
#4218 = LINE('',#4219,#4220);
#4219 = CARTESIAN_POINT('',(-35.99,3.,2.5));
#4220 = VECTOR('',#4221,1.);
#4221 = DIRECTION('',(0.,0.,1.));
#4222 = ORIENTED_EDGE('',*,*,#4223,.T.);
#4223 = EDGE_CURVE('',#4216,#1295,#4224,.T.);
#4224 = LINE('',#4225,#4226);
#4225 = CARTESIAN_POINT('',(-35.99,3.,12.5));
#4226 = VECTOR('',#4227,1.);
#4227 = DIRECTION('',(-1.,0.,0.));
#4228 = ORIENTED_EDGE('',*,*,#1294,.F.);
#4229 = ORIENTED_EDGE('',*,*,#752,.F.);
#4230 = PLANE('',#4231);
#4231 = AXIS2_PLACEMENT_3D('',#4232,#4233,#4234);
#4232 = CARTESIAN_POINT('',(-35.99,3.,2.5));
#4233 = DIRECTION('',(0.,-1.,0.));
#4234 = DIRECTION('',(-1.,0.,0.));
#4235 = ADVANCED_FACE('',(#4236),#4254,.T.);
#4236 = FACE_BOUND('',#4237,.T.);
#4237 = EDGE_LOOP('',(#4238,#4246,#4252,#4253));
#4238 = ORIENTED_EDGE('',*,*,#4239,.T.);
#4239 = EDGE_CURVE('',#761,#4240,#4242,.T.);
#4240 = VERTEX_POINT('',#4241);
#4241 = CARTESIAN_POINT('',(-35.99,2.5,12.5));
#4242 = LINE('',#4243,#4244);
#4243 = CARTESIAN_POINT('',(-35.99,2.5,2.5));
#4244 = VECTOR('',#4245,1.);
#4245 = DIRECTION('',(0.,0.,1.));
#4246 = ORIENTED_EDGE('',*,*,#4247,.T.);
#4247 = EDGE_CURVE('',#4240,#4216,#4248,.T.);
#4248 = LINE('',#4249,#4250);
#4249 = CARTESIAN_POINT('',(-35.99,2.5,12.5));
#4250 = VECTOR('',#4251,1.);
#4251 = DIRECTION('',(0.,1.,0.));
#4252 = ORIENTED_EDGE('',*,*,#4215,.F.);
#4253 = ORIENTED_EDGE('',*,*,#760,.F.);
#4254 = PLANE('',#4255);
#4255 = AXIS2_PLACEMENT_3D('',#4256,#4257,#4258);
#4256 = CARTESIAN_POINT('',(-35.99,2.5,2.5));
#4257 = DIRECTION('',(-1.,0.,0.));
#4258 = DIRECTION('',(0.,1.,0.));
#4259 = ADVANCED_FACE('',(#4260),#4271,.F.);
#4260 = FACE_BOUND('',#4261,.F.);
#4261 = EDGE_LOOP('',(#4262,#4268,#4269,#4270));
#4262 = ORIENTED_EDGE('',*,*,#4263,.T.);
#4263 = EDGE_CURVE('',#817,#2634,#4264,.T.);
#4264 = LINE('',#4265,#4266);
#4265 = CARTESIAN_POINT('',(35.99,2.5,2.5));
#4266 = VECTOR('',#4267,1.);
#4267 = DIRECTION('',(0.,0.,1.));
#4268 = ORIENTED_EDGE('',*,*,#2641,.T.);
#4269 = ORIENTED_EDGE('',*,*,#2593,.F.);
#4270 = ORIENTED_EDGE('',*,*,#824,.F.);
#4271 = PLANE('',#4272);
#4272 = AXIS2_PLACEMENT_3D('',#4273,#4274,#4275);
#4273 = CARTESIAN_POINT('',(35.99,2.5,2.5));
#4274 = DIRECTION('',(-1.,0.,0.));
#4275 = DIRECTION('',(0.,1.,0.));
#4276 = ADVANCED_FACE('',(#4277),#4295,.T.);
#4277 = FACE_BOUND('',#4278,.T.);
#4278 = EDGE_LOOP('',(#4279,#4287,#4293,#4294));
#4279 = ORIENTED_EDGE('',*,*,#4280,.T.);
#4280 = EDGE_CURVE('',#769,#4281,#4283,.T.);
#4281 = VERTEX_POINT('',#4282);
#4282 = CARTESIAN_POINT('',(-35.49,2.5,12.5));
#4283 = LINE('',#4284,#4285);
#4284 = CARTESIAN_POINT('',(-35.49,2.5,2.5));
#4285 = VECTOR('',#4286,1.);
#4286 = DIRECTION('',(0.,0.,1.));
#4287 = ORIENTED_EDGE('',*,*,#4288,.T.);
#4288 = EDGE_CURVE('',#4281,#4240,#4289,.T.);
#4289 = LINE('',#4290,#4291);
#4290 = CARTESIAN_POINT('',(-35.49,2.5,12.5));
#4291 = VECTOR('',#4292,1.);
#4292 = DIRECTION('',(-1.,0.,0.));
#4293 = ORIENTED_EDGE('',*,*,#4239,.F.);
#4294 = ORIENTED_EDGE('',*,*,#768,.F.);
#4295 = PLANE('',#4296);
#4296 = AXIS2_PLACEMENT_3D('',#4297,#4298,#4299);
#4297 = CARTESIAN_POINT('',(-35.49,2.5,2.5));
#4298 = DIRECTION('',(0.,-1.,0.));
#4299 = DIRECTION('',(-1.,0.,0.));
#4300 = ADVANCED_FACE('',(#4301),#4312,.F.);
#4301 = FACE_BOUND('',#4302,.F.);
#4302 = EDGE_LOOP('',(#4303,#4309,#4310,#4311));
#4303 = ORIENTED_EDGE('',*,*,#4304,.T.);
#4304 = EDGE_CURVE('',#809,#2626,#4305,.T.);
#4305 = LINE('',#4306,#4307);
#4306 = CARTESIAN_POINT('',(35.49,2.5,2.5));
#4307 = VECTOR('',#4308,1.);
#4308 = DIRECTION('',(0.,0.,1.));
#4309 = ORIENTED_EDGE('',*,*,#2633,.T.);
#4310 = ORIENTED_EDGE('',*,*,#4263,.F.);
#4311 = ORIENTED_EDGE('',*,*,#816,.F.);
#4312 = PLANE('',#4313);
#4313 = AXIS2_PLACEMENT_3D('',#4314,#4315,#4316);
#4314 = CARTESIAN_POINT('',(35.49,2.5,2.5));
#4315 = DIRECTION('',(0.,1.,0.));
#4316 = DIRECTION('',(1.,0.,0.));
#4317 = ADVANCED_FACE('',(#4318),#4336,.T.);
#4318 = FACE_BOUND('',#4319,.T.);
#4319 = EDGE_LOOP('',(#4320,#4328,#4334,#4335));
#4320 = ORIENTED_EDGE('',*,*,#4321,.T.);
#4321 = EDGE_CURVE('',#777,#4322,#4324,.T.);
#4322 = VERTEX_POINT('',#4323);
#4323 = CARTESIAN_POINT('',(-35.49,3.5,12.5));
#4324 = LINE('',#4325,#4326);
#4325 = CARTESIAN_POINT('',(-35.49,3.5,2.5));
#4326 = VECTOR('',#4327,1.);
#4327 = DIRECTION('',(0.,0.,1.));
#4328 = ORIENTED_EDGE('',*,*,#4329,.T.);
#4329 = EDGE_CURVE('',#4322,#4281,#4330,.T.);
#4330 = LINE('',#4331,#4332);
#4331 = CARTESIAN_POINT('',(-35.49,3.5,12.5));
#4332 = VECTOR('',#4333,1.);
#4333 = DIRECTION('',(0.,-1.,0.));
#4334 = ORIENTED_EDGE('',*,*,#4280,.F.);
#4335 = ORIENTED_EDGE('',*,*,#776,.F.);
#4336 = PLANE('',#4337);
#4337 = AXIS2_PLACEMENT_3D('',#4338,#4339,#4340);
#4338 = CARTESIAN_POINT('',(-35.49,3.5,2.5));
#4339 = DIRECTION('',(1.,0.,0.));
#4340 = DIRECTION('',(0.,-1.,0.));
#4341 = ADVANCED_FACE('',(#4342),#4348,.F.);
#4342 = FACE_BOUND('',#4343,.F.);
#4343 = EDGE_LOOP('',(#4344,#4345,#4346,#4347));
#4344 = ORIENTED_EDGE('',*,*,#2659,.T.);
#4345 = ORIENTED_EDGE('',*,*,#2625,.T.);
#4346 = ORIENTED_EDGE('',*,*,#4304,.F.);
#4347 = ORIENTED_EDGE('',*,*,#808,.F.);
#4348 = PLANE('',#4349);
#4349 = AXIS2_PLACEMENT_3D('',#4350,#4351,#4352);
#4350 = CARTESIAN_POINT('',(35.49,3.5,2.5));
#4351 = DIRECTION('',(1.,0.,0.));
#4352 = DIRECTION('',(0.,-1.,0.));
#4353 = ADVANCED_FACE('',(#4354),#4365,.T.);
#4354 = FACE_BOUND('',#4355,.T.);
#4355 = EDGE_LOOP('',(#4356,#4357,#4363,#4364));
#4356 = ORIENTED_EDGE('',*,*,#1310,.T.);
#4357 = ORIENTED_EDGE('',*,*,#4358,.T.);
#4358 = EDGE_CURVE('',#1303,#4322,#4359,.T.);
#4359 = LINE('',#4360,#4361);
#4360 = CARTESIAN_POINT('',(-36.49,3.5,12.5));
#4361 = VECTOR('',#4362,1.);
#4362 = DIRECTION('',(1.,0.,0.));
#4363 = ORIENTED_EDGE('',*,*,#4321,.F.);
#4364 = ORIENTED_EDGE('',*,*,#784,.F.);
#4365 = PLANE('',#4366);
#4366 = AXIS2_PLACEMENT_3D('',#4367,#4368,#4369);
#4367 = CARTESIAN_POINT('',(-36.49,3.5,2.5));
#4368 = DIRECTION('',(0.,1.,0.));
#4369 = DIRECTION('',(1.,0.,0.));
#4370 = ADVANCED_FACE('',(#4371),#4390,.F.);
#4371 = FACE_BOUND('',#4372,.F.);
#4372 = EDGE_LOOP('',(#4373,#4381,#4388,#4389));
#4373 = ORIENTED_EDGE('',*,*,#4374,.T.);
#4374 = EDGE_CURVE('',#904,#4375,#4377,.T.);
#4375 = VERTEX_POINT('',#4376);
#4376 = CARTESIAN_POINT('',(30.805,0.,1.5));
#4377 = LINE('',#4378,#4379);
#4378 = CARTESIAN_POINT('',(30.805,0.,2.5));
#4379 = VECTOR('',#4380,1.);
#4380 = DIRECTION('',(-0.,-0.,-1.));
#4381 = ORIENTED_EDGE('',*,*,#4382,.T.);
#4382 = EDGE_CURVE('',#4375,#4375,#4383,.T.);
#4383 = CIRCLE('',#4384,3.);
#4384 = AXIS2_PLACEMENT_3D('',#4385,#4386,#4387);
#4385 = CARTESIAN_POINT('',(27.805,0.,1.5));
#4386 = DIRECTION('',(0.,0.,1.));
#4387 = DIRECTION('',(1.,0.,0.));
#4388 = ORIENTED_EDGE('',*,*,#4374,.F.);
#4389 = ORIENTED_EDGE('',*,*,#903,.F.);
#4390 = CYLINDRICAL_SURFACE('',#4391,3.);
#4391 = AXIS2_PLACEMENT_3D('',#4392,#4393,#4394);
#4392 = CARTESIAN_POINT('',(27.805,0.,2.5));
#4393 = DIRECTION('',(0.,0.,1.));
#4394 = DIRECTION('',(1.,0.,0.));
#4395 = ADVANCED_FACE('',(#4396),#4421,.T.);
#4396 = FACE_BOUND('',#4397,.T.);
#4397 = EDGE_LOOP('',(#4398,#4406,#4414,#4420));
#4398 = ORIENTED_EDGE('',*,*,#4399,.T.);
#4399 = EDGE_CURVE('',#915,#4400,#4402,.T.);
#4400 = VERTEX_POINT('',#4401);
#4401 = CARTESIAN_POINT('',(17.5,0.5,2.25));
#4402 = LINE('',#4403,#4404);
#4403 = CARTESIAN_POINT('',(17.5,0.5,2.5));
#4404 = VECTOR('',#4405,1.);
#4405 = DIRECTION('',(-0.,-0.,-1.));
#4406 = ORIENTED_EDGE('',*,*,#4407,.T.);
#4407 = EDGE_CURVE('',#4400,#4408,#4410,.T.);
#4408 = VERTEX_POINT('',#4409);
#4409 = CARTESIAN_POINT('',(19.5,0.5,2.25));
#4410 = LINE('',#4411,#4412);
#4411 = CARTESIAN_POINT('',(17.5,0.5,2.25));
#4412 = VECTOR('',#4413,1.);
#4413 = DIRECTION('',(1.,0.,0.));
#4414 = ORIENTED_EDGE('',*,*,#4415,.F.);
#4415 = EDGE_CURVE('',#917,#4408,#4416,.T.);
#4416 = LINE('',#4417,#4418);
#4417 = CARTESIAN_POINT('',(19.5,0.5,2.5));
#4418 = VECTOR('',#4419,1.);
#4419 = DIRECTION('',(-0.,-0.,-1.));
#4420 = ORIENTED_EDGE('',*,*,#914,.F.);
#4421 = PLANE('',#4422);
#4422 = AXIS2_PLACEMENT_3D('',#4423,#4424,#4425);
#4423 = CARTESIAN_POINT('',(17.5,0.5,2.5));
#4424 = DIRECTION('',(0.,-1.,0.));
#4425 = DIRECTION('',(1.,0.,0.));
#4426 = ADVANCED_FACE('',(#4427),#4445,.T.);
#4427 = FACE_BOUND('',#4428,.T.);
#4428 = EDGE_LOOP('',(#4429,#4430,#4438,#4444));
#4429 = ORIENTED_EDGE('',*,*,#4415,.T.);
#4430 = ORIENTED_EDGE('',*,*,#4431,.T.);
#4431 = EDGE_CURVE('',#4408,#4432,#4434,.T.);
#4432 = VERTEX_POINT('',#4433);
#4433 = CARTESIAN_POINT('',(19.5,2.5,2.25));
#4434 = LINE('',#4435,#4436);
#4435 = CARTESIAN_POINT('',(19.5,0.5,2.25));
#4436 = VECTOR('',#4437,1.);
#4437 = DIRECTION('',(1.78E-15,1.,0.));
#4438 = ORIENTED_EDGE('',*,*,#4439,.F.);
#4439 = EDGE_CURVE('',#997,#4432,#4440,.T.);
#4440 = LINE('',#4441,#4442);
#4441 = CARTESIAN_POINT('',(19.5,2.5,2.5));
#4442 = VECTOR('',#4443,1.);
#4443 = DIRECTION('',(-0.,-0.,-1.));
#4444 = ORIENTED_EDGE('',*,*,#1004,.F.);
#4445 = PLANE('',#4446);
#4446 = AXIS2_PLACEMENT_3D('',#4447,#4448,#4449);
#4447 = CARTESIAN_POINT('',(19.5,0.5,2.5));
#4448 = DIRECTION('',(1.,-1.78E-15,0.));
#4449 = DIRECTION('',(1.78E-15,1.,0.));
#4450 = ADVANCED_FACE('',(#4451),#4469,.T.);
#4451 = FACE_BOUND('',#4452,.T.);
#4452 = EDGE_LOOP('',(#4453,#4454,#4462,#4468));
#4453 = ORIENTED_EDGE('',*,*,#4439,.T.);
#4454 = ORIENTED_EDGE('',*,*,#4455,.T.);
#4455 = EDGE_CURVE('',#4432,#4456,#4458,.T.);
#4456 = VERTEX_POINT('',#4457);
#4457 = CARTESIAN_POINT('',(20.5,2.5,2.25));
#4458 = LINE('',#4459,#4460);
#4459 = CARTESIAN_POINT('',(19.5,2.5,2.25));
#4460 = VECTOR('',#4461,1.);
#4461 = DIRECTION('',(1.,4.4E-16,0.));
#4462 = ORIENTED_EDGE('',*,*,#4463,.F.);
#4463 = EDGE_CURVE('',#989,#4456,#4464,.T.);
#4464 = LINE('',#4465,#4466);
#4465 = CARTESIAN_POINT('',(20.5,2.5,2.5));
#4466 = VECTOR('',#4467,1.);
#4467 = DIRECTION('',(-0.,-0.,-1.));
#4468 = ORIENTED_EDGE('',*,*,#996,.F.);
#4469 = PLANE('',#4470);
#4470 = AXIS2_PLACEMENT_3D('',#4471,#4472,#4473);
#4471 = CARTESIAN_POINT('',(19.5,2.5,2.5));
#4472 = DIRECTION('',(4.4E-16,-1.,0.));
#4473 = DIRECTION('',(1.,4.4E-16,0.));
#4474 = ADVANCED_FACE('',(#4475),#4493,.T.);
#4475 = FACE_BOUND('',#4476,.T.);
#4476 = EDGE_LOOP('',(#4477,#4478,#4486,#4492));
#4477 = ORIENTED_EDGE('',*,*,#4463,.T.);
#4478 = ORIENTED_EDGE('',*,*,#4479,.T.);
#4479 = EDGE_CURVE('',#4456,#4480,#4482,.T.);
#4480 = VERTEX_POINT('',#4481);
#4481 = CARTESIAN_POINT('',(20.5,0.5,2.25));
#4482 = LINE('',#4483,#4484);
#4483 = CARTESIAN_POINT('',(20.5,2.5,2.25));
#4484 = VECTOR('',#4485,1.);
#4485 = DIRECTION('',(-1.78E-15,-1.,0.));
#4486 = ORIENTED_EDGE('',*,*,#4487,.F.);
#4487 = EDGE_CURVE('',#981,#4480,#4488,.T.);
#4488 = LINE('',#4489,#4490);
#4489 = CARTESIAN_POINT('',(20.5,0.5,2.5));
#4490 = VECTOR('',#4491,1.);
#4491 = DIRECTION('',(-0.,-0.,-1.));
#4492 = ORIENTED_EDGE('',*,*,#988,.F.);
#4493 = PLANE('',#4494);
#4494 = AXIS2_PLACEMENT_3D('',#4495,#4496,#4497);
#4495 = CARTESIAN_POINT('',(20.5,2.5,2.5));
#4496 = DIRECTION('',(-1.,1.78E-15,0.));
#4497 = DIRECTION('',(-1.78E-15,-1.,0.));
#4498 = ADVANCED_FACE('',(#4499),#4517,.T.);
#4499 = FACE_BOUND('',#4500,.T.);
#4500 = EDGE_LOOP('',(#4501,#4502,#4510,#4516));
#4501 = ORIENTED_EDGE('',*,*,#4487,.T.);
#4502 = ORIENTED_EDGE('',*,*,#4503,.T.);
#4503 = EDGE_CURVE('',#4480,#4504,#4506,.T.);
#4504 = VERTEX_POINT('',#4505);
#4505 = CARTESIAN_POINT('',(22.5,0.5,2.25));
#4506 = LINE('',#4507,#4508);
#4507 = CARTESIAN_POINT('',(20.5,0.5,2.25));
#4508 = VECTOR('',#4509,1.);
#4509 = DIRECTION('',(1.,-1.7E-16,0.));
#4510 = ORIENTED_EDGE('',*,*,#4511,.F.);
#4511 = EDGE_CURVE('',#973,#4504,#4512,.T.);
#4512 = LINE('',#4513,#4514);
#4513 = CARTESIAN_POINT('',(22.5,0.5,2.5));
#4514 = VECTOR('',#4515,1.);
#4515 = DIRECTION('',(-0.,-0.,-1.));
#4516 = ORIENTED_EDGE('',*,*,#980,.F.);
#4517 = PLANE('',#4518);
#4518 = AXIS2_PLACEMENT_3D('',#4519,#4520,#4521);
#4519 = CARTESIAN_POINT('',(20.5,0.5,2.5));
#4520 = DIRECTION('',(-1.7E-16,-1.,0.));
#4521 = DIRECTION('',(1.,-1.7E-16,0.));
#4522 = ADVANCED_FACE('',(#4523),#4541,.T.);
#4523 = FACE_BOUND('',#4524,.T.);
#4524 = EDGE_LOOP('',(#4525,#4526,#4534,#4540));
#4525 = ORIENTED_EDGE('',*,*,#4511,.T.);
#4526 = ORIENTED_EDGE('',*,*,#4527,.T.);
#4527 = EDGE_CURVE('',#4504,#4528,#4530,.T.);
#4528 = VERTEX_POINT('',#4529);
#4529 = CARTESIAN_POINT('',(22.5,-0.5,2.25));
#4530 = LINE('',#4531,#4532);
#4531 = CARTESIAN_POINT('',(22.5,0.5,2.25));
#4532 = VECTOR('',#4533,1.);
#4533 = DIRECTION('',(0.,-1.,0.));
#4534 = ORIENTED_EDGE('',*,*,#4535,.F.);
#4535 = EDGE_CURVE('',#965,#4528,#4536,.T.);
#4536 = LINE('',#4537,#4538);
#4537 = CARTESIAN_POINT('',(22.5,-0.5,2.5));
#4538 = VECTOR('',#4539,1.);
#4539 = DIRECTION('',(-0.,-0.,-1.));
#4540 = ORIENTED_EDGE('',*,*,#972,.F.);
#4541 = PLANE('',#4542);
#4542 = AXIS2_PLACEMENT_3D('',#4543,#4544,#4545);
#4543 = CARTESIAN_POINT('',(22.5,0.5,2.5));
#4544 = DIRECTION('',(-1.,0.,0.));
#4545 = DIRECTION('',(0.,-1.,0.));
#4546 = ADVANCED_FACE('',(#4547),#4565,.T.);
#4547 = FACE_BOUND('',#4548,.T.);
#4548 = EDGE_LOOP('',(#4549,#4550,#4558,#4564));
#4549 = ORIENTED_EDGE('',*,*,#4535,.T.);
#4550 = ORIENTED_EDGE('',*,*,#4551,.T.);
#4551 = EDGE_CURVE('',#4528,#4552,#4554,.T.);
#4552 = VERTEX_POINT('',#4553);
#4553 = CARTESIAN_POINT('',(20.5,-0.5,2.25));
#4554 = LINE('',#4555,#4556);
#4555 = CARTESIAN_POINT('',(22.5,-0.5,2.25));
#4556 = VECTOR('',#4557,1.);
#4557 = DIRECTION('',(-1.,0.,0.));
#4558 = ORIENTED_EDGE('',*,*,#4559,.F.);
#4559 = EDGE_CURVE('',#957,#4552,#4560,.T.);
#4560 = LINE('',#4561,#4562);
#4561 = CARTESIAN_POINT('',(20.5,-0.5,2.5));
#4562 = VECTOR('',#4563,1.);
#4563 = DIRECTION('',(-0.,-0.,-1.));
#4564 = ORIENTED_EDGE('',*,*,#964,.F.);
#4565 = PLANE('',#4566);
#4566 = AXIS2_PLACEMENT_3D('',#4567,#4568,#4569);
#4567 = CARTESIAN_POINT('',(22.5,-0.5,2.5));
#4568 = DIRECTION('',(0.,1.,0.));
#4569 = DIRECTION('',(-1.,0.,0.));
#4570 = ADVANCED_FACE('',(#4571),#4589,.T.);
#4571 = FACE_BOUND('',#4572,.T.);
#4572 = EDGE_LOOP('',(#4573,#4574,#4582,#4588));
#4573 = ORIENTED_EDGE('',*,*,#4559,.T.);
#4574 = ORIENTED_EDGE('',*,*,#4575,.T.);
#4575 = EDGE_CURVE('',#4552,#4576,#4578,.T.);
#4576 = VERTEX_POINT('',#4577);
#4577 = CARTESIAN_POINT('',(20.5,-2.5,2.25));
#4578 = LINE('',#4579,#4580);
#4579 = CARTESIAN_POINT('',(20.5,-0.5,2.25));
#4580 = VECTOR('',#4581,1.);
#4581 = DIRECTION('',(-1.78E-15,-1.,0.));
#4582 = ORIENTED_EDGE('',*,*,#4583,.F.);
#4583 = EDGE_CURVE('',#949,#4576,#4584,.T.);
#4584 = LINE('',#4585,#4586);
#4585 = CARTESIAN_POINT('',(20.5,-2.5,2.5));
#4586 = VECTOR('',#4587,1.);
#4587 = DIRECTION('',(-0.,-0.,-1.));
#4588 = ORIENTED_EDGE('',*,*,#956,.F.);
#4589 = PLANE('',#4590);
#4590 = AXIS2_PLACEMENT_3D('',#4591,#4592,#4593);
#4591 = CARTESIAN_POINT('',(20.5,-0.5,2.5));
#4592 = DIRECTION('',(-1.,1.78E-15,0.));
#4593 = DIRECTION('',(-1.78E-15,-1.,0.));
#4594 = ADVANCED_FACE('',(#4595),#4613,.T.);
#4595 = FACE_BOUND('',#4596,.T.);
#4596 = EDGE_LOOP('',(#4597,#4598,#4606,#4612));
#4597 = ORIENTED_EDGE('',*,*,#4583,.T.);
#4598 = ORIENTED_EDGE('',*,*,#4599,.T.);
#4599 = EDGE_CURVE('',#4576,#4600,#4602,.T.);
#4600 = VERTEX_POINT('',#4601);
#4601 = CARTESIAN_POINT('',(19.5,-2.5,2.25));
#4602 = LINE('',#4603,#4604);
#4603 = CARTESIAN_POINT('',(20.5,-2.5,2.25));
#4604 = VECTOR('',#4605,1.);
#4605 = DIRECTION('',(-1.,0.,0.));
#4606 = ORIENTED_EDGE('',*,*,#4607,.F.);
#4607 = EDGE_CURVE('',#941,#4600,#4608,.T.);
#4608 = LINE('',#4609,#4610);
#4609 = CARTESIAN_POINT('',(19.5,-2.5,2.5));
#4610 = VECTOR('',#4611,1.);
#4611 = DIRECTION('',(-0.,-0.,-1.));
#4612 = ORIENTED_EDGE('',*,*,#948,.F.);
#4613 = PLANE('',#4614);
#4614 = AXIS2_PLACEMENT_3D('',#4615,#4616,#4617);
#4615 = CARTESIAN_POINT('',(20.5,-2.5,2.5));
#4616 = DIRECTION('',(0.,1.,0.));
#4617 = DIRECTION('',(-1.,0.,0.));
#4618 = ADVANCED_FACE('',(#4619),#4637,.T.);
#4619 = FACE_BOUND('',#4620,.T.);
#4620 = EDGE_LOOP('',(#4621,#4622,#4630,#4636));
#4621 = ORIENTED_EDGE('',*,*,#4607,.T.);
#4622 = ORIENTED_EDGE('',*,*,#4623,.T.);
#4623 = EDGE_CURVE('',#4600,#4624,#4626,.T.);
#4624 = VERTEX_POINT('',#4625);
#4625 = CARTESIAN_POINT('',(19.5,-0.5,2.25));
#4626 = LINE('',#4627,#4628);
#4627 = CARTESIAN_POINT('',(19.5,-2.5,2.25));
#4628 = VECTOR('',#4629,1.);
#4629 = DIRECTION('',(1.78E-15,1.,0.));
#4630 = ORIENTED_EDGE('',*,*,#4631,.F.);
#4631 = EDGE_CURVE('',#933,#4624,#4632,.T.);
#4632 = LINE('',#4633,#4634);
#4633 = CARTESIAN_POINT('',(19.5,-0.5,2.5));
#4634 = VECTOR('',#4635,1.);
#4635 = DIRECTION('',(-0.,-0.,-1.));
#4636 = ORIENTED_EDGE('',*,*,#940,.F.);
#4637 = PLANE('',#4638);
#4638 = AXIS2_PLACEMENT_3D('',#4639,#4640,#4641);
#4639 = CARTESIAN_POINT('',(19.5,-2.5,2.5));
#4640 = DIRECTION('',(1.,-1.78E-15,0.));
#4641 = DIRECTION('',(1.78E-15,1.,0.));
#4642 = ADVANCED_FACE('',(#4643),#4661,.T.);
#4643 = FACE_BOUND('',#4644,.T.);
#4644 = EDGE_LOOP('',(#4645,#4646,#4654,#4660));
#4645 = ORIENTED_EDGE('',*,*,#4631,.T.);
#4646 = ORIENTED_EDGE('',*,*,#4647,.T.);
#4647 = EDGE_CURVE('',#4624,#4648,#4650,.T.);
#4648 = VERTEX_POINT('',#4649);
#4649 = CARTESIAN_POINT('',(17.5,-0.5,2.25));
#4650 = LINE('',#4651,#4652);
#4651 = CARTESIAN_POINT('',(19.5,-0.5,2.25));
#4652 = VECTOR('',#4653,1.);
#4653 = DIRECTION('',(-1.,0.,0.));
#4654 = ORIENTED_EDGE('',*,*,#4655,.F.);
#4655 = EDGE_CURVE('',#925,#4648,#4656,.T.);
#4656 = LINE('',#4657,#4658);
#4657 = CARTESIAN_POINT('',(17.5,-0.5,2.5));
#4658 = VECTOR('',#4659,1.);
#4659 = DIRECTION('',(-0.,-0.,-1.));
#4660 = ORIENTED_EDGE('',*,*,#932,.F.);
#4661 = PLANE('',#4662);
#4662 = AXIS2_PLACEMENT_3D('',#4663,#4664,#4665);
#4663 = CARTESIAN_POINT('',(19.5,-0.5,2.5));
#4664 = DIRECTION('',(0.,1.,0.));
#4665 = DIRECTION('',(-1.,0.,0.));
#4666 = ADVANCED_FACE('',(#4667),#4678,.T.);
#4667 = FACE_BOUND('',#4668,.T.);
#4668 = EDGE_LOOP('',(#4669,#4670,#4676,#4677));
#4669 = ORIENTED_EDGE('',*,*,#4655,.T.);
#4670 = ORIENTED_EDGE('',*,*,#4671,.T.);
#4671 = EDGE_CURVE('',#4648,#4400,#4672,.T.);
#4672 = LINE('',#4673,#4674);
#4673 = CARTESIAN_POINT('',(17.5,-0.5,2.25));
#4674 = VECTOR('',#4675,1.);
#4675 = DIRECTION('',(3.55E-15,1.,0.));
#4676 = ORIENTED_EDGE('',*,*,#4399,.F.);
#4677 = ORIENTED_EDGE('',*,*,#924,.F.);
#4678 = PLANE('',#4679);
#4679 = AXIS2_PLACEMENT_3D('',#4680,#4681,#4682);
#4680 = CARTESIAN_POINT('',(17.5,-0.5,2.5));
#4681 = DIRECTION('',(1.,-3.55E-15,0.));
#4682 = DIRECTION('',(3.55E-15,1.,0.));
#4683 = ADVANCED_FACE('',(#4684),#4709,.T.);
#4684 = FACE_BOUND('',#4685,.T.);
#4685 = EDGE_LOOP('',(#4686,#4694,#4702,#4708));
#4686 = ORIENTED_EDGE('',*,*,#4687,.T.);
#4687 = EDGE_CURVE('',#1013,#4688,#4690,.T.);
#4688 = VERTEX_POINT('',#4689);
#4689 = CARTESIAN_POINT('',(-22.5,0.5,2.25));
#4690 = LINE('',#4691,#4692);
#4691 = CARTESIAN_POINT('',(-22.5,0.5,2.5));
#4692 = VECTOR('',#4693,1.);
#4693 = DIRECTION('',(-0.,-0.,-1.));
#4694 = ORIENTED_EDGE('',*,*,#4695,.T.);
#4695 = EDGE_CURVE('',#4688,#4696,#4698,.T.);
#4696 = VERTEX_POINT('',#4697);
#4697 = CARTESIAN_POINT('',(-17.5,0.5,2.25));
#4698 = LINE('',#4699,#4700);
#4699 = CARTESIAN_POINT('',(-22.5,0.5,2.25));
#4700 = VECTOR('',#4701,1.);
#4701 = DIRECTION('',(1.,0.,0.));
#4702 = ORIENTED_EDGE('',*,*,#4703,.F.);
#4703 = EDGE_CURVE('',#1015,#4696,#4704,.T.);
#4704 = LINE('',#4705,#4706);
#4705 = CARTESIAN_POINT('',(-17.5,0.5,2.5));
#4706 = VECTOR('',#4707,1.);
#4707 = DIRECTION('',(-0.,-0.,-1.));
#4708 = ORIENTED_EDGE('',*,*,#1012,.F.);
#4709 = PLANE('',#4710);
#4710 = AXIS2_PLACEMENT_3D('',#4711,#4712,#4713);
#4711 = CARTESIAN_POINT('',(-22.5,0.5,2.5));
#4712 = DIRECTION('',(0.,-1.,0.));
#4713 = DIRECTION('',(1.,0.,0.));
#4714 = ADVANCED_FACE('',(#4715),#4733,.T.);
#4715 = FACE_BOUND('',#4716,.T.);
#4716 = EDGE_LOOP('',(#4717,#4718,#4726,#4732));
#4717 = ORIENTED_EDGE('',*,*,#4703,.T.);
#4718 = ORIENTED_EDGE('',*,*,#4719,.T.);
#4719 = EDGE_CURVE('',#4696,#4720,#4722,.T.);
#4720 = VERTEX_POINT('',#4721);
#4721 = CARTESIAN_POINT('',(-17.5,-0.5,2.25));
#4722 = LINE('',#4723,#4724);
#4723 = CARTESIAN_POINT('',(-17.5,0.5,2.25));
#4724 = VECTOR('',#4725,1.);
#4725 = DIRECTION('',(0.,-1.,0.));
#4726 = ORIENTED_EDGE('',*,*,#4727,.F.);
#4727 = EDGE_CURVE('',#1031,#4720,#4728,.T.);
#4728 = LINE('',#4729,#4730);
#4729 = CARTESIAN_POINT('',(-17.5,-0.5,2.5));
#4730 = VECTOR('',#4731,1.);
#4731 = DIRECTION('',(-0.,-0.,-1.));
#4732 = ORIENTED_EDGE('',*,*,#1038,.F.);
#4733 = PLANE('',#4734);
#4734 = AXIS2_PLACEMENT_3D('',#4735,#4736,#4737);
#4735 = CARTESIAN_POINT('',(-17.5,0.5,2.5));
#4736 = DIRECTION('',(-1.,0.,0.));
#4737 = DIRECTION('',(0.,-1.,0.));
#4738 = ADVANCED_FACE('',(#4739),#4757,.T.);
#4739 = FACE_BOUND('',#4740,.T.);
#4740 = EDGE_LOOP('',(#4741,#4742,#4750,#4756));
#4741 = ORIENTED_EDGE('',*,*,#4727,.T.);
#4742 = ORIENTED_EDGE('',*,*,#4743,.T.);
#4743 = EDGE_CURVE('',#4720,#4744,#4746,.T.);
#4744 = VERTEX_POINT('',#4745);
#4745 = CARTESIAN_POINT('',(-22.5,-0.5,2.25));
#4746 = LINE('',#4747,#4748);
#4747 = CARTESIAN_POINT('',(-17.5,-0.5,2.25));
#4748 = VECTOR('',#4749,1.);
#4749 = DIRECTION('',(-1.,0.,0.));
#4750 = ORIENTED_EDGE('',*,*,#4751,.F.);
#4751 = EDGE_CURVE('',#1023,#4744,#4752,.T.);
#4752 = LINE('',#4753,#4754);
#4753 = CARTESIAN_POINT('',(-22.5,-0.5,2.5));
#4754 = VECTOR('',#4755,1.);
#4755 = DIRECTION('',(-0.,-0.,-1.));
#4756 = ORIENTED_EDGE('',*,*,#1030,.F.);
#4757 = PLANE('',#4758);
#4758 = AXIS2_PLACEMENT_3D('',#4759,#4760,#4761);
#4759 = CARTESIAN_POINT('',(-17.5,-0.5,2.5));
#4760 = DIRECTION('',(0.,1.,0.));
#4761 = DIRECTION('',(-1.,0.,0.));
#4762 = ADVANCED_FACE('',(#4763),#4774,.T.);
#4763 = FACE_BOUND('',#4764,.T.);
#4764 = EDGE_LOOP('',(#4765,#4766,#4772,#4773));
#4765 = ORIENTED_EDGE('',*,*,#4751,.T.);
#4766 = ORIENTED_EDGE('',*,*,#4767,.T.);
#4767 = EDGE_CURVE('',#4744,#4688,#4768,.T.);
#4768 = LINE('',#4769,#4770);
#4769 = CARTESIAN_POINT('',(-22.5,-0.5,2.25));
#4770 = VECTOR('',#4771,1.);
#4771 = DIRECTION('',(0.,1.,0.));
#4772 = ORIENTED_EDGE('',*,*,#4687,.F.);
#4773 = ORIENTED_EDGE('',*,*,#1022,.F.);
#4774 = PLANE('',#4775);
#4775 = AXIS2_PLACEMENT_3D('',#4776,#4777,#4778);
#4776 = CARTESIAN_POINT('',(-22.5,-0.5,2.5));
#4777 = DIRECTION('',(1.,0.,0.));
#4778 = DIRECTION('',(0.,1.,0.));
#4779 = ADVANCED_FACE('',(#4780),#4799,.F.);
#4780 = FACE_BOUND('',#4781,.F.);
#4781 = EDGE_LOOP('',(#4782,#4790,#4797,#4798));
#4782 = ORIENTED_EDGE('',*,*,#4783,.T.);
#4783 = EDGE_CURVE('',#1047,#4784,#4786,.T.);
#4784 = VERTEX_POINT('',#4785);
#4785 = CARTESIAN_POINT('',(-24.805,0.,1.5));
#4786 = LINE('',#4787,#4788);
#4787 = CARTESIAN_POINT('',(-24.805,0.,2.5));
#4788 = VECTOR('',#4789,1.);
#4789 = DIRECTION('',(-0.,-0.,-1.));
#4790 = ORIENTED_EDGE('',*,*,#4791,.T.);
#4791 = EDGE_CURVE('',#4784,#4784,#4792,.T.);
#4792 = CIRCLE('',#4793,3.);
#4793 = AXIS2_PLACEMENT_3D('',#4794,#4795,#4796);
#4794 = CARTESIAN_POINT('',(-27.805,0.,1.5));
#4795 = DIRECTION('',(0.,0.,1.));
#4796 = DIRECTION('',(1.,0.,0.));
#4797 = ORIENTED_EDGE('',*,*,#4783,.F.);
#4798 = ORIENTED_EDGE('',*,*,#1046,.F.);
#4799 = CYLINDRICAL_SURFACE('',#4800,3.);
#4800 = AXIS2_PLACEMENT_3D('',#4801,#4802,#4803);
#4801 = CARTESIAN_POINT('',(-27.805,0.,2.5));
#4802 = DIRECTION('',(0.,0.,1.));
#4803 = DIRECTION('',(1.,0.,0.));
#4804 = ADVANCED_FACE('',(#4805),#4823,.T.);
#4805 = FACE_BOUND('',#4806,.T.);
#4806 = EDGE_LOOP('',(#4807,#4808,#4816,#4822));
#4807 = ORIENTED_EDGE('',*,*,#1408,.T.);
#4808 = ORIENTED_EDGE('',*,*,#4809,.T.);
#4809 = EDGE_CURVE('',#1401,#4810,#4812,.T.);
#4810 = VERTEX_POINT('',#4811);
#4811 = CARTESIAN_POINT('',(-35.49,22.8,12.5));
#4812 = LINE('',#4813,#4814);
#4813 = CARTESIAN_POINT('',(-36.49,22.8,12.5));
#4814 = VECTOR('',#4815,1.);
#4815 = DIRECTION('',(1.,0.,0.));
#4816 = ORIENTED_EDGE('',*,*,#4817,.F.);
#4817 = EDGE_CURVE('',#2811,#4810,#4818,.T.);
#4818 = LINE('',#4819,#4820);
#4819 = CARTESIAN_POINT('',(-35.49,22.8,2.5));
#4820 = VECTOR('',#4821,1.);
#4821 = DIRECTION('',(0.,0.,1.));
#4822 = ORIENTED_EDGE('',*,*,#2818,.F.);
#4823 = PLANE('',#4824);
#4824 = AXIS2_PLACEMENT_3D('',#4825,#4826,#4827);
#4825 = CARTESIAN_POINT('',(-36.49,22.8,2.5));
#4826 = DIRECTION('',(0.,1.,0.));
#4827 = DIRECTION('',(1.,0.,0.));
#4828 = ADVANCED_FACE('',(#4829),#4863,.F.);
#4829 = FACE_BOUND('',#4830,.F.);
#4830 = EDGE_LOOP('',(#4831,#4832,#4840,#4848,#4856,#4862));
#4831 = ORIENTED_EDGE('',*,*,#4809,.T.);
#4832 = ORIENTED_EDGE('',*,*,#4833,.T.);
#4833 = EDGE_CURVE('',#4810,#4834,#4836,.T.);
#4834 = VERTEX_POINT('',#4835);
#4835 = CARTESIAN_POINT('',(-35.49,21.8,12.5));
#4836 = LINE('',#4837,#4838);
#4837 = CARTESIAN_POINT('',(-35.49,22.8,12.5));
#4838 = VECTOR('',#4839,1.);
#4839 = DIRECTION('',(0.,-1.,0.));
#4840 = ORIENTED_EDGE('',*,*,#4841,.T.);
#4841 = EDGE_CURVE('',#4834,#4842,#4844,.T.);
#4842 = VERTEX_POINT('',#4843);
#4843 = CARTESIAN_POINT('',(-35.99,21.8,12.5));
#4844 = LINE('',#4845,#4846);
#4845 = CARTESIAN_POINT('',(-35.49,21.8,12.5));
#4846 = VECTOR('',#4847,1.);
#4847 = DIRECTION('',(-1.,0.,0.));
#4848 = ORIENTED_EDGE('',*,*,#4849,.T.);
#4849 = EDGE_CURVE('',#4842,#4850,#4852,.T.);
#4850 = VERTEX_POINT('',#4851);
#4851 = CARTESIAN_POINT('',(-35.99,22.3,12.5));
#4852 = LINE('',#4853,#4854);
#4853 = CARTESIAN_POINT('',(-35.99,21.8,12.5));
#4854 = VECTOR('',#4855,1.);
#4855 = DIRECTION('',(0.,1.,0.));
#4856 = ORIENTED_EDGE('',*,*,#4857,.T.);
#4857 = EDGE_CURVE('',#4850,#1393,#4858,.T.);
#4858 = LINE('',#4859,#4860);
#4859 = CARTESIAN_POINT('',(-35.99,22.3,12.5));
#4860 = VECTOR('',#4861,1.);
#4861 = DIRECTION('',(-1.,0.,0.));
#4862 = ORIENTED_EDGE('',*,*,#1400,.T.);
#4863 = PLANE('',#4864);
#4864 = AXIS2_PLACEMENT_3D('',#4865,#4866,#4867);
#4865 = CARTESIAN_POINT('',(-35.9275,22.3625,12.5));
#4866 = DIRECTION('',(-0.,-0.,-1.));
#4867 = DIRECTION('',(-1.,0.,0.));
#4868 = ADVANCED_FACE('',(#4869),#4880,.T.);
#4869 = FACE_BOUND('',#4870,.T.);
#4870 = EDGE_LOOP('',(#4871,#4877,#4878,#4879));
#4871 = ORIENTED_EDGE('',*,*,#4872,.T.);
#4872 = EDGE_CURVE('',#2787,#4850,#4873,.T.);
#4873 = LINE('',#4874,#4875);
#4874 = CARTESIAN_POINT('',(-35.99,22.3,2.5));
#4875 = VECTOR('',#4876,1.);
#4876 = DIRECTION('',(0.,0.,1.));
#4877 = ORIENTED_EDGE('',*,*,#4857,.T.);
#4878 = ORIENTED_EDGE('',*,*,#1392,.F.);
#4879 = ORIENTED_EDGE('',*,*,#2786,.F.);
#4880 = PLANE('',#4881);
#4881 = AXIS2_PLACEMENT_3D('',#4882,#4883,#4884);
#4882 = CARTESIAN_POINT('',(-35.99,22.3,2.5));
#4883 = DIRECTION('',(0.,-1.,0.));
#4884 = DIRECTION('',(-1.,0.,0.));
#4885 = ADVANCED_FACE('',(#4886),#4920,.F.);
#4886 = FACE_BOUND('',#4887,.F.);
#4887 = EDGE_LOOP('',(#4888,#4898,#4904,#4905,#4906,#4914));
#4888 = ORIENTED_EDGE('',*,*,#4889,.F.);
#4889 = EDGE_CURVE('',#4890,#4892,#4894,.T.);
#4890 = VERTEX_POINT('',#4891);
#4891 = CARTESIAN_POINT('',(-38.99,20.05,9.));
#4892 = VERTEX_POINT('',#4893);
#4893 = CARTESIAN_POINT('',(-38.99,20.8,0.));
#4894 = LINE('',#4895,#4896);
#4895 = CARTESIAN_POINT('',(-38.99,20.05,9.));
#4896 = VECTOR('',#4897,1.);
#4897 = DIRECTION('',(-0.,8.304547985374E-02,-0.996545758245));
#4898 = ORIENTED_EDGE('',*,*,#4899,.T.);
#4899 = EDGE_CURVE('',#4890,#1369,#4900,.T.);
#4900 = LINE('',#4901,#4902);
#4901 = CARTESIAN_POINT('',(-38.99,20.05,9.));
#4902 = VECTOR('',#4903,1.);
#4903 = DIRECTION('',(1.,0.,0.));
#4904 = ORIENTED_EDGE('',*,*,#1376,.F.);
#4905 = ORIENTED_EDGE('',*,*,#2779,.T.);
#4906 = ORIENTED_EDGE('',*,*,#4907,.T.);
#4907 = EDGE_CURVE('',#2772,#4908,#4910,.T.);
#4908 = VERTEX_POINT('',#4909);
#4909 = CARTESIAN_POINT('',(-35.99,20.8,0.));
#4910 = LINE('',#4911,#4912);
#4911 = CARTESIAN_POINT('',(-35.99,20.05,9.));
#4912 = VECTOR('',#4913,1.);
#4913 = DIRECTION('',(-0.,8.304547985374E-02,-0.996545758245));
#4914 = ORIENTED_EDGE('',*,*,#4915,.F.);
#4915 = EDGE_CURVE('',#4892,#4908,#4916,.T.);
#4916 = LINE('',#4917,#4918);
#4917 = CARTESIAN_POINT('',(-38.99,20.8,0.));
#4918 = VECTOR('',#4919,1.);
#4919 = DIRECTION('',(1.,0.,0.));
#4920 = PLANE('',#4921);
#4921 = AXIS2_PLACEMENT_3D('',#4922,#4923,#4924);
#4922 = CARTESIAN_POINT('',(-38.99,20.05,9.));
#4923 = DIRECTION('',(0.,0.996545758245,8.304547985374E-02));
#4924 = DIRECTION('',(0.,8.304547985374E-02,-0.996545758245));
#4925 = ADVANCED_FACE('',(#4926),#4944,.F.);
#4926 = FACE_BOUND('',#4927,.F.);
#4927 = EDGE_LOOP('',(#4928,#4936,#4942,#4943));
#4928 = ORIENTED_EDGE('',*,*,#4929,.F.);
#4929 = EDGE_CURVE('',#4930,#4890,#4932,.T.);
#4930 = VERTEX_POINT('',#4931);
#4931 = CARTESIAN_POINT('',(-38.99,18.55,9.));
#4932 = LINE('',#4933,#4934);
#4933 = CARTESIAN_POINT('',(-38.99,18.55,9.));
#4934 = VECTOR('',#4935,1.);
#4935 = DIRECTION('',(0.,1.,0.));
#4936 = ORIENTED_EDGE('',*,*,#4937,.T.);
#4937 = EDGE_CURVE('',#4930,#1361,#4938,.T.);
#4938 = LINE('',#4939,#4940);
#4939 = CARTESIAN_POINT('',(-38.99,18.55,9.));
#4940 = VECTOR('',#4941,1.);
#4941 = DIRECTION('',(1.,0.,0.));
#4942 = ORIENTED_EDGE('',*,*,#1368,.F.);
#4943 = ORIENTED_EDGE('',*,*,#4899,.F.);
#4944 = PLANE('',#4945);
#4945 = AXIS2_PLACEMENT_3D('',#4946,#4947,#4948);
#4946 = CARTESIAN_POINT('',(-38.99,18.55,9.));
#4947 = DIRECTION('',(0.,0.,1.));
#4948 = DIRECTION('',(0.,1.,0.));
#4949 = ADVANCED_FACE('',(#4950),#4977,.F.);
#4950 = FACE_BOUND('',#4951,.F.);
#4951 = EDGE_LOOP('',(#4952,#4960,#4968,#4974,#4975,#4976));
#4952 = ORIENTED_EDGE('',*,*,#4953,.F.);
#4953 = EDGE_CURVE('',#4954,#4930,#4956,.T.);
#4954 = VERTEX_POINT('',#4955);
#4955 = CARTESIAN_POINT('',(-38.99,17.8,0.));
#4956 = LINE('',#4957,#4958);
#4957 = CARTESIAN_POINT('',(-38.99,17.8,0.));
#4958 = VECTOR('',#4959,1.);
#4959 = DIRECTION('',(0.,8.304547985374E-02,0.996545758245));
#4960 = ORIENTED_EDGE('',*,*,#4961,.T.);
#4961 = EDGE_CURVE('',#4954,#4962,#4964,.T.);
#4962 = VERTEX_POINT('',#4963);
#4963 = CARTESIAN_POINT('',(-35.99,17.8,0.));
#4964 = LINE('',#4965,#4966);
#4965 = CARTESIAN_POINT('',(-38.99,17.8,0.));
#4966 = VECTOR('',#4967,1.);
#4967 = DIRECTION('',(1.,0.,0.));
#4968 = ORIENTED_EDGE('',*,*,#4969,.T.);
#4969 = EDGE_CURVE('',#4962,#2764,#4970,.T.);
#4970 = LINE('',#4971,#4972);
#4971 = CARTESIAN_POINT('',(-35.99,17.8,0.));
#4972 = VECTOR('',#4973,1.);
#4973 = DIRECTION('',(0.,8.304547985374E-02,0.996545758245));
#4974 = ORIENTED_EDGE('',*,*,#2763,.T.);
#4975 = ORIENTED_EDGE('',*,*,#1360,.F.);
#4976 = ORIENTED_EDGE('',*,*,#4937,.F.);
#4977 = PLANE('',#4978);
#4978 = AXIS2_PLACEMENT_3D('',#4979,#4980,#4981);
#4979 = CARTESIAN_POINT('',(-38.99,17.8,0.));
#4980 = DIRECTION('',(0.,-0.996545758245,8.304547985374E-02));
#4981 = DIRECTION('',(0.,8.304547985374E-02,0.996545758245));
#4982 = ADVANCED_FACE('',(#4983),#5001,.T.);
#4983 = FACE_BOUND('',#4984,.T.);
#4984 = EDGE_LOOP('',(#4985,#4986,#4994,#5000));
#4985 = ORIENTED_EDGE('',*,*,#1344,.T.);
#4986 = ORIENTED_EDGE('',*,*,#4987,.T.);
#4987 = EDGE_CURVE('',#1337,#4988,#4990,.T.);
#4988 = VERTEX_POINT('',#4989);
#4989 = CARTESIAN_POINT('',(-35.99,16.3,12.5));
#4990 = LINE('',#4991,#4992);
#4991 = CARTESIAN_POINT('',(-36.49,16.3,12.5));
#4992 = VECTOR('',#4993,1.);
#4993 = DIRECTION('',(1.,0.,0.));
#4994 = ORIENTED_EDGE('',*,*,#4995,.F.);
#4995 = EDGE_CURVE('',#2749,#4988,#4996,.T.);
#4996 = LINE('',#4997,#4998);
#4997 = CARTESIAN_POINT('',(-35.99,16.3,2.5));
#4998 = VECTOR('',#4999,1.);
#4999 = DIRECTION('',(0.,0.,1.));
#5000 = ORIENTED_EDGE('',*,*,#2756,.F.);
#5001 = PLANE('',#5002);
#5002 = AXIS2_PLACEMENT_3D('',#5003,#5004,#5005);
#5003 = CARTESIAN_POINT('',(-36.49,16.3,2.5));
#5004 = DIRECTION('',(0.,1.,0.));
#5005 = DIRECTION('',(1.,0.,0.));
#5006 = ADVANCED_FACE('',(#5007),#5041,.F.);
#5007 = FACE_BOUND('',#5008,.F.);
#5008 = EDGE_LOOP('',(#5009,#5010,#5018,#5026,#5034,#5040));
#5009 = ORIENTED_EDGE('',*,*,#4987,.T.);
#5010 = ORIENTED_EDGE('',*,*,#5011,.T.);
#5011 = EDGE_CURVE('',#4988,#5012,#5014,.T.);
#5012 = VERTEX_POINT('',#5013);
#5013 = CARTESIAN_POINT('',(-35.99,16.8,12.5));
#5014 = LINE('',#5015,#5016);
#5015 = CARTESIAN_POINT('',(-35.99,16.3,12.5));
#5016 = VECTOR('',#5017,1.);
#5017 = DIRECTION('',(0.,1.,0.));
#5018 = ORIENTED_EDGE('',*,*,#5019,.T.);
#5019 = EDGE_CURVE('',#5012,#5020,#5022,.T.);
#5020 = VERTEX_POINT('',#5021);
#5021 = CARTESIAN_POINT('',(-35.49,16.8,12.5));
#5022 = LINE('',#5023,#5024);
#5023 = CARTESIAN_POINT('',(-35.99,16.8,12.5));
#5024 = VECTOR('',#5025,1.);
#5025 = DIRECTION('',(1.,0.,0.));
#5026 = ORIENTED_EDGE('',*,*,#5027,.T.);
#5027 = EDGE_CURVE('',#5020,#5028,#5030,.T.);
#5028 = VERTEX_POINT('',#5029);
#5029 = CARTESIAN_POINT('',(-35.49,15.8,12.5));
#5030 = LINE('',#5031,#5032);
#5031 = CARTESIAN_POINT('',(-35.49,16.8,12.5));
#5032 = VECTOR('',#5033,1.);
#5033 = DIRECTION('',(7.11E-15,-1.,0.));
#5034 = ORIENTED_EDGE('',*,*,#5035,.T.);
#5035 = EDGE_CURVE('',#5028,#1329,#5036,.T.);
#5036 = LINE('',#5037,#5038);
#5037 = CARTESIAN_POINT('',(-35.49,15.8,12.5));
#5038 = VECTOR('',#5039,1.);
#5039 = DIRECTION('',(-1.,0.,0.));
#5040 = ORIENTED_EDGE('',*,*,#1336,.T.);
#5041 = PLANE('',#5042);
#5042 = AXIS2_PLACEMENT_3D('',#5043,#5044,#5045);
#5043 = CARTESIAN_POINT('',(-35.9275,16.2375,12.5));
#5044 = DIRECTION('',(-0.,-0.,-1.));
#5045 = DIRECTION('',(0.,-1.,0.));
#5046 = ADVANCED_FACE('',(#5047),#5058,.T.);
#5047 = FACE_BOUND('',#5048,.T.);
#5048 = EDGE_LOOP('',(#5049,#5055,#5056,#5057));
#5049 = ORIENTED_EDGE('',*,*,#5050,.T.);
#5050 = EDGE_CURVE('',#2725,#5028,#5051,.T.);
#5051 = LINE('',#5052,#5053);
#5052 = CARTESIAN_POINT('',(-35.49,15.8,2.5));
#5053 = VECTOR('',#5054,1.);
#5054 = DIRECTION('',(0.,0.,1.));
#5055 = ORIENTED_EDGE('',*,*,#5035,.T.);
#5056 = ORIENTED_EDGE('',*,*,#1328,.F.);
#5057 = ORIENTED_EDGE('',*,*,#2724,.F.);
#5058 = PLANE('',#5059);
#5059 = AXIS2_PLACEMENT_3D('',#5060,#5061,#5062);
#5060 = CARTESIAN_POINT('',(-35.49,15.8,2.5));
#5061 = DIRECTION('',(0.,-1.,0.));
#5062 = DIRECTION('',(-1.,0.,0.));
#5063 = ADVANCED_FACE('',(#5064),#5072,.F.);
#5064 = FACE_BOUND('',#5065,.F.);
#5065 = EDGE_LOOP('',(#5066,#5067,#5068,#5069,#5070,#5071));
#5066 = ORIENTED_EDGE('',*,*,#4358,.T.);
#5067 = ORIENTED_EDGE('',*,*,#4329,.T.);
#5068 = ORIENTED_EDGE('',*,*,#4288,.T.);
#5069 = ORIENTED_EDGE('',*,*,#4247,.T.);
#5070 = ORIENTED_EDGE('',*,*,#4223,.T.);
#5071 = ORIENTED_EDGE('',*,*,#1302,.T.);
#5072 = PLANE('',#5073);
#5073 = AXIS2_PLACEMENT_3D('',#5074,#5075,#5076);
#5074 = CARTESIAN_POINT('',(-35.9275,3.0625,12.5));
#5075 = DIRECTION('',(-0.,-0.,-1.));
#5076 = DIRECTION('',(-1.,0.,0.));
#5077 = ADVANCED_FACE('',(#5078),#5089,.F.);
#5078 = FACE_BOUND('',#5079,.F.);
#5079 = EDGE_LOOP('',(#5080,#5086,#5087,#5088));
#5080 = ORIENTED_EDGE('',*,*,#5081,.F.);
#5081 = EDGE_CURVE('',#4104,#4183,#5082,.T.);
#5082 = LINE('',#5083,#5084);
#5083 = CARTESIAN_POINT('',(-38.99,-0.75,9.));
#5084 = VECTOR('',#5085,1.);
#5085 = DIRECTION('',(0.,1.,0.));
#5086 = ORIENTED_EDGE('',*,*,#4127,.T.);
#5087 = ORIENTED_EDGE('',*,*,#1279,.F.);
#5088 = ORIENTED_EDGE('',*,*,#4192,.F.);
#5089 = PLANE('',#5090);
#5090 = AXIS2_PLACEMENT_3D('',#5091,#5092,#5093);
#5091 = CARTESIAN_POINT('',(-38.99,-0.75,9.));
#5092 = DIRECTION('',(0.,0.,1.));
#5093 = DIRECTION('',(0.,1.,0.));
#5094 = ADVANCED_FACE('',(#5095),#5103,.F.);
#5095 = FACE_BOUND('',#5096,.F.);
#5096 = EDGE_LOOP('',(#5097,#5098,#5099,#5100,#5101,#5102));
#5097 = ORIENTED_EDGE('',*,*,#4085,.T.);
#5098 = ORIENTED_EDGE('',*,*,#4056,.T.);
#5099 = ORIENTED_EDGE('',*,*,#4015,.T.);
#5100 = ORIENTED_EDGE('',*,*,#3974,.T.);
#5101 = ORIENTED_EDGE('',*,*,#3950,.T.);
#5102 = ORIENTED_EDGE('',*,*,#1256,.F.);
#5103 = PLANE('',#5104);
#5104 = AXIS2_PLACEMENT_3D('',#5105,#5106,#5107);
#5105 = CARTESIAN_POINT('',(-35.9275,-3.0625,12.5));
#5106 = DIRECTION('',(0.,0.,-1.));
#5107 = DIRECTION('',(-1.,0.,0.));
#5108 = ADVANCED_FACE('',(#5109),#5120,.F.);
#5109 = FACE_BOUND('',#5110,.F.);
#5110 = EDGE_LOOP('',(#5111,#5117,#5118,#5119));
#5111 = ORIENTED_EDGE('',*,*,#5112,.F.);
#5112 = EDGE_CURVE('',#2312,#2374,#5113,.T.);
#5113 = LINE('',#5114,#5115);
#5114 = CARTESIAN_POINT('',(-33.49,-10.605,15.54));
#5115 = VECTOR('',#5116,1.);
#5116 = DIRECTION('',(0.,1.,-2.2E-16));
#5117 = ORIENTED_EDGE('',*,*,#2311,.T.);
#5118 = ORIENTED_EDGE('',*,*,#1233,.T.);
#5119 = ORIENTED_EDGE('',*,*,#2373,.T.);
#5120 = PLANE('',#5121);
#5121 = AXIS2_PLACEMENT_3D('',#5122,#5123,#5124);
#5122 = CARTESIAN_POINT('',(-36.49,-29.815,15.54));
#5123 = DIRECTION('',(0.,-2.2E-16,-1.));
#5124 = DIRECTION('',(1.,0.,0.));
#5125 = ADVANCED_FACE('',(#5126),#5144,.T.);
#5126 = FACE_BOUND('',#5127,.T.);
#5127 = EDGE_LOOP('',(#5128,#5129,#5137,#5143));
#5128 = ORIENTED_EDGE('',*,*,#1209,.T.);
#5129 = ORIENTED_EDGE('',*,*,#5130,.T.);
#5130 = EDGE_CURVE('',#1202,#5131,#5133,.T.);
#5131 = VERTEX_POINT('',#5132);
#5132 = CARTESIAN_POINT('',(-35.49,-15.8,12.5));
#5133 = LINE('',#5134,#5135);
#5134 = CARTESIAN_POINT('',(-36.49,-15.8,12.5));
#5135 = VECTOR('',#5136,1.);
#5136 = DIRECTION('',(1.,0.,0.));
#5137 = ORIENTED_EDGE('',*,*,#5138,.F.);
#5138 = EDGE_CURVE('',#1631,#5131,#5139,.T.);
#5139 = LINE('',#5140,#5141);
#5140 = CARTESIAN_POINT('',(-35.49,-15.8,2.5));
#5141 = VECTOR('',#5142,1.);
#5142 = DIRECTION('',(0.,0.,1.));
#5143 = ORIENTED_EDGE('',*,*,#1630,.F.);
#5144 = PLANE('',#5145);
#5145 = AXIS2_PLACEMENT_3D('',#5146,#5147,#5148);
#5146 = CARTESIAN_POINT('',(-36.49,-15.8,2.5));
#5147 = DIRECTION('',(0.,1.,0.));
#5148 = DIRECTION('',(1.,0.,0.));
#5149 = ADVANCED_FACE('',(#5150),#5184,.F.);
#5150 = FACE_BOUND('',#5151,.F.);
#5151 = EDGE_LOOP('',(#5152,#5153,#5161,#5169,#5177,#5183));
#5152 = ORIENTED_EDGE('',*,*,#5130,.T.);
#5153 = ORIENTED_EDGE('',*,*,#5154,.T.);
#5154 = EDGE_CURVE('',#5131,#5155,#5157,.T.);
#5155 = VERTEX_POINT('',#5156);
#5156 = CARTESIAN_POINT('',(-35.49,-16.8,12.5));
#5157 = LINE('',#5158,#5159);
#5158 = CARTESIAN_POINT('',(-35.49,-15.8,12.5));
#5159 = VECTOR('',#5160,1.);
#5160 = DIRECTION('',(0.,-1.,0.));
#5161 = ORIENTED_EDGE('',*,*,#5162,.T.);
#5162 = EDGE_CURVE('',#5155,#5163,#5165,.T.);
#5163 = VERTEX_POINT('',#5164);
#5164 = CARTESIAN_POINT('',(-35.99,-16.8,12.5));
#5165 = LINE('',#5166,#5167);
#5166 = CARTESIAN_POINT('',(-35.49,-16.8,12.5));
#5167 = VECTOR('',#5168,1.);
#5168 = DIRECTION('',(-1.,0.,0.));
#5169 = ORIENTED_EDGE('',*,*,#5170,.T.);
#5170 = EDGE_CURVE('',#5163,#5171,#5173,.T.);
#5171 = VERTEX_POINT('',#5172);
#5172 = CARTESIAN_POINT('',(-35.99,-16.3,12.5));
#5173 = LINE('',#5174,#5175);
#5174 = CARTESIAN_POINT('',(-35.99,-16.8,12.5));
#5175 = VECTOR('',#5176,1.);
#5176 = DIRECTION('',(0.,1.,0.));
#5177 = ORIENTED_EDGE('',*,*,#5178,.T.);
#5178 = EDGE_CURVE('',#5171,#1194,#5179,.T.);
#5179 = LINE('',#5180,#5181);
#5180 = CARTESIAN_POINT('',(-35.99,-16.3,12.5));
#5181 = VECTOR('',#5182,1.);
#5182 = DIRECTION('',(-1.,0.,0.));
#5183 = ORIENTED_EDGE('',*,*,#1201,.T.);
#5184 = PLANE('',#5185);
#5185 = AXIS2_PLACEMENT_3D('',#5186,#5187,#5188);
#5186 = CARTESIAN_POINT('',(-35.9275,-16.2375,12.5));
#5187 = DIRECTION('',(-0.,-0.,-1.));
#5188 = DIRECTION('',(-1.,0.,0.));
#5189 = ADVANCED_FACE('',(#5190),#5201,.T.);
#5190 = FACE_BOUND('',#5191,.T.);
#5191 = EDGE_LOOP('',(#5192,#5198,#5199,#5200));
#5192 = ORIENTED_EDGE('',*,*,#5193,.T.);
#5193 = EDGE_CURVE('',#1655,#5171,#5194,.T.);
#5194 = LINE('',#5195,#5196);
#5195 = CARTESIAN_POINT('',(-35.99,-16.3,2.5));
#5196 = VECTOR('',#5197,1.);
#5197 = DIRECTION('',(0.,0.,1.));
#5198 = ORIENTED_EDGE('',*,*,#5178,.T.);
#5199 = ORIENTED_EDGE('',*,*,#1193,.F.);
#5200 = ORIENTED_EDGE('',*,*,#1662,.F.);
#5201 = PLANE('',#5202);
#5202 = AXIS2_PLACEMENT_3D('',#5203,#5204,#5205);
#5203 = CARTESIAN_POINT('',(-35.99,-16.3,2.5));
#5204 = DIRECTION('',(0.,-1.,0.));
#5205 = DIRECTION('',(-1.,0.,0.));
#5206 = ADVANCED_FACE('',(#5207),#5241,.F.);
#5207 = FACE_BOUND('',#5208,.F.);
#5208 = EDGE_LOOP('',(#5209,#5219,#5225,#5226,#5227,#5235));
#5209 = ORIENTED_EDGE('',*,*,#5210,.F.);
#5210 = EDGE_CURVE('',#5211,#5213,#5215,.T.);
#5211 = VERTEX_POINT('',#5212);
#5212 = CARTESIAN_POINT('',(-38.99,-18.55,9.));
#5213 = VERTEX_POINT('',#5214);
#5214 = CARTESIAN_POINT('',(-38.99,-17.8,0.));
#5215 = LINE('',#5216,#5217);
#5216 = CARTESIAN_POINT('',(-38.99,-18.55,9.));
#5217 = VECTOR('',#5218,1.);
#5218 = DIRECTION('',(-0.,8.304547985374E-02,-0.996545758245));
#5219 = ORIENTED_EDGE('',*,*,#5220,.T.);
#5220 = EDGE_CURVE('',#5211,#1170,#5221,.T.);
#5221 = LINE('',#5222,#5223);
#5222 = CARTESIAN_POINT('',(-38.99,-18.55,9.));
#5223 = VECTOR('',#5224,1.);
#5224 = DIRECTION('',(1.,0.,0.));
#5225 = ORIENTED_EDGE('',*,*,#1177,.F.);
#5226 = ORIENTED_EDGE('',*,*,#1669,.F.);
#5227 = ORIENTED_EDGE('',*,*,#5228,.T.);
#5228 = EDGE_CURVE('',#1670,#5229,#5231,.T.);
#5229 = VERTEX_POINT('',#5230);
#5230 = CARTESIAN_POINT('',(-35.99,-17.8,0.));
#5231 = LINE('',#5232,#5233);
#5232 = CARTESIAN_POINT('',(-35.99,-18.55,9.));
#5233 = VECTOR('',#5234,1.);
#5234 = DIRECTION('',(-0.,8.304547985374E-02,-0.996545758245));
#5235 = ORIENTED_EDGE('',*,*,#5236,.F.);
#5236 = EDGE_CURVE('',#5213,#5229,#5237,.T.);
#5237 = LINE('',#5238,#5239);
#5238 = CARTESIAN_POINT('',(-38.99,-17.8,0.));
#5239 = VECTOR('',#5240,1.);
#5240 = DIRECTION('',(1.,0.,0.));
#5241 = PLANE('',#5242);
#5242 = AXIS2_PLACEMENT_3D('',#5243,#5244,#5245);
#5243 = CARTESIAN_POINT('',(-38.99,-18.55,9.));
#5244 = DIRECTION('',(0.,0.996545758245,8.304547985374E-02));
#5245 = DIRECTION('',(0.,8.304547985374E-02,-0.996545758245));
#5246 = ADVANCED_FACE('',(#5247),#5265,.F.);
#5247 = FACE_BOUND('',#5248,.F.);
#5248 = EDGE_LOOP('',(#5249,#5257,#5263,#5264));
#5249 = ORIENTED_EDGE('',*,*,#5250,.F.);
#5250 = EDGE_CURVE('',#5251,#5211,#5253,.T.);
#5251 = VERTEX_POINT('',#5252);
#5252 = CARTESIAN_POINT('',(-38.99,-20.05,9.));
#5253 = LINE('',#5254,#5255);
#5254 = CARTESIAN_POINT('',(-38.99,-20.05,9.));
#5255 = VECTOR('',#5256,1.);
#5256 = DIRECTION('',(0.,1.,0.));
#5257 = ORIENTED_EDGE('',*,*,#5258,.T.);
#5258 = EDGE_CURVE('',#5251,#1162,#5259,.T.);
#5259 = LINE('',#5260,#5261);
#5260 = CARTESIAN_POINT('',(-38.99,-20.05,9.));
#5261 = VECTOR('',#5262,1.);
#5262 = DIRECTION('',(1.,0.,0.));
#5263 = ORIENTED_EDGE('',*,*,#1169,.F.);
#5264 = ORIENTED_EDGE('',*,*,#5220,.F.);
#5265 = PLANE('',#5266);
#5266 = AXIS2_PLACEMENT_3D('',#5267,#5268,#5269);
#5267 = CARTESIAN_POINT('',(-38.99,-20.05,9.));
#5268 = DIRECTION('',(0.,0.,1.));
#5269 = DIRECTION('',(0.,1.,0.));
#5270 = ADVANCED_FACE('',(#5271),#5298,.F.);
#5271 = FACE_BOUND('',#5272,.F.);
#5272 = EDGE_LOOP('',(#5273,#5281,#5289,#5295,#5296,#5297));
#5273 = ORIENTED_EDGE('',*,*,#5274,.F.);
#5274 = EDGE_CURVE('',#5275,#5251,#5277,.T.);
#5275 = VERTEX_POINT('',#5276);
#5276 = CARTESIAN_POINT('',(-38.99,-20.8,0.));
#5277 = LINE('',#5278,#5279);
#5278 = CARTESIAN_POINT('',(-38.99,-20.8,0.));
#5279 = VECTOR('',#5280,1.);
#5280 = DIRECTION('',(0.,8.304547985374E-02,0.996545758245));
#5281 = ORIENTED_EDGE('',*,*,#5282,.T.);
#5282 = EDGE_CURVE('',#5275,#5283,#5285,.T.);
#5283 = VERTEX_POINT('',#5284);
#5284 = CARTESIAN_POINT('',(-35.99,-20.8,0.));
#5285 = LINE('',#5286,#5287);
#5286 = CARTESIAN_POINT('',(-38.99,-20.8,0.));
#5287 = VECTOR('',#5288,1.);
#5288 = DIRECTION('',(1.,0.,0.));
#5289 = ORIENTED_EDGE('',*,*,#5290,.T.);
#5290 = EDGE_CURVE('',#5283,#1678,#5291,.T.);
#5291 = LINE('',#5292,#5293);
#5292 = CARTESIAN_POINT('',(-35.99,-20.8,0.));
#5293 = VECTOR('',#5294,1.);
#5294 = DIRECTION('',(0.,8.304547985374E-02,0.996545758245));
#5295 = ORIENTED_EDGE('',*,*,#1685,.F.);
#5296 = ORIENTED_EDGE('',*,*,#1161,.F.);
#5297 = ORIENTED_EDGE('',*,*,#5258,.F.);
#5298 = PLANE('',#5299);
#5299 = AXIS2_PLACEMENT_3D('',#5300,#5301,#5302);
#5300 = CARTESIAN_POINT('',(-38.99,-20.8,0.));
#5301 = DIRECTION('',(0.,-0.996545758245,8.304547985374E-02));
#5302 = DIRECTION('',(0.,8.304547985374E-02,0.996545758245));
#5303 = ADVANCED_FACE('',(#5304),#5322,.T.);
#5304 = FACE_BOUND('',#5305,.T.);
#5305 = EDGE_LOOP('',(#5306,#5307,#5315,#5321));
#5306 = ORIENTED_EDGE('',*,*,#1145,.T.);
#5307 = ORIENTED_EDGE('',*,*,#5308,.T.);
#5308 = EDGE_CURVE('',#1138,#5309,#5311,.T.);
#5309 = VERTEX_POINT('',#5310);
#5310 = CARTESIAN_POINT('',(-35.99,-22.3,12.5));
#5311 = LINE('',#5312,#5313);
#5312 = CARTESIAN_POINT('',(-36.49,-22.3,12.5));
#5313 = VECTOR('',#5314,1.);
#5314 = DIRECTION('',(1.,0.,0.));
#5315 = ORIENTED_EDGE('',*,*,#5316,.F.);
#5316 = EDGE_CURVE('',#1693,#5309,#5317,.T.);
#5317 = LINE('',#5318,#5319);
#5318 = CARTESIAN_POINT('',(-35.99,-22.3,2.5));
#5319 = VECTOR('',#5320,1.);
#5320 = DIRECTION('',(0.,0.,1.));
#5321 = ORIENTED_EDGE('',*,*,#1692,.F.);
#5322 = PLANE('',#5323);
#5323 = AXIS2_PLACEMENT_3D('',#5324,#5325,#5326);
#5324 = CARTESIAN_POINT('',(-36.49,-22.3,2.5));
#5325 = DIRECTION('',(0.,1.,0.));
#5326 = DIRECTION('',(1.,0.,0.));
#5327 = ADVANCED_FACE('',(#5328),#5362,.F.);
#5328 = FACE_BOUND('',#5329,.F.);
#5329 = EDGE_LOOP('',(#5330,#5331,#5339,#5347,#5355,#5361));
#5330 = ORIENTED_EDGE('',*,*,#5308,.T.);
#5331 = ORIENTED_EDGE('',*,*,#5332,.T.);
#5332 = EDGE_CURVE('',#5309,#5333,#5335,.T.);
#5333 = VERTEX_POINT('',#5334);
#5334 = CARTESIAN_POINT('',(-35.99,-21.8,12.5));
#5335 = LINE('',#5336,#5337);
#5336 = CARTESIAN_POINT('',(-35.99,-22.3,12.5));
#5337 = VECTOR('',#5338,1.);
#5338 = DIRECTION('',(0.,1.,0.));
#5339 = ORIENTED_EDGE('',*,*,#5340,.T.);
#5340 = EDGE_CURVE('',#5333,#5341,#5343,.T.);
#5341 = VERTEX_POINT('',#5342);
#5342 = CARTESIAN_POINT('',(-35.49,-21.8,12.5));
#5343 = LINE('',#5344,#5345);
#5344 = CARTESIAN_POINT('',(-35.99,-21.8,12.5));
#5345 = VECTOR('',#5346,1.);
#5346 = DIRECTION('',(1.,0.,0.));
#5347 = ORIENTED_EDGE('',*,*,#5348,.T.);
#5348 = EDGE_CURVE('',#5341,#5349,#5351,.T.);
#5349 = VERTEX_POINT('',#5350);
#5350 = CARTESIAN_POINT('',(-35.49,-22.8,12.5));
#5351 = LINE('',#5352,#5353);
#5352 = CARTESIAN_POINT('',(-35.49,-21.8,12.5));
#5353 = VECTOR('',#5354,1.);
#5354 = DIRECTION('',(0.,-1.,0.));
#5355 = ORIENTED_EDGE('',*,*,#5356,.T.);
#5356 = EDGE_CURVE('',#5349,#1130,#5357,.T.);
#5357 = LINE('',#5358,#5359);
#5358 = CARTESIAN_POINT('',(-35.49,-22.8,12.5));
#5359 = VECTOR('',#5360,1.);
#5360 = DIRECTION('',(-1.,0.,0.));
#5361 = ORIENTED_EDGE('',*,*,#1137,.T.);
#5362 = PLANE('',#5363);
#5363 = AXIS2_PLACEMENT_3D('',#5364,#5365,#5366);
#5364 = CARTESIAN_POINT('',(-35.9275,-22.3625,12.5));
#5365 = DIRECTION('',(-0.,-0.,-1.));
#5366 = DIRECTION('',(-1.,0.,0.));
#5367 = ADVANCED_FACE('',(#5368),#5379,.T.);
#5368 = FACE_BOUND('',#5369,.T.);
#5369 = EDGE_LOOP('',(#5370,#5376,#5377,#5378));
#5370 = ORIENTED_EDGE('',*,*,#5371,.T.);
#5371 = EDGE_CURVE('',#1717,#5349,#5372,.T.);
#5372 = LINE('',#5373,#5374);
#5373 = CARTESIAN_POINT('',(-35.49,-22.8,2.5));
#5374 = VECTOR('',#5375,1.);
#5375 = DIRECTION('',(0.,0.,1.));
#5376 = ORIENTED_EDGE('',*,*,#5356,.T.);
#5377 = ORIENTED_EDGE('',*,*,#1129,.F.);
#5378 = ORIENTED_EDGE('',*,*,#1724,.F.);
#5379 = PLANE('',#5380);
#5380 = AXIS2_PLACEMENT_3D('',#5381,#5382,#5383);
#5381 = CARTESIAN_POINT('',(-35.49,-22.8,2.5));
#5382 = DIRECTION('',(0.,-1.,0.));
#5383 = DIRECTION('',(-1.,0.,0.));
#5384 = ADVANCED_FACE('',(#5385),#5396,.F.);
#5385 = FACE_BOUND('',#5386,.F.);
#5386 = EDGE_LOOP('',(#5387,#5388,#5389,#5390));
#5387 = ORIENTED_EDGE('',*,*,#3849,.F.);
#5388 = ORIENTED_EDGE('',*,*,#1105,.T.);
#5389 = ORIENTED_EDGE('',*,*,#1534,.F.);
#5390 = ORIENTED_EDGE('',*,*,#5391,.F.);
#5391 = EDGE_CURVE('',#3842,#1535,#5392,.T.);
#5392 = LINE('',#5393,#5394);
#5393 = CARTESIAN_POINT('',(-26.49,-29.815,15.54));
#5394 = VECTOR('',#5395,1.);
#5395 = DIRECTION('',(0.,1.,-2.2E-16));
#5396 = PLANE('',#5397);
#5397 = AXIS2_PLACEMENT_3D('',#5398,#5399,#5400);
#5398 = CARTESIAN_POINT('',(-36.49,-29.815,15.54));
#5399 = DIRECTION('',(0.,-2.2E-16,-1.));
#5400 = DIRECTION('',(1.,0.,0.));
#5401 = ADVANCED_FACE('',(#5402),#5413,.F.);
#5402 = FACE_BOUND('',#5403,.F.);
#5403 = EDGE_LOOP('',(#5404,#5410,#5411,#5412));
#5404 = ORIENTED_EDGE('',*,*,#5405,.T.);
#5405 = EDGE_CURVE('',#3857,#3550,#5406,.T.);
#5406 = LINE('',#5407,#5408);
#5407 = CARTESIAN_POINT('',(-38.99,-29.815,21.54));
#5408 = VECTOR('',#5409,1.);
#5409 = DIRECTION('',(0.,1.,0.));
#5410 = ORIENTED_EDGE('',*,*,#3557,.T.);
#5411 = ORIENTED_EDGE('',*,*,#1089,.F.);
#5412 = ORIENTED_EDGE('',*,*,#3856,.T.);
#5413 = PLANE('',#5414);
#5414 = AXIS2_PLACEMENT_3D('',#5415,#5416,#5417);
#5415 = CARTESIAN_POINT('',(-1.65E-15,0.,21.54));
#5416 = DIRECTION('',(-0.,-0.,-1.));
#5417 = DIRECTION('',(-1.,0.,0.));
#5418 = ADVANCED_FACE('',(#5419),#5430,.F.);
#5419 = FACE_BOUND('',#5420,.F.);
#5420 = EDGE_LOOP('',(#5421,#5422,#5423,#5424));
#5421 = ORIENTED_EDGE('',*,*,#3370,.F.);
#5422 = ORIENTED_EDGE('',*,*,#1073,.T.);
#5423 = ORIENTED_EDGE('',*,*,#3564,.F.);
#5424 = ORIENTED_EDGE('',*,*,#5425,.F.);
#5425 = EDGE_CURVE('',#3371,#3565,#5426,.T.);
#5426 = LINE('',#5427,#5428);
#5427 = CARTESIAN_POINT('',(-26.49,-29.815,15.54));
#5428 = VECTOR('',#5429,1.);
#5429 = DIRECTION('',(0.,1.,-2.2E-16));
#5430 = PLANE('',#5431);
#5431 = AXIS2_PLACEMENT_3D('',#5432,#5433,#5434);
#5432 = CARTESIAN_POINT('',(-36.49,-29.815,15.54));
#5433 = DIRECTION('',(0.,-2.2E-16,-1.));
#5434 = DIRECTION('',(1.,0.,0.));
#5435 = ADVANCED_FACE('',(#5436),#5447,.F.);
#5436 = FACE_BOUND('',#5437,.F.);
#5437 = EDGE_LOOP('',(#5438,#5439,#5445,#5446));
#5438 = ORIENTED_EDGE('',*,*,#3775,.F.);
#5439 = ORIENTED_EDGE('',*,*,#5440,.T.);
#5440 = EDGE_CURVE('',#3776,#1601,#5441,.T.);
#5441 = LINE('',#5442,#5443);
#5442 = CARTESIAN_POINT('',(22.49,-29.815,11.54));
#5443 = VECTOR('',#5444,1.);
#5444 = DIRECTION('',(0.,1.,-2.2E-16));
#5445 = ORIENTED_EDGE('',*,*,#1608,.F.);
#5446 = ORIENTED_EDGE('',*,*,#1438,.F.);
#5447 = PLANE('',#5448);
#5448 = AXIS2_PLACEMENT_3D('',#5449,#5450,#5451);
#5449 = CARTESIAN_POINT('',(22.49,-29.815,11.54));
#5450 = DIRECTION('',(0.707106781187,-1.6E-16,-0.707106781187));
#5451 = DIRECTION('',(0.707106781187,1.6E-16,0.707106781187));
#5452 = ADVANCED_FACE('',(#5453),#5464,.F.);
#5453 = FACE_BOUND('',#5454,.F.);
#5454 = EDGE_LOOP('',(#5455,#5456,#5462,#5463));
#5455 = ORIENTED_EDGE('',*,*,#3783,.F.);
#5456 = ORIENTED_EDGE('',*,*,#5457,.T.);
#5457 = EDGE_CURVE('',#3784,#1592,#5458,.T.);
#5458 = LINE('',#5459,#5460);
#5459 = CARTESIAN_POINT('',(14.,-29.815,11.54));
#5460 = VECTOR('',#5461,1.);
#5461 = DIRECTION('',(0.,1.,-2.2E-16));
#5462 = ORIENTED_EDGE('',*,*,#1600,.F.);
#5463 = ORIENTED_EDGE('',*,*,#5440,.F.);
#5464 = PLANE('',#5465);
#5465 = AXIS2_PLACEMENT_3D('',#5466,#5467,#5468);
#5466 = CARTESIAN_POINT('',(14.,-29.815,11.54));
#5467 = DIRECTION('',(0.,-2.2E-16,-1.));
#5468 = DIRECTION('',(1.,0.,0.));
#5469 = ADVANCED_FACE('',(#5470),#5481,.T.);
#5470 = FACE_BOUND('',#5471,.T.);
#5471 = EDGE_LOOP('',(#5472,#5473,#5474,#5475));
#5472 = ORIENTED_EDGE('',*,*,#3791,.F.);
#5473 = ORIENTED_EDGE('',*,*,#5457,.T.);
#5474 = ORIENTED_EDGE('',*,*,#1591,.T.);
#5475 = ORIENTED_EDGE('',*,*,#5476,.F.);
#5476 = EDGE_CURVE('',#3792,#1584,#5477,.T.);
#5477 = LINE('',#5478,#5479);
#5478 = CARTESIAN_POINT('',(11.,-29.815,8.54));
#5479 = VECTOR('',#5480,1.);
#5480 = DIRECTION('',(0.,1.,-2.2E-16));
#5481 = CYLINDRICAL_SURFACE('',#5482,3.);
#5482 = AXIS2_PLACEMENT_3D('',#5483,#5484,#5485);
#5483 = CARTESIAN_POINT('',(14.,-29.815,8.54));
#5484 = DIRECTION('',(0.,-1.,2.2E-16));
#5485 = DIRECTION('',(1.,0.,0.));
#5486 = ADVANCED_FACE('',(#5487),#5498,.F.);
#5487 = FACE_BOUND('',#5488,.F.);
#5488 = EDGE_LOOP('',(#5489,#5490,#5496,#5497));
#5489 = ORIENTED_EDGE('',*,*,#3800,.F.);
#5490 = ORIENTED_EDGE('',*,*,#5491,.T.);
#5491 = EDGE_CURVE('',#3801,#1576,#5492,.T.);
#5492 = LINE('',#5493,#5494);
#5493 = CARTESIAN_POINT('',(11.,-29.815,6.));
#5494 = VECTOR('',#5495,1.);
#5495 = DIRECTION('',(0.,1.,-2.2E-16));
#5496 = ORIENTED_EDGE('',*,*,#1583,.F.);
#5497 = ORIENTED_EDGE('',*,*,#5476,.F.);
#5498 = PLANE('',#5499);
#5499 = AXIS2_PLACEMENT_3D('',#5500,#5501,#5502);
#5500 = CARTESIAN_POINT('',(11.,-29.815,6.));
#5501 = DIRECTION('',(1.,0.,0.));
#5502 = DIRECTION('',(0.,2.2E-16,1.));
#5503 = ADVANCED_FACE('',(#5504),#5515,.F.);
#5504 = FACE_BOUND('',#5505,.F.);
#5505 = EDGE_LOOP('',(#5506,#5507,#5513,#5514));
#5506 = ORIENTED_EDGE('',*,*,#3808,.F.);
#5507 = ORIENTED_EDGE('',*,*,#5508,.T.);
#5508 = EDGE_CURVE('',#3809,#1568,#5509,.T.);
#5509 = LINE('',#5510,#5511);
#5510 = CARTESIAN_POINT('',(-11.,-29.815,6.));
#5511 = VECTOR('',#5512,1.);
#5512 = DIRECTION('',(0.,1.,-2.2E-16));
#5513 = ORIENTED_EDGE('',*,*,#1575,.F.);
#5514 = ORIENTED_EDGE('',*,*,#5491,.F.);
#5515 = PLANE('',#5516);
#5516 = AXIS2_PLACEMENT_3D('',#5517,#5518,#5519);
#5517 = CARTESIAN_POINT('',(-11.,-29.815,6.));
#5518 = DIRECTION('',(0.,-2.2E-16,-1.));
#5519 = DIRECTION('',(1.,0.,0.));
#5520 = ADVANCED_FACE('',(#5521),#5532,.F.);
#5521 = FACE_BOUND('',#5522,.F.);
#5522 = EDGE_LOOP('',(#5523,#5524,#5530,#5531));
#5523 = ORIENTED_EDGE('',*,*,#3816,.F.);
#5524 = ORIENTED_EDGE('',*,*,#5525,.T.);
#5525 = EDGE_CURVE('',#3817,#1559,#5526,.T.);
#5526 = LINE('',#5527,#5528);
#5527 = CARTESIAN_POINT('',(-11.,-29.815,8.54));
#5528 = VECTOR('',#5529,1.);
#5529 = DIRECTION('',(0.,1.,-2.2E-16));
#5530 = ORIENTED_EDGE('',*,*,#1567,.F.);
#5531 = ORIENTED_EDGE('',*,*,#5508,.F.);
#5532 = PLANE('',#5533);
#5533 = AXIS2_PLACEMENT_3D('',#5534,#5535,#5536);
#5534 = CARTESIAN_POINT('',(-11.,-29.815,8.54));
#5535 = DIRECTION('',(-1.,0.,0.));
#5536 = DIRECTION('',(-0.,-2.2E-16,-1.));
#5537 = ADVANCED_FACE('',(#5538),#5549,.T.);
#5538 = FACE_BOUND('',#5539,.T.);
#5539 = EDGE_LOOP('',(#5540,#5541,#5542,#5543));
#5540 = ORIENTED_EDGE('',*,*,#3824,.F.);
#5541 = ORIENTED_EDGE('',*,*,#5525,.T.);
#5542 = ORIENTED_EDGE('',*,*,#1558,.T.);
#5543 = ORIENTED_EDGE('',*,*,#5544,.F.);
#5544 = EDGE_CURVE('',#3825,#1551,#5545,.T.);
#5545 = LINE('',#5546,#5547);
#5546 = CARTESIAN_POINT('',(-14.,-29.815,11.54));
#5547 = VECTOR('',#5548,1.);
#5548 = DIRECTION('',(0.,1.,-2.2E-16));
#5549 = CYLINDRICAL_SURFACE('',#5550,3.);
#5550 = AXIS2_PLACEMENT_3D('',#5551,#5552,#5553);
#5551 = CARTESIAN_POINT('',(-14.,-29.815,8.54));
#5552 = DIRECTION('',(0.,-1.,2.2E-16));
#5553 = DIRECTION('',(1.,0.,0.));
#5554 = ADVANCED_FACE('',(#5555),#5566,.F.);
#5555 = FACE_BOUND('',#5556,.F.);
#5556 = EDGE_LOOP('',(#5557,#5558,#5564,#5565));
#5557 = ORIENTED_EDGE('',*,*,#3833,.F.);
#5558 = ORIENTED_EDGE('',*,*,#5559,.T.);
#5559 = EDGE_CURVE('',#3834,#1543,#5560,.T.);
#5560 = LINE('',#5561,#5562);
#5561 = CARTESIAN_POINT('',(-22.49,-29.815,11.54));
#5562 = VECTOR('',#5563,1.);
#5563 = DIRECTION('',(0.,1.,-2.2E-16));
#5564 = ORIENTED_EDGE('',*,*,#1550,.F.);
#5565 = ORIENTED_EDGE('',*,*,#5544,.F.);
#5566 = PLANE('',#5567);
#5567 = AXIS2_PLACEMENT_3D('',#5568,#5569,#5570);
#5568 = CARTESIAN_POINT('',(-22.49,-29.815,11.54));
#5569 = DIRECTION('',(0.,-2.2E-16,-1.));
#5570 = DIRECTION('',(1.,0.,0.));
#5571 = ADVANCED_FACE('',(#5572),#5578,.F.);
#5572 = FACE_BOUND('',#5573,.F.);
#5573 = EDGE_LOOP('',(#5574,#5575,#5576,#5577));
#5574 = ORIENTED_EDGE('',*,*,#3841,.F.);
#5575 = ORIENTED_EDGE('',*,*,#5391,.T.);
#5576 = ORIENTED_EDGE('',*,*,#1542,.F.);
#5577 = ORIENTED_EDGE('',*,*,#5559,.F.);
#5578 = PLANE('',#5579);
#5579 = AXIS2_PLACEMENT_3D('',#5580,#5581,#5582);
#5580 = CARTESIAN_POINT('',(-26.49,-29.815,15.54));
#5581 = DIRECTION('',(-0.707106781187,-1.6E-16,-0.707106781187));
#5582 = DIRECTION('',(0.707106781187,-1.6E-16,-0.707106781187));
#5583 = ADVANCED_FACE('',(#5584),#5609,.F.);
#5584 = FACE_BOUND('',#5585,.F.);
#5585 = EDGE_LOOP('',(#5586,#5587,#5593,#5594,#5595,#5603));
#5586 = ORIENTED_EDGE('',*,*,#3880,.F.);
#5587 = ORIENTED_EDGE('',*,*,#5588,.T.);
#5588 = EDGE_CURVE('',#3881,#1512,#5589,.T.);
#5589 = LINE('',#5590,#5591);
#5590 = CARTESIAN_POINT('',(-7.5,-29.815,3.));
#5591 = VECTOR('',#5592,1.);
#5592 = DIRECTION('',(0.,1.,-2.2E-16));
#5593 = ORIENTED_EDGE('',*,*,#1519,.F.);
#5594 = ORIENTED_EDGE('',*,*,#1732,.F.);
#5595 = ORIENTED_EDGE('',*,*,#5596,.T.);
#5596 = EDGE_CURVE('',#1733,#5597,#5599,.T.);
#5597 = VERTEX_POINT('',#5598);
#5598 = CARTESIAN_POINT('',(-7.5,-24.815,-1.E-15));
#5599 = LINE('',#5600,#5601);
#5600 = CARTESIAN_POINT('',(-7.5,-24.815,3.));
#5601 = VECTOR('',#5602,1.);
#5602 = DIRECTION('',(0.,0.,-1.));
#5603 = ORIENTED_EDGE('',*,*,#5604,.F.);
#5604 = EDGE_CURVE('',#3873,#5597,#5605,.T.);
#5605 = LINE('',#5606,#5607);
#5606 = CARTESIAN_POINT('',(-7.5,-29.815,0.));
#5607 = VECTOR('',#5608,1.);
#5608 = DIRECTION('',(0.,1.,-2.2E-16));
#5609 = PLANE('',#5610);
#5610 = AXIS2_PLACEMENT_3D('',#5611,#5612,#5613);
#5611 = CARTESIAN_POINT('',(-7.5,-29.815,3.));
#5612 = DIRECTION('',(-1.,0.,0.));
#5613 = DIRECTION('',(-0.,-2.2E-16,-1.));
#5614 = ADVANCED_FACE('',(#5615),#5626,.F.);
#5615 = FACE_BOUND('',#5616,.F.);
#5616 = EDGE_LOOP('',(#5617,#5618,#5624,#5625));
#5617 = ORIENTED_EDGE('',*,*,#3888,.F.);
#5618 = ORIENTED_EDGE('',*,*,#5619,.T.);
#5619 = EDGE_CURVE('',#3889,#1504,#5620,.T.);
#5620 = LINE('',#5621,#5622);
#5621 = CARTESIAN_POINT('',(-2.5,-29.815,3.));
#5622 = VECTOR('',#5623,1.);
#5623 = DIRECTION('',(0.,1.,-2.2E-16));
#5624 = ORIENTED_EDGE('',*,*,#1511,.F.);
#5625 = ORIENTED_EDGE('',*,*,#5588,.F.);
#5626 = PLANE('',#5627);
#5627 = AXIS2_PLACEMENT_3D('',#5628,#5629,#5630);
#5628 = CARTESIAN_POINT('',(-2.5,-29.815,3.));
#5629 = DIRECTION('',(0.,2.2E-16,1.));
#5630 = DIRECTION('',(-1.,0.,0.));
#5631 = ADVANCED_FACE('',(#5632),#5652,.F.);
#5632 = FACE_BOUND('',#5633,.F.);
#5633 = EDGE_LOOP('',(#5634,#5635,#5643,#5649,#5650,#5651));
#5634 = ORIENTED_EDGE('',*,*,#3896,.F.);
#5635 = ORIENTED_EDGE('',*,*,#5636,.T.);
#5636 = EDGE_CURVE('',#3897,#5637,#5639,.T.);
#5637 = VERTEX_POINT('',#5638);
#5638 = CARTESIAN_POINT('',(-2.5,-24.815,-1.E-15));
#5639 = LINE('',#5640,#5641);
#5640 = CARTESIAN_POINT('',(-2.5,-29.815,0.));
#5641 = VECTOR('',#5642,1.);
#5642 = DIRECTION('',(0.,1.,-2.2E-16));
#5643 = ORIENTED_EDGE('',*,*,#5644,.T.);
#5644 = EDGE_CURVE('',#5637,#1741,#5645,.T.);
#5645 = LINE('',#5646,#5647);
#5646 = CARTESIAN_POINT('',(-2.5,-24.815,-1.E-15));
#5647 = VECTOR('',#5648,1.);
#5648 = DIRECTION('',(0.,0.,1.));
#5649 = ORIENTED_EDGE('',*,*,#1748,.F.);
#5650 = ORIENTED_EDGE('',*,*,#1503,.F.);
#5651 = ORIENTED_EDGE('',*,*,#5619,.F.);
#5652 = PLANE('',#5653);
#5653 = AXIS2_PLACEMENT_3D('',#5654,#5655,#5656);
#5654 = CARTESIAN_POINT('',(-2.5,-29.815,0.));
#5655 = DIRECTION('',(1.,0.,0.));
#5656 = DIRECTION('',(0.,2.2E-16,1.));
#5657 = ADVANCED_FACE('',(#5658),#5683,.F.);
#5658 = FACE_BOUND('',#5659,.F.);
#5659 = EDGE_LOOP('',(#5660,#5661,#5667,#5668,#5669,#5677));
#5660 = ORIENTED_EDGE('',*,*,#3912,.F.);
#5661 = ORIENTED_EDGE('',*,*,#5662,.T.);
#5662 = EDGE_CURVE('',#3913,#1480,#5663,.T.);
#5663 = LINE('',#5664,#5665);
#5664 = CARTESIAN_POINT('',(2.5,-29.815,3.));
#5665 = VECTOR('',#5666,1.);
#5666 = DIRECTION('',(0.,1.,-2.2E-16));
#5667 = ORIENTED_EDGE('',*,*,#1487,.F.);
#5668 = ORIENTED_EDGE('',*,*,#1755,.F.);
#5669 = ORIENTED_EDGE('',*,*,#5670,.T.);
#5670 = EDGE_CURVE('',#1756,#5671,#5673,.T.);
#5671 = VERTEX_POINT('',#5672);
#5672 = CARTESIAN_POINT('',(2.5,-24.815,-1.E-15));
#5673 = LINE('',#5674,#5675);
#5674 = CARTESIAN_POINT('',(2.5,-24.815,3.));
#5675 = VECTOR('',#5676,1.);
#5676 = DIRECTION('',(0.,0.,-1.));
#5677 = ORIENTED_EDGE('',*,*,#5678,.F.);
#5678 = EDGE_CURVE('',#3905,#5671,#5679,.T.);
#5679 = LINE('',#5680,#5681);
#5680 = CARTESIAN_POINT('',(2.5,-29.815,0.));
#5681 = VECTOR('',#5682,1.);
#5682 = DIRECTION('',(0.,1.,-2.2E-16));
#5683 = PLANE('',#5684);
#5684 = AXIS2_PLACEMENT_3D('',#5685,#5686,#5687);
#5685 = CARTESIAN_POINT('',(2.5,-29.815,3.));
#5686 = DIRECTION('',(-1.,0.,0.));
#5687 = DIRECTION('',(-0.,-2.2E-16,-1.));
#5688 = ADVANCED_FACE('',(#5689),#5700,.F.);
#5689 = FACE_BOUND('',#5690,.F.);
#5690 = EDGE_LOOP('',(#5691,#5692,#5698,#5699));
#5691 = ORIENTED_EDGE('',*,*,#3920,.F.);
#5692 = ORIENTED_EDGE('',*,*,#5693,.T.);
#5693 = EDGE_CURVE('',#3921,#1472,#5694,.T.);
#5694 = LINE('',#5695,#5696);
#5695 = CARTESIAN_POINT('',(7.5,-29.815,3.));
#5696 = VECTOR('',#5697,1.);
#5697 = DIRECTION('',(0.,1.,-2.2E-16));
#5698 = ORIENTED_EDGE('',*,*,#1479,.F.);
#5699 = ORIENTED_EDGE('',*,*,#5662,.F.);
#5700 = PLANE('',#5701);
#5701 = AXIS2_PLACEMENT_3D('',#5702,#5703,#5704);
#5702 = CARTESIAN_POINT('',(7.5,-29.815,3.));
#5703 = DIRECTION('',(0.,2.2E-16,1.));
#5704 = DIRECTION('',(-1.,0.,0.));
#5705 = ADVANCED_FACE('',(#5706),#5726,.F.);
#5706 = FACE_BOUND('',#5707,.F.);
#5707 = EDGE_LOOP('',(#5708,#5709,#5717,#5723,#5724,#5725));
#5708 = ORIENTED_EDGE('',*,*,#3928,.F.);
#5709 = ORIENTED_EDGE('',*,*,#5710,.T.);
#5710 = EDGE_CURVE('',#3759,#5711,#5713,.T.);
#5711 = VERTEX_POINT('',#5712);
#5712 = CARTESIAN_POINT('',(7.5,-24.815,-1.E-15));
#5713 = LINE('',#5714,#5715);
#5714 = CARTESIAN_POINT('',(7.5,-29.815,0.));
#5715 = VECTOR('',#5716,1.);
#5716 = DIRECTION('',(0.,1.,-2.2E-16));
#5717 = ORIENTED_EDGE('',*,*,#5718,.T.);
#5718 = EDGE_CURVE('',#5711,#1764,#5719,.T.);
#5719 = LINE('',#5720,#5721);
#5720 = CARTESIAN_POINT('',(7.5,-24.815,-1.E-15));
#5721 = VECTOR('',#5722,1.);
#5722 = DIRECTION('',(0.,0.,1.));
#5723 = ORIENTED_EDGE('',*,*,#1771,.F.);
#5724 = ORIENTED_EDGE('',*,*,#1471,.F.);
#5725 = ORIENTED_EDGE('',*,*,#5693,.F.);
#5726 = PLANE('',#5727);
#5727 = AXIS2_PLACEMENT_3D('',#5728,#5729,#5730);
#5728 = CARTESIAN_POINT('',(7.5,-29.815,0.));
#5729 = DIRECTION('',(1.,0.,0.));
#5730 = DIRECTION('',(0.,2.2E-16,1.));
#5731 = ADVANCED_FACE('',(#5732),#5743,.F.);
#5732 = FACE_BOUND('',#5733,.F.);
#5733 = EDGE_LOOP('',(#5734,#5735,#5736,#5742));
#5734 = ORIENTED_EDGE('',*,*,#2285,.T.);
#5735 = ORIENTED_EDGE('',*,*,#2251,.T.);
#5736 = ORIENTED_EDGE('',*,*,#5737,.F.);
#5737 = EDGE_CURVE('',#1858,#2252,#5738,.T.);
#5738 = LINE('',#5739,#5740);
#5739 = CARTESIAN_POINT('',(35.49,-16.8,2.5));
#5740 = VECTOR('',#5741,1.);
#5741 = DIRECTION('',(0.,0.,1.));
#5742 = ORIENTED_EDGE('',*,*,#1865,.F.);
#5743 = PLANE('',#5744);
#5744 = AXIS2_PLACEMENT_3D('',#5745,#5746,#5747);
#5745 = CARTESIAN_POINT('',(35.49,-15.8,2.5));
#5746 = DIRECTION('',(1.,0.,0.));
#5747 = DIRECTION('',(0.,-1.,0.));
#5748 = ADVANCED_FACE('',(#5749),#5760,.F.);
#5749 = FACE_BOUND('',#5750,.F.);
#5750 = EDGE_LOOP('',(#5751,#5752,#5753,#5759));
#5751 = ORIENTED_EDGE('',*,*,#5737,.T.);
#5752 = ORIENTED_EDGE('',*,*,#2259,.T.);
#5753 = ORIENTED_EDGE('',*,*,#5754,.F.);
#5754 = EDGE_CURVE('',#1850,#2260,#5755,.T.);
#5755 = LINE('',#5756,#5757);
#5756 = CARTESIAN_POINT('',(35.99,-16.8,2.5));
#5757 = VECTOR('',#5758,1.);
#5758 = DIRECTION('',(0.,0.,1.));
#5759 = ORIENTED_EDGE('',*,*,#1857,.F.);
#5760 = PLANE('',#5761);
#5761 = AXIS2_PLACEMENT_3D('',#5762,#5763,#5764);
#5762 = CARTESIAN_POINT('',(35.49,-16.8,2.5));
#5763 = DIRECTION('',(0.,1.,0.));
#5764 = DIRECTION('',(1.,0.,0.));
#5765 = ADVANCED_FACE('',(#5766),#5777,.T.);
#5766 = FACE_BOUND('',#5767,.T.);
#5767 = EDGE_LOOP('',(#5768,#5769,#5770,#5776));
#5768 = ORIENTED_EDGE('',*,*,#5138,.T.);
#5769 = ORIENTED_EDGE('',*,*,#5154,.T.);
#5770 = ORIENTED_EDGE('',*,*,#5771,.F.);
#5771 = EDGE_CURVE('',#1639,#5155,#5772,.T.);
#5772 = LINE('',#5773,#5774);
#5773 = CARTESIAN_POINT('',(-35.49,-16.8,2.5));
#5774 = VECTOR('',#5775,1.);
#5775 = DIRECTION('',(0.,0.,1.));
#5776 = ORIENTED_EDGE('',*,*,#1638,.F.);
#5777 = PLANE('',#5778);
#5778 = AXIS2_PLACEMENT_3D('',#5779,#5780,#5781);
#5779 = CARTESIAN_POINT('',(-35.49,-15.8,2.5));
#5780 = DIRECTION('',(1.,0.,0.));
#5781 = DIRECTION('',(0.,-1.,0.));
#5782 = ADVANCED_FACE('',(#5783),#5789,.F.);
#5783 = FACE_BOUND('',#5784,.F.);
#5784 = EDGE_LOOP('',(#5785,#5786,#5787,#5788));
#5785 = ORIENTED_EDGE('',*,*,#5754,.T.);
#5786 = ORIENTED_EDGE('',*,*,#2267,.T.);
#5787 = ORIENTED_EDGE('',*,*,#2219,.F.);
#5788 = ORIENTED_EDGE('',*,*,#1849,.F.);
#5789 = PLANE('',#5790);
#5790 = AXIS2_PLACEMENT_3D('',#5791,#5792,#5793);
#5791 = CARTESIAN_POINT('',(35.99,-16.8,2.5));
#5792 = DIRECTION('',(-1.,0.,0.));
#5793 = DIRECTION('',(0.,1.,0.));
#5794 = ADVANCED_FACE('',(#5795),#5806,.T.);
#5795 = FACE_BOUND('',#5796,.T.);
#5796 = EDGE_LOOP('',(#5797,#5798,#5799,#5805));
#5797 = ORIENTED_EDGE('',*,*,#5771,.T.);
#5798 = ORIENTED_EDGE('',*,*,#5162,.T.);
#5799 = ORIENTED_EDGE('',*,*,#5800,.F.);
#5800 = EDGE_CURVE('',#1647,#5163,#5801,.T.);
#5801 = LINE('',#5802,#5803);
#5802 = CARTESIAN_POINT('',(-35.99,-16.8,2.5));
#5803 = VECTOR('',#5804,1.);
#5804 = DIRECTION('',(0.,0.,1.));
#5805 = ORIENTED_EDGE('',*,*,#1646,.F.);
#5806 = PLANE('',#5807);
#5807 = AXIS2_PLACEMENT_3D('',#5808,#5809,#5810);
#5808 = CARTESIAN_POINT('',(-35.49,-16.8,2.5));
#5809 = DIRECTION('',(0.,-1.,0.));
#5810 = DIRECTION('',(-1.,0.,0.));
#5811 = ADVANCED_FACE('',(#5812),#5818,.T.);
#5812 = FACE_BOUND('',#5813,.T.);
#5813 = EDGE_LOOP('',(#5814,#5815,#5816,#5817));
#5814 = ORIENTED_EDGE('',*,*,#5800,.T.);
#5815 = ORIENTED_EDGE('',*,*,#5170,.T.);
#5816 = ORIENTED_EDGE('',*,*,#5193,.F.);
#5817 = ORIENTED_EDGE('',*,*,#1654,.F.);
#5818 = PLANE('',#5819);
#5819 = AXIS2_PLACEMENT_3D('',#5820,#5821,#5822);
#5820 = CARTESIAN_POINT('',(-35.99,-16.8,2.5));
#5821 = DIRECTION('',(-1.,0.,0.));
#5822 = DIRECTION('',(0.,1.,0.));
#5823 = ADVANCED_FACE('',(#5824),#5835,.F.);
#5824 = FACE_BOUND('',#5825,.F.);
#5825 = EDGE_LOOP('',(#5826,#5827,#5828,#5829));
#5826 = ORIENTED_EDGE('',*,*,#2140,.T.);
#5827 = ORIENTED_EDGE('',*,*,#1826,.F.);
#5828 = ORIENTED_EDGE('',*,*,#2197,.T.);
#5829 = ORIENTED_EDGE('',*,*,#5830,.T.);
#5830 = EDGE_CURVE('',#2198,#2133,#5831,.T.);
#5831 = LINE('',#5832,#5833);
#5832 = CARTESIAN_POINT('',(35.99,-17.8,0.));
#5833 = VECTOR('',#5834,1.);
#5834 = DIRECTION('',(0.,-1.,0.));
#5835 = PLANE('',#5836);
#5836 = AXIS2_PLACEMENT_3D('',#5837,#5838,#5839);
#5837 = CARTESIAN_POINT('',(35.99,-19.3,4.200829591143));
#5838 = DIRECTION('',(-1.,-0.,-0.));
#5839 = DIRECTION('',(0.,0.,-1.));
#5840 = ADVANCED_FACE('',(#5841),#5852,.T.);
#5841 = FACE_BOUND('',#5842,.T.);
#5842 = EDGE_LOOP('',(#5843,#5844,#5850,#5851));
#5843 = ORIENTED_EDGE('',*,*,#5228,.T.);
#5844 = ORIENTED_EDGE('',*,*,#5845,.T.);
#5845 = EDGE_CURVE('',#5229,#5283,#5846,.T.);
#5846 = LINE('',#5847,#5848);
#5847 = CARTESIAN_POINT('',(-35.99,-17.8,0.));
#5848 = VECTOR('',#5849,1.);
#5849 = DIRECTION('',(0.,-1.,0.));
#5850 = ORIENTED_EDGE('',*,*,#5290,.T.);
#5851 = ORIENTED_EDGE('',*,*,#1677,.F.);
#5852 = PLANE('',#5853);
#5853 = AXIS2_PLACEMENT_3D('',#5854,#5855,#5856);
#5854 = CARTESIAN_POINT('',(-35.99,-19.3,4.200829591143));
#5855 = DIRECTION('',(-1.,-0.,-0.));
#5856 = DIRECTION('',(0.,0.,-1.));
#5857 = ADVANCED_FACE('',(#5858),#5869,.F.);
#5858 = FACE_BOUND('',#5859,.F.);
#5859 = EDGE_LOOP('',(#5860,#5861,#5862,#5868));
#5860 = ORIENTED_EDGE('',*,*,#2107,.T.);
#5861 = ORIENTED_EDGE('',*,*,#2073,.T.);
#5862 = ORIENTED_EDGE('',*,*,#5863,.F.);
#5863 = EDGE_CURVE('',#1796,#2074,#5864,.T.);
#5864 = LINE('',#5865,#5866);
#5865 = CARTESIAN_POINT('',(35.99,-21.8,2.5));
#5866 = VECTOR('',#5867,1.);
#5867 = DIRECTION('',(0.,0.,1.));
#5868 = ORIENTED_EDGE('',*,*,#1803,.F.);
#5869 = PLANE('',#5870);
#5870 = AXIS2_PLACEMENT_3D('',#5871,#5872,#5873);
#5871 = CARTESIAN_POINT('',(35.99,-22.3,2.5));
#5872 = DIRECTION('',(-1.,0.,0.));
#5873 = DIRECTION('',(0.,1.,0.));
#5874 = ADVANCED_FACE('',(#5875),#5886,.F.);
#5875 = FACE_BOUND('',#5876,.F.);
#5876 = EDGE_LOOP('',(#5877,#5878,#5879,#5885));
#5877 = ORIENTED_EDGE('',*,*,#5863,.T.);
#5878 = ORIENTED_EDGE('',*,*,#2081,.T.);
#5879 = ORIENTED_EDGE('',*,*,#5880,.F.);
#5880 = EDGE_CURVE('',#1788,#2082,#5881,.T.);
#5881 = LINE('',#5882,#5883);
#5882 = CARTESIAN_POINT('',(35.49,-21.8,2.5));
#5883 = VECTOR('',#5884,1.);
#5884 = DIRECTION('',(0.,0.,1.));
#5885 = ORIENTED_EDGE('',*,*,#1795,.F.);
#5886 = PLANE('',#5887);
#5887 = AXIS2_PLACEMENT_3D('',#5888,#5889,#5890);
#5888 = CARTESIAN_POINT('',(35.99,-21.8,2.5));
#5889 = DIRECTION('',(0.,-1.,0.));
#5890 = DIRECTION('',(-1.,0.,0.));
#5891 = ADVANCED_FACE('',(#5892),#5903,.T.);
#5892 = FACE_BOUND('',#5893,.T.);
#5893 = EDGE_LOOP('',(#5894,#5895,#5896,#5902));
#5894 = ORIENTED_EDGE('',*,*,#5316,.T.);
#5895 = ORIENTED_EDGE('',*,*,#5332,.T.);
#5896 = ORIENTED_EDGE('',*,*,#5897,.F.);
#5897 = EDGE_CURVE('',#1701,#5333,#5898,.T.);
#5898 = LINE('',#5899,#5900);
#5899 = CARTESIAN_POINT('',(-35.99,-21.8,2.5));
#5900 = VECTOR('',#5901,1.);
#5901 = DIRECTION('',(0.,0.,1.));
#5902 = ORIENTED_EDGE('',*,*,#1700,.F.);
#5903 = PLANE('',#5904);
#5904 = AXIS2_PLACEMENT_3D('',#5905,#5906,#5907);
#5905 = CARTESIAN_POINT('',(-35.99,-22.3,2.5));
#5906 = DIRECTION('',(-1.,0.,0.));
#5907 = DIRECTION('',(0.,1.,0.));
#5908 = ADVANCED_FACE('',(#5909),#5915,.F.);
#5909 = FACE_BOUND('',#5910,.F.);
#5910 = EDGE_LOOP('',(#5911,#5912,#5913,#5914));
#5911 = ORIENTED_EDGE('',*,*,#5880,.T.);
#5912 = ORIENTED_EDGE('',*,*,#2089,.T.);
#5913 = ORIENTED_EDGE('',*,*,#2041,.F.);
#5914 = ORIENTED_EDGE('',*,*,#1787,.F.);
#5915 = PLANE('',#5916);
#5916 = AXIS2_PLACEMENT_3D('',#5917,#5918,#5919);
#5917 = CARTESIAN_POINT('',(35.49,-21.8,2.5));
#5918 = DIRECTION('',(1.,7.11E-15,0.));
#5919 = DIRECTION('',(7.11E-15,-1.,0.));
#5920 = ADVANCED_FACE('',(#5921),#5932,.T.);
#5921 = FACE_BOUND('',#5922,.T.);
#5922 = EDGE_LOOP('',(#5923,#5924,#5925,#5931));
#5923 = ORIENTED_EDGE('',*,*,#5897,.T.);
#5924 = ORIENTED_EDGE('',*,*,#5340,.T.);
#5925 = ORIENTED_EDGE('',*,*,#5926,.F.);
#5926 = EDGE_CURVE('',#1709,#5341,#5927,.T.);
#5927 = LINE('',#5928,#5929);
#5928 = CARTESIAN_POINT('',(-35.49,-21.8,2.5));
#5929 = VECTOR('',#5930,1.);
#5930 = DIRECTION('',(0.,0.,1.));
#5931 = ORIENTED_EDGE('',*,*,#1708,.F.);
#5932 = PLANE('',#5933);
#5933 = AXIS2_PLACEMENT_3D('',#5934,#5935,#5936);
#5934 = CARTESIAN_POINT('',(-35.99,-21.8,2.5));
#5935 = DIRECTION('',(0.,1.,0.));
#5936 = DIRECTION('',(1.,0.,0.));
#5937 = ADVANCED_FACE('',(#5938),#5944,.T.);
#5938 = FACE_BOUND('',#5939,.T.);
#5939 = EDGE_LOOP('',(#5940,#5941,#5942,#5943));
#5940 = ORIENTED_EDGE('',*,*,#5926,.T.);
#5941 = ORIENTED_EDGE('',*,*,#5348,.T.);
#5942 = ORIENTED_EDGE('',*,*,#5371,.F.);
#5943 = ORIENTED_EDGE('',*,*,#1716,.F.);
#5944 = PLANE('',#5945);
#5945 = AXIS2_PLACEMENT_3D('',#5946,#5947,#5948);
#5946 = CARTESIAN_POINT('',(-35.49,-21.8,2.5));
#5947 = DIRECTION('',(1.,0.,0.));
#5948 = DIRECTION('',(0.,-1.,0.));
#5949 = ADVANCED_FACE('',(#5950),#5961,.T.);
#5950 = FACE_BOUND('',#5951,.T.);
#5951 = EDGE_LOOP('',(#5952,#5953,#5959,#5960));
#5952 = ORIENTED_EDGE('',*,*,#5670,.T.);
#5953 = ORIENTED_EDGE('',*,*,#5954,.T.);
#5954 = EDGE_CURVE('',#5671,#5711,#5955,.T.);
#5955 = LINE('',#5956,#5957);
#5956 = CARTESIAN_POINT('',(2.5,-24.815,-1.E-15));
#5957 = VECTOR('',#5958,1.);
#5958 = DIRECTION('',(1.,0.,0.));
#5959 = ORIENTED_EDGE('',*,*,#5718,.T.);
#5960 = ORIENTED_EDGE('',*,*,#1763,.F.);
#5961 = PLANE('',#5962);
#5962 = AXIS2_PLACEMENT_3D('',#5963,#5964,#5965);
#5963 = CARTESIAN_POINT('',(5.,-24.815,1.5));
#5964 = DIRECTION('',(-0.,-1.,-0.));
#5965 = DIRECTION('',(0.,0.,-1.));
#5966 = ADVANCED_FACE('',(#5967),#5978,.T.);
#5967 = FACE_BOUND('',#5968,.T.);
#5968 = EDGE_LOOP('',(#5969,#5970,#5976,#5977));
#5969 = ORIENTED_EDGE('',*,*,#5596,.T.);
#5970 = ORIENTED_EDGE('',*,*,#5971,.T.);
#5971 = EDGE_CURVE('',#5597,#5637,#5972,.T.);
#5972 = LINE('',#5973,#5974);
#5973 = CARTESIAN_POINT('',(-7.5,-24.815,-1.E-15));
#5974 = VECTOR('',#5975,1.);
#5975 = DIRECTION('',(1.,0.,0.));
#5976 = ORIENTED_EDGE('',*,*,#5644,.T.);
#5977 = ORIENTED_EDGE('',*,*,#1740,.F.);
#5978 = PLANE('',#5979);
#5979 = AXIS2_PLACEMENT_3D('',#5980,#5981,#5982);
#5980 = CARTESIAN_POINT('',(-5.,-24.815,1.5));
#5981 = DIRECTION('',(-0.,-1.,-0.));
#5982 = DIRECTION('',(0.,0.,-1.));
#5983 = ADVANCED_FACE('',(#5984),#6009,.T.);
#5984 = FACE_BOUND('',#5985,.T.);
#5985 = EDGE_LOOP('',(#5986,#5994,#6002,#6008));
#5986 = ORIENTED_EDGE('',*,*,#5987,.T.);
#5987 = EDGE_CURVE('',#1882,#5988,#5990,.T.);
#5988 = VERTEX_POINT('',#5989);
#5989 = CARTESIAN_POINT('',(-22.5,-19.8,2.25));
#5990 = LINE('',#5991,#5992);
#5991 = CARTESIAN_POINT('',(-22.5,-19.8,2.5));
#5992 = VECTOR('',#5993,1.);
#5993 = DIRECTION('',(-0.,-0.,-1.));
#5994 = ORIENTED_EDGE('',*,*,#5995,.T.);
#5995 = EDGE_CURVE('',#5988,#5996,#5998,.T.);
#5996 = VERTEX_POINT('',#5997);
#5997 = CARTESIAN_POINT('',(-22.5,-18.8,2.25));
#5998 = LINE('',#5999,#6000);
#5999 = CARTESIAN_POINT('',(-22.5,-19.8,2.25));
#6000 = VECTOR('',#6001,1.);
#6001 = DIRECTION('',(0.,1.,0.));
#6002 = ORIENTED_EDGE('',*,*,#6003,.F.);
#6003 = EDGE_CURVE('',#1884,#5996,#6004,.T.);
#6004 = LINE('',#6005,#6006);
#6005 = CARTESIAN_POINT('',(-22.5,-18.8,2.5));
#6006 = VECTOR('',#6007,1.);
#6007 = DIRECTION('',(-0.,-0.,-1.));
#6008 = ORIENTED_EDGE('',*,*,#1881,.F.);
#6009 = PLANE('',#6010);
#6010 = AXIS2_PLACEMENT_3D('',#6011,#6012,#6013);
#6011 = CARTESIAN_POINT('',(-22.5,-19.8,2.5));
#6012 = DIRECTION('',(1.,0.,0.));
#6013 = DIRECTION('',(0.,1.,0.));
#6014 = ADVANCED_FACE('',(#6015),#6033,.T.);
#6015 = FACE_BOUND('',#6016,.T.);
#6016 = EDGE_LOOP('',(#6017,#6025,#6031,#6032));
#6017 = ORIENTED_EDGE('',*,*,#6018,.T.);
#6018 = EDGE_CURVE('',#1900,#6019,#6021,.T.);
#6019 = VERTEX_POINT('',#6020);
#6020 = CARTESIAN_POINT('',(-17.5,-19.8,2.25));
#6021 = LINE('',#6022,#6023);
#6022 = CARTESIAN_POINT('',(-17.5,-19.8,2.5));
#6023 = VECTOR('',#6024,1.);
#6024 = DIRECTION('',(-0.,-0.,-1.));
#6025 = ORIENTED_EDGE('',*,*,#6026,.T.);
#6026 = EDGE_CURVE('',#6019,#5988,#6027,.T.);
#6027 = LINE('',#6028,#6029);
#6028 = CARTESIAN_POINT('',(-17.5,-19.8,2.25));
#6029 = VECTOR('',#6030,1.);
#6030 = DIRECTION('',(-1.,0.,0.));
#6031 = ORIENTED_EDGE('',*,*,#5987,.F.);
#6032 = ORIENTED_EDGE('',*,*,#1907,.F.);
#6033 = PLANE('',#6034);
#6034 = AXIS2_PLACEMENT_3D('',#6035,#6036,#6037);
#6035 = CARTESIAN_POINT('',(-17.5,-19.8,2.5));
#6036 = DIRECTION('',(0.,1.,0.));
#6037 = DIRECTION('',(-1.,0.,0.));
#6038 = ADVANCED_FACE('',(#6039),#6057,.T.);
#6039 = FACE_BOUND('',#6040,.T.);
#6040 = EDGE_LOOP('',(#6041,#6049,#6055,#6056));
#6041 = ORIENTED_EDGE('',*,*,#6042,.T.);
#6042 = EDGE_CURVE('',#1892,#6043,#6045,.T.);
#6043 = VERTEX_POINT('',#6044);
#6044 = CARTESIAN_POINT('',(-17.5,-18.8,2.25));
#6045 = LINE('',#6046,#6047);
#6046 = CARTESIAN_POINT('',(-17.5,-18.8,2.5));
#6047 = VECTOR('',#6048,1.);
#6048 = DIRECTION('',(-0.,-0.,-1.));
#6049 = ORIENTED_EDGE('',*,*,#6050,.T.);
#6050 = EDGE_CURVE('',#6043,#6019,#6051,.T.);
#6051 = LINE('',#6052,#6053);
#6052 = CARTESIAN_POINT('',(-17.5,-18.8,2.25));
#6053 = VECTOR('',#6054,1.);
#6054 = DIRECTION('',(0.,-1.,0.));
#6055 = ORIENTED_EDGE('',*,*,#6018,.F.);
#6056 = ORIENTED_EDGE('',*,*,#1899,.F.);
#6057 = PLANE('',#6058);
#6058 = AXIS2_PLACEMENT_3D('',#6059,#6060,#6061);
#6059 = CARTESIAN_POINT('',(-17.5,-18.8,2.5));
#6060 = DIRECTION('',(-1.,0.,0.));
#6061 = DIRECTION('',(0.,-1.,0.));
#6062 = ADVANCED_FACE('',(#6063),#6074,.T.);
#6063 = FACE_BOUND('',#6064,.T.);
#6064 = EDGE_LOOP('',(#6065,#6066,#6072,#6073));
#6065 = ORIENTED_EDGE('',*,*,#6003,.T.);
#6066 = ORIENTED_EDGE('',*,*,#6067,.T.);
#6067 = EDGE_CURVE('',#5996,#6043,#6068,.T.);
#6068 = LINE('',#6069,#6070);
#6069 = CARTESIAN_POINT('',(-22.5,-18.8,2.25));
#6070 = VECTOR('',#6071,1.);
#6071 = DIRECTION('',(1.,0.,0.));
#6072 = ORIENTED_EDGE('',*,*,#6042,.F.);
#6073 = ORIENTED_EDGE('',*,*,#1891,.F.);
#6074 = PLANE('',#6075);
#6075 = AXIS2_PLACEMENT_3D('',#6076,#6077,#6078);
#6076 = CARTESIAN_POINT('',(-22.5,-18.8,2.5));
#6077 = DIRECTION('',(0.,-1.,0.));
#6078 = DIRECTION('',(1.,0.,0.));
#6079 = ADVANCED_FACE('',(#6080),#6105,.T.);
#6080 = FACE_BOUND('',#6081,.T.);
#6081 = EDGE_LOOP('',(#6082,#6090,#6098,#6104));
#6082 = ORIENTED_EDGE('',*,*,#6083,.T.);
#6083 = EDGE_CURVE('',#1916,#6084,#6086,.T.);
#6084 = VERTEX_POINT('',#6085);
#6085 = CARTESIAN_POINT('',(17.5,-19.8,2.25));
#6086 = LINE('',#6087,#6088);
#6087 = CARTESIAN_POINT('',(17.5,-19.8,2.5));
#6088 = VECTOR('',#6089,1.);
#6089 = DIRECTION('',(-0.,-0.,-1.));
#6090 = ORIENTED_EDGE('',*,*,#6091,.T.);
#6091 = EDGE_CURVE('',#6084,#6092,#6094,.T.);
#6092 = VERTEX_POINT('',#6093);
#6093 = CARTESIAN_POINT('',(17.5,-18.8,2.25));
#6094 = LINE('',#6095,#6096);
#6095 = CARTESIAN_POINT('',(17.5,-19.8,2.25));
#6096 = VECTOR('',#6097,1.);
#6097 = DIRECTION('',(1.421E-14,1.,0.));
#6098 = ORIENTED_EDGE('',*,*,#6099,.F.);
#6099 = EDGE_CURVE('',#1918,#6092,#6100,.T.);
#6100 = LINE('',#6101,#6102);
#6101 = CARTESIAN_POINT('',(17.5,-18.8,2.5));
#6102 = VECTOR('',#6103,1.);
#6103 = DIRECTION('',(-0.,-0.,-1.));
#6104 = ORIENTED_EDGE('',*,*,#1915,.F.);
#6105 = PLANE('',#6106);
#6106 = AXIS2_PLACEMENT_3D('',#6107,#6108,#6109);
#6107 = CARTESIAN_POINT('',(17.5,-19.8,2.5));
#6108 = DIRECTION('',(1.,-1.421E-14,0.));
#6109 = DIRECTION('',(1.421E-14,1.,0.));
#6110 = ADVANCED_FACE('',(#6111),#6129,.T.);
#6111 = FACE_BOUND('',#6112,.T.);
#6112 = EDGE_LOOP('',(#6113,#6121,#6127,#6128));
#6113 = ORIENTED_EDGE('',*,*,#6114,.T.);
#6114 = EDGE_CURVE('',#1998,#6115,#6117,.T.);
#6115 = VERTEX_POINT('',#6116);
#6116 = CARTESIAN_POINT('',(19.5,-19.8,2.25));
#6117 = LINE('',#6118,#6119);
#6118 = CARTESIAN_POINT('',(19.5,-19.8,2.5));
#6119 = VECTOR('',#6120,1.);
#6120 = DIRECTION('',(-0.,-0.,-1.));
#6121 = ORIENTED_EDGE('',*,*,#6122,.T.);
#6122 = EDGE_CURVE('',#6115,#6084,#6123,.T.);
#6123 = LINE('',#6124,#6125);
#6124 = CARTESIAN_POINT('',(19.5,-19.8,2.25));
#6125 = VECTOR('',#6126,1.);
#6126 = DIRECTION('',(-1.,-1.78E-15,0.));
#6127 = ORIENTED_EDGE('',*,*,#6083,.F.);
#6128 = ORIENTED_EDGE('',*,*,#2005,.F.);
#6129 = PLANE('',#6130);
#6130 = AXIS2_PLACEMENT_3D('',#6131,#6132,#6133);
#6131 = CARTESIAN_POINT('',(19.5,-19.8,2.5));
#6132 = DIRECTION('',(-1.78E-15,1.,0.));
#6133 = DIRECTION('',(-1.,-1.78E-15,0.));
#6134 = ADVANCED_FACE('',(#6135),#6153,.T.);
#6135 = FACE_BOUND('',#6136,.T.);
#6136 = EDGE_LOOP('',(#6137,#6145,#6151,#6152));
#6137 = ORIENTED_EDGE('',*,*,#6138,.T.);
#6138 = EDGE_CURVE('',#1990,#6139,#6141,.T.);
#6139 = VERTEX_POINT('',#6140);
#6140 = CARTESIAN_POINT('',(19.5,-21.8,2.25));
#6141 = LINE('',#6142,#6143);
#6142 = CARTESIAN_POINT('',(19.5,-21.8,2.5));
#6143 = VECTOR('',#6144,1.);
#6144 = DIRECTION('',(-0.,-0.,-1.));
#6145 = ORIENTED_EDGE('',*,*,#6146,.T.);
#6146 = EDGE_CURVE('',#6139,#6115,#6147,.T.);
#6147 = LINE('',#6148,#6149);
#6148 = CARTESIAN_POINT('',(19.5,-21.8,2.25));
#6149 = VECTOR('',#6150,1.);
#6150 = DIRECTION('',(1.954E-14,1.,0.));
#6151 = ORIENTED_EDGE('',*,*,#6114,.F.);
#6152 = ORIENTED_EDGE('',*,*,#1997,.F.);
#6153 = PLANE('',#6154);
#6154 = AXIS2_PLACEMENT_3D('',#6155,#6156,#6157);
#6155 = CARTESIAN_POINT('',(19.5,-21.8,2.5));
#6156 = DIRECTION('',(1.,-1.954E-14,0.));
#6157 = DIRECTION('',(1.954E-14,1.,0.));
#6158 = ADVANCED_FACE('',(#6159),#6177,.T.);
#6159 = FACE_BOUND('',#6160,.T.);
#6160 = EDGE_LOOP('',(#6161,#6169,#6175,#6176));
#6161 = ORIENTED_EDGE('',*,*,#6162,.T.);
#6162 = EDGE_CURVE('',#1982,#6163,#6165,.T.);
#6163 = VERTEX_POINT('',#6164);
#6164 = CARTESIAN_POINT('',(20.5,-21.8,2.25));
#6165 = LINE('',#6166,#6167);
#6166 = CARTESIAN_POINT('',(20.5,-21.8,2.5));
#6167 = VECTOR('',#6168,1.);
#6168 = DIRECTION('',(-0.,-0.,-1.));
#6169 = ORIENTED_EDGE('',*,*,#6170,.T.);
#6170 = EDGE_CURVE('',#6163,#6139,#6171,.T.);
#6171 = LINE('',#6172,#6173);
#6172 = CARTESIAN_POINT('',(20.5,-21.8,2.25));
#6173 = VECTOR('',#6174,1.);
#6174 = DIRECTION('',(-1.,7.11E-15,0.));
#6175 = ORIENTED_EDGE('',*,*,#6138,.F.);
#6176 = ORIENTED_EDGE('',*,*,#1989,.F.);
#6177 = PLANE('',#6178);
#6178 = AXIS2_PLACEMENT_3D('',#6179,#6180,#6181);
#6179 = CARTESIAN_POINT('',(20.5,-21.8,2.5));
#6180 = DIRECTION('',(7.11E-15,1.,0.));
#6181 = DIRECTION('',(-1.,7.11E-15,0.));
#6182 = ADVANCED_FACE('',(#6183),#6201,.T.);
#6183 = FACE_BOUND('',#6184,.T.);
#6184 = EDGE_LOOP('',(#6185,#6193,#6199,#6200));
#6185 = ORIENTED_EDGE('',*,*,#6186,.T.);
#6186 = EDGE_CURVE('',#1974,#6187,#6189,.T.);
#6187 = VERTEX_POINT('',#6188);
#6188 = CARTESIAN_POINT('',(20.5,-19.8,2.25));
#6189 = LINE('',#6190,#6191);
#6190 = CARTESIAN_POINT('',(20.5,-19.8,2.5));
#6191 = VECTOR('',#6192,1.);
#6192 = DIRECTION('',(-0.,-0.,-1.));
#6193 = ORIENTED_EDGE('',*,*,#6194,.T.);
#6194 = EDGE_CURVE('',#6187,#6163,#6195,.T.);
#6195 = LINE('',#6196,#6197);
#6196 = CARTESIAN_POINT('',(20.5,-19.8,2.25));
#6197 = VECTOR('',#6198,1.);
#6198 = DIRECTION('',(-1.421E-14,-1.,0.));
#6199 = ORIENTED_EDGE('',*,*,#6162,.F.);
#6200 = ORIENTED_EDGE('',*,*,#1981,.F.);
#6201 = PLANE('',#6202);
#6202 = AXIS2_PLACEMENT_3D('',#6203,#6204,#6205);
#6203 = CARTESIAN_POINT('',(20.5,-19.8,2.5));
#6204 = DIRECTION('',(-1.,1.421E-14,0.));
#6205 = DIRECTION('',(-1.421E-14,-1.,0.));
#6206 = ADVANCED_FACE('',(#6207),#6225,.T.);
#6207 = FACE_BOUND('',#6208,.T.);
#6208 = EDGE_LOOP('',(#6209,#6217,#6223,#6224));
#6209 = ORIENTED_EDGE('',*,*,#6210,.T.);
#6210 = EDGE_CURVE('',#1966,#6211,#6213,.T.);
#6211 = VERTEX_POINT('',#6212);
#6212 = CARTESIAN_POINT('',(22.5,-19.8,2.25));
#6213 = LINE('',#6214,#6215);
#6214 = CARTESIAN_POINT('',(22.5,-19.8,2.5));
#6215 = VECTOR('',#6216,1.);
#6216 = DIRECTION('',(-0.,-0.,-1.));
#6217 = ORIENTED_EDGE('',*,*,#6218,.T.);
#6218 = EDGE_CURVE('',#6211,#6187,#6219,.T.);
#6219 = LINE('',#6220,#6221);
#6220 = CARTESIAN_POINT('',(22.5,-19.8,2.25));
#6221 = VECTOR('',#6222,1.);
#6222 = DIRECTION('',(-1.,0.,0.));
#6223 = ORIENTED_EDGE('',*,*,#6186,.F.);
#6224 = ORIENTED_EDGE('',*,*,#1973,.F.);
#6225 = PLANE('',#6226);
#6226 = AXIS2_PLACEMENT_3D('',#6227,#6228,#6229);
#6227 = CARTESIAN_POINT('',(22.5,-19.8,2.5));
#6228 = DIRECTION('',(0.,1.,0.));
#6229 = DIRECTION('',(-1.,0.,0.));
#6230 = ADVANCED_FACE('',(#6231),#6249,.T.);
#6231 = FACE_BOUND('',#6232,.T.);
#6232 = EDGE_LOOP('',(#6233,#6241,#6247,#6248));
#6233 = ORIENTED_EDGE('',*,*,#6234,.T.);
#6234 = EDGE_CURVE('',#1958,#6235,#6237,.T.);
#6235 = VERTEX_POINT('',#6236);
#6236 = CARTESIAN_POINT('',(22.5,-18.8,2.25));
#6237 = LINE('',#6238,#6239);
#6238 = CARTESIAN_POINT('',(22.5,-18.8,2.5));
#6239 = VECTOR('',#6240,1.);
#6240 = DIRECTION('',(-0.,-0.,-1.));
#6241 = ORIENTED_EDGE('',*,*,#6242,.T.);
#6242 = EDGE_CURVE('',#6235,#6211,#6243,.T.);
#6243 = LINE('',#6244,#6245);
#6244 = CARTESIAN_POINT('',(22.5,-18.8,2.25));
#6245 = VECTOR('',#6246,1.);
#6246 = DIRECTION('',(0.,-1.,0.));
#6247 = ORIENTED_EDGE('',*,*,#6210,.F.);
#6248 = ORIENTED_EDGE('',*,*,#1965,.F.);
#6249 = PLANE('',#6250);
#6250 = AXIS2_PLACEMENT_3D('',#6251,#6252,#6253);
#6251 = CARTESIAN_POINT('',(22.5,-18.8,2.5));
#6252 = DIRECTION('',(-1.,0.,0.));
#6253 = DIRECTION('',(0.,-1.,0.));
#6254 = ADVANCED_FACE('',(#6255),#6273,.T.);
#6255 = FACE_BOUND('',#6256,.T.);
#6256 = EDGE_LOOP('',(#6257,#6265,#6271,#6272));
#6257 = ORIENTED_EDGE('',*,*,#6258,.T.);
#6258 = EDGE_CURVE('',#1950,#6259,#6261,.T.);
#6259 = VERTEX_POINT('',#6260);
#6260 = CARTESIAN_POINT('',(20.5,-18.8,2.25));
#6261 = LINE('',#6262,#6263);
#6262 = CARTESIAN_POINT('',(20.5,-18.8,2.5));
#6263 = VECTOR('',#6264,1.);
#6264 = DIRECTION('',(-0.,-0.,-1.));
#6265 = ORIENTED_EDGE('',*,*,#6266,.T.);
#6266 = EDGE_CURVE('',#6259,#6235,#6267,.T.);
#6267 = LINE('',#6268,#6269);
#6268 = CARTESIAN_POINT('',(20.5,-18.8,2.25));
#6269 = VECTOR('',#6270,1.);
#6270 = DIRECTION('',(1.,3.55E-15,0.));
#6271 = ORIENTED_EDGE('',*,*,#6234,.F.);
#6272 = ORIENTED_EDGE('',*,*,#1957,.F.);
#6273 = PLANE('',#6274);
#6274 = AXIS2_PLACEMENT_3D('',#6275,#6276,#6277);
#6275 = CARTESIAN_POINT('',(20.5,-18.8,2.5));
#6276 = DIRECTION('',(3.55E-15,-1.,0.));
#6277 = DIRECTION('',(1.,3.55E-15,0.));
#6278 = ADVANCED_FACE('',(#6279),#6297,.T.);
#6279 = FACE_BOUND('',#6280,.T.);
#6280 = EDGE_LOOP('',(#6281,#6289,#6295,#6296));
#6281 = ORIENTED_EDGE('',*,*,#6282,.T.);
#6282 = EDGE_CURVE('',#1942,#6283,#6285,.T.);
#6283 = VERTEX_POINT('',#6284);
#6284 = CARTESIAN_POINT('',(20.5,-16.8,2.25));
#6285 = LINE('',#6286,#6287);
#6286 = CARTESIAN_POINT('',(20.5,-16.8,2.5));
#6287 = VECTOR('',#6288,1.);
#6288 = DIRECTION('',(-0.,-0.,-1.));
#6289 = ORIENTED_EDGE('',*,*,#6290,.T.);
#6290 = EDGE_CURVE('',#6283,#6259,#6291,.T.);
#6291 = LINE('',#6292,#6293);
#6292 = CARTESIAN_POINT('',(20.5,-16.8,2.25));
#6293 = VECTOR('',#6294,1.);
#6294 = DIRECTION('',(-1.599E-14,-1.,0.));
#6295 = ORIENTED_EDGE('',*,*,#6258,.F.);
#6296 = ORIENTED_EDGE('',*,*,#1949,.F.);
#6297 = PLANE('',#6298);
#6298 = AXIS2_PLACEMENT_3D('',#6299,#6300,#6301);
#6299 = CARTESIAN_POINT('',(20.5,-16.8,2.5));
#6300 = DIRECTION('',(-1.,1.599E-14,0.));
#6301 = DIRECTION('',(-1.599E-14,-1.,0.));
#6302 = ADVANCED_FACE('',(#6303),#6321,.T.);
#6303 = FACE_BOUND('',#6304,.T.);
#6304 = EDGE_LOOP('',(#6305,#6313,#6319,#6320));
#6305 = ORIENTED_EDGE('',*,*,#6306,.T.);
#6306 = EDGE_CURVE('',#1934,#6307,#6309,.T.);
#6307 = VERTEX_POINT('',#6308);
#6308 = CARTESIAN_POINT('',(19.5,-16.8,2.25));
#6309 = LINE('',#6310,#6311);
#6310 = CARTESIAN_POINT('',(19.5,-16.8,2.5));
#6311 = VECTOR('',#6312,1.);
#6312 = DIRECTION('',(-0.,-0.,-1.));
#6313 = ORIENTED_EDGE('',*,*,#6314,.T.);
#6314 = EDGE_CURVE('',#6307,#6283,#6315,.T.);
#6315 = LINE('',#6316,#6317);
#6316 = CARTESIAN_POINT('',(19.5,-16.8,2.25));
#6317 = VECTOR('',#6318,1.);
#6318 = DIRECTION('',(1.,-7.11E-15,0.));
#6319 = ORIENTED_EDGE('',*,*,#6282,.F.);
#6320 = ORIENTED_EDGE('',*,*,#1941,.F.);
#6321 = PLANE('',#6322);
#6322 = AXIS2_PLACEMENT_3D('',#6323,#6324,#6325);
#6323 = CARTESIAN_POINT('',(19.5,-16.8,2.5));
#6324 = DIRECTION('',(-7.11E-15,-1.,0.));
#6325 = DIRECTION('',(1.,-7.11E-15,0.));
#6326 = ADVANCED_FACE('',(#6327),#6345,.T.);
#6327 = FACE_BOUND('',#6328,.T.);
#6328 = EDGE_LOOP('',(#6329,#6337,#6343,#6344));
#6329 = ORIENTED_EDGE('',*,*,#6330,.T.);
#6330 = EDGE_CURVE('',#1926,#6331,#6333,.T.);
#6331 = VERTEX_POINT('',#6332);
#6332 = CARTESIAN_POINT('',(19.5,-18.8,2.25));
#6333 = LINE('',#6334,#6335);
#6334 = CARTESIAN_POINT('',(19.5,-18.8,2.5));
#6335 = VECTOR('',#6336,1.);
#6336 = DIRECTION('',(-0.,-0.,-1.));
#6337 = ORIENTED_EDGE('',*,*,#6338,.T.);
#6338 = EDGE_CURVE('',#6331,#6307,#6339,.T.);
#6339 = LINE('',#6340,#6341);
#6340 = CARTESIAN_POINT('',(19.5,-18.8,2.25));
#6341 = VECTOR('',#6342,1.);
#6342 = DIRECTION('',(1.421E-14,1.,0.));
#6343 = ORIENTED_EDGE('',*,*,#6306,.F.);
#6344 = ORIENTED_EDGE('',*,*,#1933,.F.);
#6345 = PLANE('',#6346);
#6346 = AXIS2_PLACEMENT_3D('',#6347,#6348,#6349);
#6347 = CARTESIAN_POINT('',(19.5,-18.8,2.5));
#6348 = DIRECTION('',(1.,-1.421E-14,0.));
#6349 = DIRECTION('',(1.421E-14,1.,0.));
#6350 = ADVANCED_FACE('',(#6351),#6362,.T.);
#6351 = FACE_BOUND('',#6352,.T.);
#6352 = EDGE_LOOP('',(#6353,#6354,#6360,#6361));
#6353 = ORIENTED_EDGE('',*,*,#6099,.T.);
#6354 = ORIENTED_EDGE('',*,*,#6355,.T.);
#6355 = EDGE_CURVE('',#6092,#6331,#6356,.T.);
#6356 = LINE('',#6357,#6358);
#6357 = CARTESIAN_POINT('',(17.5,-18.8,2.25));
#6358 = VECTOR('',#6359,1.);
#6359 = DIRECTION('',(1.,0.,0.));
#6360 = ORIENTED_EDGE('',*,*,#6330,.F.);
#6361 = ORIENTED_EDGE('',*,*,#1925,.F.);
#6362 = PLANE('',#6363);
#6363 = AXIS2_PLACEMENT_3D('',#6364,#6365,#6366);
#6364 = CARTESIAN_POINT('',(17.5,-18.8,2.5));
#6365 = DIRECTION('',(0.,-1.,0.));
#6366 = DIRECTION('',(1.,0.,0.));
#6367 = ADVANCED_FACE('',(#6368),#6387,.F.);
#6368 = FACE_BOUND('',#6369,.F.);
#6369 = EDGE_LOOP('',(#6370,#6378,#6385,#6386));
#6370 = ORIENTED_EDGE('',*,*,#6371,.T.);
#6371 = EDGE_CURVE('',#2014,#6372,#6374,.T.);
#6372 = VERTEX_POINT('',#6373);
#6373 = CARTESIAN_POINT('',(-24.805,-19.21,1.5));
#6374 = LINE('',#6375,#6376);
#6375 = CARTESIAN_POINT('',(-24.805,-19.21,2.5));
#6376 = VECTOR('',#6377,1.);
#6377 = DIRECTION('',(-0.,-0.,-1.));
#6378 = ORIENTED_EDGE('',*,*,#6379,.T.);
#6379 = EDGE_CURVE('',#6372,#6372,#6380,.T.);
#6380 = CIRCLE('',#6381,3.);
#6381 = AXIS2_PLACEMENT_3D('',#6382,#6383,#6384);
#6382 = CARTESIAN_POINT('',(-27.805,-19.21,1.5));
#6383 = DIRECTION('',(0.,0.,1.));
#6384 = DIRECTION('',(1.,0.,0.));
#6385 = ORIENTED_EDGE('',*,*,#6371,.F.);
#6386 = ORIENTED_EDGE('',*,*,#2013,.F.);
#6387 = CYLINDRICAL_SURFACE('',#6388,3.);
#6388 = AXIS2_PLACEMENT_3D('',#6389,#6390,#6391);
#6389 = CARTESIAN_POINT('',(-27.805,-19.21,2.5));
#6390 = DIRECTION('',(0.,0.,1.));
#6391 = DIRECTION('',(1.,0.,0.));
#6392 = ADVANCED_FACE('',(#6393),#6412,.F.);
#6393 = FACE_BOUND('',#6394,.F.);
#6394 = EDGE_LOOP('',(#6395,#6403,#6410,#6411));
#6395 = ORIENTED_EDGE('',*,*,#6396,.T.);
#6396 = EDGE_CURVE('',#2025,#6397,#6399,.T.);
#6397 = VERTEX_POINT('',#6398);
#6398 = CARTESIAN_POINT('',(30.805,-19.21,1.5));
#6399 = LINE('',#6400,#6401);
#6400 = CARTESIAN_POINT('',(30.805,-19.21,2.5));
#6401 = VECTOR('',#6402,1.);
#6402 = DIRECTION('',(-0.,-0.,-1.));
#6403 = ORIENTED_EDGE('',*,*,#6404,.T.);
#6404 = EDGE_CURVE('',#6397,#6397,#6405,.T.);
#6405 = CIRCLE('',#6406,3.);
#6406 = AXIS2_PLACEMENT_3D('',#6407,#6408,#6409);
#6407 = CARTESIAN_POINT('',(27.805,-19.21,1.5));
#6408 = DIRECTION('',(0.,0.,1.));
#6409 = DIRECTION('',(1.,0.,0.));
#6410 = ORIENTED_EDGE('',*,*,#6396,.F.);
#6411 = ORIENTED_EDGE('',*,*,#2024,.F.);
#6412 = CYLINDRICAL_SURFACE('',#6413,3.);
#6413 = AXIS2_PLACEMENT_3D('',#6414,#6415,#6416);
#6414 = CARTESIAN_POINT('',(27.805,-19.21,2.5));
#6415 = DIRECTION('',(0.,0.,1.));
#6416 = DIRECTION('',(1.,0.,0.));
#6417 = ADVANCED_FACE('',(#6418),#6456,.T.);
#6418 = FACE_BOUND('',#6419,.T.);
#6419 = EDGE_LOOP('',(#6420,#6426,#6427,#6428,#6429,#6435,#6436,#6437,
    #6438,#6444,#6445,#6446,#6447,#6453,#6454,#6455));
#6420 = ORIENTED_EDGE('',*,*,#6421,.F.);
#6421 = EDGE_CURVE('',#3655,#3257,#6422,.T.);
#6422 = LINE('',#6423,#6424);
#6423 = CARTESIAN_POINT('',(38.99,29.815,0.));
#6424 = VECTOR('',#6425,1.);
#6425 = DIRECTION('',(0.,-1.,0.));
#6426 = ORIENTED_EDGE('',*,*,#3654,.T.);
#6427 = ORIENTED_EDGE('',*,*,#3734,.T.);
#6428 = ORIENTED_EDGE('',*,*,#3766,.F.);
#6429 = ORIENTED_EDGE('',*,*,#6430,.F.);
#6430 = EDGE_CURVE('',#2123,#3757,#6431,.T.);
#6431 = LINE('',#6432,#6433);
#6432 = CARTESIAN_POINT('',(38.99,29.815,0.));
#6433 = VECTOR('',#6434,1.);
#6434 = DIRECTION('',(0.,-1.,0.));
#6435 = ORIENTED_EDGE('',*,*,#2122,.T.);
#6436 = ORIENTED_EDGE('',*,*,#2162,.T.);
#6437 = ORIENTED_EDGE('',*,*,#2186,.T.);
#6438 = ORIENTED_EDGE('',*,*,#6439,.F.);
#6439 = EDGE_CURVE('',#2497,#2187,#6440,.T.);
#6440 = LINE('',#6441,#6442);
#6441 = CARTESIAN_POINT('',(38.99,29.815,0.));
#6442 = VECTOR('',#6443,1.);
#6443 = DIRECTION('',(0.,-1.,0.));
#6444 = ORIENTED_EDGE('',*,*,#2496,.T.);
#6445 = ORIENTED_EDGE('',*,*,#2536,.T.);
#6446 = ORIENTED_EDGE('',*,*,#2560,.T.);
#6447 = ORIENTED_EDGE('',*,*,#6448,.F.);
#6448 = EDGE_CURVE('',#3193,#2561,#6449,.T.);
#6449 = LINE('',#6450,#6451);
#6450 = CARTESIAN_POINT('',(38.99,29.815,0.));
#6451 = VECTOR('',#6452,1.);
#6452 = DIRECTION('',(0.,-1.,0.));
#6453 = ORIENTED_EDGE('',*,*,#3192,.T.);
#6454 = ORIENTED_EDGE('',*,*,#3232,.T.);
#6455 = ORIENTED_EDGE('',*,*,#3256,.T.);
#6456 = PLANE('',#6457);
#6457 = AXIS2_PLACEMENT_3D('',#6458,#6459,#6460);
#6458 = CARTESIAN_POINT('',(38.99,29.815,0.));
#6459 = DIRECTION('',(1.,0.,0.));
#6460 = DIRECTION('',(0.,-1.,0.));
#6461 = ADVANCED_FACE('',(#6462,#6576,#6587,#6598,#6609,#6620,#6631),
  #6642,.T.);
#6462 = FACE_BOUND('',#6463,.T.);
#6463 = EDGE_LOOP('',(#6464,#6465,#6466,#6472,#6473,#6474,#6475,#6481,
    #6482,#6483,#6484,#6490,#6491,#6497,#6498,#6504,#6505,#6513,#6521,
    #6527,#6528,#6536,#6544,#6550,#6551,#6552,#6553,#6559,#6560,#6561,
    #6562,#6563,#6564,#6565,#6566,#6567,#6568,#6569,#6570,#6571,#6572,
    #6573,#6574,#6575));
#6464 = ORIENTED_EDGE('',*,*,#5604,.F.);
#6465 = ORIENTED_EDGE('',*,*,#3872,.T.);
#6466 = ORIENTED_EDGE('',*,*,#6467,.T.);
#6467 = EDGE_CURVE('',#3865,#5275,#6468,.T.);
#6468 = LINE('',#6469,#6470);
#6469 = CARTESIAN_POINT('',(-38.99,-29.815,0.));
#6470 = VECTOR('',#6471,1.);
#6471 = DIRECTION('',(0.,1.,0.));
#6472 = ORIENTED_EDGE('',*,*,#5282,.T.);
#6473 = ORIENTED_EDGE('',*,*,#5845,.F.);
#6474 = ORIENTED_EDGE('',*,*,#5236,.F.);
#6475 = ORIENTED_EDGE('',*,*,#6476,.T.);
#6476 = EDGE_CURVE('',#5213,#4102,#6477,.T.);
#6477 = LINE('',#6478,#6479);
#6478 = CARTESIAN_POINT('',(-38.99,-29.815,0.));
#6479 = VECTOR('',#6480,1.);
#6480 = DIRECTION('',(0.,1.,0.));
#6481 = ORIENTED_EDGE('',*,*,#4111,.T.);
#6482 = ORIENTED_EDGE('',*,*,#4149,.F.);
#6483 = ORIENTED_EDGE('',*,*,#4201,.F.);
#6484 = ORIENTED_EDGE('',*,*,#6485,.T.);
#6485 = EDGE_CURVE('',#4185,#4954,#6486,.T.);
#6486 = LINE('',#6487,#6488);
#6487 = CARTESIAN_POINT('',(-38.99,-29.815,0.));
#6488 = VECTOR('',#6489,1.);
#6489 = DIRECTION('',(0.,1.,0.));
#6490 = ORIENTED_EDGE('',*,*,#4961,.T.);
#6491 = ORIENTED_EDGE('',*,*,#6492,.F.);
#6492 = EDGE_CURVE('',#4908,#4962,#6493,.T.);
#6493 = LINE('',#6494,#6495);
#6494 = CARTESIAN_POINT('',(-35.99,20.8,0.));
#6495 = VECTOR('',#6496,1.);
#6496 = DIRECTION('',(0.,-1.,0.));
#6497 = ORIENTED_EDGE('',*,*,#4915,.F.);
#6498 = ORIENTED_EDGE('',*,*,#6499,.T.);
#6499 = EDGE_CURVE('',#4892,#3540,#6500,.T.);
#6500 = LINE('',#6501,#6502);
#6501 = CARTESIAN_POINT('',(-38.99,-29.815,0.));
#6502 = VECTOR('',#6503,1.);
#6503 = DIRECTION('',(0.,1.,0.));
#6504 = ORIENTED_EDGE('',*,*,#3539,.T.);
#6505 = ORIENTED_EDGE('',*,*,#6506,.T.);
#6506 = EDGE_CURVE('',#3542,#6507,#6509,.T.);
#6507 = VERTEX_POINT('',#6508);
#6508 = CARTESIAN_POINT('',(-7.5,24.815,1.E-15));
#6509 = LINE('',#6510,#6511);
#6510 = CARTESIAN_POINT('',(-7.5,29.815,0.));
#6511 = VECTOR('',#6512,1.);
#6512 = DIRECTION('',(0.,-1.,2.2E-16));
#6513 = ORIENTED_EDGE('',*,*,#6514,.F.);
#6514 = EDGE_CURVE('',#6515,#6507,#6517,.T.);
#6515 = VERTEX_POINT('',#6516);
#6516 = CARTESIAN_POINT('',(-2.5,24.815,1.E-15));
#6517 = LINE('',#6518,#6519);
#6518 = CARTESIAN_POINT('',(-2.5,24.815,1.E-15));
#6519 = VECTOR('',#6520,1.);
#6520 = DIRECTION('',(-1.,0.,0.));
#6521 = ORIENTED_EDGE('',*,*,#6522,.F.);
#6522 = EDGE_CURVE('',#3695,#6515,#6523,.T.);
#6523 = LINE('',#6524,#6525);
#6524 = CARTESIAN_POINT('',(-2.5,29.815,0.));
#6525 = VECTOR('',#6526,1.);
#6526 = DIRECTION('',(0.,-1.,2.2E-16));
#6527 = ORIENTED_EDGE('',*,*,#3694,.T.);
#6528 = ORIENTED_EDGE('',*,*,#6529,.T.);
#6529 = EDGE_CURVE('',#3687,#6530,#6532,.T.);
#6530 = VERTEX_POINT('',#6531);
#6531 = CARTESIAN_POINT('',(2.5,24.815,1.E-15));
#6532 = LINE('',#6533,#6534);
#6533 = CARTESIAN_POINT('',(2.5,29.815,0.));
#6534 = VECTOR('',#6535,1.);
#6535 = DIRECTION('',(0.,-1.,2.2E-16));
#6536 = ORIENTED_EDGE('',*,*,#6537,.F.);
#6537 = EDGE_CURVE('',#6538,#6530,#6540,.T.);
#6538 = VERTEX_POINT('',#6539);
#6539 = CARTESIAN_POINT('',(7.5,24.815,1.E-15));
#6540 = LINE('',#6541,#6542);
#6541 = CARTESIAN_POINT('',(7.5,24.815,1.E-15));
#6542 = VECTOR('',#6543,1.);
#6543 = DIRECTION('',(-1.,0.,0.));
#6544 = ORIENTED_EDGE('',*,*,#6545,.F.);
#6545 = EDGE_CURVE('',#3663,#6538,#6546,.T.);
#6546 = LINE('',#6547,#6548);
#6547 = CARTESIAN_POINT('',(7.5,29.815,0.));
#6548 = VECTOR('',#6549,1.);
#6549 = DIRECTION('',(0.,-1.,2.2E-16));
#6550 = ORIENTED_EDGE('',*,*,#3662,.T.);
#6551 = ORIENTED_EDGE('',*,*,#6421,.T.);
#6552 = ORIENTED_EDGE('',*,*,#3275,.T.);
#6553 = ORIENTED_EDGE('',*,*,#6554,.T.);
#6554 = EDGE_CURVE('',#3268,#3203,#6555,.T.);
#6555 = LINE('',#6556,#6557);
#6556 = CARTESIAN_POINT('',(35.99,20.8,0.));
#6557 = VECTOR('',#6558,1.);
#6558 = DIRECTION('',(0.,-1.,0.));
#6559 = ORIENTED_EDGE('',*,*,#3202,.F.);
#6560 = ORIENTED_EDGE('',*,*,#6448,.T.);
#6561 = ORIENTED_EDGE('',*,*,#2579,.T.);
#6562 = ORIENTED_EDGE('',*,*,#4168,.T.);
#6563 = ORIENTED_EDGE('',*,*,#2506,.F.);
#6564 = ORIENTED_EDGE('',*,*,#6439,.T.);
#6565 = ORIENTED_EDGE('',*,*,#2205,.T.);
#6566 = ORIENTED_EDGE('',*,*,#5830,.T.);
#6567 = ORIENTED_EDGE('',*,*,#2132,.F.);
#6568 = ORIENTED_EDGE('',*,*,#6430,.T.);
#6569 = ORIENTED_EDGE('',*,*,#3756,.T.);
#6570 = ORIENTED_EDGE('',*,*,#5710,.T.);
#6571 = ORIENTED_EDGE('',*,*,#5954,.F.);
#6572 = ORIENTED_EDGE('',*,*,#5678,.F.);
#6573 = ORIENTED_EDGE('',*,*,#3904,.T.);
#6574 = ORIENTED_EDGE('',*,*,#5636,.T.);
#6575 = ORIENTED_EDGE('',*,*,#5971,.F.);
#6576 = FACE_BOUND('',#6577,.T.);
#6577 = EDGE_LOOP('',(#6578));
#6578 = ORIENTED_EDGE('',*,*,#6579,.T.);
#6579 = EDGE_CURVE('',#6580,#6580,#6582,.T.);
#6580 = VERTEX_POINT('',#6581);
#6581 = CARTESIAN_POINT('',(29.405,-19.21,0.));
#6582 = CIRCLE('',#6583,1.6);
#6583 = AXIS2_PLACEMENT_3D('',#6584,#6585,#6586);
#6584 = CARTESIAN_POINT('',(27.805,-19.21,0.));
#6585 = DIRECTION('',(0.,0.,1.));
#6586 = DIRECTION('',(1.,0.,0.));
#6587 = FACE_BOUND('',#6588,.T.);
#6588 = EDGE_LOOP('',(#6589));
#6589 = ORIENTED_EDGE('',*,*,#6590,.T.);
#6590 = EDGE_CURVE('',#6591,#6591,#6593,.T.);
#6591 = VERTEX_POINT('',#6592);
#6592 = CARTESIAN_POINT('',(-26.205,-19.21,0.));
#6593 = CIRCLE('',#6594,1.6);
#6594 = AXIS2_PLACEMENT_3D('',#6595,#6596,#6597);
#6595 = CARTESIAN_POINT('',(-27.805,-19.21,0.));
#6596 = DIRECTION('',(0.,0.,1.));
#6597 = DIRECTION('',(1.,0.,0.));
#6598 = FACE_BOUND('',#6599,.T.);
#6599 = EDGE_LOOP('',(#6600));
#6600 = ORIENTED_EDGE('',*,*,#6601,.T.);
#6601 = EDGE_CURVE('',#6602,#6602,#6604,.T.);
#6602 = VERTEX_POINT('',#6603);
#6603 = CARTESIAN_POINT('',(29.405,0.,0.));
#6604 = CIRCLE('',#6605,1.6);
#6605 = AXIS2_PLACEMENT_3D('',#6606,#6607,#6608);
#6606 = CARTESIAN_POINT('',(27.805,0.,0.));
#6607 = DIRECTION('',(0.,0.,1.));
#6608 = DIRECTION('',(1.,0.,0.));
#6609 = FACE_BOUND('',#6610,.T.);
#6610 = EDGE_LOOP('',(#6611));
#6611 = ORIENTED_EDGE('',*,*,#6612,.T.);
#6612 = EDGE_CURVE('',#6613,#6613,#6615,.T.);
#6613 = VERTEX_POINT('',#6614);
#6614 = CARTESIAN_POINT('',(29.405,19.21,0.));
#6615 = CIRCLE('',#6616,1.6);
#6616 = AXIS2_PLACEMENT_3D('',#6617,#6618,#6619);
#6617 = CARTESIAN_POINT('',(27.805,19.21,0.));
#6618 = DIRECTION('',(0.,0.,1.));
#6619 = DIRECTION('',(1.,0.,0.));
#6620 = FACE_BOUND('',#6621,.T.);
#6621 = EDGE_LOOP('',(#6622));
#6622 = ORIENTED_EDGE('',*,*,#6623,.T.);
#6623 = EDGE_CURVE('',#6624,#6624,#6626,.T.);
#6624 = VERTEX_POINT('',#6625);
#6625 = CARTESIAN_POINT('',(-26.205,0.,0.));
#6626 = CIRCLE('',#6627,1.6);
#6627 = AXIS2_PLACEMENT_3D('',#6628,#6629,#6630);
#6628 = CARTESIAN_POINT('',(-27.805,0.,0.));
#6629 = DIRECTION('',(0.,0.,1.));
#6630 = DIRECTION('',(1.,0.,0.));
#6631 = FACE_BOUND('',#6632,.T.);
#6632 = EDGE_LOOP('',(#6633));
#6633 = ORIENTED_EDGE('',*,*,#6634,.T.);
#6634 = EDGE_CURVE('',#6635,#6635,#6637,.T.);
#6635 = VERTEX_POINT('',#6636);
#6636 = CARTESIAN_POINT('',(-26.205,19.21,0.));
#6637 = CIRCLE('',#6638,1.6);
#6638 = AXIS2_PLACEMENT_3D('',#6639,#6640,#6641);
#6639 = CARTESIAN_POINT('',(-27.805,19.21,0.));
#6640 = DIRECTION('',(0.,0.,1.));
#6641 = DIRECTION('',(1.,0.,0.));
#6642 = PLANE('',#6643);
#6643 = AXIS2_PLACEMENT_3D('',#6644,#6645,#6646);
#6644 = CARTESIAN_POINT('',(-1.65E-15,0.,0.));
#6645 = DIRECTION('',(-0.,-0.,-1.));
#6646 = DIRECTION('',(-1.,0.,0.));
#6647 = ADVANCED_FACE('',(#6648),#6659,.F.);
#6648 = FACE_BOUND('',#6649,.F.);
#6649 = EDGE_LOOP('',(#6650,#6651,#6657,#6658));
#6650 = ORIENTED_EDGE('',*,*,#2335,.F.);
#6651 = ORIENTED_EDGE('',*,*,#6652,.T.);
#6652 = EDGE_CURVE('',#2328,#2386,#6653,.T.);
#6653 = LINE('',#6654,#6655);
#6654 = CARTESIAN_POINT('',(23.95,-10.605,6.));
#6655 = VECTOR('',#6656,1.);
#6656 = DIRECTION('',(0.,1.,-2.2E-16));
#6657 = ORIENTED_EDGE('',*,*,#2385,.T.);
#6658 = ORIENTED_EDGE('',*,*,#2351,.F.);
#6659 = PLANE('',#6660);
#6660 = AXIS2_PLACEMENT_3D('',#6661,#6662,#6663);
#6661 = CARTESIAN_POINT('',(23.95,-10.605,6.));
#6662 = DIRECTION('',(0.707106781187,-1.6E-16,-0.707106781187));
#6663 = DIRECTION('',(0.707106781187,1.6E-16,0.707106781187));
#6664 = ADVANCED_FACE('',(#6665),#6676,.F.);
#6665 = FACE_BOUND('',#6666,.T.);
#6666 = EDGE_LOOP('',(#6667,#6668,#6669,#6670));
#6667 = ORIENTED_EDGE('',*,*,#2327,.T.);
#6668 = ORIENTED_EDGE('',*,*,#6652,.T.);
#6669 = ORIENTED_EDGE('',*,*,#2393,.F.);
#6670 = ORIENTED_EDGE('',*,*,#6671,.F.);
#6671 = EDGE_CURVE('',#2320,#2394,#6672,.T.);
#6672 = LINE('',#6673,#6674);
#6673 = CARTESIAN_POINT('',(-23.95,-10.605,6.));
#6674 = VECTOR('',#6675,1.);
#6675 = DIRECTION('',(0.,1.,-2.2E-16));
#6676 = PLANE('',#6677);
#6677 = AXIS2_PLACEMENT_3D('',#6678,#6679,#6680);
#6678 = CARTESIAN_POINT('',(-23.95,-10.605,6.));
#6679 = DIRECTION('',(0.,-2.2E-16,-1.));
#6680 = DIRECTION('',(1.,0.,0.));
#6681 = ADVANCED_FACE('',(#6682),#6688,.F.);
#6682 = FACE_BOUND('',#6683,.F.);
#6683 = EDGE_LOOP('',(#6684,#6685,#6686,#6687));
#6684 = ORIENTED_EDGE('',*,*,#2319,.F.);
#6685 = ORIENTED_EDGE('',*,*,#5112,.T.);
#6686 = ORIENTED_EDGE('',*,*,#2401,.T.);
#6687 = ORIENTED_EDGE('',*,*,#6671,.F.);
#6688 = PLANE('',#6689);
#6689 = AXIS2_PLACEMENT_3D('',#6690,#6691,#6692);
#6690 = CARTESIAN_POINT('',(-33.49,-10.605,15.54));
#6691 = DIRECTION('',(-0.707106781187,-1.6E-16,-0.707106781187));
#6692 = DIRECTION('',(0.707106781187,-1.6E-16,-0.707106781187));
#6693 = ADVANCED_FACE('',(#6694),#6700,.F.);
#6694 = FACE_BOUND('',#6695,.F.);
#6695 = EDGE_LOOP('',(#6696,#6697,#6698,#6699));
#6696 = ORIENTED_EDGE('',*,*,#3210,.T.);
#6697 = ORIENTED_EDGE('',*,*,#2943,.T.);
#6698 = ORIENTED_EDGE('',*,*,#3267,.T.);
#6699 = ORIENTED_EDGE('',*,*,#6554,.T.);
#6700 = PLANE('',#6701);
#6701 = AXIS2_PLACEMENT_3D('',#6702,#6703,#6704);
#6702 = CARTESIAN_POINT('',(35.99,19.3,4.200829591143));
#6703 = DIRECTION('',(-1.,-0.,-0.));
#6704 = DIRECTION('',(0.,0.,-1.));
#6705 = ADVANCED_FACE('',(#6706),#6717,.F.);
#6706 = FACE_BOUND('',#6707,.F.);
#6707 = EDGE_LOOP('',(#6708,#6709,#6710,#6716));
#6708 = ORIENTED_EDGE('',*,*,#3177,.T.);
#6709 = ORIENTED_EDGE('',*,*,#3143,.T.);
#6710 = ORIENTED_EDGE('',*,*,#6711,.F.);
#6711 = EDGE_CURVE('',#2692,#3144,#6712,.T.);
#6712 = LINE('',#6713,#6714);
#6713 = CARTESIAN_POINT('',(35.99,16.8,2.5));
#6714 = VECTOR('',#6715,1.);
#6715 = DIRECTION('',(0.,0.,1.));
#6716 = ORIENTED_EDGE('',*,*,#2691,.F.);
#6717 = PLANE('',#6718);
#6718 = AXIS2_PLACEMENT_3D('',#6719,#6720,#6721);
#6719 = CARTESIAN_POINT('',(35.99,16.3,2.5));
#6720 = DIRECTION('',(-1.,0.,0.));
#6721 = DIRECTION('',(0.,1.,0.));
#6722 = ADVANCED_FACE('',(#6723),#6734,.F.);
#6723 = FACE_BOUND('',#6724,.F.);
#6724 = EDGE_LOOP('',(#6725,#6726,#6727,#6733));
#6725 = ORIENTED_EDGE('',*,*,#6711,.T.);
#6726 = ORIENTED_EDGE('',*,*,#3151,.T.);
#6727 = ORIENTED_EDGE('',*,*,#6728,.F.);
#6728 = EDGE_CURVE('',#2700,#3152,#6729,.T.);
#6729 = LINE('',#6730,#6731);
#6730 = CARTESIAN_POINT('',(35.49,16.8,2.5));
#6731 = VECTOR('',#6732,1.);
#6732 = DIRECTION('',(0.,0.,1.));
#6733 = ORIENTED_EDGE('',*,*,#2699,.F.);
#6734 = PLANE('',#6735);
#6735 = AXIS2_PLACEMENT_3D('',#6736,#6737,#6738);
#6736 = CARTESIAN_POINT('',(35.99,16.8,2.5));
#6737 = DIRECTION('',(0.,-1.,0.));
#6738 = DIRECTION('',(-1.,0.,0.));
#6739 = ADVANCED_FACE('',(#6740),#6751,.F.);
#6740 = FACE_BOUND('',#6741,.F.);
#6741 = EDGE_LOOP('',(#6742,#6748,#6749,#6750));
#6742 = ORIENTED_EDGE('',*,*,#6743,.T.);
#6743 = EDGE_CURVE('',#2913,#3330,#6744,.T.);
#6744 = LINE('',#6745,#6746);
#6745 = CARTESIAN_POINT('',(35.99,21.8,2.5));
#6746 = VECTOR('',#6747,1.);
#6747 = DIRECTION('',(0.,0.,1.));
#6748 = ORIENTED_EDGE('',*,*,#3337,.T.);
#6749 = ORIENTED_EDGE('',*,*,#3289,.F.);
#6750 = ORIENTED_EDGE('',*,*,#2920,.F.);
#6751 = PLANE('',#6752);
#6752 = AXIS2_PLACEMENT_3D('',#6753,#6754,#6755);
#6753 = CARTESIAN_POINT('',(35.99,21.8,2.5));
#6754 = DIRECTION('',(-1.,0.,0.));
#6755 = DIRECTION('',(0.,1.,0.));
#6756 = ADVANCED_FACE('',(#6757),#6763,.F.);
#6757 = FACE_BOUND('',#6758,.F.);
#6758 = EDGE_LOOP('',(#6759,#6760,#6761,#6762));
#6759 = ORIENTED_EDGE('',*,*,#6728,.T.);
#6760 = ORIENTED_EDGE('',*,*,#3159,.T.);
#6761 = ORIENTED_EDGE('',*,*,#3111,.F.);
#6762 = ORIENTED_EDGE('',*,*,#2707,.F.);
#6763 = PLANE('',#6764);
#6764 = AXIS2_PLACEMENT_3D('',#6765,#6766,#6767);
#6765 = CARTESIAN_POINT('',(35.49,16.8,2.5));
#6766 = DIRECTION('',(1.,-7.11E-15,0.));
#6767 = DIRECTION('',(-7.11E-15,-1.,0.));
#6768 = ADVANCED_FACE('',(#6769),#6780,.F.);
#6769 = FACE_BOUND('',#6770,.F.);
#6770 = EDGE_LOOP('',(#6771,#6777,#6778,#6779));
#6771 = ORIENTED_EDGE('',*,*,#6772,.T.);
#6772 = EDGE_CURVE('',#2905,#3322,#6773,.T.);
#6773 = LINE('',#6774,#6775);
#6774 = CARTESIAN_POINT('',(35.49,21.8,2.5));
#6775 = VECTOR('',#6776,1.);
#6776 = DIRECTION('',(0.,0.,1.));
#6777 = ORIENTED_EDGE('',*,*,#3329,.T.);
#6778 = ORIENTED_EDGE('',*,*,#6743,.F.);
#6779 = ORIENTED_EDGE('',*,*,#2912,.F.);
#6780 = PLANE('',#6781);
#6781 = AXIS2_PLACEMENT_3D('',#6782,#6783,#6784);
#6782 = CARTESIAN_POINT('',(35.49,21.8,2.5));
#6783 = DIRECTION('',(0.,1.,0.));
#6784 = DIRECTION('',(1.,0.,0.));
#6785 = ADVANCED_FACE('',(#6786),#6792,.F.);
#6786 = FACE_BOUND('',#6787,.F.);
#6787 = EDGE_LOOP('',(#6788,#6789,#6790,#6791));
#6788 = ORIENTED_EDGE('',*,*,#3355,.T.);
#6789 = ORIENTED_EDGE('',*,*,#3321,.T.);
#6790 = ORIENTED_EDGE('',*,*,#6772,.F.);
#6791 = ORIENTED_EDGE('',*,*,#2904,.F.);
#6792 = PLANE('',#6793);
#6793 = AXIS2_PLACEMENT_3D('',#6794,#6795,#6796);
#6794 = CARTESIAN_POINT('',(35.49,22.8,2.5));
#6795 = DIRECTION('',(1.,0.,0.));
#6796 = DIRECTION('',(0.,-1.,0.));
#6797 = ADVANCED_FACE('',(#6798),#6816,.F.);
#6798 = FACE_BOUND('',#6799,.F.);
#6799 = EDGE_LOOP('',(#6800,#6801,#6807,#6808,#6809,#6815));
#6800 = ORIENTED_EDGE('',*,*,#3670,.F.);
#6801 = ORIENTED_EDGE('',*,*,#6802,.T.);
#6802 = EDGE_CURVE('',#3671,#3412,#6803,.T.);
#6803 = LINE('',#6804,#6805);
#6804 = CARTESIAN_POINT('',(7.5,29.815,3.));
#6805 = VECTOR('',#6806,1.);
#6806 = DIRECTION('',(0.,-1.,2.2E-16));
#6807 = ORIENTED_EDGE('',*,*,#3419,.F.);
#6808 = ORIENTED_EDGE('',*,*,#2881,.T.);
#6809 = ORIENTED_EDGE('',*,*,#6810,.T.);
#6810 = EDGE_CURVE('',#2874,#6538,#6811,.T.);
#6811 = LINE('',#6812,#6813);
#6812 = CARTESIAN_POINT('',(7.5,24.815,3.));
#6813 = VECTOR('',#6814,1.);
#6814 = DIRECTION('',(0.,0.,-1.));
#6815 = ORIENTED_EDGE('',*,*,#6545,.F.);
#6816 = PLANE('',#6817);
#6817 = AXIS2_PLACEMENT_3D('',#6818,#6819,#6820);
#6818 = CARTESIAN_POINT('',(7.5,29.815,3.));
#6819 = DIRECTION('',(1.,0.,0.));
#6820 = DIRECTION('',(0.,-2.2E-16,-1.));
#6821 = ADVANCED_FACE('',(#6822),#6833,.T.);
#6822 = FACE_BOUND('',#6823,.T.);
#6823 = EDGE_LOOP('',(#6824,#6830,#6831,#6832));
#6824 = ORIENTED_EDGE('',*,*,#6825,.T.);
#6825 = EDGE_CURVE('',#2733,#5020,#6826,.T.);
#6826 = LINE('',#6827,#6828);
#6827 = CARTESIAN_POINT('',(-35.49,16.8,2.5));
#6828 = VECTOR('',#6829,1.);
#6829 = DIRECTION('',(0.,0.,1.));
#6830 = ORIENTED_EDGE('',*,*,#5027,.T.);
#6831 = ORIENTED_EDGE('',*,*,#5050,.F.);
#6832 = ORIENTED_EDGE('',*,*,#2732,.F.);
#6833 = PLANE('',#6834);
#6834 = AXIS2_PLACEMENT_3D('',#6835,#6836,#6837);
#6835 = CARTESIAN_POINT('',(-35.49,16.8,2.5));
#6836 = DIRECTION('',(1.,7.11E-15,0.));
#6837 = DIRECTION('',(7.11E-15,-1.,0.));
#6838 = ADVANCED_FACE('',(#6839),#6850,.T.);
#6839 = FACE_BOUND('',#6840,.T.);
#6840 = EDGE_LOOP('',(#6841,#6842,#6843,#6849));
#6841 = ORIENTED_EDGE('',*,*,#6810,.T.);
#6842 = ORIENTED_EDGE('',*,*,#6537,.T.);
#6843 = ORIENTED_EDGE('',*,*,#6844,.T.);
#6844 = EDGE_CURVE('',#6530,#2866,#6845,.T.);
#6845 = LINE('',#6846,#6847);
#6846 = CARTESIAN_POINT('',(2.5,24.815,1.E-15));
#6847 = VECTOR('',#6848,1.);
#6848 = DIRECTION('',(0.,0.,1.));
#6849 = ORIENTED_EDGE('',*,*,#2873,.T.);
#6850 = PLANE('',#6851);
#6851 = AXIS2_PLACEMENT_3D('',#6852,#6853,#6854);
#6852 = CARTESIAN_POINT('',(5.,24.815,1.5));
#6853 = DIRECTION('',(0.,1.,0.));
#6854 = DIRECTION('',(0.,0.,1.));
#6855 = ADVANCED_FACE('',(#6856),#6867,.T.);
#6856 = FACE_BOUND('',#6857,.T.);
#6857 = EDGE_LOOP('',(#6858,#6864,#6865,#6866));
#6858 = ORIENTED_EDGE('',*,*,#6859,.T.);
#6859 = EDGE_CURVE('',#2741,#5012,#6860,.T.);
#6860 = LINE('',#6861,#6862);
#6861 = CARTESIAN_POINT('',(-35.99,16.8,2.5));
#6862 = VECTOR('',#6863,1.);
#6863 = DIRECTION('',(0.,0.,1.));
#6864 = ORIENTED_EDGE('',*,*,#5019,.T.);
#6865 = ORIENTED_EDGE('',*,*,#6825,.F.);
#6866 = ORIENTED_EDGE('',*,*,#2740,.F.);
#6867 = PLANE('',#6868);
#6868 = AXIS2_PLACEMENT_3D('',#6869,#6870,#6871);
#6869 = CARTESIAN_POINT('',(-35.99,16.8,2.5));
#6870 = DIRECTION('',(0.,1.,0.));
#6871 = DIRECTION('',(1.,0.,0.));
#6872 = ADVANCED_FACE('',(#6873),#6886,.F.);
#6873 = FACE_BOUND('',#6874,.F.);
#6874 = EDGE_LOOP('',(#6875,#6876,#6877,#6878,#6879,#6880));
#6875 = ORIENTED_EDGE('',*,*,#3686,.F.);
#6876 = ORIENTED_EDGE('',*,*,#6529,.T.);
#6877 = ORIENTED_EDGE('',*,*,#6844,.T.);
#6878 = ORIENTED_EDGE('',*,*,#2865,.T.);
#6879 = ORIENTED_EDGE('',*,*,#3403,.F.);
#6880 = ORIENTED_EDGE('',*,*,#6881,.F.);
#6881 = EDGE_CURVE('',#3679,#3404,#6882,.T.);
#6882 = LINE('',#6883,#6884);
#6883 = CARTESIAN_POINT('',(2.5,29.815,3.));
#6884 = VECTOR('',#6885,1.);
#6885 = DIRECTION('',(0.,-1.,2.2E-16));
#6886 = PLANE('',#6887);
#6887 = AXIS2_PLACEMENT_3D('',#6888,#6889,#6890);
#6888 = CARTESIAN_POINT('',(2.5,29.815,0.));
#6889 = DIRECTION('',(-1.,0.,0.));
#6890 = DIRECTION('',(0.,2.2E-16,1.));
#6891 = ADVANCED_FACE('',(#6892),#6898,.T.);
#6892 = FACE_BOUND('',#6893,.T.);
#6893 = EDGE_LOOP('',(#6894,#6895,#6896,#6897));
#6894 = ORIENTED_EDGE('',*,*,#4995,.T.);
#6895 = ORIENTED_EDGE('',*,*,#5011,.T.);
#6896 = ORIENTED_EDGE('',*,*,#6859,.F.);
#6897 = ORIENTED_EDGE('',*,*,#2748,.F.);
#6898 = PLANE('',#6899);
#6899 = AXIS2_PLACEMENT_3D('',#6900,#6901,#6902);
#6900 = CARTESIAN_POINT('',(-35.99,16.3,2.5));
#6901 = DIRECTION('',(-1.,0.,0.));
#6902 = DIRECTION('',(0.,1.,0.));
#6903 = ADVANCED_FACE('',(#6904),#6922,.F.);
#6904 = FACE_BOUND('',#6905,.F.);
#6905 = EDGE_LOOP('',(#6906,#6907,#6913,#6914,#6915,#6921));
#6906 = ORIENTED_EDGE('',*,*,#3702,.F.);
#6907 = ORIENTED_EDGE('',*,*,#6908,.T.);
#6908 = EDGE_CURVE('',#3703,#3389,#6909,.T.);
#6909 = LINE('',#6910,#6911);
#6910 = CARTESIAN_POINT('',(-2.5,29.815,3.));
#6911 = VECTOR('',#6912,1.);
#6912 = DIRECTION('',(0.,-1.,2.2E-16));
#6913 = ORIENTED_EDGE('',*,*,#3396,.F.);
#6914 = ORIENTED_EDGE('',*,*,#2849,.T.);
#6915 = ORIENTED_EDGE('',*,*,#6916,.T.);
#6916 = EDGE_CURVE('',#2842,#6515,#6917,.T.);
#6917 = LINE('',#6918,#6919);
#6918 = CARTESIAN_POINT('',(-2.5,24.815,3.));
#6919 = VECTOR('',#6920,1.);
#6920 = DIRECTION('',(0.,0.,-1.));
#6921 = ORIENTED_EDGE('',*,*,#6522,.F.);
#6922 = PLANE('',#6923);
#6923 = AXIS2_PLACEMENT_3D('',#6924,#6925,#6926);
#6924 = CARTESIAN_POINT('',(-2.5,29.815,3.));
#6925 = DIRECTION('',(1.,0.,0.));
#6926 = DIRECTION('',(0.,-2.2E-16,-1.));
#6927 = ADVANCED_FACE('',(#6928),#6939,.T.);
#6928 = FACE_BOUND('',#6929,.T.);
#6929 = EDGE_LOOP('',(#6930,#6931,#6932,#6938));
#6930 = ORIENTED_EDGE('',*,*,#6916,.T.);
#6931 = ORIENTED_EDGE('',*,*,#6514,.T.);
#6932 = ORIENTED_EDGE('',*,*,#6933,.T.);
#6933 = EDGE_CURVE('',#6507,#2834,#6934,.T.);
#6934 = LINE('',#6935,#6936);
#6935 = CARTESIAN_POINT('',(-7.5,24.815,1.E-15));
#6936 = VECTOR('',#6937,1.);
#6937 = DIRECTION('',(0.,0.,1.));
#6938 = ORIENTED_EDGE('',*,*,#2841,.T.);
#6939 = PLANE('',#6940);
#6940 = AXIS2_PLACEMENT_3D('',#6941,#6942,#6943);
#6941 = CARTESIAN_POINT('',(-5.,24.815,1.5));
#6942 = DIRECTION('',(0.,1.,0.));
#6943 = DIRECTION('',(0.,0.,1.));
#6944 = ADVANCED_FACE('',(#6945),#6958,.F.);
#6945 = FACE_BOUND('',#6946,.F.);
#6946 = EDGE_LOOP('',(#6947,#6948,#6949,#6950,#6951,#6952));
#6947 = ORIENTED_EDGE('',*,*,#3718,.F.);
#6948 = ORIENTED_EDGE('',*,*,#6506,.T.);
#6949 = ORIENTED_EDGE('',*,*,#6933,.T.);
#6950 = ORIENTED_EDGE('',*,*,#2833,.T.);
#6951 = ORIENTED_EDGE('',*,*,#3380,.F.);
#6952 = ORIENTED_EDGE('',*,*,#6953,.F.);
#6953 = EDGE_CURVE('',#3711,#3381,#6954,.T.);
#6954 = LINE('',#6955,#6956);
#6955 = CARTESIAN_POINT('',(-7.5,29.815,3.));
#6956 = VECTOR('',#6957,1.);
#6957 = DIRECTION('',(0.,-1.,2.2E-16));
#6958 = PLANE('',#6959);
#6959 = AXIS2_PLACEMENT_3D('',#6960,#6961,#6962);
#6960 = CARTESIAN_POINT('',(-7.5,29.815,0.));
#6961 = DIRECTION('',(-1.,0.,0.));
#6962 = DIRECTION('',(0.,2.2E-16,1.));
#6963 = ADVANCED_FACE('',(#6964),#6970,.T.);
#6964 = FACE_BOUND('',#6965,.T.);
#6965 = EDGE_LOOP('',(#6966,#6967,#6968,#6969));
#6966 = ORIENTED_EDGE('',*,*,#4907,.T.);
#6967 = ORIENTED_EDGE('',*,*,#6492,.T.);
#6968 = ORIENTED_EDGE('',*,*,#4969,.T.);
#6969 = ORIENTED_EDGE('',*,*,#2771,.T.);
#6970 = PLANE('',#6971);
#6971 = AXIS2_PLACEMENT_3D('',#6972,#6973,#6974);
#6972 = CARTESIAN_POINT('',(-35.99,19.3,4.200829591143));
#6973 = DIRECTION('',(-1.,-0.,-0.));
#6974 = DIRECTION('',(0.,0.,-1.));
#6975 = ADVANCED_FACE('',(#6976),#6987,.T.);
#6976 = FACE_BOUND('',#6977,.T.);
#6977 = EDGE_LOOP('',(#6978,#6979,#6980,#6986));
#6978 = ORIENTED_EDGE('',*,*,#4817,.T.);
#6979 = ORIENTED_EDGE('',*,*,#4833,.T.);
#6980 = ORIENTED_EDGE('',*,*,#6981,.F.);
#6981 = EDGE_CURVE('',#2803,#4834,#6982,.T.);
#6982 = LINE('',#6983,#6984);
#6983 = CARTESIAN_POINT('',(-35.49,21.8,2.5));
#6984 = VECTOR('',#6985,1.);
#6985 = DIRECTION('',(0.,0.,1.));
#6986 = ORIENTED_EDGE('',*,*,#2810,.F.);
#6987 = PLANE('',#6988);
#6988 = AXIS2_PLACEMENT_3D('',#6989,#6990,#6991);
#6989 = CARTESIAN_POINT('',(-35.49,22.8,2.5));
#6990 = DIRECTION('',(1.,0.,0.));
#6991 = DIRECTION('',(0.,-1.,0.));
#6992 = ADVANCED_FACE('',(#6993),#7004,.T.);
#6993 = FACE_BOUND('',#6994,.T.);
#6994 = EDGE_LOOP('',(#6995,#7001,#7002,#7003));
#6995 = ORIENTED_EDGE('',*,*,#6996,.T.);
#6996 = EDGE_CURVE('',#2795,#4842,#6997,.T.);
#6997 = LINE('',#6998,#6999);
#6998 = CARTESIAN_POINT('',(-35.99,21.8,2.5));
#6999 = VECTOR('',#7000,1.);
#7000 = DIRECTION('',(0.,0.,1.));
#7001 = ORIENTED_EDGE('',*,*,#4849,.T.);
#7002 = ORIENTED_EDGE('',*,*,#4872,.F.);
#7003 = ORIENTED_EDGE('',*,*,#2794,.F.);
#7004 = PLANE('',#7005);
#7005 = AXIS2_PLACEMENT_3D('',#7006,#7007,#7008);
#7006 = CARTESIAN_POINT('',(-35.99,21.8,2.5));
#7007 = DIRECTION('',(-1.,0.,0.));
#7008 = DIRECTION('',(0.,1.,0.));
#7009 = ADVANCED_FACE('',(#7010),#7016,.T.);
#7010 = FACE_BOUND('',#7011,.T.);
#7011 = EDGE_LOOP('',(#7012,#7013,#7014,#7015));
#7012 = ORIENTED_EDGE('',*,*,#6981,.T.);
#7013 = ORIENTED_EDGE('',*,*,#4841,.T.);
#7014 = ORIENTED_EDGE('',*,*,#6996,.F.);
#7015 = ORIENTED_EDGE('',*,*,#2802,.F.);
#7016 = PLANE('',#7017);
#7017 = AXIS2_PLACEMENT_3D('',#7018,#7019,#7020);
#7018 = CARTESIAN_POINT('',(-35.49,21.8,2.5));
#7019 = DIRECTION('',(0.,-1.,0.));
#7020 = DIRECTION('',(-1.,0.,0.));
#7021 = ADVANCED_FACE('',(#7022),#7047,.T.);
#7022 = FACE_BOUND('',#7023,.T.);
#7023 = EDGE_LOOP('',(#7024,#7032,#7040,#7046));
#7024 = ORIENTED_EDGE('',*,*,#7025,.T.);
#7025 = EDGE_CURVE('',#2952,#7026,#7028,.T.);
#7026 = VERTEX_POINT('',#7027);
#7027 = CARTESIAN_POINT('',(17.5,19.8,2.25));
#7028 = LINE('',#7029,#7030);
#7029 = CARTESIAN_POINT('',(17.5,19.8,2.5));
#7030 = VECTOR('',#7031,1.);
#7031 = DIRECTION('',(-0.,-0.,-1.));
#7032 = ORIENTED_EDGE('',*,*,#7033,.T.);
#7033 = EDGE_CURVE('',#7026,#7034,#7036,.T.);
#7034 = VERTEX_POINT('',#7035);
#7035 = CARTESIAN_POINT('',(19.5,19.8,2.25));
#7036 = LINE('',#7037,#7038);
#7037 = CARTESIAN_POINT('',(17.5,19.8,2.25));
#7038 = VECTOR('',#7039,1.);
#7039 = DIRECTION('',(1.,0.,0.));
#7040 = ORIENTED_EDGE('',*,*,#7041,.F.);
#7041 = EDGE_CURVE('',#2954,#7034,#7042,.T.);
#7042 = LINE('',#7043,#7044);
#7043 = CARTESIAN_POINT('',(19.5,19.8,2.5));
#7044 = VECTOR('',#7045,1.);
#7045 = DIRECTION('',(-0.,-0.,-1.));
#7046 = ORIENTED_EDGE('',*,*,#2951,.F.);
#7047 = PLANE('',#7048);
#7048 = AXIS2_PLACEMENT_3D('',#7049,#7050,#7051);
#7049 = CARTESIAN_POINT('',(17.5,19.8,2.5));
#7050 = DIRECTION('',(0.,-1.,0.));
#7051 = DIRECTION('',(1.,0.,0.));
#7052 = ADVANCED_FACE('',(#7053),#7071,.T.);
#7053 = FACE_BOUND('',#7054,.T.);
#7054 = EDGE_LOOP('',(#7055,#7056,#7064,#7070));
#7055 = ORIENTED_EDGE('',*,*,#7041,.T.);
#7056 = ORIENTED_EDGE('',*,*,#7057,.T.);
#7057 = EDGE_CURVE('',#7034,#7058,#7060,.T.);
#7058 = VERTEX_POINT('',#7059);
#7059 = CARTESIAN_POINT('',(19.5,21.8,2.25));
#7060 = LINE('',#7061,#7062);
#7061 = CARTESIAN_POINT('',(19.5,19.8,2.25));
#7062 = VECTOR('',#7063,1.);
#7063 = DIRECTION('',(1.78E-15,1.,0.));
#7064 = ORIENTED_EDGE('',*,*,#7065,.F.);
#7065 = EDGE_CURVE('',#3034,#7058,#7066,.T.);
#7066 = LINE('',#7067,#7068);
#7067 = CARTESIAN_POINT('',(19.5,21.8,2.5));
#7068 = VECTOR('',#7069,1.);
#7069 = DIRECTION('',(-0.,-0.,-1.));
#7070 = ORIENTED_EDGE('',*,*,#3041,.F.);
#7071 = PLANE('',#7072);
#7072 = AXIS2_PLACEMENT_3D('',#7073,#7074,#7075);
#7073 = CARTESIAN_POINT('',(19.5,19.8,2.5));
#7074 = DIRECTION('',(1.,-1.78E-15,0.));
#7075 = DIRECTION('',(1.78E-15,1.,0.));
#7076 = ADVANCED_FACE('',(#7077),#7095,.T.);
#7077 = FACE_BOUND('',#7078,.T.);
#7078 = EDGE_LOOP('',(#7079,#7080,#7088,#7094));
#7079 = ORIENTED_EDGE('',*,*,#7065,.T.);
#7080 = ORIENTED_EDGE('',*,*,#7081,.T.);
#7081 = EDGE_CURVE('',#7058,#7082,#7084,.T.);
#7082 = VERTEX_POINT('',#7083);
#7083 = CARTESIAN_POINT('',(20.5,21.8,2.25));
#7084 = LINE('',#7085,#7086);
#7085 = CARTESIAN_POINT('',(19.5,21.8,2.25));
#7086 = VECTOR('',#7087,1.);
#7087 = DIRECTION('',(1.,-1.066E-14,0.));
#7088 = ORIENTED_EDGE('',*,*,#7089,.F.);
#7089 = EDGE_CURVE('',#3026,#7082,#7090,.T.);
#7090 = LINE('',#7091,#7092);
#7091 = CARTESIAN_POINT('',(20.5,21.8,2.5));
#7092 = VECTOR('',#7093,1.);
#7093 = DIRECTION('',(-0.,-0.,-1.));
#7094 = ORIENTED_EDGE('',*,*,#3033,.F.);
#7095 = PLANE('',#7096);
#7096 = AXIS2_PLACEMENT_3D('',#7097,#7098,#7099);
#7097 = CARTESIAN_POINT('',(19.5,21.8,2.5));
#7098 = DIRECTION('',(-1.066E-14,-1.,0.));
#7099 = DIRECTION('',(1.,-1.066E-14,0.));
#7100 = ADVANCED_FACE('',(#7101),#7119,.T.);
#7101 = FACE_BOUND('',#7102,.T.);
#7102 = EDGE_LOOP('',(#7103,#7104,#7112,#7118));
#7103 = ORIENTED_EDGE('',*,*,#7089,.T.);
#7104 = ORIENTED_EDGE('',*,*,#7105,.T.);
#7105 = EDGE_CURVE('',#7082,#7106,#7108,.T.);
#7106 = VERTEX_POINT('',#7107);
#7107 = CARTESIAN_POINT('',(20.5,19.8,2.25));
#7108 = LINE('',#7109,#7110);
#7109 = CARTESIAN_POINT('',(20.5,21.8,2.25));
#7110 = VECTOR('',#7111,1.);
#7111 = DIRECTION('',(1.78E-15,-1.,0.));
#7112 = ORIENTED_EDGE('',*,*,#7113,.F.);
#7113 = EDGE_CURVE('',#3018,#7106,#7114,.T.);
#7114 = LINE('',#7115,#7116);
#7115 = CARTESIAN_POINT('',(20.5,19.8,2.5));
#7116 = VECTOR('',#7117,1.);
#7117 = DIRECTION('',(-0.,-0.,-1.));
#7118 = ORIENTED_EDGE('',*,*,#3025,.F.);
#7119 = PLANE('',#7120);
#7120 = AXIS2_PLACEMENT_3D('',#7121,#7122,#7123);
#7121 = CARTESIAN_POINT('',(20.5,21.8,2.5));
#7122 = DIRECTION('',(-1.,-1.78E-15,0.));
#7123 = DIRECTION('',(1.78E-15,-1.,0.));
#7124 = ADVANCED_FACE('',(#7125),#7143,.T.);
#7125 = FACE_BOUND('',#7126,.T.);
#7126 = EDGE_LOOP('',(#7127,#7128,#7136,#7142));
#7127 = ORIENTED_EDGE('',*,*,#7113,.T.);
#7128 = ORIENTED_EDGE('',*,*,#7129,.T.);
#7129 = EDGE_CURVE('',#7106,#7130,#7132,.T.);
#7130 = VERTEX_POINT('',#7131);
#7131 = CARTESIAN_POINT('',(22.5,19.8,2.25));
#7132 = LINE('',#7133,#7134);
#7133 = CARTESIAN_POINT('',(20.5,19.8,2.25));
#7134 = VECTOR('',#7135,1.);
#7135 = DIRECTION('',(1.,5.33E-15,0.));
#7136 = ORIENTED_EDGE('',*,*,#7137,.F.);
#7137 = EDGE_CURVE('',#3010,#7130,#7138,.T.);
#7138 = LINE('',#7139,#7140);
#7139 = CARTESIAN_POINT('',(22.5,19.8,2.5));
#7140 = VECTOR('',#7141,1.);
#7141 = DIRECTION('',(-0.,-0.,-1.));
#7142 = ORIENTED_EDGE('',*,*,#3017,.F.);
#7143 = PLANE('',#7144);
#7144 = AXIS2_PLACEMENT_3D('',#7145,#7146,#7147);
#7145 = CARTESIAN_POINT('',(20.5,19.8,2.5));
#7146 = DIRECTION('',(5.33E-15,-1.,0.));
#7147 = DIRECTION('',(1.,5.33E-15,0.));
#7148 = ADVANCED_FACE('',(#7149),#7167,.T.);
#7149 = FACE_BOUND('',#7150,.T.);
#7150 = EDGE_LOOP('',(#7151,#7152,#7160,#7166));
#7151 = ORIENTED_EDGE('',*,*,#7137,.T.);
#7152 = ORIENTED_EDGE('',*,*,#7153,.T.);
#7153 = EDGE_CURVE('',#7130,#7154,#7156,.T.);
#7154 = VERTEX_POINT('',#7155);
#7155 = CARTESIAN_POINT('',(22.5,18.8,2.25));
#7156 = LINE('',#7157,#7158);
#7157 = CARTESIAN_POINT('',(22.5,19.8,2.25));
#7158 = VECTOR('',#7159,1.);
#7159 = DIRECTION('',(0.,-1.,0.));
#7160 = ORIENTED_EDGE('',*,*,#7161,.F.);
#7161 = EDGE_CURVE('',#3002,#7154,#7162,.T.);
#7162 = LINE('',#7163,#7164);
#7163 = CARTESIAN_POINT('',(22.5,18.8,2.5));
#7164 = VECTOR('',#7165,1.);
#7165 = DIRECTION('',(-0.,-0.,-1.));
#7166 = ORIENTED_EDGE('',*,*,#3009,.F.);
#7167 = PLANE('',#7168);
#7168 = AXIS2_PLACEMENT_3D('',#7169,#7170,#7171);
#7169 = CARTESIAN_POINT('',(22.5,19.8,2.5));
#7170 = DIRECTION('',(-1.,0.,0.));
#7171 = DIRECTION('',(0.,-1.,0.));
#7172 = ADVANCED_FACE('',(#7173),#7191,.T.);
#7173 = FACE_BOUND('',#7174,.T.);
#7174 = EDGE_LOOP('',(#7175,#7176,#7184,#7190));
#7175 = ORIENTED_EDGE('',*,*,#7161,.T.);
#7176 = ORIENTED_EDGE('',*,*,#7177,.T.);
#7177 = EDGE_CURVE('',#7154,#7178,#7180,.T.);
#7178 = VERTEX_POINT('',#7179);
#7179 = CARTESIAN_POINT('',(20.5,18.8,2.25));
#7180 = LINE('',#7181,#7182);
#7181 = CARTESIAN_POINT('',(22.5,18.8,2.25));
#7182 = VECTOR('',#7183,1.);
#7183 = DIRECTION('',(-1.,0.,0.));
#7184 = ORIENTED_EDGE('',*,*,#7185,.F.);
#7185 = EDGE_CURVE('',#2994,#7178,#7186,.T.);
#7186 = LINE('',#7187,#7188);
#7187 = CARTESIAN_POINT('',(20.5,18.8,2.5));
#7188 = VECTOR('',#7189,1.);
#7189 = DIRECTION('',(-0.,-0.,-1.));
#7190 = ORIENTED_EDGE('',*,*,#3001,.F.);
#7191 = PLANE('',#7192);
#7192 = AXIS2_PLACEMENT_3D('',#7193,#7194,#7195);
#7193 = CARTESIAN_POINT('',(22.5,18.8,2.5));
#7194 = DIRECTION('',(0.,1.,0.));
#7195 = DIRECTION('',(-1.,0.,0.));
#7196 = ADVANCED_FACE('',(#7197),#7215,.T.);
#7197 = FACE_BOUND('',#7198,.T.);
#7198 = EDGE_LOOP('',(#7199,#7200,#7208,#7214));
#7199 = ORIENTED_EDGE('',*,*,#7185,.T.);
#7200 = ORIENTED_EDGE('',*,*,#7201,.T.);
#7201 = EDGE_CURVE('',#7178,#7202,#7204,.T.);
#7202 = VERTEX_POINT('',#7203);
#7203 = CARTESIAN_POINT('',(20.5,16.8,2.25));
#7204 = LINE('',#7205,#7206);
#7205 = CARTESIAN_POINT('',(20.5,18.8,2.25));
#7206 = VECTOR('',#7207,1.);
#7207 = DIRECTION('',(1.78E-15,-1.,0.));
#7208 = ORIENTED_EDGE('',*,*,#7209,.F.);
#7209 = EDGE_CURVE('',#2986,#7202,#7210,.T.);
#7210 = LINE('',#7211,#7212);
#7211 = CARTESIAN_POINT('',(20.5,16.8,2.5));
#7212 = VECTOR('',#7213,1.);
#7213 = DIRECTION('',(-0.,-0.,-1.));
#7214 = ORIENTED_EDGE('',*,*,#2993,.F.);
#7215 = PLANE('',#7216);
#7216 = AXIS2_PLACEMENT_3D('',#7217,#7218,#7219);
#7217 = CARTESIAN_POINT('',(20.5,18.8,2.5));
#7218 = DIRECTION('',(-1.,-1.78E-15,0.));
#7219 = DIRECTION('',(1.78E-15,-1.,0.));
#7220 = ADVANCED_FACE('',(#7221),#7239,.T.);
#7221 = FACE_BOUND('',#7222,.T.);
#7222 = EDGE_LOOP('',(#7223,#7224,#7232,#7238));
#7223 = ORIENTED_EDGE('',*,*,#7209,.T.);
#7224 = ORIENTED_EDGE('',*,*,#7225,.T.);
#7225 = EDGE_CURVE('',#7202,#7226,#7228,.T.);
#7226 = VERTEX_POINT('',#7227);
#7227 = CARTESIAN_POINT('',(19.5,16.8,2.25));
#7228 = LINE('',#7229,#7230);
#7229 = CARTESIAN_POINT('',(20.5,16.8,2.25));
#7230 = VECTOR('',#7231,1.);
#7231 = DIRECTION('',(-1.,-2.842E-14,0.));
#7232 = ORIENTED_EDGE('',*,*,#7233,.F.);
#7233 = EDGE_CURVE('',#2978,#7226,#7234,.T.);
#7234 = LINE('',#7235,#7236);
#7235 = CARTESIAN_POINT('',(19.5,16.8,2.5));
#7236 = VECTOR('',#7237,1.);
#7237 = DIRECTION('',(-0.,-0.,-1.));
#7238 = ORIENTED_EDGE('',*,*,#2985,.F.);
#7239 = PLANE('',#7240);
#7240 = AXIS2_PLACEMENT_3D('',#7241,#7242,#7243);
#7241 = CARTESIAN_POINT('',(20.5,16.8,2.5));
#7242 = DIRECTION('',(-2.842E-14,1.,0.));
#7243 = DIRECTION('',(-1.,-2.842E-14,0.));
#7244 = ADVANCED_FACE('',(#7245),#7263,.T.);
#7245 = FACE_BOUND('',#7246,.T.);
#7246 = EDGE_LOOP('',(#7247,#7248,#7256,#7262));
#7247 = ORIENTED_EDGE('',*,*,#7233,.T.);
#7248 = ORIENTED_EDGE('',*,*,#7249,.T.);
#7249 = EDGE_CURVE('',#7226,#7250,#7252,.T.);
#7250 = VERTEX_POINT('',#7251);
#7251 = CARTESIAN_POINT('',(19.5,18.8,2.25));
#7252 = LINE('',#7253,#7254);
#7253 = CARTESIAN_POINT('',(19.5,16.8,2.25));
#7254 = VECTOR('',#7255,1.);
#7255 = DIRECTION('',(1.78E-15,1.,0.));
#7256 = ORIENTED_EDGE('',*,*,#7257,.F.);
#7257 = EDGE_CURVE('',#2970,#7250,#7258,.T.);
#7258 = LINE('',#7259,#7260);
#7259 = CARTESIAN_POINT('',(19.5,18.8,2.5));
#7260 = VECTOR('',#7261,1.);
#7261 = DIRECTION('',(-0.,-0.,-1.));
#7262 = ORIENTED_EDGE('',*,*,#2977,.F.);
#7263 = PLANE('',#7264);
#7264 = AXIS2_PLACEMENT_3D('',#7265,#7266,#7267);
#7265 = CARTESIAN_POINT('',(19.5,16.8,2.5));
#7266 = DIRECTION('',(1.,-1.78E-15,0.));
#7267 = DIRECTION('',(1.78E-15,1.,0.));
#7268 = ADVANCED_FACE('',(#7269),#7287,.T.);
#7269 = FACE_BOUND('',#7270,.T.);
#7270 = EDGE_LOOP('',(#7271,#7272,#7280,#7286));
#7271 = ORIENTED_EDGE('',*,*,#7257,.T.);
#7272 = ORIENTED_EDGE('',*,*,#7273,.T.);
#7273 = EDGE_CURVE('',#7250,#7274,#7276,.T.);
#7274 = VERTEX_POINT('',#7275);
#7275 = CARTESIAN_POINT('',(17.5,18.8,2.25));
#7276 = LINE('',#7277,#7278);
#7277 = CARTESIAN_POINT('',(19.5,18.8,2.25));
#7278 = VECTOR('',#7279,1.);
#7279 = DIRECTION('',(-1.,1.78E-15,0.));
#7280 = ORIENTED_EDGE('',*,*,#7281,.F.);
#7281 = EDGE_CURVE('',#2962,#7274,#7282,.T.);
#7282 = LINE('',#7283,#7284);
#7283 = CARTESIAN_POINT('',(17.5,18.8,2.5));
#7284 = VECTOR('',#7285,1.);
#7285 = DIRECTION('',(-0.,-0.,-1.));
#7286 = ORIENTED_EDGE('',*,*,#2969,.F.);
#7287 = PLANE('',#7288);
#7288 = AXIS2_PLACEMENT_3D('',#7289,#7290,#7291);
#7289 = CARTESIAN_POINT('',(19.5,18.8,2.5));
#7290 = DIRECTION('',(1.78E-15,1.,0.));
#7291 = DIRECTION('',(-1.,1.78E-15,0.));
#7292 = ADVANCED_FACE('',(#7293),#7304,.T.);
#7293 = FACE_BOUND('',#7294,.T.);
#7294 = EDGE_LOOP('',(#7295,#7296,#7302,#7303));
#7295 = ORIENTED_EDGE('',*,*,#7281,.T.);
#7296 = ORIENTED_EDGE('',*,*,#7297,.T.);
#7297 = EDGE_CURVE('',#7274,#7026,#7298,.T.);
#7298 = LINE('',#7299,#7300);
#7299 = CARTESIAN_POINT('',(17.5,18.8,2.25));
#7300 = VECTOR('',#7301,1.);
#7301 = DIRECTION('',(7.11E-15,1.,0.));
#7302 = ORIENTED_EDGE('',*,*,#7025,.F.);
#7303 = ORIENTED_EDGE('',*,*,#2961,.F.);
#7304 = PLANE('',#7305);
#7305 = AXIS2_PLACEMENT_3D('',#7306,#7307,#7308);
#7306 = CARTESIAN_POINT('',(17.5,18.8,2.5));
#7307 = DIRECTION('',(1.,-7.11E-15,0.));
#7308 = DIRECTION('',(7.11E-15,1.,0.));
#7309 = ADVANCED_FACE('',(#7310),#7329,.F.);
#7310 = FACE_BOUND('',#7311,.F.);
#7311 = EDGE_LOOP('',(#7312,#7320,#7327,#7328));
#7312 = ORIENTED_EDGE('',*,*,#7313,.T.);
#7313 = EDGE_CURVE('',#3050,#7314,#7316,.T.);
#7314 = VERTEX_POINT('',#7315);
#7315 = CARTESIAN_POINT('',(30.805,19.21,1.5));
#7316 = LINE('',#7317,#7318);
#7317 = CARTESIAN_POINT('',(30.805,19.21,2.5));
#7318 = VECTOR('',#7319,1.);
#7319 = DIRECTION('',(-0.,-0.,-1.));
#7320 = ORIENTED_EDGE('',*,*,#7321,.T.);
#7321 = EDGE_CURVE('',#7314,#7314,#7322,.T.);
#7322 = CIRCLE('',#7323,3.);
#7323 = AXIS2_PLACEMENT_3D('',#7324,#7325,#7326);
#7324 = CARTESIAN_POINT('',(27.805,19.21,1.5));
#7325 = DIRECTION('',(0.,0.,1.));
#7326 = DIRECTION('',(1.,0.,0.));
#7327 = ORIENTED_EDGE('',*,*,#7313,.F.);
#7328 = ORIENTED_EDGE('',*,*,#3049,.F.);
#7329 = CYLINDRICAL_SURFACE('',#7330,3.);
#7330 = AXIS2_PLACEMENT_3D('',#7331,#7332,#7333);
#7331 = CARTESIAN_POINT('',(27.805,19.21,2.5));
#7332 = DIRECTION('',(0.,0.,1.));
#7333 = DIRECTION('',(1.,0.,0.));
#7334 = ADVANCED_FACE('',(#7335),#7360,.T.);
#7335 = FACE_BOUND('',#7336,.T.);
#7336 = EDGE_LOOP('',(#7337,#7345,#7353,#7359));
#7337 = ORIENTED_EDGE('',*,*,#7338,.T.);
#7338 = EDGE_CURVE('',#3061,#7339,#7341,.T.);
#7339 = VERTEX_POINT('',#7340);
#7340 = CARTESIAN_POINT('',(-22.5,19.8,2.25));
#7341 = LINE('',#7342,#7343);
#7342 = CARTESIAN_POINT('',(-22.5,19.8,2.5));
#7343 = VECTOR('',#7344,1.);
#7344 = DIRECTION('',(-0.,-0.,-1.));
#7345 = ORIENTED_EDGE('',*,*,#7346,.T.);
#7346 = EDGE_CURVE('',#7339,#7347,#7349,.T.);
#7347 = VERTEX_POINT('',#7348);
#7348 = CARTESIAN_POINT('',(-17.5,19.8,2.25));
#7349 = LINE('',#7350,#7351);
#7350 = CARTESIAN_POINT('',(-22.5,19.8,2.25));
#7351 = VECTOR('',#7352,1.);
#7352 = DIRECTION('',(1.,0.,0.));
#7353 = ORIENTED_EDGE('',*,*,#7354,.F.);
#7354 = EDGE_CURVE('',#3063,#7347,#7355,.T.);
#7355 = LINE('',#7356,#7357);
#7356 = CARTESIAN_POINT('',(-17.5,19.8,2.5));
#7357 = VECTOR('',#7358,1.);
#7358 = DIRECTION('',(-0.,-0.,-1.));
#7359 = ORIENTED_EDGE('',*,*,#3060,.F.);
#7360 = PLANE('',#7361);
#7361 = AXIS2_PLACEMENT_3D('',#7362,#7363,#7364);
#7362 = CARTESIAN_POINT('',(-22.5,19.8,2.5));
#7363 = DIRECTION('',(0.,-1.,0.));
#7364 = DIRECTION('',(1.,0.,0.));
#7365 = ADVANCED_FACE('',(#7366),#7384,.T.);
#7366 = FACE_BOUND('',#7367,.T.);
#7367 = EDGE_LOOP('',(#7368,#7369,#7377,#7383));
#7368 = ORIENTED_EDGE('',*,*,#7354,.T.);
#7369 = ORIENTED_EDGE('',*,*,#7370,.T.);
#7370 = EDGE_CURVE('',#7347,#7371,#7373,.T.);
#7371 = VERTEX_POINT('',#7372);
#7372 = CARTESIAN_POINT('',(-17.5,18.8,2.25));
#7373 = LINE('',#7374,#7375);
#7374 = CARTESIAN_POINT('',(-17.5,19.8,2.25));
#7375 = VECTOR('',#7376,1.);
#7376 = DIRECTION('',(0.,-1.,0.));
#7377 = ORIENTED_EDGE('',*,*,#7378,.F.);
#7378 = EDGE_CURVE('',#3079,#7371,#7379,.T.);
#7379 = LINE('',#7380,#7381);
#7380 = CARTESIAN_POINT('',(-17.5,18.8,2.5));
#7381 = VECTOR('',#7382,1.);
#7382 = DIRECTION('',(-0.,-0.,-1.));
#7383 = ORIENTED_EDGE('',*,*,#3086,.F.);
#7384 = PLANE('',#7385);
#7385 = AXIS2_PLACEMENT_3D('',#7386,#7387,#7388);
#7386 = CARTESIAN_POINT('',(-17.5,19.8,2.5));
#7387 = DIRECTION('',(-1.,0.,0.));
#7388 = DIRECTION('',(0.,-1.,0.));
#7389 = ADVANCED_FACE('',(#7390),#7408,.T.);
#7390 = FACE_BOUND('',#7391,.T.);
#7391 = EDGE_LOOP('',(#7392,#7393,#7401,#7407));
#7392 = ORIENTED_EDGE('',*,*,#7378,.T.);
#7393 = ORIENTED_EDGE('',*,*,#7394,.T.);
#7394 = EDGE_CURVE('',#7371,#7395,#7397,.T.);
#7395 = VERTEX_POINT('',#7396);
#7396 = CARTESIAN_POINT('',(-22.5,18.8,2.25));
#7397 = LINE('',#7398,#7399);
#7398 = CARTESIAN_POINT('',(-17.5,18.8,2.25));
#7399 = VECTOR('',#7400,1.);
#7400 = DIRECTION('',(-1.,0.,0.));
#7401 = ORIENTED_EDGE('',*,*,#7402,.F.);
#7402 = EDGE_CURVE('',#3071,#7395,#7403,.T.);
#7403 = LINE('',#7404,#7405);
#7404 = CARTESIAN_POINT('',(-22.5,18.8,2.5));
#7405 = VECTOR('',#7406,1.);
#7406 = DIRECTION('',(-0.,-0.,-1.));
#7407 = ORIENTED_EDGE('',*,*,#3078,.F.);
#7408 = PLANE('',#7409);
#7409 = AXIS2_PLACEMENT_3D('',#7410,#7411,#7412);
#7410 = CARTESIAN_POINT('',(-17.5,18.8,2.5));
#7411 = DIRECTION('',(0.,1.,0.));
#7412 = DIRECTION('',(-1.,0.,0.));
#7413 = ADVANCED_FACE('',(#7414),#7425,.T.);
#7414 = FACE_BOUND('',#7415,.T.);
#7415 = EDGE_LOOP('',(#7416,#7417,#7423,#7424));
#7416 = ORIENTED_EDGE('',*,*,#7402,.T.);
#7417 = ORIENTED_EDGE('',*,*,#7418,.T.);
#7418 = EDGE_CURVE('',#7395,#7339,#7419,.T.);
#7419 = LINE('',#7420,#7421);
#7420 = CARTESIAN_POINT('',(-22.5,18.8,2.25));
#7421 = VECTOR('',#7422,1.);
#7422 = DIRECTION('',(0.,1.,0.));
#7423 = ORIENTED_EDGE('',*,*,#7338,.F.);
#7424 = ORIENTED_EDGE('',*,*,#3070,.F.);
#7425 = PLANE('',#7426);
#7426 = AXIS2_PLACEMENT_3D('',#7427,#7428,#7429);
#7427 = CARTESIAN_POINT('',(-22.5,18.8,2.5));
#7428 = DIRECTION('',(1.,0.,0.));
#7429 = DIRECTION('',(0.,1.,0.));
#7430 = ADVANCED_FACE('',(#7431),#7450,.F.);
#7431 = FACE_BOUND('',#7432,.F.);
#7432 = EDGE_LOOP('',(#7433,#7441,#7448,#7449));
#7433 = ORIENTED_EDGE('',*,*,#7434,.T.);
#7434 = EDGE_CURVE('',#3095,#7435,#7437,.T.);
#7435 = VERTEX_POINT('',#7436);
#7436 = CARTESIAN_POINT('',(-24.805,19.21,1.5));
#7437 = LINE('',#7438,#7439);
#7438 = CARTESIAN_POINT('',(-24.805,19.21,2.5));
#7439 = VECTOR('',#7440,1.);
#7440 = DIRECTION('',(-0.,-0.,-1.));
#7441 = ORIENTED_EDGE('',*,*,#7442,.T.);
#7442 = EDGE_CURVE('',#7435,#7435,#7443,.T.);
#7443 = CIRCLE('',#7444,3.);
#7444 = AXIS2_PLACEMENT_3D('',#7445,#7446,#7447);
#7445 = CARTESIAN_POINT('',(-27.805,19.21,1.5));
#7446 = DIRECTION('',(0.,0.,1.));
#7447 = DIRECTION('',(1.,0.,0.));
#7448 = ORIENTED_EDGE('',*,*,#7434,.F.);
#7449 = ORIENTED_EDGE('',*,*,#3094,.F.);
#7450 = CYLINDRICAL_SURFACE('',#7451,3.);
#7451 = AXIS2_PLACEMENT_3D('',#7452,#7453,#7454);
#7452 = CARTESIAN_POINT('',(-27.805,19.21,2.5));
#7453 = DIRECTION('',(0.,0.,1.));
#7454 = DIRECTION('',(1.,0.,0.));
#7455 = ADVANCED_FACE('',(#7456),#7467,.F.);
#7456 = FACE_BOUND('',#7457,.F.);
#7457 = EDGE_LOOP('',(#7458,#7459,#7460,#7461));
#7458 = ORIENTED_EDGE('',*,*,#3501,.F.);
#7459 = ORIENTED_EDGE('',*,*,#5425,.T.);
#7460 = ORIENTED_EDGE('',*,*,#3572,.F.);
#7461 = ORIENTED_EDGE('',*,*,#7462,.F.);
#7462 = EDGE_CURVE('',#3494,#3573,#7463,.T.);
#7463 = LINE('',#7464,#7465);
#7464 = CARTESIAN_POINT('',(-22.49,-29.815,11.54));
#7465 = VECTOR('',#7466,1.);
#7466 = DIRECTION('',(0.,1.,-2.2E-16));
#7467 = PLANE('',#7468);
#7468 = AXIS2_PLACEMENT_3D('',#7469,#7470,#7471);
#7469 = CARTESIAN_POINT('',(-26.49,-29.815,15.54));
#7470 = DIRECTION('',(-0.707106781187,-1.6E-16,-0.707106781187));
#7471 = DIRECTION('',(0.707106781187,-1.6E-16,-0.707106781187));
#7472 = ADVANCED_FACE('',(#7473),#7484,.F.);
#7473 = FACE_BOUND('',#7474,.F.);
#7474 = EDGE_LOOP('',(#7475,#7476,#7477,#7478));
#7475 = ORIENTED_EDGE('',*,*,#3493,.F.);
#7476 = ORIENTED_EDGE('',*,*,#7462,.T.);
#7477 = ORIENTED_EDGE('',*,*,#3580,.F.);
#7478 = ORIENTED_EDGE('',*,*,#7479,.F.);
#7479 = EDGE_CURVE('',#3485,#3581,#7480,.T.);
#7480 = LINE('',#7481,#7482);
#7481 = CARTESIAN_POINT('',(-14.,-29.815,11.54));
#7482 = VECTOR('',#7483,1.);
#7483 = DIRECTION('',(0.,1.,-2.2E-16));
#7484 = PLANE('',#7485);
#7485 = AXIS2_PLACEMENT_3D('',#7486,#7487,#7488);
#7486 = CARTESIAN_POINT('',(-22.49,-29.815,11.54));
#7487 = DIRECTION('',(0.,-2.2E-16,-1.));
#7488 = DIRECTION('',(1.,0.,0.));
#7489 = ADVANCED_FACE('',(#7490),#7501,.T.);
#7490 = FACE_BOUND('',#7491,.T.);
#7491 = EDGE_LOOP('',(#7492,#7493,#7499,#7500));
#7492 = ORIENTED_EDGE('',*,*,#3484,.F.);
#7493 = ORIENTED_EDGE('',*,*,#7494,.T.);
#7494 = EDGE_CURVE('',#3477,#3589,#7495,.T.);
#7495 = LINE('',#7496,#7497);
#7496 = CARTESIAN_POINT('',(-11.,-29.815,8.54));
#7497 = VECTOR('',#7498,1.);
#7498 = DIRECTION('',(0.,1.,-2.2E-16));
#7499 = ORIENTED_EDGE('',*,*,#3588,.T.);
#7500 = ORIENTED_EDGE('',*,*,#7479,.F.);
#7501 = CYLINDRICAL_SURFACE('',#7502,3.);
#7502 = AXIS2_PLACEMENT_3D('',#7503,#7504,#7505);
#7503 = CARTESIAN_POINT('',(-14.,-29.815,8.54));
#7504 = DIRECTION('',(0.,-1.,2.2E-16));
#7505 = DIRECTION('',(1.,0.,0.));
#7506 = ADVANCED_FACE('',(#7507),#7518,.F.);
#7507 = FACE_BOUND('',#7508,.F.);
#7508 = EDGE_LOOP('',(#7509,#7510,#7511,#7512));
#7509 = ORIENTED_EDGE('',*,*,#3476,.F.);
#7510 = ORIENTED_EDGE('',*,*,#7494,.T.);
#7511 = ORIENTED_EDGE('',*,*,#3597,.F.);
#7512 = ORIENTED_EDGE('',*,*,#7513,.F.);
#7513 = EDGE_CURVE('',#3469,#3598,#7514,.T.);
#7514 = LINE('',#7515,#7516);
#7515 = CARTESIAN_POINT('',(-11.,-29.815,6.));
#7516 = VECTOR('',#7517,1.);
#7517 = DIRECTION('',(0.,1.,-2.2E-16));
#7518 = PLANE('',#7519);
#7519 = AXIS2_PLACEMENT_3D('',#7520,#7521,#7522);
#7520 = CARTESIAN_POINT('',(-11.,-29.815,8.54));
#7521 = DIRECTION('',(-1.,0.,0.));
#7522 = DIRECTION('',(-0.,-2.2E-16,-1.));
#7523 = ADVANCED_FACE('',(#7524),#7535,.F.);
#7524 = FACE_BOUND('',#7525,.F.);
#7525 = EDGE_LOOP('',(#7526,#7527,#7528,#7529));
#7526 = ORIENTED_EDGE('',*,*,#3468,.F.);
#7527 = ORIENTED_EDGE('',*,*,#7513,.T.);
#7528 = ORIENTED_EDGE('',*,*,#3605,.F.);
#7529 = ORIENTED_EDGE('',*,*,#7530,.F.);
#7530 = EDGE_CURVE('',#3461,#3606,#7531,.T.);
#7531 = LINE('',#7532,#7533);
#7532 = CARTESIAN_POINT('',(11.,-29.815,6.));
#7533 = VECTOR('',#7534,1.);
#7534 = DIRECTION('',(0.,1.,-2.2E-16));
#7535 = PLANE('',#7536);
#7536 = AXIS2_PLACEMENT_3D('',#7537,#7538,#7539);
#7537 = CARTESIAN_POINT('',(-11.,-29.815,6.));
#7538 = DIRECTION('',(0.,-2.2E-16,-1.));
#7539 = DIRECTION('',(1.,0.,0.));
#7540 = ADVANCED_FACE('',(#7541),#7552,.F.);
#7541 = FACE_BOUND('',#7542,.F.);
#7542 = EDGE_LOOP('',(#7543,#7544,#7545,#7546));
#7543 = ORIENTED_EDGE('',*,*,#3460,.F.);
#7544 = ORIENTED_EDGE('',*,*,#7530,.T.);
#7545 = ORIENTED_EDGE('',*,*,#3613,.F.);
#7546 = ORIENTED_EDGE('',*,*,#7547,.F.);
#7547 = EDGE_CURVE('',#3452,#3614,#7548,.T.);
#7548 = LINE('',#7549,#7550);
#7549 = CARTESIAN_POINT('',(11.,-29.815,8.54));
#7550 = VECTOR('',#7551,1.);
#7551 = DIRECTION('',(0.,1.,-2.2E-16));
#7552 = PLANE('',#7553);
#7553 = AXIS2_PLACEMENT_3D('',#7554,#7555,#7556);
#7554 = CARTESIAN_POINT('',(11.,-29.815,6.));
#7555 = DIRECTION('',(1.,0.,0.));
#7556 = DIRECTION('',(0.,2.2E-16,1.));
#7557 = ADVANCED_FACE('',(#7558),#7569,.T.);
#7558 = FACE_BOUND('',#7559,.T.);
#7559 = EDGE_LOOP('',(#7560,#7561,#7567,#7568));
#7560 = ORIENTED_EDGE('',*,*,#3451,.F.);
#7561 = ORIENTED_EDGE('',*,*,#7562,.T.);
#7562 = EDGE_CURVE('',#3444,#3622,#7563,.T.);
#7563 = LINE('',#7564,#7565);
#7564 = CARTESIAN_POINT('',(14.,-29.815,11.54));
#7565 = VECTOR('',#7566,1.);
#7566 = DIRECTION('',(0.,1.,-2.2E-16));
#7567 = ORIENTED_EDGE('',*,*,#3621,.T.);
#7568 = ORIENTED_EDGE('',*,*,#7547,.F.);
#7569 = CYLINDRICAL_SURFACE('',#7570,3.);
#7570 = AXIS2_PLACEMENT_3D('',#7571,#7572,#7573);
#7571 = CARTESIAN_POINT('',(14.,-29.815,8.54));
#7572 = DIRECTION('',(0.,-1.,2.2E-16));
#7573 = DIRECTION('',(1.,0.,0.));
#7574 = ADVANCED_FACE('',(#7575),#7586,.F.);
#7575 = FACE_BOUND('',#7576,.F.);
#7576 = EDGE_LOOP('',(#7577,#7578,#7579,#7580));
#7577 = ORIENTED_EDGE('',*,*,#3443,.F.);
#7578 = ORIENTED_EDGE('',*,*,#7562,.T.);
#7579 = ORIENTED_EDGE('',*,*,#3630,.F.);
#7580 = ORIENTED_EDGE('',*,*,#7581,.F.);
#7581 = EDGE_CURVE('',#3436,#3631,#7582,.T.);
#7582 = LINE('',#7583,#7584);
#7583 = CARTESIAN_POINT('',(22.49,-29.815,11.54));
#7584 = VECTOR('',#7585,1.);
#7585 = DIRECTION('',(0.,1.,-2.2E-16));
#7586 = PLANE('',#7587);
#7587 = AXIS2_PLACEMENT_3D('',#7588,#7589,#7590);
#7588 = CARTESIAN_POINT('',(14.,-29.815,11.54));
#7589 = DIRECTION('',(0.,-2.2E-16,-1.));
#7590 = DIRECTION('',(1.,0.,0.));
#7591 = ADVANCED_FACE('',(#7592),#7598,.F.);
#7592 = FACE_BOUND('',#7593,.F.);
#7593 = EDGE_LOOP('',(#7594,#7595,#7596,#7597));
#7594 = ORIENTED_EDGE('',*,*,#3435,.F.);
#7595 = ORIENTED_EDGE('',*,*,#7581,.T.);
#7596 = ORIENTED_EDGE('',*,*,#3638,.F.);
#7597 = ORIENTED_EDGE('',*,*,#3516,.F.);
#7598 = PLANE('',#7599);
#7599 = AXIS2_PLACEMENT_3D('',#7600,#7601,#7602);
#7600 = CARTESIAN_POINT('',(22.49,-29.815,11.54));
#7601 = DIRECTION('',(0.707106781187,-1.6E-16,-0.707106781187));
#7602 = DIRECTION('',(0.707106781187,1.6E-16,0.707106781187));
#7603 = ADVANCED_FACE('',(#7604),#7610,.F.);
#7604 = FACE_BOUND('',#7605,.F.);
#7605 = EDGE_LOOP('',(#7606,#7607,#7608,#7609));
#7606 = ORIENTED_EDGE('',*,*,#3678,.F.);
#7607 = ORIENTED_EDGE('',*,*,#6881,.T.);
#7608 = ORIENTED_EDGE('',*,*,#3411,.F.);
#7609 = ORIENTED_EDGE('',*,*,#6802,.F.);
#7610 = PLANE('',#7611);
#7611 = AXIS2_PLACEMENT_3D('',#7612,#7613,#7614);
#7612 = CARTESIAN_POINT('',(2.5,29.815,3.));
#7613 = DIRECTION('',(0.,2.2E-16,1.));
#7614 = DIRECTION('',(1.,0.,0.));
#7615 = ADVANCED_FACE('',(#7616),#7622,.F.);
#7616 = FACE_BOUND('',#7617,.F.);
#7617 = EDGE_LOOP('',(#7618,#7619,#7620,#7621));
#7618 = ORIENTED_EDGE('',*,*,#3710,.F.);
#7619 = ORIENTED_EDGE('',*,*,#6953,.T.);
#7620 = ORIENTED_EDGE('',*,*,#3388,.F.);
#7621 = ORIENTED_EDGE('',*,*,#6908,.F.);
#7622 = PLANE('',#7623);
#7623 = AXIS2_PLACEMENT_3D('',#7624,#7625,#7626);
#7624 = CARTESIAN_POINT('',(-7.5,29.815,3.));
#7625 = DIRECTION('',(0.,2.2E-16,1.));
#7626 = DIRECTION('',(1.,0.,0.));
#7627 = ADVANCED_FACE('',(#7628),#7646,.T.);
#7628 = FACE_BOUND('',#7629,.T.);
#7629 = EDGE_LOOP('',(#7630,#7631,#7632,#7633,#7634,#7635,#7636,#7637,
    #7638,#7639,#7640,#7641,#7642,#7643,#7644,#7645));
#7630 = ORIENTED_EDGE('',*,*,#6467,.F.);
#7631 = ORIENTED_EDGE('',*,*,#3864,.T.);
#7632 = ORIENTED_EDGE('',*,*,#5405,.T.);
#7633 = ORIENTED_EDGE('',*,*,#3549,.F.);
#7634 = ORIENTED_EDGE('',*,*,#6499,.F.);
#7635 = ORIENTED_EDGE('',*,*,#4889,.F.);
#7636 = ORIENTED_EDGE('',*,*,#4929,.F.);
#7637 = ORIENTED_EDGE('',*,*,#4953,.F.);
#7638 = ORIENTED_EDGE('',*,*,#6485,.F.);
#7639 = ORIENTED_EDGE('',*,*,#4182,.F.);
#7640 = ORIENTED_EDGE('',*,*,#5081,.F.);
#7641 = ORIENTED_EDGE('',*,*,#4101,.F.);
#7642 = ORIENTED_EDGE('',*,*,#6476,.F.);
#7643 = ORIENTED_EDGE('',*,*,#5210,.F.);
#7644 = ORIENTED_EDGE('',*,*,#5250,.F.);
#7645 = ORIENTED_EDGE('',*,*,#5274,.F.);
#7646 = PLANE('',#7647);
#7647 = AXIS2_PLACEMENT_3D('',#7648,#7649,#7650);
#7648 = CARTESIAN_POINT('',(-38.99,-29.815,0.));
#7649 = DIRECTION('',(-1.,0.,0.));
#7650 = DIRECTION('',(0.,1.,0.));
#7651 = ADVANCED_FACE('',(#7652,#7655),#7666,.T.);
#7652 = FACE_BOUND('',#7653,.T.);
#7653 = EDGE_LOOP('',(#7654));
#7654 = ORIENTED_EDGE('',*,*,#4382,.T.);
#7655 = FACE_BOUND('',#7656,.T.);
#7656 = EDGE_LOOP('',(#7657));
#7657 = ORIENTED_EDGE('',*,*,#7658,.F.);
#7658 = EDGE_CURVE('',#7659,#7659,#7661,.T.);
#7659 = VERTEX_POINT('',#7660);
#7660 = CARTESIAN_POINT('',(29.405,0.,1.5));
#7661 = CIRCLE('',#7662,1.6);
#7662 = AXIS2_PLACEMENT_3D('',#7663,#7664,#7665);
#7663 = CARTESIAN_POINT('',(27.805,0.,1.5));
#7664 = DIRECTION('',(0.,0.,1.));
#7665 = DIRECTION('',(1.,0.,0.));
#7666 = PLANE('',#7667);
#7667 = AXIS2_PLACEMENT_3D('',#7668,#7669,#7670);
#7668 = CARTESIAN_POINT('',(27.805,-1.E-17,1.5));
#7669 = DIRECTION('',(0.,0.,1.));
#7670 = DIRECTION('',(1.,0.,0.));
#7671 = ADVANCED_FACE('',(#7672),#7686,.F.);
#7672 = FACE_BOUND('',#7673,.F.);
#7673 = EDGE_LOOP('',(#7674,#7675,#7676,#7677,#7678,#7679,#7680,#7681,
    #7682,#7683,#7684,#7685));
#7674 = ORIENTED_EDGE('',*,*,#4407,.T.);
#7675 = ORIENTED_EDGE('',*,*,#4431,.T.);
#7676 = ORIENTED_EDGE('',*,*,#4455,.T.);
#7677 = ORIENTED_EDGE('',*,*,#4479,.T.);
#7678 = ORIENTED_EDGE('',*,*,#4503,.T.);
#7679 = ORIENTED_EDGE('',*,*,#4527,.T.);
#7680 = ORIENTED_EDGE('',*,*,#4551,.T.);
#7681 = ORIENTED_EDGE('',*,*,#4575,.T.);
#7682 = ORIENTED_EDGE('',*,*,#4599,.T.);
#7683 = ORIENTED_EDGE('',*,*,#4623,.T.);
#7684 = ORIENTED_EDGE('',*,*,#4647,.T.);
#7685 = ORIENTED_EDGE('',*,*,#4671,.T.);
#7686 = PLANE('',#7687);
#7687 = AXIS2_PLACEMENT_3D('',#7688,#7689,#7690);
#7688 = CARTESIAN_POINT('',(20.,-4.4E-16,2.25));
#7689 = DIRECTION('',(0.,0.,-1.));
#7690 = DIRECTION('',(-1.,0.,0.));
#7691 = ADVANCED_FACE('',(#7692),#7698,.F.);
#7692 = FACE_BOUND('',#7693,.F.);
#7693 = EDGE_LOOP('',(#7694,#7695,#7696,#7697));
#7694 = ORIENTED_EDGE('',*,*,#4695,.T.);
#7695 = ORIENTED_EDGE('',*,*,#4719,.T.);
#7696 = ORIENTED_EDGE('',*,*,#4743,.T.);
#7697 = ORIENTED_EDGE('',*,*,#4767,.T.);
#7698 = PLANE('',#7699);
#7699 = AXIS2_PLACEMENT_3D('',#7700,#7701,#7702);
#7700 = CARTESIAN_POINT('',(-20.,0.,2.25));
#7701 = DIRECTION('',(-0.,-0.,-1.));
#7702 = DIRECTION('',(-1.,0.,0.));
#7703 = ADVANCED_FACE('',(#7704,#7707),#7718,.T.);
#7704 = FACE_BOUND('',#7705,.T.);
#7705 = EDGE_LOOP('',(#7706));
#7706 = ORIENTED_EDGE('',*,*,#4791,.T.);
#7707 = FACE_BOUND('',#7708,.T.);
#7708 = EDGE_LOOP('',(#7709));
#7709 = ORIENTED_EDGE('',*,*,#7710,.F.);
#7710 = EDGE_CURVE('',#7711,#7711,#7713,.T.);
#7711 = VERTEX_POINT('',#7712);
#7712 = CARTESIAN_POINT('',(-26.205,0.,1.5));
#7713 = CIRCLE('',#7714,1.6);
#7714 = AXIS2_PLACEMENT_3D('',#7715,#7716,#7717);
#7715 = CARTESIAN_POINT('',(-27.805,0.,1.5));
#7716 = DIRECTION('',(0.,0.,1.));
#7717 = DIRECTION('',(1.,0.,0.));
#7718 = PLANE('',#7719);
#7719 = AXIS2_PLACEMENT_3D('',#7720,#7721,#7722);
#7720 = CARTESIAN_POINT('',(-27.805,-1.E-17,1.5));
#7721 = DIRECTION('',(0.,0.,1.));
#7722 = DIRECTION('',(1.,0.,0.));
#7723 = ADVANCED_FACE('',(#7724),#7730,.F.);
#7724 = FACE_BOUND('',#7725,.F.);
#7725 = EDGE_LOOP('',(#7726,#7727,#7728,#7729));
#7726 = ORIENTED_EDGE('',*,*,#6067,.T.);
#7727 = ORIENTED_EDGE('',*,*,#6050,.T.);
#7728 = ORIENTED_EDGE('',*,*,#6026,.T.);
#7729 = ORIENTED_EDGE('',*,*,#5995,.T.);
#7730 = PLANE('',#7731);
#7731 = AXIS2_PLACEMENT_3D('',#7732,#7733,#7734);
#7732 = CARTESIAN_POINT('',(-20.,-19.3,2.25));
#7733 = DIRECTION('',(-0.,-0.,-1.));
#7734 = DIRECTION('',(-1.,0.,0.));
#7735 = ADVANCED_FACE('',(#7736),#7750,.F.);
#7736 = FACE_BOUND('',#7737,.F.);
#7737 = EDGE_LOOP('',(#7738,#7739,#7740,#7741,#7742,#7743,#7744,#7745,
    #7746,#7747,#7748,#7749));
#7738 = ORIENTED_EDGE('',*,*,#6355,.T.);
#7739 = ORIENTED_EDGE('',*,*,#6338,.T.);
#7740 = ORIENTED_EDGE('',*,*,#6314,.T.);
#7741 = ORIENTED_EDGE('',*,*,#6290,.T.);
#7742 = ORIENTED_EDGE('',*,*,#6266,.T.);
#7743 = ORIENTED_EDGE('',*,*,#6242,.T.);
#7744 = ORIENTED_EDGE('',*,*,#6218,.T.);
#7745 = ORIENTED_EDGE('',*,*,#6194,.T.);
#7746 = ORIENTED_EDGE('',*,*,#6170,.T.);
#7747 = ORIENTED_EDGE('',*,*,#6146,.T.);
#7748 = ORIENTED_EDGE('',*,*,#6122,.T.);
#7749 = ORIENTED_EDGE('',*,*,#6091,.T.);
#7750 = PLANE('',#7751);
#7751 = AXIS2_PLACEMENT_3D('',#7752,#7753,#7754);
#7752 = CARTESIAN_POINT('',(20.,-19.3,2.25));
#7753 = DIRECTION('',(0.,0.,-1.));
#7754 = DIRECTION('',(0.,-1.,0.));
#7755 = ADVANCED_FACE('',(#7756,#7759),#7770,.T.);
#7756 = FACE_BOUND('',#7757,.T.);
#7757 = EDGE_LOOP('',(#7758));
#7758 = ORIENTED_EDGE('',*,*,#6379,.T.);
#7759 = FACE_BOUND('',#7760,.T.);
#7760 = EDGE_LOOP('',(#7761));
#7761 = ORIENTED_EDGE('',*,*,#7762,.F.);
#7762 = EDGE_CURVE('',#7763,#7763,#7765,.T.);
#7763 = VERTEX_POINT('',#7764);
#7764 = CARTESIAN_POINT('',(-26.205,-19.21,1.5));
#7765 = CIRCLE('',#7766,1.6);
#7766 = AXIS2_PLACEMENT_3D('',#7767,#7768,#7769);
#7767 = CARTESIAN_POINT('',(-27.805,-19.21,1.5));
#7768 = DIRECTION('',(0.,0.,1.));
#7769 = DIRECTION('',(1.,0.,0.));
#7770 = PLANE('',#7771);
#7771 = AXIS2_PLACEMENT_3D('',#7772,#7773,#7774);
#7772 = CARTESIAN_POINT('',(-27.805,-19.21,1.5));
#7773 = DIRECTION('',(0.,0.,1.));
#7774 = DIRECTION('',(1.,0.,0.));
#7775 = ADVANCED_FACE('',(#7776,#7779),#7790,.T.);
#7776 = FACE_BOUND('',#7777,.T.);
#7777 = EDGE_LOOP('',(#7778));
#7778 = ORIENTED_EDGE('',*,*,#6404,.T.);
#7779 = FACE_BOUND('',#7780,.T.);
#7780 = EDGE_LOOP('',(#7781));
#7781 = ORIENTED_EDGE('',*,*,#7782,.F.);
#7782 = EDGE_CURVE('',#7783,#7783,#7785,.T.);
#7783 = VERTEX_POINT('',#7784);
#7784 = CARTESIAN_POINT('',(29.405,-19.21,1.5));
#7785 = CIRCLE('',#7786,1.6);
#7786 = AXIS2_PLACEMENT_3D('',#7787,#7788,#7789);
#7787 = CARTESIAN_POINT('',(27.805,-19.21,1.5));
#7788 = DIRECTION('',(0.,0.,1.));
#7789 = DIRECTION('',(1.,0.,0.));
#7790 = PLANE('',#7791);
#7791 = AXIS2_PLACEMENT_3D('',#7792,#7793,#7794);
#7792 = CARTESIAN_POINT('',(27.805,-19.21,1.5));
#7793 = DIRECTION('',(0.,0.,1.));
#7794 = DIRECTION('',(1.,0.,0.));
#7795 = ADVANCED_FACE('',(#7796),#7807,.F.);
#7796 = FACE_BOUND('',#7797,.F.);
#7797 = EDGE_LOOP('',(#7798,#7799,#7805,#7806));
#7798 = ORIENTED_EDGE('',*,*,#7782,.F.);
#7799 = ORIENTED_EDGE('',*,*,#7800,.T.);
#7800 = EDGE_CURVE('',#7783,#6580,#7801,.T.);
#7801 = LINE('',#7802,#7803);
#7802 = CARTESIAN_POINT('',(29.405,-19.21,2.5));
#7803 = VECTOR('',#7804,1.);
#7804 = DIRECTION('',(0.,0.,-1.));
#7805 = ORIENTED_EDGE('',*,*,#6579,.T.);
#7806 = ORIENTED_EDGE('',*,*,#7800,.F.);
#7807 = CYLINDRICAL_SURFACE('',#7808,1.6);
#7808 = AXIS2_PLACEMENT_3D('',#7809,#7810,#7811);
#7809 = CARTESIAN_POINT('',(27.805,-19.21,2.5));
#7810 = DIRECTION('',(0.,0.,1.));
#7811 = DIRECTION('',(1.,0.,0.));
#7812 = ADVANCED_FACE('',(#7813),#7824,.F.);
#7813 = FACE_BOUND('',#7814,.F.);
#7814 = EDGE_LOOP('',(#7815,#7816,#7822,#7823));
#7815 = ORIENTED_EDGE('',*,*,#7762,.F.);
#7816 = ORIENTED_EDGE('',*,*,#7817,.T.);
#7817 = EDGE_CURVE('',#7763,#6591,#7818,.T.);
#7818 = LINE('',#7819,#7820);
#7819 = CARTESIAN_POINT('',(-26.205,-19.21,2.5));
#7820 = VECTOR('',#7821,1.);
#7821 = DIRECTION('',(0.,0.,-1.));
#7822 = ORIENTED_EDGE('',*,*,#6590,.T.);
#7823 = ORIENTED_EDGE('',*,*,#7817,.F.);
#7824 = CYLINDRICAL_SURFACE('',#7825,1.6);
#7825 = AXIS2_PLACEMENT_3D('',#7826,#7827,#7828);
#7826 = CARTESIAN_POINT('',(-27.805,-19.21,2.5));
#7827 = DIRECTION('',(0.,0.,1.));
#7828 = DIRECTION('',(1.,0.,0.));
#7829 = ADVANCED_FACE('',(#7830),#7841,.F.);
#7830 = FACE_BOUND('',#7831,.F.);
#7831 = EDGE_LOOP('',(#7832,#7833,#7839,#7840));
#7832 = ORIENTED_EDGE('',*,*,#7658,.F.);
#7833 = ORIENTED_EDGE('',*,*,#7834,.T.);
#7834 = EDGE_CURVE('',#7659,#6602,#7835,.T.);
#7835 = LINE('',#7836,#7837);
#7836 = CARTESIAN_POINT('',(29.405,0.,2.5));
#7837 = VECTOR('',#7838,1.);
#7838 = DIRECTION('',(0.,0.,-1.));
#7839 = ORIENTED_EDGE('',*,*,#6601,.T.);
#7840 = ORIENTED_EDGE('',*,*,#7834,.F.);
#7841 = CYLINDRICAL_SURFACE('',#7842,1.6);
#7842 = AXIS2_PLACEMENT_3D('',#7843,#7844,#7845);
#7843 = CARTESIAN_POINT('',(27.805,0.,2.5));
#7844 = DIRECTION('',(0.,0.,1.));
#7845 = DIRECTION('',(1.,0.,0.));
#7846 = ADVANCED_FACE('',(#7847),#7866,.F.);
#7847 = FACE_BOUND('',#7848,.F.);
#7848 = EDGE_LOOP('',(#7849,#7858,#7864,#7865));
#7849 = ORIENTED_EDGE('',*,*,#7850,.F.);
#7850 = EDGE_CURVE('',#7851,#7851,#7853,.T.);
#7851 = VERTEX_POINT('',#7852);
#7852 = CARTESIAN_POINT('',(29.405,19.21,1.5));
#7853 = CIRCLE('',#7854,1.6);
#7854 = AXIS2_PLACEMENT_3D('',#7855,#7856,#7857);
#7855 = CARTESIAN_POINT('',(27.805,19.21,1.5));
#7856 = DIRECTION('',(0.,0.,1.));
#7857 = DIRECTION('',(1.,0.,0.));
#7858 = ORIENTED_EDGE('',*,*,#7859,.T.);
#7859 = EDGE_CURVE('',#7851,#6613,#7860,.T.);
#7860 = LINE('',#7861,#7862);
#7861 = CARTESIAN_POINT('',(29.405,19.21,2.5));
#7862 = VECTOR('',#7863,1.);
#7863 = DIRECTION('',(0.,0.,-1.));
#7864 = ORIENTED_EDGE('',*,*,#6612,.T.);
#7865 = ORIENTED_EDGE('',*,*,#7859,.F.);
#7866 = CYLINDRICAL_SURFACE('',#7867,1.6);
#7867 = AXIS2_PLACEMENT_3D('',#7868,#7869,#7870);
#7868 = CARTESIAN_POINT('',(27.805,19.21,2.5));
#7869 = DIRECTION('',(0.,0.,1.));
#7870 = DIRECTION('',(1.,0.,0.));
#7871 = ADVANCED_FACE('',(#7872),#7883,.F.);
#7872 = FACE_BOUND('',#7873,.F.);
#7873 = EDGE_LOOP('',(#7874,#7875,#7881,#7882));
#7874 = ORIENTED_EDGE('',*,*,#7710,.F.);
#7875 = ORIENTED_EDGE('',*,*,#7876,.T.);
#7876 = EDGE_CURVE('',#7711,#6624,#7877,.T.);
#7877 = LINE('',#7878,#7879);
#7878 = CARTESIAN_POINT('',(-26.205,0.,2.5));
#7879 = VECTOR('',#7880,1.);
#7880 = DIRECTION('',(0.,0.,-1.));
#7881 = ORIENTED_EDGE('',*,*,#6623,.T.);
#7882 = ORIENTED_EDGE('',*,*,#7876,.F.);
#7883 = CYLINDRICAL_SURFACE('',#7884,1.6);
#7884 = AXIS2_PLACEMENT_3D('',#7885,#7886,#7887);
#7885 = CARTESIAN_POINT('',(-27.805,0.,2.5));
#7886 = DIRECTION('',(0.,0.,1.));
#7887 = DIRECTION('',(1.,0.,0.));
#7888 = ADVANCED_FACE('',(#7889),#7908,.F.);
#7889 = FACE_BOUND('',#7890,.F.);
#7890 = EDGE_LOOP('',(#7891,#7900,#7906,#7907));
#7891 = ORIENTED_EDGE('',*,*,#7892,.F.);
#7892 = EDGE_CURVE('',#7893,#7893,#7895,.T.);
#7893 = VERTEX_POINT('',#7894);
#7894 = CARTESIAN_POINT('',(-26.205,19.21,1.5));
#7895 = CIRCLE('',#7896,1.6);
#7896 = AXIS2_PLACEMENT_3D('',#7897,#7898,#7899);
#7897 = CARTESIAN_POINT('',(-27.805,19.21,1.5));
#7898 = DIRECTION('',(0.,0.,1.));
#7899 = DIRECTION('',(1.,0.,0.));
#7900 = ORIENTED_EDGE('',*,*,#7901,.T.);
#7901 = EDGE_CURVE('',#7893,#6635,#7902,.T.);
#7902 = LINE('',#7903,#7904);
#7903 = CARTESIAN_POINT('',(-26.205,19.21,2.5));
#7904 = VECTOR('',#7905,1.);
#7905 = DIRECTION('',(0.,0.,-1.));
#7906 = ORIENTED_EDGE('',*,*,#6634,.T.);
#7907 = ORIENTED_EDGE('',*,*,#7901,.F.);
#7908 = CYLINDRICAL_SURFACE('',#7909,1.6);
#7909 = AXIS2_PLACEMENT_3D('',#7910,#7911,#7912);
#7910 = CARTESIAN_POINT('',(-27.805,19.21,2.5));
#7911 = DIRECTION('',(0.,0.,1.));
#7912 = DIRECTION('',(1.,0.,0.));
#7913 = ADVANCED_FACE('',(#7914),#7928,.F.);
#7914 = FACE_BOUND('',#7915,.F.);
#7915 = EDGE_LOOP('',(#7916,#7917,#7918,#7919,#7920,#7921,#7922,#7923,
    #7924,#7925,#7926,#7927));
#7916 = ORIENTED_EDGE('',*,*,#7033,.T.);
#7917 = ORIENTED_EDGE('',*,*,#7057,.T.);
#7918 = ORIENTED_EDGE('',*,*,#7081,.T.);
#7919 = ORIENTED_EDGE('',*,*,#7105,.T.);
#7920 = ORIENTED_EDGE('',*,*,#7129,.T.);
#7921 = ORIENTED_EDGE('',*,*,#7153,.T.);
#7922 = ORIENTED_EDGE('',*,*,#7177,.T.);
#7923 = ORIENTED_EDGE('',*,*,#7201,.T.);
#7924 = ORIENTED_EDGE('',*,*,#7225,.T.);
#7925 = ORIENTED_EDGE('',*,*,#7249,.T.);
#7926 = ORIENTED_EDGE('',*,*,#7273,.T.);
#7927 = ORIENTED_EDGE('',*,*,#7297,.T.);
#7928 = PLANE('',#7929);
#7929 = AXIS2_PLACEMENT_3D('',#7930,#7931,#7932);
#7930 = CARTESIAN_POINT('',(20.,19.3,2.25));
#7931 = DIRECTION('',(-0.,-0.,-1.));
#7932 = DIRECTION('',(-1.,0.,0.));
#7933 = ADVANCED_FACE('',(#7934,#7937),#7940,.T.);
#7934 = FACE_BOUND('',#7935,.T.);
#7935 = EDGE_LOOP('',(#7936));
#7936 = ORIENTED_EDGE('',*,*,#7321,.T.);
#7937 = FACE_BOUND('',#7938,.T.);
#7938 = EDGE_LOOP('',(#7939));
#7939 = ORIENTED_EDGE('',*,*,#7850,.F.);
#7940 = PLANE('',#7941);
#7941 = AXIS2_PLACEMENT_3D('',#7942,#7943,#7944);
#7942 = CARTESIAN_POINT('',(27.805,19.21,1.5));
#7943 = DIRECTION('',(0.,0.,1.));
#7944 = DIRECTION('',(1.,0.,0.));
#7945 = ADVANCED_FACE('',(#7946),#7952,.F.);
#7946 = FACE_BOUND('',#7947,.F.);
#7947 = EDGE_LOOP('',(#7948,#7949,#7950,#7951));
#7948 = ORIENTED_EDGE('',*,*,#7346,.T.);
#7949 = ORIENTED_EDGE('',*,*,#7370,.T.);
#7950 = ORIENTED_EDGE('',*,*,#7394,.T.);
#7951 = ORIENTED_EDGE('',*,*,#7418,.T.);
#7952 = PLANE('',#7953);
#7953 = AXIS2_PLACEMENT_3D('',#7954,#7955,#7956);
#7954 = CARTESIAN_POINT('',(-20.,19.3,2.25));
#7955 = DIRECTION('',(-0.,-0.,-1.));
#7956 = DIRECTION('',(-1.,0.,0.));
#7957 = ADVANCED_FACE('',(#7958,#7961),#7964,.T.);
#7958 = FACE_BOUND('',#7959,.T.);
#7959 = EDGE_LOOP('',(#7960));
#7960 = ORIENTED_EDGE('',*,*,#7442,.T.);
#7961 = FACE_BOUND('',#7962,.T.);
#7962 = EDGE_LOOP('',(#7963));
#7963 = ORIENTED_EDGE('',*,*,#7892,.F.);
#7964 = PLANE('',#7965);
#7965 = AXIS2_PLACEMENT_3D('',#7966,#7967,#7968);
#7966 = CARTESIAN_POINT('',(-27.805,19.21,1.5));
#7967 = DIRECTION('',(0.,0.,1.));
#7968 = DIRECTION('',(1.,0.,0.));
#7969 = ( GEOMETRIC_REPRESENTATION_CONTEXT(3) 
GLOBAL_UNCERTAINTY_ASSIGNED_CONTEXT((#7973)) 
GLOBAL_UNIT_ASSIGNED_CONTEXT((#7970,#7971,#7972)) REPRESENTATION_CONTEXT
('Context #1','3D Context with UNIT and UNCERTAINTY') );
#7970 = ( LENGTH_UNIT() NAMED_UNIT(*) SI_UNIT(.MILLI.,.METRE.) );
#7971 = ( NAMED_UNIT(*) PLANE_ANGLE_UNIT() SI_UNIT($,.RADIAN.) );
#7972 = ( NAMED_UNIT(*) SI_UNIT($,.STERADIAN.) SOLID_ANGLE_UNIT() );
#7973 = UNCERTAINTY_MEASURE_WITH_UNIT(LENGTH_MEASURE(1.E-07),#7970,
  'distance_accuracy_value','confusion accuracy');
#7974 = PRODUCT_RELATED_PRODUCT_CATEGORY('detail',$,(#7));
#7975 = PRODUCT_CATEGORY_RELATIONSHIP('','',#7976,#7974);
#7976 = PRODUCT_CATEGORY('part',$);
#7977 = CC_DESIGN_PERSON_AND_ORGANIZATION_ASSIGNMENT(#7978,#7981,(#6,#5)
  );
#7978 = PERSON_AND_ORGANIZATION(#7979,#7980);
#7979 = PERSON('IP192.168.56,JOY Global','Global','JOY',$,$,$);
#7980 = ORGANIZATION('IP192.168.56','Unspecified','');
#7981 = PERSON_AND_ORGANIZATION_ROLE('creator');
#7982 = CC_DESIGN_PERSON_AND_ORGANIZATION_ASSIGNMENT(#7978,#7983,(#7));
#7983 = PERSON_AND_ORGANIZATION_ROLE('design_owner');
#7984 = CC_DESIGN_PERSON_AND_ORGANIZATION_ASSIGNMENT(#7978,#7985,(#6));
#7985 = PERSON_AND_ORGANIZATION_ROLE('design_supplier');
#7986 = CC_DESIGN_PERSON_AND_ORGANIZATION_ASSIGNMENT(#7978,#7987,(#7988)
  );
#7987 = PERSON_AND_ORGANIZATION_ROLE('classification_officer');
#7988 = SECURITY_CLASSIFICATION('','',#7989);
#7989 = SECURITY_CLASSIFICATION_LEVEL('unclassified');
#7990 = CC_DESIGN_SECURITY_CLASSIFICATION(#7988,(#6));
#7991 = CC_DESIGN_DATE_AND_TIME_ASSIGNMENT(#7992,#7996,(#5));
#7992 = DATE_AND_TIME(#7993,#7994);
#7993 = CALENDAR_DATE(2022,9,11);
#7994 = LOCAL_TIME(8,56,$,#7995);
#7995 = COORDINATED_UNIVERSAL_TIME_OFFSET(6,$,.BEHIND.);
#7996 = DATE_TIME_ROLE('creation_date');
#7997 = CC_DESIGN_DATE_AND_TIME_ASSIGNMENT(#7992,#7998,(#7988));
#7998 = DATE_TIME_ROLE('classification_date');
#7999 = CC_DESIGN_APPROVAL(#8000,(#6,#5,#7988));
#8000 = APPROVAL(#8001,'');
#8001 = APPROVAL_STATUS('not_yet_approved');
#8002 = APPROVAL_PERSON_ORGANIZATION(#7978,#8000,#8003);
#8003 = APPROVAL_ROLE('approver');
#8004 = APPROVAL_DATE_TIME(#7992,#8000);
#8005 = SHAPE_DEFINITION_REPRESENTATION(#8006,#8012);
#8006 = PRODUCT_DEFINITION_SHAPE('','',#8007);
#8007 = PRODUCT_DEFINITION('design','',#8008,#8011);
#8008 = PRODUCT_DEFINITION_FORMATION_WITH_SPECIFIED_SOURCE('','',#8009,
  .NOT_KNOWN.);
#8009 = PRODUCT('Body002','Body002','',(#8010));
#8010 = MECHANICAL_CONTEXT('',#2,'mechanical');
#8011 = DESIGN_CONTEXT('',#2,'design');
#8012 = SHAPE_REPRESENTATION('',(#11),#8013);
#8013 = ( GEOMETRIC_REPRESENTATION_CONTEXT(3) 
GLOBAL_UNCERTAINTY_ASSIGNED_CONTEXT((#8017)) 
GLOBAL_UNIT_ASSIGNED_CONTEXT((#8014,#8015,#8016)) REPRESENTATION_CONTEXT
('Context #1','3D Context with UNIT and UNCERTAINTY') );
#8014 = ( LENGTH_UNIT() NAMED_UNIT(*) SI_UNIT(.MILLI.,.METRE.) );
#8015 = ( NAMED_UNIT(*) PLANE_ANGLE_UNIT() SI_UNIT($,.RADIAN.) );
#8016 = ( NAMED_UNIT(*) SI_UNIT($,.STERADIAN.) SOLID_ANGLE_UNIT() );
#8017 = UNCERTAINTY_MEASURE_WITH_UNIT(LENGTH_MEASURE(1.E-05),#8014,
  'distance_accuracy_value','confusion accuracy');
#8018 = PRODUCT_RELATED_PRODUCT_CATEGORY('detail',$,(#8009));
#8019 = PRODUCT_CATEGORY_RELATIONSHIP('','',#8020,#8018);
#8020 = PRODUCT_CATEGORY('part',$);
#8021 = CC_DESIGN_PERSON_AND_ORGANIZATION_ASSIGNMENT(#7978,#7981,(#8008,
    #8007));
#8022 = CC_DESIGN_PERSON_AND_ORGANIZATION_ASSIGNMENT(#7978,#7983,(#8009)
  );
#8023 = CC_DESIGN_PERSON_AND_ORGANIZATION_ASSIGNMENT(#7978,#7985,(#8008)
  );
#8024 = CC_DESIGN_PERSON_AND_ORGANIZATION_ASSIGNMENT(#7978,#7987,(#8025)
  );
#8025 = SECURITY_CLASSIFICATION('','',#7989);
#8026 = CC_DESIGN_SECURITY_CLASSIFICATION(#8025,(#8008));
#8027 = CC_DESIGN_DATE_AND_TIME_ASSIGNMENT(#7992,#7996,(#8007));
#8028 = CC_DESIGN_DATE_AND_TIME_ASSIGNMENT(#7992,#7998,(#8025));
#8029 = CC_DESIGN_APPROVAL(#8000,(#8008,#8007,#8025));
#8030 = SHAPE_REPRESENTATION_RELATIONSHIP('','',#8031,#8012);
#8031 = ADVANCED_BREP_SHAPE_REPRESENTATION('',(#11,#8032),#9116);
#8032 = MANIFOLD_SOLID_BREP('',#8033);
#8033 = CLOSED_SHELL('',(#8034,#8188,#8219,#8243,#8267,#8291,#8383,#8407
    ,#8432,#8456,#8547,#8564,#8595,#8619,#8677,#8702,#8759,#8783,#8807,
    #8824,#8860,#8877,#8894,#8911,#8928,#8956,#8973,#8990,#9002,#9019,
    #9036,#9053,#9070,#9082,#9107));
#8034 = ADVANCED_FACE('',(#8035,#8117),#8183,.F.);
#8035 = FACE_BOUND('',#8036,.F.);
#8036 = EDGE_LOOP('',(#8037,#8047,#8055,#8063,#8071,#8079,#8087,#8095,
    #8103,#8111));
#8037 = ORIENTED_EDGE('',*,*,#8038,.F.);
#8038 = EDGE_CURVE('',#8039,#8041,#8043,.T.);
#8039 = VERTEX_POINT('',#8040);
#8040 = CARTESIAN_POINT('',(35.99,-18.595,2.5));
#8041 = VERTEX_POINT('',#8042);
#8042 = CARTESIAN_POINT('',(35.99,-18.595,-2.7));
#8043 = LINE('',#8044,#8045);
#8044 = CARTESIAN_POINT('',(35.99,-18.595,10.));
#8045 = VECTOR('',#8046,1.);
#8046 = DIRECTION('',(0.,2.2E-16,-1.));
#8047 = ORIENTED_EDGE('',*,*,#8048,.F.);
#8048 = EDGE_CURVE('',#8049,#8039,#8051,.T.);
#8049 = VERTEX_POINT('',#8050);
#8050 = CARTESIAN_POINT('',(35.99,-16.345,2.5));
#8051 = LINE('',#8052,#8053);
#8052 = CARTESIAN_POINT('',(35.99,-16.345,2.5));
#8053 = VECTOR('',#8054,1.);
#8054 = DIRECTION('',(0.,-1.,-2.2E-16));
#8055 = ORIENTED_EDGE('',*,*,#8056,.F.);
#8056 = EDGE_CURVE('',#8057,#8049,#8059,.T.);
#8057 = VERTEX_POINT('',#8058);
#8058 = CARTESIAN_POINT('',(35.99,-16.345,17.5));
#8059 = LINE('',#8060,#8061);
#8060 = CARTESIAN_POINT('',(35.99,-16.345,17.5));
#8061 = VECTOR('',#8062,1.);
#8062 = DIRECTION('',(0.,2.2E-16,-1.));
#8063 = ORIENTED_EDGE('',*,*,#8064,.T.);
#8064 = EDGE_CURVE('',#8057,#8065,#8067,.T.);
#8065 = VERTEX_POINT('',#8066);
#8066 = CARTESIAN_POINT('',(35.99,-22.345,17.5));
#8067 = LINE('',#8068,#8069);
#8068 = CARTESIAN_POINT('',(35.99,-16.345,17.5));
#8069 = VECTOR('',#8070,1.);
#8070 = DIRECTION('',(0.,-1.,-2.2E-16));
#8071 = ORIENTED_EDGE('',*,*,#8072,.T.);
#8072 = EDGE_CURVE('',#8065,#8073,#8075,.T.);
#8073 = VERTEX_POINT('',#8074);
#8074 = CARTESIAN_POINT('',(35.99,-22.345,2.5));
#8075 = LINE('',#8076,#8077);
#8076 = CARTESIAN_POINT('',(35.99,-22.345,17.5));
#8077 = VECTOR('',#8078,1.);
#8078 = DIRECTION('',(0.,2.2E-16,-1.));
#8079 = ORIENTED_EDGE('',*,*,#8080,.T.);
#8080 = EDGE_CURVE('',#8073,#8081,#8083,.T.);
#8081 = VERTEX_POINT('',#8082);
#8082 = CARTESIAN_POINT('',(35.99,-20.095,2.5));
#8083 = LINE('',#8084,#8085);
#8084 = CARTESIAN_POINT('',(35.99,-19.345,2.5));
#8085 = VECTOR('',#8086,1.);
#8086 = DIRECTION('',(0.,1.,2.2E-16));
#8087 = ORIENTED_EDGE('',*,*,#8088,.T.);
#8088 = EDGE_CURVE('',#8081,#8089,#8091,.T.);
#8089 = VERTEX_POINT('',#8090);
#8090 = CARTESIAN_POINT('',(35.99,-20.095,-2.7));
#8091 = LINE('',#8092,#8093);
#8092 = CARTESIAN_POINT('',(35.99,-20.095,10.));
#8093 = VECTOR('',#8094,1.);
#8094 = DIRECTION('',(0.,2.2E-16,-1.));
#8095 = ORIENTED_EDGE('',*,*,#8096,.F.);
#8096 = EDGE_CURVE('',#8097,#8089,#8099,.T.);
#8097 = VERTEX_POINT('',#8098);
#8098 = CARTESIAN_POINT('',(35.99,-19.595,-3.2));
#8099 = LINE('',#8100,#8101);
#8100 = CARTESIAN_POINT('',(35.99,-24.0825,1.2875));
#8101 = VECTOR('',#8102,1.);
#8102 = DIRECTION('',(0.,-0.707106781187,0.707106781187));
#8103 = ORIENTED_EDGE('',*,*,#8104,.F.);
#8104 = EDGE_CURVE('',#8105,#8097,#8107,.T.);
#8105 = VERTEX_POINT('',#8106);
#8106 = CARTESIAN_POINT('',(35.99,-19.095,-3.2));
#8107 = LINE('',#8108,#8109);
#8108 = CARTESIAN_POINT('',(35.99,-16.345,-3.2));
#8109 = VECTOR('',#8110,1.);
#8110 = DIRECTION('',(0.,-1.,-2.2E-16));
#8111 = ORIENTED_EDGE('',*,*,#8112,.F.);
#8112 = EDGE_CURVE('',#8041,#8105,#8113,.T.);
#8113 = LINE('',#8114,#8115);
#8114 = CARTESIAN_POINT('',(35.99,-13.1075,2.7875));
#8115 = VECTOR('',#8116,1.);
#8116 = DIRECTION('',(0.,-0.707106781187,-0.707106781187));
#8117 = FACE_BOUND('',#8118,.F.);
#8118 = EDGE_LOOP('',(#8119,#8129,#8137,#8145,#8153,#8161,#8169,#8177));
#8119 = ORIENTED_EDGE('',*,*,#8120,.F.);
#8120 = EDGE_CURVE('',#8121,#8123,#8125,.T.);
#8121 = VERTEX_POINT('',#8122);
#8122 = CARTESIAN_POINT('',(35.99,-20.12,9.25));
#8123 = VERTEX_POINT('',#8124);
#8124 = CARTESIAN_POINT('',(35.99,-20.12,6.25));
#8125 = LINE('',#8126,#8127);
#8126 = CARTESIAN_POINT('',(35.99,-20.12,9.25));
#8127 = VECTOR('',#8128,1.);
#8128 = DIRECTION('',(-2.2E-16,2.2E-16,-1.));
#8129 = ORIENTED_EDGE('',*,*,#8130,.T.);
#8130 = EDGE_CURVE('',#8121,#8131,#8133,.T.);
#8131 = VERTEX_POINT('',#8132);
#8132 = CARTESIAN_POINT('',(35.99,-18.57,9.25));
#8133 = LINE('',#8134,#8135);
#8134 = CARTESIAN_POINT('',(35.99,-20.12,9.25));
#8135 = VECTOR('',#8136,1.);
#8136 = DIRECTION('',(-2.2E-16,1.,2.2E-16));
#8137 = ORIENTED_EDGE('',*,*,#8138,.T.);
#8138 = EDGE_CURVE('',#8131,#8139,#8141,.T.);
#8139 = VERTEX_POINT('',#8140);
#8140 = CARTESIAN_POINT('',(35.99,-18.57,6.25));
#8141 = LINE('',#8142,#8143);
#8142 = CARTESIAN_POINT('',(35.99,-18.57,9.25));
#8143 = VECTOR('',#8144,1.);
#8144 = DIRECTION('',(-2.2E-16,2.2E-16,-1.));
#8145 = ORIENTED_EDGE('',*,*,#8146,.T.);
#8146 = EDGE_CURVE('',#8139,#8147,#8149,.T.);
#8147 = VERTEX_POINT('',#8148);
#8148 = CARTESIAN_POINT('',(35.99,-18.595,6.25));
#8149 = LINE('',#8150,#8151);
#8150 = CARTESIAN_POINT('',(35.99,-18.57,6.25));
#8151 = VECTOR('',#8152,1.);
#8152 = DIRECTION('',(2.2E-16,-1.,-2.2E-16));
#8153 = ORIENTED_EDGE('',*,*,#8154,.T.);
#8154 = EDGE_CURVE('',#8147,#8155,#8157,.T.);
#8155 = VERTEX_POINT('',#8156);
#8156 = CARTESIAN_POINT('',(35.99,-18.595,6.5));
#8157 = LINE('',#8158,#8159);
#8158 = CARTESIAN_POINT('',(35.99,-18.595,6.25));
#8159 = VECTOR('',#8160,1.);
#8160 = DIRECTION('',(2.2E-16,-2.2E-16,1.));
#8161 = ORIENTED_EDGE('',*,*,#8162,.T.);
#8162 = EDGE_CURVE('',#8155,#8163,#8165,.T.);
#8163 = VERTEX_POINT('',#8164);
#8164 = CARTESIAN_POINT('',(35.99,-20.095,6.5));
#8165 = LINE('',#8166,#8167);
#8166 = CARTESIAN_POINT('',(35.99,-18.595,6.5));
#8167 = VECTOR('',#8168,1.);
#8168 = DIRECTION('',(9.9E-16,-1.,-2.2E-16));
#8169 = ORIENTED_EDGE('',*,*,#8170,.F.);
#8170 = EDGE_CURVE('',#8171,#8163,#8173,.T.);
#8171 = VERTEX_POINT('',#8172);
#8172 = CARTESIAN_POINT('',(35.99,-20.095,6.25));
#8173 = LINE('',#8174,#8175);
#8174 = CARTESIAN_POINT('',(35.99,-20.095,6.25));
#8175 = VECTOR('',#8176,1.);
#8176 = DIRECTION('',(2.2E-16,-2.2E-16,1.));
#8177 = ORIENTED_EDGE('',*,*,#8178,.F.);
#8178 = EDGE_CURVE('',#8123,#8171,#8179,.T.);
#8179 = LINE('',#8180,#8181);
#8180 = CARTESIAN_POINT('',(35.99,-20.12,6.25));
#8181 = VECTOR('',#8182,1.);
#8182 = DIRECTION('',(-2.2E-16,1.,2.2E-16));
#8183 = PLANE('',#8184);
#8184 = AXIS2_PLACEMENT_3D('',#8185,#8186,#8187);
#8185 = CARTESIAN_POINT('',(35.99,-16.345,17.5));
#8186 = DIRECTION('',(1.,0.,0.));
#8187 = DIRECTION('',(0.,2.2E-16,-1.));
#8188 = ADVANCED_FACE('',(#8189),#8214,.F.);
#8189 = FACE_BOUND('',#8190,.F.);
#8190 = EDGE_LOOP('',(#8191,#8201,#8207,#8208));
#8191 = ORIENTED_EDGE('',*,*,#8192,.F.);
#8192 = EDGE_CURVE('',#8193,#8195,#8197,.T.);
#8193 = VERTEX_POINT('',#8194);
#8194 = CARTESIAN_POINT('',(36.49,-18.595,2.5));
#8195 = VERTEX_POINT('',#8196);
#8196 = CARTESIAN_POINT('',(36.49,-18.595,-2.7));
#8197 = LINE('',#8198,#8199);
#8198 = CARTESIAN_POINT('',(36.49,-18.595,2.5));
#8199 = VECTOR('',#8200,1.);
#8200 = DIRECTION('',(-2.2E-16,2.2E-16,-1.));
#8201 = ORIENTED_EDGE('',*,*,#8202,.T.);
#8202 = EDGE_CURVE('',#8193,#8039,#8203,.T.);
#8203 = LINE('',#8204,#8205);
#8204 = CARTESIAN_POINT('',(36.49,-18.595,2.5));
#8205 = VECTOR('',#8206,1.);
#8206 = DIRECTION('',(-1.,0.,2.2E-16));
#8207 = ORIENTED_EDGE('',*,*,#8038,.T.);
#8208 = ORIENTED_EDGE('',*,*,#8209,.F.);
#8209 = EDGE_CURVE('',#8195,#8041,#8210,.T.);
#8210 = LINE('',#8211,#8212);
#8211 = CARTESIAN_POINT('',(36.49,-18.595,-2.7));
#8212 = VECTOR('',#8213,1.);
#8213 = DIRECTION('',(-1.,0.,2.2E-16));
#8214 = PLANE('',#8215);
#8215 = AXIS2_PLACEMENT_3D('',#8216,#8217,#8218);
#8216 = CARTESIAN_POINT('',(36.49,-18.595,2.5));
#8217 = DIRECTION('',(-0.,-1.,-2.2E-16));
#8218 = DIRECTION('',(-2.2E-16,2.2E-16,-1.));
#8219 = ADVANCED_FACE('',(#8220),#8238,.T.);
#8220 = FACE_BOUND('',#8221,.F.);
#8221 = EDGE_LOOP('',(#8222,#8230,#8231,#8232));
#8222 = ORIENTED_EDGE('',*,*,#8223,.F.);
#8223 = EDGE_CURVE('',#8195,#8224,#8226,.T.);
#8224 = VERTEX_POINT('',#8225);
#8225 = CARTESIAN_POINT('',(36.49,-19.095,-3.2));
#8226 = LINE('',#8227,#8228);
#8227 = CARTESIAN_POINT('',(36.49,-18.2825,-2.3875));
#8228 = VECTOR('',#8229,1.);
#8229 = DIRECTION('',(0.,-0.707106781187,-0.707106781187));
#8230 = ORIENTED_EDGE('',*,*,#8209,.T.);
#8231 = ORIENTED_EDGE('',*,*,#8112,.T.);
#8232 = ORIENTED_EDGE('',*,*,#8233,.F.);
#8233 = EDGE_CURVE('',#8224,#8105,#8234,.T.);
#8234 = LINE('',#8235,#8236);
#8235 = CARTESIAN_POINT('',(36.49,-19.095,-3.2));
#8236 = VECTOR('',#8237,1.);
#8237 = DIRECTION('',(-1.,0.,2.2E-16));
#8238 = PLANE('',#8239);
#8239 = AXIS2_PLACEMENT_3D('',#8240,#8241,#8242);
#8240 = CARTESIAN_POINT('',(36.49,-18.845,-2.95));
#8241 = DIRECTION('',(0.,0.707106781187,-0.707106781187));
#8242 = DIRECTION('',(1.,-1.1E-16,-1.1E-16));
#8243 = ADVANCED_FACE('',(#8244),#8262,.F.);
#8244 = FACE_BOUND('',#8245,.F.);
#8245 = EDGE_LOOP('',(#8246,#8254,#8260,#8261));
#8246 = ORIENTED_EDGE('',*,*,#8247,.F.);
#8247 = EDGE_CURVE('',#8248,#8193,#8250,.T.);
#8248 = VERTEX_POINT('',#8249);
#8249 = CARTESIAN_POINT('',(36.49,-16.345,2.5));
#8250 = LINE('',#8251,#8252);
#8251 = CARTESIAN_POINT('',(36.49,-16.345,2.5));
#8252 = VECTOR('',#8253,1.);
#8253 = DIRECTION('',(2.2E-16,-1.,-2.2E-16));
#8254 = ORIENTED_EDGE('',*,*,#8255,.T.);
#8255 = EDGE_CURVE('',#8248,#8049,#8256,.T.);
#8256 = LINE('',#8257,#8258);
#8257 = CARTESIAN_POINT('',(36.49,-16.345,2.5));
#8258 = VECTOR('',#8259,1.);
#8259 = DIRECTION('',(-1.,0.,2.2E-16));
#8260 = ORIENTED_EDGE('',*,*,#8048,.T.);
#8261 = ORIENTED_EDGE('',*,*,#8202,.F.);
#8262 = PLANE('',#8263);
#8263 = AXIS2_PLACEMENT_3D('',#8264,#8265,#8266);
#8264 = CARTESIAN_POINT('',(36.49,-16.345,2.5));
#8265 = DIRECTION('',(2.2E-16,-2.2E-16,1.));
#8266 = DIRECTION('',(0.,-1.,-2.2E-16));
#8267 = ADVANCED_FACE('',(#8268),#8286,.F.);
#8268 = FACE_BOUND('',#8269,.F.);
#8269 = EDGE_LOOP('',(#8270,#8278,#8279,#8280));
#8270 = ORIENTED_EDGE('',*,*,#8271,.F.);
#8271 = EDGE_CURVE('',#8224,#8272,#8274,.T.);
#8272 = VERTEX_POINT('',#8273);
#8273 = CARTESIAN_POINT('',(36.49,-19.595,-3.2));
#8274 = LINE('',#8275,#8276);
#8275 = CARTESIAN_POINT('',(36.49,-16.345,-3.2));
#8276 = VECTOR('',#8277,1.);
#8277 = DIRECTION('',(0.,-1.,-2.2E-16));
#8278 = ORIENTED_EDGE('',*,*,#8233,.T.);
#8279 = ORIENTED_EDGE('',*,*,#8104,.T.);
#8280 = ORIENTED_EDGE('',*,*,#8281,.F.);
#8281 = EDGE_CURVE('',#8272,#8097,#8282,.T.);
#8282 = LINE('',#8283,#8284);
#8283 = CARTESIAN_POINT('',(36.49,-19.595,-3.2));
#8284 = VECTOR('',#8285,1.);
#8285 = DIRECTION('',(-1.,0.,2.2E-16));
#8286 = PLANE('',#8287);
#8287 = AXIS2_PLACEMENT_3D('',#8288,#8289,#8290);
#8288 = CARTESIAN_POINT('',(35.99,-16.345,-3.2));
#8289 = DIRECTION('',(0.,-2.2E-16,1.));
#8290 = DIRECTION('',(1.,0.,0.));
#8291 = ADVANCED_FACE('',(#8292),#8378,.F.);
#8292 = FACE_BOUND('',#8293,.F.);
#8293 = EDGE_LOOP('',(#8294,#8303,#8304,#8305,#8313,#8322,#8330,#8339,
    #8347,#8355,#8363,#8372));
#8294 = ORIENTED_EDGE('',*,*,#8295,.F.);
#8295 = EDGE_CURVE('',#8057,#8296,#8298,.T.);
#8296 = VERTEX_POINT('',#8297);
#8297 = CARTESIAN_POINT('',(35.084232829274,-16.345,17.792152362923));
#8298 = CIRCLE('',#8299,0.5);
#8299 = AXIS2_PLACEMENT_3D('',#8300,#8301,#8302);
#8300 = CARTESIAN_POINT('',(35.49,-16.345,17.5));
#8301 = DIRECTION('',(0.,-1.,-2.2E-16));
#8302 = DIRECTION('',(1.,0.,0.));
#8303 = ORIENTED_EDGE('',*,*,#8056,.T.);
#8304 = ORIENTED_EDGE('',*,*,#8255,.F.);
#8305 = ORIENTED_EDGE('',*,*,#8306,.T.);
#8306 = EDGE_CURVE('',#8248,#8307,#8309,.T.);
#8307 = VERTEX_POINT('',#8308);
#8308 = CARTESIAN_POINT('',(36.49,-16.345,17.5));
#8309 = LINE('',#8310,#8311);
#8310 = CARTESIAN_POINT('',(36.49,-16.345,-3.2));
#8311 = VECTOR('',#8312,1.);
#8312 = DIRECTION('',(0.,-2.2E-16,1.));
#8313 = ORIENTED_EDGE('',*,*,#8314,.T.);
#8314 = EDGE_CURVE('',#8307,#8315,#8317,.T.);
#8315 = VERTEX_POINT('',#8316);
#8316 = CARTESIAN_POINT('',(34.678465658549,-16.345,18.084304725845));
#8317 = CIRCLE('',#8318,1.);
#8318 = AXIS2_PLACEMENT_3D('',#8319,#8320,#8321);
#8319 = CARTESIAN_POINT('',(35.49,-16.345,17.5));
#8320 = DIRECTION('',(0.,-1.,-2.2E-16));
#8321 = DIRECTION('',(1.,0.,0.));
#8322 = ORIENTED_EDGE('',*,*,#8323,.F.);
#8323 = EDGE_CURVE('',#8324,#8315,#8326,.T.);
#8324 = VERTEX_POINT('',#8325);
#8325 = CARTESIAN_POINT('',(31.078465658549,-16.345,13.084304725845));
#8326 = LINE('',#8327,#8328);
#8327 = CARTESIAN_POINT('',(31.078465658549,-16.345,13.084304725845));
#8328 = VECTOR('',#8329,1.);
#8329 = DIRECTION('',(0.584304725845,-1.8E-16,0.811534341451));
#8330 = ORIENTED_EDGE('',*,*,#8331,.T.);
#8331 = EDGE_CURVE('',#8324,#8332,#8334,.T.);
#8332 = VERTEX_POINT('',#8333);
#8333 = CARTESIAN_POINT('',(30.89,-16.345,12.5));
#8334 = CIRCLE('',#8335,1.);
#8335 = AXIS2_PLACEMENT_3D('',#8336,#8337,#8338);
#8336 = CARTESIAN_POINT('',(31.89,-16.345,12.5));
#8337 = DIRECTION('',(0.,-1.,-2.2E-16));
#8338 = DIRECTION('',(1.,0.,0.));
#8339 = ORIENTED_EDGE('',*,*,#8340,.F.);
#8340 = EDGE_CURVE('',#8341,#8332,#8343,.T.);
#8341 = VERTEX_POINT('',#8342);
#8342 = CARTESIAN_POINT('',(30.89,-16.345,7.5));
#8343 = LINE('',#8344,#8345);
#8344 = CARTESIAN_POINT('',(30.89,-16.345,7.5));
#8345 = VECTOR('',#8346,1.);
#8346 = DIRECTION('',(0.,-2.2E-16,1.));
#8347 = ORIENTED_EDGE('',*,*,#8348,.F.);
#8348 = EDGE_CURVE('',#8349,#8341,#8351,.T.);
#8349 = VERTEX_POINT('',#8350);
#8350 = CARTESIAN_POINT('',(31.39,-16.345,7.5));
#8351 = LINE('',#8352,#8353);
#8352 = CARTESIAN_POINT('',(31.39,-16.345,7.5));
#8353 = VECTOR('',#8354,1.);
#8354 = DIRECTION('',(-1.,0.,0.));
#8355 = ORIENTED_EDGE('',*,*,#8356,.F.);
#8356 = EDGE_CURVE('',#8357,#8349,#8359,.T.);
#8357 = VERTEX_POINT('',#8358);
#8358 = CARTESIAN_POINT('',(31.39,-16.345,12.5));
#8359 = LINE('',#8360,#8361);
#8360 = CARTESIAN_POINT('',(31.39,-16.345,12.5));
#8361 = VECTOR('',#8362,1.);
#8362 = DIRECTION('',(0.,2.2E-16,-1.));
#8363 = ORIENTED_EDGE('',*,*,#8364,.F.);
#8364 = EDGE_CURVE('',#8365,#8357,#8367,.T.);
#8365 = VERTEX_POINT('',#8366);
#8366 = CARTESIAN_POINT('',(31.484232829274,-16.345,12.792152362923));
#8367 = CIRCLE('',#8368,0.5);
#8368 = AXIS2_PLACEMENT_3D('',#8369,#8370,#8371);
#8369 = CARTESIAN_POINT('',(31.89,-16.345,12.5));
#8370 = DIRECTION('',(0.,-1.,-2.2E-16));
#8371 = DIRECTION('',(1.,0.,0.));
#8372 = ORIENTED_EDGE('',*,*,#8373,.F.);
#8373 = EDGE_CURVE('',#8296,#8365,#8374,.T.);
#8374 = LINE('',#8375,#8376);
#8375 = CARTESIAN_POINT('',(35.084232829274,-16.345,17.792152362923));
#8376 = VECTOR('',#8377,1.);
#8377 = DIRECTION('',(-0.584304725845,1.8E-16,-0.811534341451));
#8378 = PLANE('',#8379);
#8379 = AXIS2_PLACEMENT_3D('',#8380,#8381,#8382);
#8380 = CARTESIAN_POINT('',(34.806920296986,-16.345,9.614973312943));
#8381 = DIRECTION('',(0.,-1.,-4.4E-16));
#8382 = DIRECTION('',(0.,4.4E-16,-1.));
#8383 = ADVANCED_FACE('',(#8384),#8402,.F.);
#8384 = FACE_BOUND('',#8385,.F.);
#8385 = EDGE_LOOP('',(#8386,#8394,#8395,#8396));
#8386 = ORIENTED_EDGE('',*,*,#8387,.F.);
#8387 = EDGE_CURVE('',#8272,#8388,#8390,.T.);
#8388 = VERTEX_POINT('',#8389);
#8389 = CARTESIAN_POINT('',(36.49,-20.095,-2.7));
#8390 = LINE('',#8391,#8392);
#8391 = CARTESIAN_POINT('',(36.49,-18.9075,-3.8875));
#8392 = VECTOR('',#8393,1.);
#8393 = DIRECTION('',(0.,-0.707106781187,0.707106781187));
#8394 = ORIENTED_EDGE('',*,*,#8281,.T.);
#8395 = ORIENTED_EDGE('',*,*,#8096,.T.);
#8396 = ORIENTED_EDGE('',*,*,#8397,.F.);
#8397 = EDGE_CURVE('',#8388,#8089,#8398,.T.);
#8398 = LINE('',#8399,#8400);
#8399 = CARTESIAN_POINT('',(36.49,-20.095,-2.7));
#8400 = VECTOR('',#8401,1.);
#8401 = DIRECTION('',(-1.,0.,2.2E-16));
#8402 = PLANE('',#8403);
#8403 = AXIS2_PLACEMENT_3D('',#8404,#8405,#8406);
#8404 = CARTESIAN_POINT('',(36.49,-19.845,-2.95));
#8405 = DIRECTION('',(0.,0.707106781187,0.707106781187));
#8406 = DIRECTION('',(-1.,-1.1E-16,1.1E-16));
#8407 = ADVANCED_FACE('',(#8408),#8427,.F.);
#8408 = FACE_BOUND('',#8409,.T.);
#8409 = EDGE_LOOP('',(#8410,#8411,#8420,#8426));
#8410 = ORIENTED_EDGE('',*,*,#8064,.T.);
#8411 = ORIENTED_EDGE('',*,*,#8412,.T.);
#8412 = EDGE_CURVE('',#8065,#8413,#8415,.T.);
#8413 = VERTEX_POINT('',#8414);
#8414 = CARTESIAN_POINT('',(35.084232829274,-22.345,17.792152362923));
#8415 = CIRCLE('',#8416,0.5);
#8416 = AXIS2_PLACEMENT_3D('',#8417,#8418,#8419);
#8417 = CARTESIAN_POINT('',(35.49,-22.345,17.5));
#8418 = DIRECTION('',(0.,-1.,-2.2E-16));
#8419 = DIRECTION('',(1.,0.,0.));
#8420 = ORIENTED_EDGE('',*,*,#8421,.F.);
#8421 = EDGE_CURVE('',#8296,#8413,#8422,.T.);
#8422 = LINE('',#8423,#8424);
#8423 = CARTESIAN_POINT('',(35.084232829274,-16.345,17.792152362923));
#8424 = VECTOR('',#8425,1.);
#8425 = DIRECTION('',(0.,-1.,-2.2E-16));
#8426 = ORIENTED_EDGE('',*,*,#8295,.F.);
#8427 = CYLINDRICAL_SURFACE('',#8428,0.5);
#8428 = AXIS2_PLACEMENT_3D('',#8429,#8430,#8431);
#8429 = CARTESIAN_POINT('',(35.49,-16.345,17.5));
#8430 = DIRECTION('',(0.,1.,2.2E-16));
#8431 = DIRECTION('',(1.,0.,0.));
#8432 = ADVANCED_FACE('',(#8433),#8451,.T.);
#8433 = FACE_BOUND('',#8434,.T.);
#8434 = EDGE_LOOP('',(#8435,#8443,#8449,#8450));
#8435 = ORIENTED_EDGE('',*,*,#8436,.F.);
#8436 = EDGE_CURVE('',#8437,#8388,#8439,.T.);
#8437 = VERTEX_POINT('',#8438);
#8438 = CARTESIAN_POINT('',(36.49,-20.095,2.5));
#8439 = LINE('',#8440,#8441);
#8440 = CARTESIAN_POINT('',(36.49,-20.095,2.5));
#8441 = VECTOR('',#8442,1.);
#8442 = DIRECTION('',(-2.2E-16,2.2E-16,-1.));
#8443 = ORIENTED_EDGE('',*,*,#8444,.T.);
#8444 = EDGE_CURVE('',#8437,#8081,#8445,.T.);
#8445 = LINE('',#8446,#8447);
#8446 = CARTESIAN_POINT('',(36.49,-20.095,2.5));
#8447 = VECTOR('',#8448,1.);
#8448 = DIRECTION('',(-1.,0.,2.2E-16));
#8449 = ORIENTED_EDGE('',*,*,#8088,.T.);
#8450 = ORIENTED_EDGE('',*,*,#8397,.F.);
#8451 = PLANE('',#8452);
#8452 = AXIS2_PLACEMENT_3D('',#8453,#8454,#8455);
#8453 = CARTESIAN_POINT('',(36.49,-20.095,2.5));
#8454 = DIRECTION('',(-0.,-1.,-2.2E-16));
#8455 = DIRECTION('',(-2.2E-16,2.2E-16,-1.));
#8456 = ADVANCED_FACE('',(#8457),#8542,.T.);
#8457 = FACE_BOUND('',#8458,.T.);
#8458 = EDGE_LOOP('',(#8459,#8460,#8461,#8469,#8477,#8486,#8494,#8503,
    #8511,#8519,#8527,#8536));
#8459 = ORIENTED_EDGE('',*,*,#8412,.F.);
#8460 = ORIENTED_EDGE('',*,*,#8072,.T.);
#8461 = ORIENTED_EDGE('',*,*,#8462,.F.);
#8462 = EDGE_CURVE('',#8463,#8073,#8465,.T.);
#8463 = VERTEX_POINT('',#8464);
#8464 = CARTESIAN_POINT('',(36.49,-22.345,2.5));
#8465 = LINE('',#8466,#8467);
#8466 = CARTESIAN_POINT('',(36.49,-22.345,2.5));
#8467 = VECTOR('',#8468,1.);
#8468 = DIRECTION('',(-1.,0.,2.2E-16));
#8469 = ORIENTED_EDGE('',*,*,#8470,.T.);
#8470 = EDGE_CURVE('',#8463,#8471,#8473,.T.);
#8471 = VERTEX_POINT('',#8472);
#8472 = CARTESIAN_POINT('',(36.49,-22.345,17.5));
#8473 = LINE('',#8474,#8475);
#8474 = CARTESIAN_POINT('',(36.49,-22.345,-3.2));
#8475 = VECTOR('',#8476,1.);
#8476 = DIRECTION('',(0.,-2.2E-16,1.));
#8477 = ORIENTED_EDGE('',*,*,#8478,.T.);
#8478 = EDGE_CURVE('',#8471,#8479,#8481,.T.);
#8479 = VERTEX_POINT('',#8480);
#8480 = CARTESIAN_POINT('',(34.678465658549,-22.345,18.084304725845));
#8481 = CIRCLE('',#8482,1.);
#8482 = AXIS2_PLACEMENT_3D('',#8483,#8484,#8485);
#8483 = CARTESIAN_POINT('',(35.49,-22.345,17.5));
#8484 = DIRECTION('',(0.,-1.,-2.2E-16));
#8485 = DIRECTION('',(1.,0.,0.));
#8486 = ORIENTED_EDGE('',*,*,#8487,.F.);
#8487 = EDGE_CURVE('',#8488,#8479,#8490,.T.);
#8488 = VERTEX_POINT('',#8489);
#8489 = CARTESIAN_POINT('',(31.078465658549,-22.345,13.084304725845));
#8490 = LINE('',#8491,#8492);
#8491 = CARTESIAN_POINT('',(31.078465658549,-22.345,13.084304725845));
#8492 = VECTOR('',#8493,1.);
#8493 = DIRECTION('',(0.584304725845,-1.8E-16,0.811534341451));
#8494 = ORIENTED_EDGE('',*,*,#8495,.T.);
#8495 = EDGE_CURVE('',#8488,#8496,#8498,.T.);
#8496 = VERTEX_POINT('',#8497);
#8497 = CARTESIAN_POINT('',(30.89,-22.345,12.5));
#8498 = CIRCLE('',#8499,1.);
#8499 = AXIS2_PLACEMENT_3D('',#8500,#8501,#8502);
#8500 = CARTESIAN_POINT('',(31.89,-22.345,12.5));
#8501 = DIRECTION('',(0.,-1.,-2.2E-16));
#8502 = DIRECTION('',(1.,0.,0.));
#8503 = ORIENTED_EDGE('',*,*,#8504,.F.);
#8504 = EDGE_CURVE('',#8505,#8496,#8507,.T.);
#8505 = VERTEX_POINT('',#8506);
#8506 = CARTESIAN_POINT('',(30.89,-22.345,7.5));
#8507 = LINE('',#8508,#8509);
#8508 = CARTESIAN_POINT('',(30.89,-22.345,7.5));
#8509 = VECTOR('',#8510,1.);
#8510 = DIRECTION('',(0.,-2.2E-16,1.));
#8511 = ORIENTED_EDGE('',*,*,#8512,.F.);
#8512 = EDGE_CURVE('',#8513,#8505,#8515,.T.);
#8513 = VERTEX_POINT('',#8514);
#8514 = CARTESIAN_POINT('',(31.39,-22.345,7.5));
#8515 = LINE('',#8516,#8517);
#8516 = CARTESIAN_POINT('',(31.39,-22.345,7.5));
#8517 = VECTOR('',#8518,1.);
#8518 = DIRECTION('',(-1.,0.,0.));
#8519 = ORIENTED_EDGE('',*,*,#8520,.F.);
#8520 = EDGE_CURVE('',#8521,#8513,#8523,.T.);
#8521 = VERTEX_POINT('',#8522);
#8522 = CARTESIAN_POINT('',(31.39,-22.345,12.5));
#8523 = LINE('',#8524,#8525);
#8524 = CARTESIAN_POINT('',(31.39,-22.345,12.5));
#8525 = VECTOR('',#8526,1.);
#8526 = DIRECTION('',(0.,2.2E-16,-1.));
#8527 = ORIENTED_EDGE('',*,*,#8528,.F.);
#8528 = EDGE_CURVE('',#8529,#8521,#8531,.T.);
#8529 = VERTEX_POINT('',#8530);
#8530 = CARTESIAN_POINT('',(31.484232829274,-22.345,12.792152362923));
#8531 = CIRCLE('',#8532,0.5);
#8532 = AXIS2_PLACEMENT_3D('',#8533,#8534,#8535);
#8533 = CARTESIAN_POINT('',(31.89,-22.345,12.5));
#8534 = DIRECTION('',(0.,-1.,-2.2E-16));
#8535 = DIRECTION('',(1.,0.,0.));
#8536 = ORIENTED_EDGE('',*,*,#8537,.F.);
#8537 = EDGE_CURVE('',#8413,#8529,#8538,.T.);
#8538 = LINE('',#8539,#8540);
#8539 = CARTESIAN_POINT('',(35.084232829274,-22.345,17.792152362923));
#8540 = VECTOR('',#8541,1.);
#8541 = DIRECTION('',(-0.584304725845,1.8E-16,-0.811534341451));
#8542 = PLANE('',#8543);
#8543 = AXIS2_PLACEMENT_3D('',#8544,#8545,#8546);
#8544 = CARTESIAN_POINT('',(34.806920296986,-22.345,9.614973312943));
#8545 = DIRECTION('',(0.,-1.,-4.4E-16));
#8546 = DIRECTION('',(0.,4.4E-16,-1.));
#8547 = ADVANCED_FACE('',(#8548),#8559,.T.);
#8548 = FACE_BOUND('',#8549,.T.);
#8549 = EDGE_LOOP('',(#8550,#8556,#8557,#8558));
#8550 = ORIENTED_EDGE('',*,*,#8551,.F.);
#8551 = EDGE_CURVE('',#8463,#8437,#8552,.T.);
#8552 = LINE('',#8553,#8554);
#8553 = CARTESIAN_POINT('',(36.49,-22.345,2.5));
#8554 = VECTOR('',#8555,1.);
#8555 = DIRECTION('',(-2.2E-16,1.,2.2E-16));
#8556 = ORIENTED_EDGE('',*,*,#8462,.T.);
#8557 = ORIENTED_EDGE('',*,*,#8080,.T.);
#8558 = ORIENTED_EDGE('',*,*,#8444,.F.);
#8559 = PLANE('',#8560);
#8560 = AXIS2_PLACEMENT_3D('',#8561,#8562,#8563);
#8561 = CARTESIAN_POINT('',(36.49,-22.345,2.5));
#8562 = DIRECTION('',(-2.2E-16,2.2E-16,-1.));
#8563 = DIRECTION('',(0.,1.,2.2E-16));
#8564 = ADVANCED_FACE('',(#8565),#8590,.F.);
#8565 = FACE_BOUND('',#8566,.F.);
#8566 = EDGE_LOOP('',(#8567,#8575,#8576,#8584));
#8567 = ORIENTED_EDGE('',*,*,#8568,.T.);
#8568 = EDGE_CURVE('',#8569,#8121,#8571,.T.);
#8569 = VERTEX_POINT('',#8570);
#8570 = CARTESIAN_POINT('',(36.49,-20.12,9.25));
#8571 = LINE('',#8572,#8573);
#8572 = CARTESIAN_POINT('',(36.49,-20.12,9.25));
#8573 = VECTOR('',#8574,1.);
#8574 = DIRECTION('',(-1.,0.,2.2E-16));
#8575 = ORIENTED_EDGE('',*,*,#8120,.T.);
#8576 = ORIENTED_EDGE('',*,*,#8577,.F.);
#8577 = EDGE_CURVE('',#8578,#8123,#8580,.T.);
#8578 = VERTEX_POINT('',#8579);
#8579 = CARTESIAN_POINT('',(36.49,-20.12,6.25));
#8580 = LINE('',#8581,#8582);
#8581 = CARTESIAN_POINT('',(36.49,-20.12,6.25));
#8582 = VECTOR('',#8583,1.);
#8583 = DIRECTION('',(-1.,0.,2.2E-16));
#8584 = ORIENTED_EDGE('',*,*,#8585,.F.);
#8585 = EDGE_CURVE('',#8569,#8578,#8586,.T.);
#8586 = LINE('',#8587,#8588);
#8587 = CARTESIAN_POINT('',(36.49,-20.12,9.25));
#8588 = VECTOR('',#8589,1.);
#8589 = DIRECTION('',(-2.2E-16,2.2E-16,-1.));
#8590 = PLANE('',#8591);
#8591 = AXIS2_PLACEMENT_3D('',#8592,#8593,#8594);
#8592 = CARTESIAN_POINT('',(36.49,-20.12,9.25));
#8593 = DIRECTION('',(-0.,-1.,-2.2E-16));
#8594 = DIRECTION('',(-2.2E-16,2.2E-16,-1.));
#8595 = ADVANCED_FACE('',(#8596),#8614,.F.);
#8596 = FACE_BOUND('',#8597,.F.);
#8597 = EDGE_LOOP('',(#8598,#8599,#8600,#8608));
#8598 = ORIENTED_EDGE('',*,*,#8577,.T.);
#8599 = ORIENTED_EDGE('',*,*,#8178,.T.);
#8600 = ORIENTED_EDGE('',*,*,#8601,.F.);
#8601 = EDGE_CURVE('',#8602,#8171,#8604,.T.);
#8602 = VERTEX_POINT('',#8603);
#8603 = CARTESIAN_POINT('',(36.49,-20.095,6.25));
#8604 = LINE('',#8605,#8606);
#8605 = CARTESIAN_POINT('',(36.49,-20.095,6.25));
#8606 = VECTOR('',#8607,1.);
#8607 = DIRECTION('',(-1.,0.,2.2E-16));
#8608 = ORIENTED_EDGE('',*,*,#8609,.F.);
#8609 = EDGE_CURVE('',#8578,#8602,#8610,.T.);
#8610 = LINE('',#8611,#8612);
#8611 = CARTESIAN_POINT('',(36.49,-20.12,6.25));
#8612 = VECTOR('',#8613,1.);
#8613 = DIRECTION('',(-2.2E-16,1.,2.2E-16));
#8614 = PLANE('',#8615);
#8615 = AXIS2_PLACEMENT_3D('',#8616,#8617,#8618);
#8616 = CARTESIAN_POINT('',(36.49,-20.12,6.25));
#8617 = DIRECTION('',(-2.2E-16,2.2E-16,-1.));
#8618 = DIRECTION('',(0.,1.,2.2E-16));
#8619 = ADVANCED_FACE('',(#8620),#8672,.T.);
#8620 = FACE_BOUND('',#8621,.T.);
#8621 = EDGE_LOOP('',(#8622,#8623,#8631,#8640,#8648,#8656,#8664,#8671));
#8622 = ORIENTED_EDGE('',*,*,#8601,.F.);
#8623 = ORIENTED_EDGE('',*,*,#8624,.T.);
#8624 = EDGE_CURVE('',#8602,#8625,#8627,.T.);
#8625 = VERTEX_POINT('',#8626);
#8626 = CARTESIAN_POINT('',(36.49,-20.095,6.5));
#8627 = LINE('',#8628,#8629);
#8628 = CARTESIAN_POINT('',(36.49,-20.095,6.25));
#8629 = VECTOR('',#8630,1.);
#8630 = DIRECTION('',(-6.21E-15,-2.2E-16,1.));
#8631 = ORIENTED_EDGE('',*,*,#8632,.T.);
#8632 = EDGE_CURVE('',#8625,#8633,#8635,.T.);
#8633 = VERTEX_POINT('',#8634);
#8634 = CARTESIAN_POINT('',(36.590149954769,-20.095,6.936199376545));
#8635 = CIRCLE('',#8636,1.);
#8636 = AXIS2_PLACEMENT_3D('',#8637,#8638,#8639);
#8637 = CARTESIAN_POINT('',(37.49,-20.095,6.5));
#8638 = DIRECTION('',(-9.9E-16,1.,2.2E-16));
#8639 = DIRECTION('',(1.,9.9E-16,-1.E-17));
#8640 = ORIENTED_EDGE('',*,*,#8641,.F.);
#8641 = EDGE_CURVE('',#8642,#8633,#8644,.T.);
#8642 = VERTEX_POINT('',#8643);
#8643 = CARTESIAN_POINT('',(37.48,-20.095,8.771900311728));
#8644 = LINE('',#8645,#8646);
#8645 = CARTESIAN_POINT('',(37.48,-20.095,8.771900311728));
#8646 = VECTOR('',#8647,1.);
#8647 = DIRECTION('',(-0.436199376545,-2.3E-16,-0.899850045231));
#8648 = ORIENTED_EDGE('',*,*,#8649,.F.);
#8649 = EDGE_CURVE('',#8650,#8642,#8652,.T.);
#8650 = VERTEX_POINT('',#8651);
#8651 = CARTESIAN_POINT('',(37.030074977385,-20.095,8.99));
#8652 = LINE('',#8653,#8654);
#8653 = CARTESIAN_POINT('',(37.030074977385,-20.095,8.99));
#8654 = VECTOR('',#8655,1.);
#8655 = DIRECTION('',(0.899850045231,9.9E-16,-0.436199376545));
#8656 = ORIENTED_EDGE('',*,*,#8657,.F.);
#8657 = EDGE_CURVE('',#8658,#8650,#8660,.T.);
#8658 = VERTEX_POINT('',#8659);
#8659 = CARTESIAN_POINT('',(36.140224932154,-20.095,7.154299064817));
#8660 = LINE('',#8661,#8662);
#8661 = CARTESIAN_POINT('',(36.140224932154,-20.095,7.154299064817));
#8662 = VECTOR('',#8663,1.);
#8663 = DIRECTION('',(0.436199376545,2.3E-16,0.899850045231));
#8664 = ORIENTED_EDGE('',*,*,#8665,.F.);
#8665 = EDGE_CURVE('',#8163,#8658,#8666,.T.);
#8666 = CIRCLE('',#8667,1.5);
#8667 = AXIS2_PLACEMENT_3D('',#8668,#8669,#8670);
#8668 = CARTESIAN_POINT('',(37.49,-20.095,6.5));
#8669 = DIRECTION('',(-9.9E-16,1.,2.2E-16));
#8670 = DIRECTION('',(1.,9.9E-16,-1.E-17));
#8671 = ORIENTED_EDGE('',*,*,#8170,.F.);
#8672 = PLANE('',#8673);
#8673 = AXIS2_PLACEMENT_3D('',#8674,#8675,#8676);
#8674 = CARTESIAN_POINT('',(36.74,-20.095,7.625));
#8675 = DIRECTION('',(1.83E-15,-1.,-2.2E-16));
#8676 = DIRECTION('',(1.,1.83E-15,0.));
#8677 = ADVANCED_FACE('',(#8678),#8697,.T.);
#8678 = FACE_BOUND('',#8679,.T.);
#8679 = EDGE_LOOP('',(#8680,#8681,#8682,#8690));
#8680 = ORIENTED_EDGE('',*,*,#8162,.T.);
#8681 = ORIENTED_EDGE('',*,*,#8665,.T.);
#8682 = ORIENTED_EDGE('',*,*,#8683,.F.);
#8683 = EDGE_CURVE('',#8684,#8658,#8686,.T.);
#8684 = VERTEX_POINT('',#8685);
#8685 = CARTESIAN_POINT('',(36.140224932154,-18.595,7.154299064817));
#8686 = LINE('',#8687,#8688);
#8687 = CARTESIAN_POINT('',(36.140224932154,-18.595,7.154299064817));
#8688 = VECTOR('',#8689,1.);
#8689 = DIRECTION('',(9.9E-16,-1.,-2.2E-16));
#8690 = ORIENTED_EDGE('',*,*,#8691,.F.);
#8691 = EDGE_CURVE('',#8155,#8684,#8692,.T.);
#8692 = CIRCLE('',#8693,1.5);
#8693 = AXIS2_PLACEMENT_3D('',#8694,#8695,#8696);
#8694 = CARTESIAN_POINT('',(37.49,-18.595,6.5));
#8695 = DIRECTION('',(-9.9E-16,1.,2.2E-16));
#8696 = DIRECTION('',(1.,9.9E-16,-1.E-17));
#8697 = CYLINDRICAL_SURFACE('',#8698,1.5);
#8698 = AXIS2_PLACEMENT_3D('',#8699,#8700,#8701);
#8699 = CARTESIAN_POINT('',(37.49,-18.595,6.5));
#8700 = DIRECTION('',(-9.9E-16,1.,2.2E-16));
#8701 = DIRECTION('',(1.,9.9E-16,0.));
#8702 = ADVANCED_FACE('',(#8703),#8754,.T.);
#8703 = FACE_BOUND('',#8704,.T.);
#8704 = EDGE_LOOP('',(#8705,#8715,#8721,#8722,#8723,#8731,#8739,#8747));
#8705 = ORIENTED_EDGE('',*,*,#8706,.F.);
#8706 = EDGE_CURVE('',#8707,#8709,#8711,.T.);
#8707 = VERTEX_POINT('',#8708);
#8708 = CARTESIAN_POINT('',(36.49,-18.595,6.25));
#8709 = VERTEX_POINT('',#8710);
#8710 = CARTESIAN_POINT('',(36.49,-18.595,6.5));
#8711 = LINE('',#8712,#8713);
#8712 = CARTESIAN_POINT('',(36.49,-18.595,6.25));
#8713 = VECTOR('',#8714,1.);
#8714 = DIRECTION('',(-6.21E-15,-2.2E-16,1.));
#8715 = ORIENTED_EDGE('',*,*,#8716,.T.);
#8716 = EDGE_CURVE('',#8707,#8147,#8717,.T.);
#8717 = LINE('',#8718,#8719);
#8718 = CARTESIAN_POINT('',(36.49,-18.595,6.25));
#8719 = VECTOR('',#8720,1.);
#8720 = DIRECTION('',(-1.,0.,2.2E-16));
#8721 = ORIENTED_EDGE('',*,*,#8154,.T.);
#8722 = ORIENTED_EDGE('',*,*,#8691,.T.);
#8723 = ORIENTED_EDGE('',*,*,#8724,.T.);
#8724 = EDGE_CURVE('',#8684,#8725,#8727,.T.);
#8725 = VERTEX_POINT('',#8726);
#8726 = CARTESIAN_POINT('',(37.030074977385,-18.595,8.99));
#8727 = LINE('',#8728,#8729);
#8728 = CARTESIAN_POINT('',(36.140224932154,-18.595,7.154299064817));
#8729 = VECTOR('',#8730,1.);
#8730 = DIRECTION('',(0.436199376545,2.3E-16,0.899850045231));
#8731 = ORIENTED_EDGE('',*,*,#8732,.T.);
#8732 = EDGE_CURVE('',#8725,#8733,#8735,.T.);
#8733 = VERTEX_POINT('',#8734);
#8734 = CARTESIAN_POINT('',(37.48,-18.595,8.771900311728));
#8735 = LINE('',#8736,#8737);
#8736 = CARTESIAN_POINT('',(37.030074977385,-18.595,8.99));
#8737 = VECTOR('',#8738,1.);
#8738 = DIRECTION('',(0.899850045231,9.9E-16,-0.436199376545));
#8739 = ORIENTED_EDGE('',*,*,#8740,.T.);
#8740 = EDGE_CURVE('',#8733,#8741,#8743,.T.);
#8741 = VERTEX_POINT('',#8742);
#8742 = CARTESIAN_POINT('',(36.590149954769,-18.595,6.936199376545));
#8743 = LINE('',#8744,#8745);
#8744 = CARTESIAN_POINT('',(37.48,-18.595,8.771900311728));
#8745 = VECTOR('',#8746,1.);
#8746 = DIRECTION('',(-0.436199376545,-2.3E-16,-0.899850045231));
#8747 = ORIENTED_EDGE('',*,*,#8748,.F.);
#8748 = EDGE_CURVE('',#8709,#8741,#8749,.T.);
#8749 = CIRCLE('',#8750,1.);
#8750 = AXIS2_PLACEMENT_3D('',#8751,#8752,#8753);
#8751 = CARTESIAN_POINT('',(37.49,-18.595,6.5));
#8752 = DIRECTION('',(-9.9E-16,1.,2.2E-16));
#8753 = DIRECTION('',(1.,9.9E-16,-1.E-17));
#8754 = PLANE('',#8755);
#8755 = AXIS2_PLACEMENT_3D('',#8756,#8757,#8758);
#8756 = CARTESIAN_POINT('',(36.74,-18.595,7.625));
#8757 = DIRECTION('',(-9.9E-16,1.,2.2E-16));
#8758 = DIRECTION('',(-1.,-9.9E-16,0.));
#8759 = ADVANCED_FACE('',(#8760),#8778,.T.);
#8760 = FACE_BOUND('',#8761,.T.);
#8761 = EDGE_LOOP('',(#8762,#8770,#8771,#8772));
#8762 = ORIENTED_EDGE('',*,*,#8763,.T.);
#8763 = EDGE_CURVE('',#8764,#8139,#8766,.T.);
#8764 = VERTEX_POINT('',#8765);
#8765 = CARTESIAN_POINT('',(36.49,-18.57,6.25));
#8766 = LINE('',#8767,#8768);
#8767 = CARTESIAN_POINT('',(36.49,-18.57,6.25));
#8768 = VECTOR('',#8769,1.);
#8769 = DIRECTION('',(-1.,0.,2.2E-16));
#8770 = ORIENTED_EDGE('',*,*,#8146,.T.);
#8771 = ORIENTED_EDGE('',*,*,#8716,.F.);
#8772 = ORIENTED_EDGE('',*,*,#8773,.F.);
#8773 = EDGE_CURVE('',#8764,#8707,#8774,.T.);
#8774 = LINE('',#8775,#8776);
#8775 = CARTESIAN_POINT('',(36.49,-18.57,6.25));
#8776 = VECTOR('',#8777,1.);
#8777 = DIRECTION('',(2.2E-16,-1.,-2.2E-16));
#8778 = PLANE('',#8779);
#8779 = AXIS2_PLACEMENT_3D('',#8780,#8781,#8782);
#8780 = CARTESIAN_POINT('',(36.49,-18.57,6.25));
#8781 = DIRECTION('',(2.2E-16,-2.2E-16,1.));
#8782 = DIRECTION('',(0.,-1.,-2.2E-16));
#8783 = ADVANCED_FACE('',(#8784),#8802,.T.);
#8784 = FACE_BOUND('',#8785,.T.);
#8785 = EDGE_LOOP('',(#8786,#8794,#8795,#8796));
#8786 = ORIENTED_EDGE('',*,*,#8787,.T.);
#8787 = EDGE_CURVE('',#8788,#8131,#8790,.T.);
#8788 = VERTEX_POINT('',#8789);
#8789 = CARTESIAN_POINT('',(36.49,-18.57,9.25));
#8790 = LINE('',#8791,#8792);
#8791 = CARTESIAN_POINT('',(36.49,-18.57,9.25));
#8792 = VECTOR('',#8793,1.);
#8793 = DIRECTION('',(-1.,0.,2.2E-16));
#8794 = ORIENTED_EDGE('',*,*,#8138,.T.);
#8795 = ORIENTED_EDGE('',*,*,#8763,.F.);
#8796 = ORIENTED_EDGE('',*,*,#8797,.F.);
#8797 = EDGE_CURVE('',#8788,#8764,#8798,.T.);
#8798 = LINE('',#8799,#8800);
#8799 = CARTESIAN_POINT('',(36.49,-18.57,9.25));
#8800 = VECTOR('',#8801,1.);
#8801 = DIRECTION('',(-2.2E-16,2.2E-16,-1.));
#8802 = PLANE('',#8803);
#8803 = AXIS2_PLACEMENT_3D('',#8804,#8805,#8806);
#8804 = CARTESIAN_POINT('',(36.49,-18.57,9.25));
#8805 = DIRECTION('',(-0.,-1.,-2.2E-16));
#8806 = DIRECTION('',(-2.2E-16,2.2E-16,-1.));
#8807 = ADVANCED_FACE('',(#8808),#8819,.T.);
#8808 = FACE_BOUND('',#8809,.T.);
#8809 = EDGE_LOOP('',(#8810,#8811,#8812,#8813));
#8810 = ORIENTED_EDGE('',*,*,#8568,.T.);
#8811 = ORIENTED_EDGE('',*,*,#8130,.T.);
#8812 = ORIENTED_EDGE('',*,*,#8787,.F.);
#8813 = ORIENTED_EDGE('',*,*,#8814,.F.);
#8814 = EDGE_CURVE('',#8569,#8788,#8815,.T.);
#8815 = LINE('',#8816,#8817);
#8816 = CARTESIAN_POINT('',(36.49,-20.12,9.25));
#8817 = VECTOR('',#8818,1.);
#8818 = DIRECTION('',(-2.2E-16,1.,2.2E-16));
#8819 = PLANE('',#8820);
#8820 = AXIS2_PLACEMENT_3D('',#8821,#8822,#8823);
#8821 = CARTESIAN_POINT('',(36.49,-20.12,9.25));
#8822 = DIRECTION('',(-2.2E-16,2.2E-16,-1.));
#8823 = DIRECTION('',(0.,1.,2.2E-16));
#8824 = ADVANCED_FACE('',(#8825,#8842),#8855,.F.);
#8825 = FACE_BOUND('',#8826,.F.);
#8826 = EDGE_LOOP('',(#8827,#8828,#8829,#8830,#8831,#8832,#8833,#8834,
    #8840,#8841));
#8827 = ORIENTED_EDGE('',*,*,#8192,.T.);
#8828 = ORIENTED_EDGE('',*,*,#8223,.T.);
#8829 = ORIENTED_EDGE('',*,*,#8271,.T.);
#8830 = ORIENTED_EDGE('',*,*,#8387,.T.);
#8831 = ORIENTED_EDGE('',*,*,#8436,.F.);
#8832 = ORIENTED_EDGE('',*,*,#8551,.F.);
#8833 = ORIENTED_EDGE('',*,*,#8470,.T.);
#8834 = ORIENTED_EDGE('',*,*,#8835,.F.);
#8835 = EDGE_CURVE('',#8307,#8471,#8836,.T.);
#8836 = LINE('',#8837,#8838);
#8837 = CARTESIAN_POINT('',(36.49,-16.345,17.5));
#8838 = VECTOR('',#8839,1.);
#8839 = DIRECTION('',(0.,-1.,-2.2E-16));
#8840 = ORIENTED_EDGE('',*,*,#8306,.F.);
#8841 = ORIENTED_EDGE('',*,*,#8247,.T.);
#8842 = FACE_BOUND('',#8843,.F.);
#8843 = EDGE_LOOP('',(#8844,#8845,#8846,#8847,#8853,#8854));
#8844 = ORIENTED_EDGE('',*,*,#8814,.F.);
#8845 = ORIENTED_EDGE('',*,*,#8585,.T.);
#8846 = ORIENTED_EDGE('',*,*,#8609,.T.);
#8847 = ORIENTED_EDGE('',*,*,#8848,.T.);
#8848 = EDGE_CURVE('',#8602,#8707,#8849,.T.);
#8849 = LINE('',#8850,#8851);
#8850 = CARTESIAN_POINT('',(36.49,-20.095,6.25));
#8851 = VECTOR('',#8852,1.);
#8852 = DIRECTION('',(-2.2E-16,1.,2.2E-16));
#8853 = ORIENTED_EDGE('',*,*,#8773,.F.);
#8854 = ORIENTED_EDGE('',*,*,#8797,.F.);
#8855 = PLANE('',#8856);
#8856 = AXIS2_PLACEMENT_3D('',#8857,#8858,#8859);
#8857 = CARTESIAN_POINT('',(36.49,-16.345,-3.2));
#8858 = DIRECTION('',(-1.,0.,0.));
#8859 = DIRECTION('',(0.,-2.2E-16,1.));
#8860 = ADVANCED_FACE('',(#8861),#8872,.T.);
#8861 = FACE_BOUND('',#8862,.T.);
#8862 = EDGE_LOOP('',(#8863,#8864,#8865,#8871));
#8863 = ORIENTED_EDGE('',*,*,#8421,.T.);
#8864 = ORIENTED_EDGE('',*,*,#8537,.T.);
#8865 = ORIENTED_EDGE('',*,*,#8866,.F.);
#8866 = EDGE_CURVE('',#8365,#8529,#8867,.T.);
#8867 = LINE('',#8868,#8869);
#8868 = CARTESIAN_POINT('',(31.484232829274,-16.345,12.792152362923));
#8869 = VECTOR('',#8870,1.);
#8870 = DIRECTION('',(0.,-1.,-2.2E-16));
#8871 = ORIENTED_EDGE('',*,*,#8373,.F.);
#8872 = PLANE('',#8873);
#8873 = AXIS2_PLACEMENT_3D('',#8874,#8875,#8876);
#8874 = CARTESIAN_POINT('',(35.084232829274,-16.345,17.792152362923));
#8875 = DIRECTION('',(0.811534341451,1.3E-16,-0.584304725845));
#8876 = DIRECTION('',(-0.584304725845,1.8E-16,-0.811534341451));
#8877 = ADVANCED_FACE('',(#8878),#8889,.F.);
#8878 = FACE_BOUND('',#8879,.T.);
#8879 = EDGE_LOOP('',(#8880,#8881,#8882,#8888));
#8880 = ORIENTED_EDGE('',*,*,#8866,.T.);
#8881 = ORIENTED_EDGE('',*,*,#8528,.T.);
#8882 = ORIENTED_EDGE('',*,*,#8883,.F.);
#8883 = EDGE_CURVE('',#8357,#8521,#8884,.T.);
#8884 = LINE('',#8885,#8886);
#8885 = CARTESIAN_POINT('',(31.39,-16.345,12.5));
#8886 = VECTOR('',#8887,1.);
#8887 = DIRECTION('',(0.,-1.,-2.2E-16));
#8888 = ORIENTED_EDGE('',*,*,#8364,.F.);
#8889 = CYLINDRICAL_SURFACE('',#8890,0.5);
#8890 = AXIS2_PLACEMENT_3D('',#8891,#8892,#8893);
#8891 = CARTESIAN_POINT('',(31.89,-16.345,12.5));
#8892 = DIRECTION('',(0.,1.,2.2E-16));
#8893 = DIRECTION('',(1.,0.,0.));
#8894 = ADVANCED_FACE('',(#8895),#8906,.T.);
#8895 = FACE_BOUND('',#8896,.T.);
#8896 = EDGE_LOOP('',(#8897,#8898,#8899,#8905));
#8897 = ORIENTED_EDGE('',*,*,#8883,.T.);
#8898 = ORIENTED_EDGE('',*,*,#8520,.T.);
#8899 = ORIENTED_EDGE('',*,*,#8900,.F.);
#8900 = EDGE_CURVE('',#8349,#8513,#8901,.T.);
#8901 = LINE('',#8902,#8903);
#8902 = CARTESIAN_POINT('',(31.39,-16.345,7.5));
#8903 = VECTOR('',#8904,1.);
#8904 = DIRECTION('',(0.,-1.,-2.2E-16));
#8905 = ORIENTED_EDGE('',*,*,#8356,.F.);
#8906 = PLANE('',#8907);
#8907 = AXIS2_PLACEMENT_3D('',#8908,#8909,#8910);
#8908 = CARTESIAN_POINT('',(31.39,-16.345,12.5));
#8909 = DIRECTION('',(1.,0.,0.));
#8910 = DIRECTION('',(0.,2.2E-16,-1.));
#8911 = ADVANCED_FACE('',(#8912),#8923,.T.);
#8912 = FACE_BOUND('',#8913,.T.);
#8913 = EDGE_LOOP('',(#8914,#8915,#8916,#8922));
#8914 = ORIENTED_EDGE('',*,*,#8900,.T.);
#8915 = ORIENTED_EDGE('',*,*,#8512,.T.);
#8916 = ORIENTED_EDGE('',*,*,#8917,.F.);
#8917 = EDGE_CURVE('',#8341,#8505,#8918,.T.);
#8918 = LINE('',#8919,#8920);
#8919 = CARTESIAN_POINT('',(30.89,-16.345,7.5));
#8920 = VECTOR('',#8921,1.);
#8921 = DIRECTION('',(0.,-1.,-2.2E-16));
#8922 = ORIENTED_EDGE('',*,*,#8348,.F.);
#8923 = PLANE('',#8924);
#8924 = AXIS2_PLACEMENT_3D('',#8925,#8926,#8927);
#8925 = CARTESIAN_POINT('',(31.39,-16.345,7.5));
#8926 = DIRECTION('',(0.,2.2E-16,-1.));
#8927 = DIRECTION('',(-1.,0.,0.));
#8928 = ADVANCED_FACE('',(#8929,#8940),#8951,.T.);
#8929 = FACE_BOUND('',#8930,.T.);
#8930 = EDGE_LOOP('',(#8931,#8932,#8933,#8939));
#8931 = ORIENTED_EDGE('',*,*,#8917,.T.);
#8932 = ORIENTED_EDGE('',*,*,#8504,.T.);
#8933 = ORIENTED_EDGE('',*,*,#8934,.F.);
#8934 = EDGE_CURVE('',#8332,#8496,#8935,.T.);
#8935 = LINE('',#8936,#8937);
#8936 = CARTESIAN_POINT('',(30.89,-16.345,12.5));
#8937 = VECTOR('',#8938,1.);
#8938 = DIRECTION('',(0.,-1.,-2.2E-16));
#8939 = ORIENTED_EDGE('',*,*,#8340,.F.);
#8940 = FACE_BOUND('',#8941,.T.);
#8941 = EDGE_LOOP('',(#8942));
#8942 = ORIENTED_EDGE('',*,*,#8943,.F.);
#8943 = EDGE_CURVE('',#8944,#8944,#8946,.T.);
#8944 = VERTEX_POINT('',#8945);
#8945 = CARTESIAN_POINT('',(30.89,-19.345,11.));
#8946 = CIRCLE('',#8947,0.5);
#8947 = AXIS2_PLACEMENT_3D('',#8948,#8949,#8950);
#8948 = CARTESIAN_POINT('',(30.89,-19.345,11.5));
#8949 = DIRECTION('',(-1.,2.2E-16,-2.2E-16));
#8950 = DIRECTION('',(2.2E-16,2.2E-16,-1.));
#8951 = PLANE('',#8952);
#8952 = AXIS2_PLACEMENT_3D('',#8953,#8954,#8955);
#8953 = CARTESIAN_POINT('',(30.89,-16.345,7.5));
#8954 = DIRECTION('',(-1.,0.,0.));
#8955 = DIRECTION('',(0.,-2.2E-16,1.));
#8956 = ADVANCED_FACE('',(#8957),#8968,.T.);
#8957 = FACE_BOUND('',#8958,.F.);
#8958 = EDGE_LOOP('',(#8959,#8965,#8966,#8967));
#8959 = ORIENTED_EDGE('',*,*,#8960,.T.);
#8960 = EDGE_CURVE('',#8324,#8488,#8961,.T.);
#8961 = LINE('',#8962,#8963);
#8962 = CARTESIAN_POINT('',(31.078465658549,-16.345,13.084304725845));
#8963 = VECTOR('',#8964,1.);
#8964 = DIRECTION('',(0.,-1.,-2.2E-16));
#8965 = ORIENTED_EDGE('',*,*,#8495,.T.);
#8966 = ORIENTED_EDGE('',*,*,#8934,.F.);
#8967 = ORIENTED_EDGE('',*,*,#8331,.F.);
#8968 = CYLINDRICAL_SURFACE('',#8969,1.);
#8969 = AXIS2_PLACEMENT_3D('',#8970,#8971,#8972);
#8970 = CARTESIAN_POINT('',(31.89,-16.345,12.5));
#8971 = DIRECTION('',(0.,1.,2.2E-16));
#8972 = DIRECTION('',(1.,0.,0.));
#8973 = ADVANCED_FACE('',(#8974),#8985,.T.);
#8974 = FACE_BOUND('',#8975,.T.);
#8975 = EDGE_LOOP('',(#8976,#8977,#8978,#8984));
#8976 = ORIENTED_EDGE('',*,*,#8960,.T.);
#8977 = ORIENTED_EDGE('',*,*,#8487,.T.);
#8978 = ORIENTED_EDGE('',*,*,#8979,.F.);
#8979 = EDGE_CURVE('',#8315,#8479,#8980,.T.);
#8980 = LINE('',#8981,#8982);
#8981 = CARTESIAN_POINT('',(34.678465658549,-16.345,18.084304725845));
#8982 = VECTOR('',#8983,1.);
#8983 = DIRECTION('',(0.,-1.,-2.2E-16));
#8984 = ORIENTED_EDGE('',*,*,#8323,.F.);
#8985 = PLANE('',#8986);
#8986 = AXIS2_PLACEMENT_3D('',#8987,#8988,#8989);
#8987 = CARTESIAN_POINT('',(31.078465658549,-16.345,13.084304725845));
#8988 = DIRECTION('',(-0.811534341451,-1.3E-16,0.584304725845));
#8989 = DIRECTION('',(0.584304725845,-1.8E-16,0.811534341451));
#8990 = ADVANCED_FACE('',(#8991),#8997,.T.);
#8991 = FACE_BOUND('',#8992,.F.);
#8992 = EDGE_LOOP('',(#8993,#8994,#8995,#8996));
#8993 = ORIENTED_EDGE('',*,*,#8835,.T.);
#8994 = ORIENTED_EDGE('',*,*,#8478,.T.);
#8995 = ORIENTED_EDGE('',*,*,#8979,.F.);
#8996 = ORIENTED_EDGE('',*,*,#8314,.F.);
#8997 = CYLINDRICAL_SURFACE('',#8998,1.);
#8998 = AXIS2_PLACEMENT_3D('',#8999,#9000,#9001);
#8999 = CARTESIAN_POINT('',(35.49,-16.345,17.5));
#9000 = DIRECTION('',(0.,1.,2.2E-16));
#9001 = DIRECTION('',(1.,0.,0.));
#9002 = ADVANCED_FACE('',(#9003),#9014,.T.);
#9003 = FACE_BOUND('',#9004,.T.);
#9004 = EDGE_LOOP('',(#9005,#9006,#9007,#9013));
#9005 = ORIENTED_EDGE('',*,*,#8683,.T.);
#9006 = ORIENTED_EDGE('',*,*,#8657,.T.);
#9007 = ORIENTED_EDGE('',*,*,#9008,.F.);
#9008 = EDGE_CURVE('',#8725,#8650,#9009,.T.);
#9009 = LINE('',#9010,#9011);
#9010 = CARTESIAN_POINT('',(37.030074977385,-18.595,8.99));
#9011 = VECTOR('',#9012,1.);
#9012 = DIRECTION('',(9.9E-16,-1.,-2.2E-16));
#9013 = ORIENTED_EDGE('',*,*,#8724,.F.);
#9014 = PLANE('',#9015);
#9015 = AXIS2_PLACEMENT_3D('',#9016,#9017,#9018);
#9016 = CARTESIAN_POINT('',(36.140224932154,-18.595,7.154299064817));
#9017 = DIRECTION('',(-0.899850045231,-9.9E-16,0.436199376545));
#9018 = DIRECTION('',(0.436199376545,2.3E-16,0.899850045231));
#9019 = ADVANCED_FACE('',(#9020),#9031,.T.);
#9020 = FACE_BOUND('',#9021,.T.);
#9021 = EDGE_LOOP('',(#9022,#9023,#9024,#9030));
#9022 = ORIENTED_EDGE('',*,*,#9008,.T.);
#9023 = ORIENTED_EDGE('',*,*,#8649,.T.);
#9024 = ORIENTED_EDGE('',*,*,#9025,.F.);
#9025 = EDGE_CURVE('',#8733,#8642,#9026,.T.);
#9026 = LINE('',#9027,#9028);
#9027 = CARTESIAN_POINT('',(37.48,-18.595,8.771900311728));
#9028 = VECTOR('',#9029,1.);
#9029 = DIRECTION('',(9.9E-16,-1.,-2.2E-16));
#9030 = ORIENTED_EDGE('',*,*,#8732,.F.);
#9031 = PLANE('',#9032);
#9032 = AXIS2_PLACEMENT_3D('',#9033,#9034,#9035);
#9033 = CARTESIAN_POINT('',(37.030074977385,-18.595,8.99));
#9034 = DIRECTION('',(0.436199376545,2.3E-16,0.899850045231));
#9035 = DIRECTION('',(0.899850045231,9.9E-16,-0.436199376545));
#9036 = ADVANCED_FACE('',(#9037),#9048,.T.);
#9037 = FACE_BOUND('',#9038,.T.);
#9038 = EDGE_LOOP('',(#9039,#9040,#9041,#9047));
#9039 = ORIENTED_EDGE('',*,*,#9025,.T.);
#9040 = ORIENTED_EDGE('',*,*,#8641,.T.);
#9041 = ORIENTED_EDGE('',*,*,#9042,.F.);
#9042 = EDGE_CURVE('',#8741,#8633,#9043,.T.);
#9043 = LINE('',#9044,#9045);
#9044 = CARTESIAN_POINT('',(36.590149954769,-18.595,6.936199376545));
#9045 = VECTOR('',#9046,1.);
#9046 = DIRECTION('',(9.9E-16,-1.,-2.2E-16));
#9047 = ORIENTED_EDGE('',*,*,#8740,.F.);
#9048 = PLANE('',#9049);
#9049 = AXIS2_PLACEMENT_3D('',#9050,#9051,#9052);
#9050 = CARTESIAN_POINT('',(37.48,-18.595,8.771900311728));
#9051 = DIRECTION('',(0.899850045231,9.9E-16,-0.436199376545));
#9052 = DIRECTION('',(-0.436199376545,-2.3E-16,-0.899850045231));
#9053 = ADVANCED_FACE('',(#9054),#9065,.F.);
#9054 = FACE_BOUND('',#9055,.F.);
#9055 = EDGE_LOOP('',(#9056,#9062,#9063,#9064));
#9056 = ORIENTED_EDGE('',*,*,#9057,.T.);
#9057 = EDGE_CURVE('',#8709,#8625,#9058,.T.);
#9058 = LINE('',#9059,#9060);
#9059 = CARTESIAN_POINT('',(36.49,-18.595,6.5));
#9060 = VECTOR('',#9061,1.);
#9061 = DIRECTION('',(9.9E-16,-1.,-2.2E-16));
#9062 = ORIENTED_EDGE('',*,*,#8632,.T.);
#9063 = ORIENTED_EDGE('',*,*,#9042,.F.);
#9064 = ORIENTED_EDGE('',*,*,#8748,.F.);
#9065 = CYLINDRICAL_SURFACE('',#9066,1.);
#9066 = AXIS2_PLACEMENT_3D('',#9067,#9068,#9069);
#9067 = CARTESIAN_POINT('',(37.49,-18.595,6.5));
#9068 = DIRECTION('',(-9.9E-16,1.,2.2E-16));
#9069 = DIRECTION('',(1.,9.9E-16,0.));
#9070 = ADVANCED_FACE('',(#9071),#9077,.F.);
#9071 = FACE_BOUND('',#9072,.F.);
#9072 = EDGE_LOOP('',(#9073,#9074,#9075,#9076));
#9073 = ORIENTED_EDGE('',*,*,#8848,.F.);
#9074 = ORIENTED_EDGE('',*,*,#8624,.T.);
#9075 = ORIENTED_EDGE('',*,*,#9057,.F.);
#9076 = ORIENTED_EDGE('',*,*,#8706,.F.);
#9077 = PLANE('',#9078);
#9078 = AXIS2_PLACEMENT_3D('',#9079,#9080,#9081);
#9079 = CARTESIAN_POINT('',(36.49,-18.595,6.25));
#9080 = DIRECTION('',(-1.,-9.9E-16,-6.22E-15));
#9081 = DIRECTION('',(-6.22E-15,-2.2E-16,1.));
#9082 = ADVANCED_FACE('',(#9083),#9102,.F.);
#9083 = FACE_BOUND('',#9084,.F.);
#9084 = EDGE_LOOP('',(#9085,#9093,#9100,#9101));
#9085 = ORIENTED_EDGE('',*,*,#9086,.T.);
#9086 = EDGE_CURVE('',#8944,#9087,#9089,.T.);
#9087 = VERTEX_POINT('',#9088);
#9088 = CARTESIAN_POINT('',(30.99,-19.345,11.));
#9089 = LINE('',#9090,#9091);
#9090 = CARTESIAN_POINT('',(30.89,-19.345,11.));
#9091 = VECTOR('',#9092,1.);
#9092 = DIRECTION('',(1.,0.,2.2E-16));
#9093 = ORIENTED_EDGE('',*,*,#9094,.T.);
#9094 = EDGE_CURVE('',#9087,#9087,#9095,.T.);
#9095 = CIRCLE('',#9096,0.5);
#9096 = AXIS2_PLACEMENT_3D('',#9097,#9098,#9099);
#9097 = CARTESIAN_POINT('',(30.99,-19.345,11.5));
#9098 = DIRECTION('',(-1.,2.2E-16,-2.2E-16));
#9099 = DIRECTION('',(2.2E-16,2.2E-16,-1.));
#9100 = ORIENTED_EDGE('',*,*,#9086,.F.);
#9101 = ORIENTED_EDGE('',*,*,#8943,.F.);
#9102 = CYLINDRICAL_SURFACE('',#9103,0.5);
#9103 = AXIS2_PLACEMENT_3D('',#9104,#9105,#9106);
#9104 = CARTESIAN_POINT('',(30.89,-19.345,11.5));
#9105 = DIRECTION('',(-1.,0.,-2.2E-16));
#9106 = DIRECTION('',(2.2E-16,2.2E-16,-1.));
#9107 = ADVANCED_FACE('',(#9108),#9111,.T.);
#9108 = FACE_BOUND('',#9109,.T.);
#9109 = EDGE_LOOP('',(#9110));
#9110 = ORIENTED_EDGE('',*,*,#9094,.T.);
#9111 = PLANE('',#9112);
#9112 = AXIS2_PLACEMENT_3D('',#9113,#9114,#9115);
#9113 = CARTESIAN_POINT('',(30.99,-19.345,11.5));
#9114 = DIRECTION('',(-1.,0.,0.));
#9115 = DIRECTION('',(0.,2.2E-16,-1.));
#9116 = ( GEOMETRIC_REPRESENTATION_CONTEXT(3) 
GLOBAL_UNCERTAINTY_ASSIGNED_CONTEXT((#9120)) 
GLOBAL_UNIT_ASSIGNED_CONTEXT((#9117,#9118,#9119)) REPRESENTATION_CONTEXT
('Context #1','3D Context with UNIT and UNCERTAINTY') );
#9117 = ( LENGTH_UNIT() NAMED_UNIT(*) SI_UNIT(.MILLI.,.METRE.) );
#9118 = ( NAMED_UNIT(*) PLANE_ANGLE_UNIT() SI_UNIT($,.RADIAN.) );
#9119 = ( NAMED_UNIT(*) SI_UNIT($,.STERADIAN.) SOLID_ANGLE_UNIT() );
#9120 = UNCERTAINTY_MEASURE_WITH_UNIT(LENGTH_MEASURE(1.E-05),#9117,
  'distance_accuracy_value','confusion accuracy');
#9121 = SHAPE_REPRESENTATION_RELATIONSHIP('','',#9122,#8012);
#9122 = ADVANCED_BREP_SHAPE_REPRESENTATION('',(#11,#9123),#10207);
#9123 = MANIFOLD_SOLID_BREP('',#9124);
#9124 = CLOSED_SHELL('',(#9125,#9279,#9310,#9334,#9358,#9382,#9474,#9498
    ,#9523,#9547,#9638,#9655,#9686,#9710,#9768,#9793,#9850,#9874,#9898,
    #9915,#9951,#9968,#9985,#10002,#10019,#10047,#10064,#10081,#10093,
    #10110,#10127,#10144,#10161,#10173,#10198));
#9125 = ADVANCED_FACE('',(#9126,#9208),#9274,.F.);
#9126 = FACE_BOUND('',#9127,.F.);
#9127 = EDGE_LOOP('',(#9128,#9138,#9146,#9154,#9162,#9170,#9178,#9186,
    #9194,#9202));
#9128 = ORIENTED_EDGE('',*,*,#9129,.F.);
#9129 = EDGE_CURVE('',#9130,#9132,#9134,.T.);
#9130 = VERTEX_POINT('',#9131);
#9131 = CARTESIAN_POINT('',(35.99,0.705,2.5));
#9132 = VERTEX_POINT('',#9133);
#9133 = CARTESIAN_POINT('',(35.99,0.705,-2.7));
#9134 = LINE('',#9135,#9136);
#9135 = CARTESIAN_POINT('',(35.99,0.705,10.));
#9136 = VECTOR('',#9137,1.);
#9137 = DIRECTION('',(0.,2.2E-16,-1.));
#9138 = ORIENTED_EDGE('',*,*,#9139,.F.);
#9139 = EDGE_CURVE('',#9140,#9130,#9142,.T.);
#9140 = VERTEX_POINT('',#9141);
#9141 = CARTESIAN_POINT('',(35.99,2.955,2.5));
#9142 = LINE('',#9143,#9144);
#9143 = CARTESIAN_POINT('',(35.99,2.955,2.5));
#9144 = VECTOR('',#9145,1.);
#9145 = DIRECTION('',(0.,-1.,-2.2E-16));
#9146 = ORIENTED_EDGE('',*,*,#9147,.F.);
#9147 = EDGE_CURVE('',#9148,#9140,#9150,.T.);
#9148 = VERTEX_POINT('',#9149);
#9149 = CARTESIAN_POINT('',(35.99,2.955,17.5));
#9150 = LINE('',#9151,#9152);
#9151 = CARTESIAN_POINT('',(35.99,2.955,17.5));
#9152 = VECTOR('',#9153,1.);
#9153 = DIRECTION('',(0.,2.2E-16,-1.));
#9154 = ORIENTED_EDGE('',*,*,#9155,.T.);
#9155 = EDGE_CURVE('',#9148,#9156,#9158,.T.);
#9156 = VERTEX_POINT('',#9157);
#9157 = CARTESIAN_POINT('',(35.99,-3.045,17.5));
#9158 = LINE('',#9159,#9160);
#9159 = CARTESIAN_POINT('',(35.99,2.955,17.5));
#9160 = VECTOR('',#9161,1.);
#9161 = DIRECTION('',(0.,-1.,-2.2E-16));
#9162 = ORIENTED_EDGE('',*,*,#9163,.T.);
#9163 = EDGE_CURVE('',#9156,#9164,#9166,.T.);
#9164 = VERTEX_POINT('',#9165);
#9165 = CARTESIAN_POINT('',(35.99,-3.045,2.5));
#9166 = LINE('',#9167,#9168);
#9167 = CARTESIAN_POINT('',(35.99,-3.045,17.5));
#9168 = VECTOR('',#9169,1.);
#9169 = DIRECTION('',(0.,2.2E-16,-1.));
#9170 = ORIENTED_EDGE('',*,*,#9171,.T.);
#9171 = EDGE_CURVE('',#9164,#9172,#9174,.T.);
#9172 = VERTEX_POINT('',#9173);
#9173 = CARTESIAN_POINT('',(35.99,-0.795,2.5));
#9174 = LINE('',#9175,#9176);
#9175 = CARTESIAN_POINT('',(35.99,-4.5E-02,2.5));
#9176 = VECTOR('',#9177,1.);
#9177 = DIRECTION('',(0.,1.,2.2E-16));
#9178 = ORIENTED_EDGE('',*,*,#9179,.T.);
#9179 = EDGE_CURVE('',#9172,#9180,#9182,.T.);
#9180 = VERTEX_POINT('',#9181);
#9181 = CARTESIAN_POINT('',(35.99,-0.795,-2.7));
#9182 = LINE('',#9183,#9184);
#9183 = CARTESIAN_POINT('',(35.99,-0.795,10.));
#9184 = VECTOR('',#9185,1.);
#9185 = DIRECTION('',(0.,2.2E-16,-1.));
#9186 = ORIENTED_EDGE('',*,*,#9187,.F.);
#9187 = EDGE_CURVE('',#9188,#9180,#9190,.T.);
#9188 = VERTEX_POINT('',#9189);
#9189 = CARTESIAN_POINT('',(35.99,-0.295,-3.2));
#9190 = LINE('',#9191,#9192);
#9191 = CARTESIAN_POINT('',(35.99,-4.7825,1.2875));
#9192 = VECTOR('',#9193,1.);
#9193 = DIRECTION('',(0.,-0.707106781187,0.707106781187));
#9194 = ORIENTED_EDGE('',*,*,#9195,.F.);
#9195 = EDGE_CURVE('',#9196,#9188,#9198,.T.);
#9196 = VERTEX_POINT('',#9197);
#9197 = CARTESIAN_POINT('',(35.99,0.205,-3.2));
#9198 = LINE('',#9199,#9200);
#9199 = CARTESIAN_POINT('',(35.99,2.955,-3.2));
#9200 = VECTOR('',#9201,1.);
#9201 = DIRECTION('',(0.,-1.,-2.2E-16));
#9202 = ORIENTED_EDGE('',*,*,#9203,.F.);
#9203 = EDGE_CURVE('',#9132,#9196,#9204,.T.);
#9204 = LINE('',#9205,#9206);
#9205 = CARTESIAN_POINT('',(35.99,6.1925,2.7875));
#9206 = VECTOR('',#9207,1.);
#9207 = DIRECTION('',(0.,-0.707106781187,-0.707106781187));
#9208 = FACE_BOUND('',#9209,.F.);
#9209 = EDGE_LOOP('',(#9210,#9220,#9228,#9236,#9244,#9252,#9260,#9268));
#9210 = ORIENTED_EDGE('',*,*,#9211,.F.);
#9211 = EDGE_CURVE('',#9212,#9214,#9216,.T.);
#9212 = VERTEX_POINT('',#9213);
#9213 = CARTESIAN_POINT('',(35.99,-0.82,9.25));
#9214 = VERTEX_POINT('',#9215);
#9215 = CARTESIAN_POINT('',(35.99,-0.82,6.25));
#9216 = LINE('',#9217,#9218);
#9217 = CARTESIAN_POINT('',(35.99,-0.82,9.25));
#9218 = VECTOR('',#9219,1.);
#9219 = DIRECTION('',(-2.2E-16,2.2E-16,-1.));
#9220 = ORIENTED_EDGE('',*,*,#9221,.T.);
#9221 = EDGE_CURVE('',#9212,#9222,#9224,.T.);
#9222 = VERTEX_POINT('',#9223);
#9223 = CARTESIAN_POINT('',(35.99,0.73,9.25));
#9224 = LINE('',#9225,#9226);
#9225 = CARTESIAN_POINT('',(35.99,-0.82,9.25));
#9226 = VECTOR('',#9227,1.);
#9227 = DIRECTION('',(-2.2E-16,1.,2.2E-16));
#9228 = ORIENTED_EDGE('',*,*,#9229,.T.);
#9229 = EDGE_CURVE('',#9222,#9230,#9232,.T.);
#9230 = VERTEX_POINT('',#9231);
#9231 = CARTESIAN_POINT('',(35.99,0.73,6.25));
#9232 = LINE('',#9233,#9234);
#9233 = CARTESIAN_POINT('',(35.99,0.73,9.25));
#9234 = VECTOR('',#9235,1.);
#9235 = DIRECTION('',(-2.2E-16,2.2E-16,-1.));
#9236 = ORIENTED_EDGE('',*,*,#9237,.T.);
#9237 = EDGE_CURVE('',#9230,#9238,#9240,.T.);
#9238 = VERTEX_POINT('',#9239);
#9239 = CARTESIAN_POINT('',(35.99,0.705,6.25));
#9240 = LINE('',#9241,#9242);
#9241 = CARTESIAN_POINT('',(35.99,0.73,6.25));
#9242 = VECTOR('',#9243,1.);
#9243 = DIRECTION('',(2.2E-16,-1.,-2.2E-16));
#9244 = ORIENTED_EDGE('',*,*,#9245,.T.);
#9245 = EDGE_CURVE('',#9238,#9246,#9248,.T.);
#9246 = VERTEX_POINT('',#9247);
#9247 = CARTESIAN_POINT('',(35.99,0.705,6.5));
#9248 = LINE('',#9249,#9250);
#9249 = CARTESIAN_POINT('',(35.99,0.705,6.25));
#9250 = VECTOR('',#9251,1.);
#9251 = DIRECTION('',(2.2E-16,-2.2E-16,1.));
#9252 = ORIENTED_EDGE('',*,*,#9253,.T.);
#9253 = EDGE_CURVE('',#9246,#9254,#9256,.T.);
#9254 = VERTEX_POINT('',#9255);
#9255 = CARTESIAN_POINT('',(35.99,-0.795,6.5));
#9256 = LINE('',#9257,#9258);
#9257 = CARTESIAN_POINT('',(35.99,0.705,6.5));
#9258 = VECTOR('',#9259,1.);
#9259 = DIRECTION('',(9.9E-16,-1.,-2.2E-16));
#9260 = ORIENTED_EDGE('',*,*,#9261,.F.);
#9261 = EDGE_CURVE('',#9262,#9254,#9264,.T.);
#9262 = VERTEX_POINT('',#9263);
#9263 = CARTESIAN_POINT('',(35.99,-0.795,6.25));
#9264 = LINE('',#9265,#9266);
#9265 = CARTESIAN_POINT('',(35.99,-0.795,6.25));
#9266 = VECTOR('',#9267,1.);
#9267 = DIRECTION('',(2.2E-16,-2.2E-16,1.));
#9268 = ORIENTED_EDGE('',*,*,#9269,.F.);
#9269 = EDGE_CURVE('',#9214,#9262,#9270,.T.);
#9270 = LINE('',#9271,#9272);
#9271 = CARTESIAN_POINT('',(35.99,-0.82,6.25));
#9272 = VECTOR('',#9273,1.);
#9273 = DIRECTION('',(-2.2E-16,1.,2.2E-16));
#9274 = PLANE('',#9275);
#9275 = AXIS2_PLACEMENT_3D('',#9276,#9277,#9278);
#9276 = CARTESIAN_POINT('',(35.99,2.955,17.5));
#9277 = DIRECTION('',(1.,0.,0.));
#9278 = DIRECTION('',(0.,2.2E-16,-1.));
#9279 = ADVANCED_FACE('',(#9280),#9305,.F.);
#9280 = FACE_BOUND('',#9281,.F.);
#9281 = EDGE_LOOP('',(#9282,#9292,#9298,#9299));
#9282 = ORIENTED_EDGE('',*,*,#9283,.F.);
#9283 = EDGE_CURVE('',#9284,#9286,#9288,.T.);
#9284 = VERTEX_POINT('',#9285);
#9285 = CARTESIAN_POINT('',(36.49,0.705,2.5));
#9286 = VERTEX_POINT('',#9287);
#9287 = CARTESIAN_POINT('',(36.49,0.705,-2.7));
#9288 = LINE('',#9289,#9290);
#9289 = CARTESIAN_POINT('',(36.49,0.705,2.5));
#9290 = VECTOR('',#9291,1.);
#9291 = DIRECTION('',(-2.2E-16,2.2E-16,-1.));
#9292 = ORIENTED_EDGE('',*,*,#9293,.T.);
#9293 = EDGE_CURVE('',#9284,#9130,#9294,.T.);
#9294 = LINE('',#9295,#9296);
#9295 = CARTESIAN_POINT('',(36.49,0.705,2.5));
#9296 = VECTOR('',#9297,1.);
#9297 = DIRECTION('',(-1.,0.,2.2E-16));
#9298 = ORIENTED_EDGE('',*,*,#9129,.T.);
#9299 = ORIENTED_EDGE('',*,*,#9300,.F.);
#9300 = EDGE_CURVE('',#9286,#9132,#9301,.T.);
#9301 = LINE('',#9302,#9303);
#9302 = CARTESIAN_POINT('',(36.49,0.705,-2.7));
#9303 = VECTOR('',#9304,1.);
#9304 = DIRECTION('',(-1.,0.,2.2E-16));
#9305 = PLANE('',#9306);
#9306 = AXIS2_PLACEMENT_3D('',#9307,#9308,#9309);
#9307 = CARTESIAN_POINT('',(36.49,0.705,2.5));
#9308 = DIRECTION('',(-0.,-1.,-2.2E-16));
#9309 = DIRECTION('',(-2.2E-16,2.2E-16,-1.));
#9310 = ADVANCED_FACE('',(#9311),#9329,.T.);
#9311 = FACE_BOUND('',#9312,.F.);
#9312 = EDGE_LOOP('',(#9313,#9321,#9322,#9323));
#9313 = ORIENTED_EDGE('',*,*,#9314,.F.);
#9314 = EDGE_CURVE('',#9286,#9315,#9317,.T.);
#9315 = VERTEX_POINT('',#9316);
#9316 = CARTESIAN_POINT('',(36.49,0.205,-3.2));
#9317 = LINE('',#9318,#9319);
#9318 = CARTESIAN_POINT('',(36.49,1.0175,-2.3875));
#9319 = VECTOR('',#9320,1.);
#9320 = DIRECTION('',(0.,-0.707106781187,-0.707106781187));
#9321 = ORIENTED_EDGE('',*,*,#9300,.T.);
#9322 = ORIENTED_EDGE('',*,*,#9203,.T.);
#9323 = ORIENTED_EDGE('',*,*,#9324,.F.);
#9324 = EDGE_CURVE('',#9315,#9196,#9325,.T.);
#9325 = LINE('',#9326,#9327);
#9326 = CARTESIAN_POINT('',(36.49,0.205,-3.2));
#9327 = VECTOR('',#9328,1.);
#9328 = DIRECTION('',(-1.,0.,2.2E-16));
#9329 = PLANE('',#9330);
#9330 = AXIS2_PLACEMENT_3D('',#9331,#9332,#9333);
#9331 = CARTESIAN_POINT('',(36.49,0.455,-2.95));
#9332 = DIRECTION('',(0.,0.707106781187,-0.707106781187));
#9333 = DIRECTION('',(1.,-1.1E-16,-1.1E-16));
#9334 = ADVANCED_FACE('',(#9335),#9353,.F.);
#9335 = FACE_BOUND('',#9336,.F.);
#9336 = EDGE_LOOP('',(#9337,#9345,#9351,#9352));
#9337 = ORIENTED_EDGE('',*,*,#9338,.F.);
#9338 = EDGE_CURVE('',#9339,#9284,#9341,.T.);
#9339 = VERTEX_POINT('',#9340);
#9340 = CARTESIAN_POINT('',(36.49,2.955,2.5));
#9341 = LINE('',#9342,#9343);
#9342 = CARTESIAN_POINT('',(36.49,2.955,2.5));
#9343 = VECTOR('',#9344,1.);
#9344 = DIRECTION('',(2.2E-16,-1.,-2.2E-16));
#9345 = ORIENTED_EDGE('',*,*,#9346,.T.);
#9346 = EDGE_CURVE('',#9339,#9140,#9347,.T.);
#9347 = LINE('',#9348,#9349);
#9348 = CARTESIAN_POINT('',(36.49,2.955,2.5));
#9349 = VECTOR('',#9350,1.);
#9350 = DIRECTION('',(-1.,0.,2.2E-16));
#9351 = ORIENTED_EDGE('',*,*,#9139,.T.);
#9352 = ORIENTED_EDGE('',*,*,#9293,.F.);
#9353 = PLANE('',#9354);
#9354 = AXIS2_PLACEMENT_3D('',#9355,#9356,#9357);
#9355 = CARTESIAN_POINT('',(36.49,2.955,2.5));
#9356 = DIRECTION('',(2.2E-16,-2.2E-16,1.));
#9357 = DIRECTION('',(0.,-1.,-2.2E-16));
#9358 = ADVANCED_FACE('',(#9359),#9377,.F.);
#9359 = FACE_BOUND('',#9360,.F.);
#9360 = EDGE_LOOP('',(#9361,#9369,#9370,#9371));
#9361 = ORIENTED_EDGE('',*,*,#9362,.F.);
#9362 = EDGE_CURVE('',#9315,#9363,#9365,.T.);
#9363 = VERTEX_POINT('',#9364);
#9364 = CARTESIAN_POINT('',(36.49,-0.295,-3.2));
#9365 = LINE('',#9366,#9367);
#9366 = CARTESIAN_POINT('',(36.49,2.955,-3.2));
#9367 = VECTOR('',#9368,1.);
#9368 = DIRECTION('',(0.,-1.,-2.2E-16));
#9369 = ORIENTED_EDGE('',*,*,#9324,.T.);
#9370 = ORIENTED_EDGE('',*,*,#9195,.T.);
#9371 = ORIENTED_EDGE('',*,*,#9372,.F.);
#9372 = EDGE_CURVE('',#9363,#9188,#9373,.T.);
#9373 = LINE('',#9374,#9375);
#9374 = CARTESIAN_POINT('',(36.49,-0.295,-3.2));
#9375 = VECTOR('',#9376,1.);
#9376 = DIRECTION('',(-1.,0.,2.2E-16));
#9377 = PLANE('',#9378);
#9378 = AXIS2_PLACEMENT_3D('',#9379,#9380,#9381);
#9379 = CARTESIAN_POINT('',(35.99,2.955,-3.2));
#9380 = DIRECTION('',(0.,-2.2E-16,1.));
#9381 = DIRECTION('',(1.,0.,0.));
#9382 = ADVANCED_FACE('',(#9383),#9469,.F.);
#9383 = FACE_BOUND('',#9384,.F.);
#9384 = EDGE_LOOP('',(#9385,#9394,#9395,#9396,#9404,#9413,#9421,#9430,
    #9438,#9446,#9454,#9463));
#9385 = ORIENTED_EDGE('',*,*,#9386,.F.);
#9386 = EDGE_CURVE('',#9148,#9387,#9389,.T.);
#9387 = VERTEX_POINT('',#9388);
#9388 = CARTESIAN_POINT('',(35.084232829274,2.955,17.792152362923));
#9389 = CIRCLE('',#9390,0.5);
#9390 = AXIS2_PLACEMENT_3D('',#9391,#9392,#9393);
#9391 = CARTESIAN_POINT('',(35.49,2.955,17.5));
#9392 = DIRECTION('',(0.,-1.,-2.2E-16));
#9393 = DIRECTION('',(1.,0.,0.));
#9394 = ORIENTED_EDGE('',*,*,#9147,.T.);
#9395 = ORIENTED_EDGE('',*,*,#9346,.F.);
#9396 = ORIENTED_EDGE('',*,*,#9397,.T.);
#9397 = EDGE_CURVE('',#9339,#9398,#9400,.T.);
#9398 = VERTEX_POINT('',#9399);
#9399 = CARTESIAN_POINT('',(36.49,2.955,17.5));
#9400 = LINE('',#9401,#9402);
#9401 = CARTESIAN_POINT('',(36.49,2.955,-3.2));
#9402 = VECTOR('',#9403,1.);
#9403 = DIRECTION('',(0.,-2.2E-16,1.));
#9404 = ORIENTED_EDGE('',*,*,#9405,.T.);
#9405 = EDGE_CURVE('',#9398,#9406,#9408,.T.);
#9406 = VERTEX_POINT('',#9407);
#9407 = CARTESIAN_POINT('',(34.678465658549,2.955,18.084304725845));
#9408 = CIRCLE('',#9409,1.);
#9409 = AXIS2_PLACEMENT_3D('',#9410,#9411,#9412);
#9410 = CARTESIAN_POINT('',(35.49,2.955,17.5));
#9411 = DIRECTION('',(0.,-1.,-2.2E-16));
#9412 = DIRECTION('',(1.,0.,0.));
#9413 = ORIENTED_EDGE('',*,*,#9414,.F.);
#9414 = EDGE_CURVE('',#9415,#9406,#9417,.T.);
#9415 = VERTEX_POINT('',#9416);
#9416 = CARTESIAN_POINT('',(31.078465658549,2.955,13.084304725845));
#9417 = LINE('',#9418,#9419);
#9418 = CARTESIAN_POINT('',(31.078465658549,2.955,13.084304725845));
#9419 = VECTOR('',#9420,1.);
#9420 = DIRECTION('',(0.584304725845,-1.8E-16,0.811534341451));
#9421 = ORIENTED_EDGE('',*,*,#9422,.T.);
#9422 = EDGE_CURVE('',#9415,#9423,#9425,.T.);
#9423 = VERTEX_POINT('',#9424);
#9424 = CARTESIAN_POINT('',(30.89,2.955,12.5));
#9425 = CIRCLE('',#9426,1.);
#9426 = AXIS2_PLACEMENT_3D('',#9427,#9428,#9429);
#9427 = CARTESIAN_POINT('',(31.89,2.955,12.5));
#9428 = DIRECTION('',(0.,-1.,-2.2E-16));
#9429 = DIRECTION('',(1.,0.,0.));
#9430 = ORIENTED_EDGE('',*,*,#9431,.F.);
#9431 = EDGE_CURVE('',#9432,#9423,#9434,.T.);
#9432 = VERTEX_POINT('',#9433);
#9433 = CARTESIAN_POINT('',(30.89,2.955,7.5));
#9434 = LINE('',#9435,#9436);
#9435 = CARTESIAN_POINT('',(30.89,2.955,7.5));
#9436 = VECTOR('',#9437,1.);
#9437 = DIRECTION('',(0.,-2.2E-16,1.));
#9438 = ORIENTED_EDGE('',*,*,#9439,.F.);
#9439 = EDGE_CURVE('',#9440,#9432,#9442,.T.);
#9440 = VERTEX_POINT('',#9441);
#9441 = CARTESIAN_POINT('',(31.39,2.955,7.5));
#9442 = LINE('',#9443,#9444);
#9443 = CARTESIAN_POINT('',(31.39,2.955,7.5));
#9444 = VECTOR('',#9445,1.);
#9445 = DIRECTION('',(-1.,0.,0.));
#9446 = ORIENTED_EDGE('',*,*,#9447,.F.);
#9447 = EDGE_CURVE('',#9448,#9440,#9450,.T.);
#9448 = VERTEX_POINT('',#9449);
#9449 = CARTESIAN_POINT('',(31.39,2.955,12.5));
#9450 = LINE('',#9451,#9452);
#9451 = CARTESIAN_POINT('',(31.39,2.955,12.5));
#9452 = VECTOR('',#9453,1.);
#9453 = DIRECTION('',(0.,2.2E-16,-1.));
#9454 = ORIENTED_EDGE('',*,*,#9455,.F.);
#9455 = EDGE_CURVE('',#9456,#9448,#9458,.T.);
#9456 = VERTEX_POINT('',#9457);
#9457 = CARTESIAN_POINT('',(31.484232829274,2.955,12.792152362923));
#9458 = CIRCLE('',#9459,0.5);
#9459 = AXIS2_PLACEMENT_3D('',#9460,#9461,#9462);
#9460 = CARTESIAN_POINT('',(31.89,2.955,12.5));
#9461 = DIRECTION('',(0.,-1.,-2.2E-16));
#9462 = DIRECTION('',(1.,0.,0.));
#9463 = ORIENTED_EDGE('',*,*,#9464,.F.);
#9464 = EDGE_CURVE('',#9387,#9456,#9465,.T.);
#9465 = LINE('',#9466,#9467);
#9466 = CARTESIAN_POINT('',(35.084232829274,2.955,17.792152362923));
#9467 = VECTOR('',#9468,1.);
#9468 = DIRECTION('',(-0.584304725845,1.8E-16,-0.811534341451));
#9469 = PLANE('',#9470);
#9470 = AXIS2_PLACEMENT_3D('',#9471,#9472,#9473);
#9471 = CARTESIAN_POINT('',(34.806920296986,2.955,9.614973312943));
#9472 = DIRECTION('',(0.,-1.,-4.4E-16));
#9473 = DIRECTION('',(0.,4.4E-16,-1.));
#9474 = ADVANCED_FACE('',(#9475),#9493,.F.);
#9475 = FACE_BOUND('',#9476,.F.);
#9476 = EDGE_LOOP('',(#9477,#9485,#9486,#9487));
#9477 = ORIENTED_EDGE('',*,*,#9478,.F.);
#9478 = EDGE_CURVE('',#9363,#9479,#9481,.T.);
#9479 = VERTEX_POINT('',#9480);
#9480 = CARTESIAN_POINT('',(36.49,-0.795,-2.7));
#9481 = LINE('',#9482,#9483);
#9482 = CARTESIAN_POINT('',(36.49,0.3925,-3.8875));
#9483 = VECTOR('',#9484,1.);
#9484 = DIRECTION('',(0.,-0.707106781187,0.707106781187));
#9485 = ORIENTED_EDGE('',*,*,#9372,.T.);
#9486 = ORIENTED_EDGE('',*,*,#9187,.T.);
#9487 = ORIENTED_EDGE('',*,*,#9488,.F.);
#9488 = EDGE_CURVE('',#9479,#9180,#9489,.T.);
#9489 = LINE('',#9490,#9491);
#9490 = CARTESIAN_POINT('',(36.49,-0.795,-2.7));
#9491 = VECTOR('',#9492,1.);
#9492 = DIRECTION('',(-1.,0.,2.2E-16));
#9493 = PLANE('',#9494);
#9494 = AXIS2_PLACEMENT_3D('',#9495,#9496,#9497);
#9495 = CARTESIAN_POINT('',(36.49,-0.545,-2.95));
#9496 = DIRECTION('',(0.,0.707106781187,0.707106781187));
#9497 = DIRECTION('',(-1.,-1.1E-16,1.1E-16));
#9498 = ADVANCED_FACE('',(#9499),#9518,.F.);
#9499 = FACE_BOUND('',#9500,.T.);
#9500 = EDGE_LOOP('',(#9501,#9502,#9511,#9517));
#9501 = ORIENTED_EDGE('',*,*,#9155,.T.);
#9502 = ORIENTED_EDGE('',*,*,#9503,.T.);
#9503 = EDGE_CURVE('',#9156,#9504,#9506,.T.);
#9504 = VERTEX_POINT('',#9505);
#9505 = CARTESIAN_POINT('',(35.084232829274,-3.045,17.792152362923));
#9506 = CIRCLE('',#9507,0.5);
#9507 = AXIS2_PLACEMENT_3D('',#9508,#9509,#9510);
#9508 = CARTESIAN_POINT('',(35.49,-3.045,17.5));
#9509 = DIRECTION('',(0.,-1.,-2.2E-16));
#9510 = DIRECTION('',(1.,0.,0.));
#9511 = ORIENTED_EDGE('',*,*,#9512,.F.);
#9512 = EDGE_CURVE('',#9387,#9504,#9513,.T.);
#9513 = LINE('',#9514,#9515);
#9514 = CARTESIAN_POINT('',(35.084232829274,2.955,17.792152362923));
#9515 = VECTOR('',#9516,1.);
#9516 = DIRECTION('',(0.,-1.,-2.2E-16));
#9517 = ORIENTED_EDGE('',*,*,#9386,.F.);
#9518 = CYLINDRICAL_SURFACE('',#9519,0.5);
#9519 = AXIS2_PLACEMENT_3D('',#9520,#9521,#9522);
#9520 = CARTESIAN_POINT('',(35.49,2.955,17.5));
#9521 = DIRECTION('',(0.,1.,2.2E-16));
#9522 = DIRECTION('',(1.,0.,0.));
#9523 = ADVANCED_FACE('',(#9524),#9542,.T.);
#9524 = FACE_BOUND('',#9525,.T.);
#9525 = EDGE_LOOP('',(#9526,#9534,#9540,#9541));
#9526 = ORIENTED_EDGE('',*,*,#9527,.F.);
#9527 = EDGE_CURVE('',#9528,#9479,#9530,.T.);
#9528 = VERTEX_POINT('',#9529);
#9529 = CARTESIAN_POINT('',(36.49,-0.795,2.5));
#9530 = LINE('',#9531,#9532);
#9531 = CARTESIAN_POINT('',(36.49,-0.795,2.5));
#9532 = VECTOR('',#9533,1.);
#9533 = DIRECTION('',(-2.2E-16,2.2E-16,-1.));
#9534 = ORIENTED_EDGE('',*,*,#9535,.T.);
#9535 = EDGE_CURVE('',#9528,#9172,#9536,.T.);
#9536 = LINE('',#9537,#9538);
#9537 = CARTESIAN_POINT('',(36.49,-0.795,2.5));
#9538 = VECTOR('',#9539,1.);
#9539 = DIRECTION('',(-1.,0.,2.2E-16));
#9540 = ORIENTED_EDGE('',*,*,#9179,.T.);
#9541 = ORIENTED_EDGE('',*,*,#9488,.F.);
#9542 = PLANE('',#9543);
#9543 = AXIS2_PLACEMENT_3D('',#9544,#9545,#9546);
#9544 = CARTESIAN_POINT('',(36.49,-0.795,2.5));
#9545 = DIRECTION('',(-0.,-1.,-2.2E-16));
#9546 = DIRECTION('',(-2.2E-16,2.2E-16,-1.));
#9547 = ADVANCED_FACE('',(#9548),#9633,.T.);
#9548 = FACE_BOUND('',#9549,.T.);
#9549 = EDGE_LOOP('',(#9550,#9551,#9552,#9560,#9568,#9577,#9585,#9594,
    #9602,#9610,#9618,#9627));
#9550 = ORIENTED_EDGE('',*,*,#9503,.F.);
#9551 = ORIENTED_EDGE('',*,*,#9163,.T.);
#9552 = ORIENTED_EDGE('',*,*,#9553,.F.);
#9553 = EDGE_CURVE('',#9554,#9164,#9556,.T.);
#9554 = VERTEX_POINT('',#9555);
#9555 = CARTESIAN_POINT('',(36.49,-3.045,2.5));
#9556 = LINE('',#9557,#9558);
#9557 = CARTESIAN_POINT('',(36.49,-3.045,2.5));
#9558 = VECTOR('',#9559,1.);
#9559 = DIRECTION('',(-1.,0.,2.2E-16));
#9560 = ORIENTED_EDGE('',*,*,#9561,.T.);
#9561 = EDGE_CURVE('',#9554,#9562,#9564,.T.);
#9562 = VERTEX_POINT('',#9563);
#9563 = CARTESIAN_POINT('',(36.49,-3.045,17.5));
#9564 = LINE('',#9565,#9566);
#9565 = CARTESIAN_POINT('',(36.49,-3.045,-3.2));
#9566 = VECTOR('',#9567,1.);
#9567 = DIRECTION('',(0.,-2.2E-16,1.));
#9568 = ORIENTED_EDGE('',*,*,#9569,.T.);
#9569 = EDGE_CURVE('',#9562,#9570,#9572,.T.);
#9570 = VERTEX_POINT('',#9571);
#9571 = CARTESIAN_POINT('',(34.678465658549,-3.045,18.084304725845));
#9572 = CIRCLE('',#9573,1.);
#9573 = AXIS2_PLACEMENT_3D('',#9574,#9575,#9576);
#9574 = CARTESIAN_POINT('',(35.49,-3.045,17.5));
#9575 = DIRECTION('',(0.,-1.,-2.2E-16));
#9576 = DIRECTION('',(1.,0.,0.));
#9577 = ORIENTED_EDGE('',*,*,#9578,.F.);
#9578 = EDGE_CURVE('',#9579,#9570,#9581,.T.);
#9579 = VERTEX_POINT('',#9580);
#9580 = CARTESIAN_POINT('',(31.078465658549,-3.045,13.084304725845));
#9581 = LINE('',#9582,#9583);
#9582 = CARTESIAN_POINT('',(31.078465658549,-3.045,13.084304725845));
#9583 = VECTOR('',#9584,1.);
#9584 = DIRECTION('',(0.584304725845,-1.8E-16,0.811534341451));
#9585 = ORIENTED_EDGE('',*,*,#9586,.T.);
#9586 = EDGE_CURVE('',#9579,#9587,#9589,.T.);
#9587 = VERTEX_POINT('',#9588);
#9588 = CARTESIAN_POINT('',(30.89,-3.045,12.5));
#9589 = CIRCLE('',#9590,1.);
#9590 = AXIS2_PLACEMENT_3D('',#9591,#9592,#9593);
#9591 = CARTESIAN_POINT('',(31.89,-3.045,12.5));
#9592 = DIRECTION('',(0.,-1.,-2.2E-16));
#9593 = DIRECTION('',(1.,0.,0.));
#9594 = ORIENTED_EDGE('',*,*,#9595,.F.);
#9595 = EDGE_CURVE('',#9596,#9587,#9598,.T.);
#9596 = VERTEX_POINT('',#9597);
#9597 = CARTESIAN_POINT('',(30.89,-3.045,7.5));
#9598 = LINE('',#9599,#9600);
#9599 = CARTESIAN_POINT('',(30.89,-3.045,7.5));
#9600 = VECTOR('',#9601,1.);
#9601 = DIRECTION('',(0.,-2.2E-16,1.));
#9602 = ORIENTED_EDGE('',*,*,#9603,.F.);
#9603 = EDGE_CURVE('',#9604,#9596,#9606,.T.);
#9604 = VERTEX_POINT('',#9605);
#9605 = CARTESIAN_POINT('',(31.39,-3.045,7.5));
#9606 = LINE('',#9607,#9608);
#9607 = CARTESIAN_POINT('',(31.39,-3.045,7.5));
#9608 = VECTOR('',#9609,1.);
#9609 = DIRECTION('',(-1.,0.,0.));
#9610 = ORIENTED_EDGE('',*,*,#9611,.F.);
#9611 = EDGE_CURVE('',#9612,#9604,#9614,.T.);
#9612 = VERTEX_POINT('',#9613);
#9613 = CARTESIAN_POINT('',(31.39,-3.045,12.5));
#9614 = LINE('',#9615,#9616);
#9615 = CARTESIAN_POINT('',(31.39,-3.045,12.5));
#9616 = VECTOR('',#9617,1.);
#9617 = DIRECTION('',(0.,2.2E-16,-1.));
#9618 = ORIENTED_EDGE('',*,*,#9619,.F.);
#9619 = EDGE_CURVE('',#9620,#9612,#9622,.T.);
#9620 = VERTEX_POINT('',#9621);
#9621 = CARTESIAN_POINT('',(31.484232829274,-3.045,12.792152362923));
#9622 = CIRCLE('',#9623,0.5);
#9623 = AXIS2_PLACEMENT_3D('',#9624,#9625,#9626);
#9624 = CARTESIAN_POINT('',(31.89,-3.045,12.5));
#9625 = DIRECTION('',(0.,-1.,-2.2E-16));
#9626 = DIRECTION('',(1.,0.,0.));
#9627 = ORIENTED_EDGE('',*,*,#9628,.F.);
#9628 = EDGE_CURVE('',#9504,#9620,#9629,.T.);
#9629 = LINE('',#9630,#9631);
#9630 = CARTESIAN_POINT('',(35.084232829274,-3.045,17.792152362923));
#9631 = VECTOR('',#9632,1.);
#9632 = DIRECTION('',(-0.584304725845,1.8E-16,-0.811534341451));
#9633 = PLANE('',#9634);
#9634 = AXIS2_PLACEMENT_3D('',#9635,#9636,#9637);
#9635 = CARTESIAN_POINT('',(34.806920296986,-3.045,9.614973312943));
#9636 = DIRECTION('',(0.,-1.,-4.4E-16));
#9637 = DIRECTION('',(0.,4.4E-16,-1.));
#9638 = ADVANCED_FACE('',(#9639),#9650,.T.);
#9639 = FACE_BOUND('',#9640,.T.);
#9640 = EDGE_LOOP('',(#9641,#9647,#9648,#9649));
#9641 = ORIENTED_EDGE('',*,*,#9642,.F.);
#9642 = EDGE_CURVE('',#9554,#9528,#9643,.T.);
#9643 = LINE('',#9644,#9645);
#9644 = CARTESIAN_POINT('',(36.49,-3.045,2.5));
#9645 = VECTOR('',#9646,1.);
#9646 = DIRECTION('',(-2.2E-16,1.,2.2E-16));
#9647 = ORIENTED_EDGE('',*,*,#9553,.T.);
#9648 = ORIENTED_EDGE('',*,*,#9171,.T.);
#9649 = ORIENTED_EDGE('',*,*,#9535,.F.);
#9650 = PLANE('',#9651);
#9651 = AXIS2_PLACEMENT_3D('',#9652,#9653,#9654);
#9652 = CARTESIAN_POINT('',(36.49,-3.045,2.5));
#9653 = DIRECTION('',(-2.2E-16,2.2E-16,-1.));
#9654 = DIRECTION('',(0.,1.,2.2E-16));
#9655 = ADVANCED_FACE('',(#9656),#9681,.F.);
#9656 = FACE_BOUND('',#9657,.F.);
#9657 = EDGE_LOOP('',(#9658,#9666,#9667,#9675));
#9658 = ORIENTED_EDGE('',*,*,#9659,.T.);
#9659 = EDGE_CURVE('',#9660,#9212,#9662,.T.);
#9660 = VERTEX_POINT('',#9661);
#9661 = CARTESIAN_POINT('',(36.49,-0.82,9.25));
#9662 = LINE('',#9663,#9664);
#9663 = CARTESIAN_POINT('',(36.49,-0.82,9.25));
#9664 = VECTOR('',#9665,1.);
#9665 = DIRECTION('',(-1.,0.,2.2E-16));
#9666 = ORIENTED_EDGE('',*,*,#9211,.T.);
#9667 = ORIENTED_EDGE('',*,*,#9668,.F.);
#9668 = EDGE_CURVE('',#9669,#9214,#9671,.T.);
#9669 = VERTEX_POINT('',#9670);
#9670 = CARTESIAN_POINT('',(36.49,-0.82,6.25));
#9671 = LINE('',#9672,#9673);
#9672 = CARTESIAN_POINT('',(36.49,-0.82,6.25));
#9673 = VECTOR('',#9674,1.);
#9674 = DIRECTION('',(-1.,0.,2.2E-16));
#9675 = ORIENTED_EDGE('',*,*,#9676,.F.);
#9676 = EDGE_CURVE('',#9660,#9669,#9677,.T.);
#9677 = LINE('',#9678,#9679);
#9678 = CARTESIAN_POINT('',(36.49,-0.82,9.25));
#9679 = VECTOR('',#9680,1.);
#9680 = DIRECTION('',(-2.2E-16,2.2E-16,-1.));
#9681 = PLANE('',#9682);
#9682 = AXIS2_PLACEMENT_3D('',#9683,#9684,#9685);
#9683 = CARTESIAN_POINT('',(36.49,-0.82,9.25));
#9684 = DIRECTION('',(-0.,-1.,-2.2E-16));
#9685 = DIRECTION('',(-2.2E-16,2.2E-16,-1.));
#9686 = ADVANCED_FACE('',(#9687),#9705,.F.);
#9687 = FACE_BOUND('',#9688,.F.);
#9688 = EDGE_LOOP('',(#9689,#9690,#9691,#9699));
#9689 = ORIENTED_EDGE('',*,*,#9668,.T.);
#9690 = ORIENTED_EDGE('',*,*,#9269,.T.);
#9691 = ORIENTED_EDGE('',*,*,#9692,.F.);
#9692 = EDGE_CURVE('',#9693,#9262,#9695,.T.);
#9693 = VERTEX_POINT('',#9694);
#9694 = CARTESIAN_POINT('',(36.49,-0.795,6.25));
#9695 = LINE('',#9696,#9697);
#9696 = CARTESIAN_POINT('',(36.49,-0.795,6.25));
#9697 = VECTOR('',#9698,1.);
#9698 = DIRECTION('',(-1.,0.,2.2E-16));
#9699 = ORIENTED_EDGE('',*,*,#9700,.F.);
#9700 = EDGE_CURVE('',#9669,#9693,#9701,.T.);
#9701 = LINE('',#9702,#9703);
#9702 = CARTESIAN_POINT('',(36.49,-0.82,6.25));
#9703 = VECTOR('',#9704,1.);
#9704 = DIRECTION('',(-2.2E-16,1.,2.2E-16));
#9705 = PLANE('',#9706);
#9706 = AXIS2_PLACEMENT_3D('',#9707,#9708,#9709);
#9707 = CARTESIAN_POINT('',(36.49,-0.82,6.25));
#9708 = DIRECTION('',(-2.2E-16,2.2E-16,-1.));
#9709 = DIRECTION('',(0.,1.,2.2E-16));
#9710 = ADVANCED_FACE('',(#9711),#9763,.T.);
#9711 = FACE_BOUND('',#9712,.T.);
#9712 = EDGE_LOOP('',(#9713,#9714,#9722,#9731,#9739,#9747,#9755,#9762));
#9713 = ORIENTED_EDGE('',*,*,#9692,.F.);
#9714 = ORIENTED_EDGE('',*,*,#9715,.T.);
#9715 = EDGE_CURVE('',#9693,#9716,#9718,.T.);
#9716 = VERTEX_POINT('',#9717);
#9717 = CARTESIAN_POINT('',(36.49,-0.795,6.5));
#9718 = LINE('',#9719,#9720);
#9719 = CARTESIAN_POINT('',(36.49,-0.795,6.25));
#9720 = VECTOR('',#9721,1.);
#9721 = DIRECTION('',(-6.21E-15,-2.2E-16,1.));
#9722 = ORIENTED_EDGE('',*,*,#9723,.T.);
#9723 = EDGE_CURVE('',#9716,#9724,#9726,.T.);
#9724 = VERTEX_POINT('',#9725);
#9725 = CARTESIAN_POINT('',(36.590149954769,-0.795,6.936199376545));
#9726 = CIRCLE('',#9727,1.);
#9727 = AXIS2_PLACEMENT_3D('',#9728,#9729,#9730);
#9728 = CARTESIAN_POINT('',(37.49,-0.795,6.5));
#9729 = DIRECTION('',(-9.9E-16,1.,2.2E-16));
#9730 = DIRECTION('',(1.,9.9E-16,-1.E-17));
#9731 = ORIENTED_EDGE('',*,*,#9732,.F.);
#9732 = EDGE_CURVE('',#9733,#9724,#9735,.T.);
#9733 = VERTEX_POINT('',#9734);
#9734 = CARTESIAN_POINT('',(37.48,-0.795,8.771900311728));
#9735 = LINE('',#9736,#9737);
#9736 = CARTESIAN_POINT('',(37.48,-0.795,8.771900311728));
#9737 = VECTOR('',#9738,1.);
#9738 = DIRECTION('',(-0.436199376545,-2.3E-16,-0.899850045231));
#9739 = ORIENTED_EDGE('',*,*,#9740,.F.);
#9740 = EDGE_CURVE('',#9741,#9733,#9743,.T.);
#9741 = VERTEX_POINT('',#9742);
#9742 = CARTESIAN_POINT('',(37.030074977385,-0.795,8.99));
#9743 = LINE('',#9744,#9745);
#9744 = CARTESIAN_POINT('',(37.030074977385,-0.795,8.99));
#9745 = VECTOR('',#9746,1.);
#9746 = DIRECTION('',(0.899850045231,9.9E-16,-0.436199376545));
#9747 = ORIENTED_EDGE('',*,*,#9748,.F.);
#9748 = EDGE_CURVE('',#9749,#9741,#9751,.T.);
#9749 = VERTEX_POINT('',#9750);
#9750 = CARTESIAN_POINT('',(36.140224932154,-0.795,7.154299064817));
#9751 = LINE('',#9752,#9753);
#9752 = CARTESIAN_POINT('',(36.140224932154,-0.795,7.154299064817));
#9753 = VECTOR('',#9754,1.);
#9754 = DIRECTION('',(0.436199376545,2.3E-16,0.899850045231));
#9755 = ORIENTED_EDGE('',*,*,#9756,.F.);
#9756 = EDGE_CURVE('',#9254,#9749,#9757,.T.);
#9757 = CIRCLE('',#9758,1.5);
#9758 = AXIS2_PLACEMENT_3D('',#9759,#9760,#9761);
#9759 = CARTESIAN_POINT('',(37.49,-0.795,6.5));
#9760 = DIRECTION('',(-9.9E-16,1.,2.2E-16));
#9761 = DIRECTION('',(1.,9.9E-16,-1.E-17));
#9762 = ORIENTED_EDGE('',*,*,#9261,.F.);
#9763 = PLANE('',#9764);
#9764 = AXIS2_PLACEMENT_3D('',#9765,#9766,#9767);
#9765 = CARTESIAN_POINT('',(36.74,-0.795,7.625));
#9766 = DIRECTION('',(1.83E-15,-1.,-2.2E-16));
#9767 = DIRECTION('',(1.,1.83E-15,0.));
#9768 = ADVANCED_FACE('',(#9769),#9788,.T.);
#9769 = FACE_BOUND('',#9770,.T.);
#9770 = EDGE_LOOP('',(#9771,#9772,#9773,#9781));
#9771 = ORIENTED_EDGE('',*,*,#9253,.T.);
#9772 = ORIENTED_EDGE('',*,*,#9756,.T.);
#9773 = ORIENTED_EDGE('',*,*,#9774,.F.);
#9774 = EDGE_CURVE('',#9775,#9749,#9777,.T.);
#9775 = VERTEX_POINT('',#9776);
#9776 = CARTESIAN_POINT('',(36.140224932154,0.705,7.154299064817));
#9777 = LINE('',#9778,#9779);
#9778 = CARTESIAN_POINT('',(36.140224932154,0.705,7.154299064817));
#9779 = VECTOR('',#9780,1.);
#9780 = DIRECTION('',(9.9E-16,-1.,-2.2E-16));
#9781 = ORIENTED_EDGE('',*,*,#9782,.F.);
#9782 = EDGE_CURVE('',#9246,#9775,#9783,.T.);
#9783 = CIRCLE('',#9784,1.5);
#9784 = AXIS2_PLACEMENT_3D('',#9785,#9786,#9787);
#9785 = CARTESIAN_POINT('',(37.49,0.705,6.5));
#9786 = DIRECTION('',(-9.9E-16,1.,2.2E-16));
#9787 = DIRECTION('',(1.,9.9E-16,-1.E-17));
#9788 = CYLINDRICAL_SURFACE('',#9789,1.5);
#9789 = AXIS2_PLACEMENT_3D('',#9790,#9791,#9792);
#9790 = CARTESIAN_POINT('',(37.49,0.705,6.5));
#9791 = DIRECTION('',(-9.9E-16,1.,2.2E-16));
#9792 = DIRECTION('',(1.,9.9E-16,0.));
#9793 = ADVANCED_FACE('',(#9794),#9845,.T.);
#9794 = FACE_BOUND('',#9795,.T.);
#9795 = EDGE_LOOP('',(#9796,#9806,#9812,#9813,#9814,#9822,#9830,#9838));
#9796 = ORIENTED_EDGE('',*,*,#9797,.F.);
#9797 = EDGE_CURVE('',#9798,#9800,#9802,.T.);
#9798 = VERTEX_POINT('',#9799);
#9799 = CARTESIAN_POINT('',(36.49,0.705,6.25));
#9800 = VERTEX_POINT('',#9801);
#9801 = CARTESIAN_POINT('',(36.49,0.705,6.5));
#9802 = LINE('',#9803,#9804);
#9803 = CARTESIAN_POINT('',(36.49,0.705,6.25));
#9804 = VECTOR('',#9805,1.);
#9805 = DIRECTION('',(-6.21E-15,-2.2E-16,1.));
#9806 = ORIENTED_EDGE('',*,*,#9807,.T.);
#9807 = EDGE_CURVE('',#9798,#9238,#9808,.T.);
#9808 = LINE('',#9809,#9810);
#9809 = CARTESIAN_POINT('',(36.49,0.705,6.25));
#9810 = VECTOR('',#9811,1.);
#9811 = DIRECTION('',(-1.,0.,2.2E-16));
#9812 = ORIENTED_EDGE('',*,*,#9245,.T.);
#9813 = ORIENTED_EDGE('',*,*,#9782,.T.);
#9814 = ORIENTED_EDGE('',*,*,#9815,.T.);
#9815 = EDGE_CURVE('',#9775,#9816,#9818,.T.);
#9816 = VERTEX_POINT('',#9817);
#9817 = CARTESIAN_POINT('',(37.030074977385,0.705,8.99));
#9818 = LINE('',#9819,#9820);
#9819 = CARTESIAN_POINT('',(36.140224932154,0.705,7.154299064817));
#9820 = VECTOR('',#9821,1.);
#9821 = DIRECTION('',(0.436199376545,2.3E-16,0.899850045231));
#9822 = ORIENTED_EDGE('',*,*,#9823,.T.);
#9823 = EDGE_CURVE('',#9816,#9824,#9826,.T.);
#9824 = VERTEX_POINT('',#9825);
#9825 = CARTESIAN_POINT('',(37.48,0.705,8.771900311728));
#9826 = LINE('',#9827,#9828);
#9827 = CARTESIAN_POINT('',(37.030074977385,0.705,8.99));
#9828 = VECTOR('',#9829,1.);
#9829 = DIRECTION('',(0.899850045231,9.9E-16,-0.436199376545));
#9830 = ORIENTED_EDGE('',*,*,#9831,.T.);
#9831 = EDGE_CURVE('',#9824,#9832,#9834,.T.);
#9832 = VERTEX_POINT('',#9833);
#9833 = CARTESIAN_POINT('',(36.590149954769,0.705,6.936199376545));
#9834 = LINE('',#9835,#9836);
#9835 = CARTESIAN_POINT('',(37.48,0.705,8.771900311728));
#9836 = VECTOR('',#9837,1.);
#9837 = DIRECTION('',(-0.436199376545,-2.3E-16,-0.899850045231));
#9838 = ORIENTED_EDGE('',*,*,#9839,.F.);
#9839 = EDGE_CURVE('',#9800,#9832,#9840,.T.);
#9840 = CIRCLE('',#9841,1.);
#9841 = AXIS2_PLACEMENT_3D('',#9842,#9843,#9844);
#9842 = CARTESIAN_POINT('',(37.49,0.705,6.5));
#9843 = DIRECTION('',(-9.9E-16,1.,2.2E-16));
#9844 = DIRECTION('',(1.,9.9E-16,-1.E-17));
#9845 = PLANE('',#9846);
#9846 = AXIS2_PLACEMENT_3D('',#9847,#9848,#9849);
#9847 = CARTESIAN_POINT('',(36.74,0.705,7.625));
#9848 = DIRECTION('',(-9.9E-16,1.,2.2E-16));
#9849 = DIRECTION('',(-1.,-9.9E-16,0.));
#9850 = ADVANCED_FACE('',(#9851),#9869,.T.);
#9851 = FACE_BOUND('',#9852,.T.);
#9852 = EDGE_LOOP('',(#9853,#9861,#9862,#9863));
#9853 = ORIENTED_EDGE('',*,*,#9854,.T.);
#9854 = EDGE_CURVE('',#9855,#9230,#9857,.T.);
#9855 = VERTEX_POINT('',#9856);
#9856 = CARTESIAN_POINT('',(36.49,0.73,6.25));
#9857 = LINE('',#9858,#9859);
#9858 = CARTESIAN_POINT('',(36.49,0.73,6.25));
#9859 = VECTOR('',#9860,1.);
#9860 = DIRECTION('',(-1.,0.,2.2E-16));
#9861 = ORIENTED_EDGE('',*,*,#9237,.T.);
#9862 = ORIENTED_EDGE('',*,*,#9807,.F.);
#9863 = ORIENTED_EDGE('',*,*,#9864,.F.);
#9864 = EDGE_CURVE('',#9855,#9798,#9865,.T.);
#9865 = LINE('',#9866,#9867);
#9866 = CARTESIAN_POINT('',(36.49,0.73,6.25));
#9867 = VECTOR('',#9868,1.);
#9868 = DIRECTION('',(2.2E-16,-1.,-2.2E-16));
#9869 = PLANE('',#9870);
#9870 = AXIS2_PLACEMENT_3D('',#9871,#9872,#9873);
#9871 = CARTESIAN_POINT('',(36.49,0.73,6.25));
#9872 = DIRECTION('',(2.2E-16,-2.2E-16,1.));
#9873 = DIRECTION('',(0.,-1.,-2.2E-16));
#9874 = ADVANCED_FACE('',(#9875),#9893,.T.);
#9875 = FACE_BOUND('',#9876,.T.);
#9876 = EDGE_LOOP('',(#9877,#9885,#9886,#9887));
#9877 = ORIENTED_EDGE('',*,*,#9878,.T.);
#9878 = EDGE_CURVE('',#9879,#9222,#9881,.T.);
#9879 = VERTEX_POINT('',#9880);
#9880 = CARTESIAN_POINT('',(36.49,0.73,9.25));
#9881 = LINE('',#9882,#9883);
#9882 = CARTESIAN_POINT('',(36.49,0.73,9.25));
#9883 = VECTOR('',#9884,1.);
#9884 = DIRECTION('',(-1.,0.,2.2E-16));
#9885 = ORIENTED_EDGE('',*,*,#9229,.T.);
#9886 = ORIENTED_EDGE('',*,*,#9854,.F.);
#9887 = ORIENTED_EDGE('',*,*,#9888,.F.);
#9888 = EDGE_CURVE('',#9879,#9855,#9889,.T.);
#9889 = LINE('',#9890,#9891);
#9890 = CARTESIAN_POINT('',(36.49,0.73,9.25));
#9891 = VECTOR('',#9892,1.);
#9892 = DIRECTION('',(-2.2E-16,2.2E-16,-1.));
#9893 = PLANE('',#9894);
#9894 = AXIS2_PLACEMENT_3D('',#9895,#9896,#9897);
#9895 = CARTESIAN_POINT('',(36.49,0.73,9.25));
#9896 = DIRECTION('',(-0.,-1.,-2.2E-16));
#9897 = DIRECTION('',(-2.2E-16,2.2E-16,-1.));
#9898 = ADVANCED_FACE('',(#9899),#9910,.T.);
#9899 = FACE_BOUND('',#9900,.T.);
#9900 = EDGE_LOOP('',(#9901,#9902,#9903,#9904));
#9901 = ORIENTED_EDGE('',*,*,#9659,.T.);
#9902 = ORIENTED_EDGE('',*,*,#9221,.T.);
#9903 = ORIENTED_EDGE('',*,*,#9878,.F.);
#9904 = ORIENTED_EDGE('',*,*,#9905,.F.);
#9905 = EDGE_CURVE('',#9660,#9879,#9906,.T.);
#9906 = LINE('',#9907,#9908);
#9907 = CARTESIAN_POINT('',(36.49,-0.82,9.25));
#9908 = VECTOR('',#9909,1.);
#9909 = DIRECTION('',(-2.2E-16,1.,2.2E-16));
#9910 = PLANE('',#9911);
#9911 = AXIS2_PLACEMENT_3D('',#9912,#9913,#9914);
#9912 = CARTESIAN_POINT('',(36.49,-0.82,9.25));
#9913 = DIRECTION('',(-2.2E-16,2.2E-16,-1.));
#9914 = DIRECTION('',(0.,1.,2.2E-16));
#9915 = ADVANCED_FACE('',(#9916,#9933),#9946,.F.);
#9916 = FACE_BOUND('',#9917,.F.);
#9917 = EDGE_LOOP('',(#9918,#9919,#9920,#9921,#9922,#9923,#9924,#9925,
    #9931,#9932));
#9918 = ORIENTED_EDGE('',*,*,#9283,.T.);
#9919 = ORIENTED_EDGE('',*,*,#9314,.T.);
#9920 = ORIENTED_EDGE('',*,*,#9362,.T.);
#9921 = ORIENTED_EDGE('',*,*,#9478,.T.);
#9922 = ORIENTED_EDGE('',*,*,#9527,.F.);
#9923 = ORIENTED_EDGE('',*,*,#9642,.F.);
#9924 = ORIENTED_EDGE('',*,*,#9561,.T.);
#9925 = ORIENTED_EDGE('',*,*,#9926,.F.);
#9926 = EDGE_CURVE('',#9398,#9562,#9927,.T.);
#9927 = LINE('',#9928,#9929);
#9928 = CARTESIAN_POINT('',(36.49,2.955,17.5));
#9929 = VECTOR('',#9930,1.);
#9930 = DIRECTION('',(0.,-1.,-2.2E-16));
#9931 = ORIENTED_EDGE('',*,*,#9397,.F.);
#9932 = ORIENTED_EDGE('',*,*,#9338,.T.);
#9933 = FACE_BOUND('',#9934,.F.);
#9934 = EDGE_LOOP('',(#9935,#9936,#9937,#9938,#9944,#9945));
#9935 = ORIENTED_EDGE('',*,*,#9905,.F.);
#9936 = ORIENTED_EDGE('',*,*,#9676,.T.);
#9937 = ORIENTED_EDGE('',*,*,#9700,.T.);
#9938 = ORIENTED_EDGE('',*,*,#9939,.T.);
#9939 = EDGE_CURVE('',#9693,#9798,#9940,.T.);
#9940 = LINE('',#9941,#9942);
#9941 = CARTESIAN_POINT('',(36.49,-0.795,6.25));
#9942 = VECTOR('',#9943,1.);
#9943 = DIRECTION('',(-2.2E-16,1.,2.2E-16));
#9944 = ORIENTED_EDGE('',*,*,#9864,.F.);
#9945 = ORIENTED_EDGE('',*,*,#9888,.F.);
#9946 = PLANE('',#9947);
#9947 = AXIS2_PLACEMENT_3D('',#9948,#9949,#9950);
#9948 = CARTESIAN_POINT('',(36.49,2.955,-3.2));
#9949 = DIRECTION('',(-1.,0.,0.));
#9950 = DIRECTION('',(0.,-2.2E-16,1.));
#9951 = ADVANCED_FACE('',(#9952),#9963,.T.);
#9952 = FACE_BOUND('',#9953,.T.);
#9953 = EDGE_LOOP('',(#9954,#9955,#9956,#9962));
#9954 = ORIENTED_EDGE('',*,*,#9512,.T.);
#9955 = ORIENTED_EDGE('',*,*,#9628,.T.);
#9956 = ORIENTED_EDGE('',*,*,#9957,.F.);
#9957 = EDGE_CURVE('',#9456,#9620,#9958,.T.);
#9958 = LINE('',#9959,#9960);
#9959 = CARTESIAN_POINT('',(31.484232829274,2.955,12.792152362923));
#9960 = VECTOR('',#9961,1.);
#9961 = DIRECTION('',(0.,-1.,-2.2E-16));
#9962 = ORIENTED_EDGE('',*,*,#9464,.F.);
#9963 = PLANE('',#9964);
#9964 = AXIS2_PLACEMENT_3D('',#9965,#9966,#9967);
#9965 = CARTESIAN_POINT('',(35.084232829274,2.955,17.792152362923));
#9966 = DIRECTION('',(0.811534341451,1.3E-16,-0.584304725845));
#9967 = DIRECTION('',(-0.584304725845,1.8E-16,-0.811534341451));
#9968 = ADVANCED_FACE('',(#9969),#9980,.F.);
#9969 = FACE_BOUND('',#9970,.T.);
#9970 = EDGE_LOOP('',(#9971,#9972,#9973,#9979));
#9971 = ORIENTED_EDGE('',*,*,#9957,.T.);
#9972 = ORIENTED_EDGE('',*,*,#9619,.T.);
#9973 = ORIENTED_EDGE('',*,*,#9974,.F.);
#9974 = EDGE_CURVE('',#9448,#9612,#9975,.T.);
#9975 = LINE('',#9976,#9977);
#9976 = CARTESIAN_POINT('',(31.39,2.955,12.5));
#9977 = VECTOR('',#9978,1.);
#9978 = DIRECTION('',(0.,-1.,-2.2E-16));
#9979 = ORIENTED_EDGE('',*,*,#9455,.F.);
#9980 = CYLINDRICAL_SURFACE('',#9981,0.5);
#9981 = AXIS2_PLACEMENT_3D('',#9982,#9983,#9984);
#9982 = CARTESIAN_POINT('',(31.89,2.955,12.5));
#9983 = DIRECTION('',(0.,1.,2.2E-16));
#9984 = DIRECTION('',(1.,0.,0.));
#9985 = ADVANCED_FACE('',(#9986),#9997,.T.);
#9986 = FACE_BOUND('',#9987,.T.);
#9987 = EDGE_LOOP('',(#9988,#9989,#9990,#9996));
#9988 = ORIENTED_EDGE('',*,*,#9974,.T.);
#9989 = ORIENTED_EDGE('',*,*,#9611,.T.);
#9990 = ORIENTED_EDGE('',*,*,#9991,.F.);
#9991 = EDGE_CURVE('',#9440,#9604,#9992,.T.);
#9992 = LINE('',#9993,#9994);
#9993 = CARTESIAN_POINT('',(31.39,2.955,7.5));
#9994 = VECTOR('',#9995,1.);
#9995 = DIRECTION('',(0.,-1.,-2.2E-16));
#9996 = ORIENTED_EDGE('',*,*,#9447,.F.);
#9997 = PLANE('',#9998);
#9998 = AXIS2_PLACEMENT_3D('',#9999,#10000,#10001);
#9999 = CARTESIAN_POINT('',(31.39,2.955,12.5));
#10000 = DIRECTION('',(1.,0.,0.));
#10001 = DIRECTION('',(0.,2.2E-16,-1.));
#10002 = ADVANCED_FACE('',(#10003),#10014,.T.);
#10003 = FACE_BOUND('',#10004,.T.);
#10004 = EDGE_LOOP('',(#10005,#10006,#10007,#10013));
#10005 = ORIENTED_EDGE('',*,*,#9991,.T.);
#10006 = ORIENTED_EDGE('',*,*,#9603,.T.);
#10007 = ORIENTED_EDGE('',*,*,#10008,.F.);
#10008 = EDGE_CURVE('',#9432,#9596,#10009,.T.);
#10009 = LINE('',#10010,#10011);
#10010 = CARTESIAN_POINT('',(30.89,2.955,7.5));
#10011 = VECTOR('',#10012,1.);
#10012 = DIRECTION('',(0.,-1.,-2.2E-16));
#10013 = ORIENTED_EDGE('',*,*,#9439,.F.);
#10014 = PLANE('',#10015);
#10015 = AXIS2_PLACEMENT_3D('',#10016,#10017,#10018);
#10016 = CARTESIAN_POINT('',(31.39,2.955,7.5));
#10017 = DIRECTION('',(0.,2.2E-16,-1.));
#10018 = DIRECTION('',(-1.,0.,0.));
#10019 = ADVANCED_FACE('',(#10020,#10031),#10042,.T.);
#10020 = FACE_BOUND('',#10021,.T.);
#10021 = EDGE_LOOP('',(#10022,#10023,#10024,#10030));
#10022 = ORIENTED_EDGE('',*,*,#10008,.T.);
#10023 = ORIENTED_EDGE('',*,*,#9595,.T.);
#10024 = ORIENTED_EDGE('',*,*,#10025,.F.);
#10025 = EDGE_CURVE('',#9423,#9587,#10026,.T.);
#10026 = LINE('',#10027,#10028);
#10027 = CARTESIAN_POINT('',(30.89,2.955,12.5));
#10028 = VECTOR('',#10029,1.);
#10029 = DIRECTION('',(0.,-1.,-2.2E-16));
#10030 = ORIENTED_EDGE('',*,*,#9431,.F.);
#10031 = FACE_BOUND('',#10032,.T.);
#10032 = EDGE_LOOP('',(#10033));
#10033 = ORIENTED_EDGE('',*,*,#10034,.F.);
#10034 = EDGE_CURVE('',#10035,#10035,#10037,.T.);
#10035 = VERTEX_POINT('',#10036);
#10036 = CARTESIAN_POINT('',(30.89,-4.5E-02,11.));
#10037 = CIRCLE('',#10038,0.5);
#10038 = AXIS2_PLACEMENT_3D('',#10039,#10040,#10041);
#10039 = CARTESIAN_POINT('',(30.89,-4.5E-02,11.5));
#10040 = DIRECTION('',(-1.,2.2E-16,-2.2E-16));
#10041 = DIRECTION('',(2.2E-16,2.2E-16,-1.));
#10042 = PLANE('',#10043);
#10043 = AXIS2_PLACEMENT_3D('',#10044,#10045,#10046);
#10044 = CARTESIAN_POINT('',(30.89,2.955,7.5));
#10045 = DIRECTION('',(-1.,0.,0.));
#10046 = DIRECTION('',(0.,-2.2E-16,1.));
#10047 = ADVANCED_FACE('',(#10048),#10059,.T.);
#10048 = FACE_BOUND('',#10049,.F.);
#10049 = EDGE_LOOP('',(#10050,#10056,#10057,#10058));
#10050 = ORIENTED_EDGE('',*,*,#10051,.T.);
#10051 = EDGE_CURVE('',#9415,#9579,#10052,.T.);
#10052 = LINE('',#10053,#10054);
#10053 = CARTESIAN_POINT('',(31.078465658549,2.955,13.084304725845));
#10054 = VECTOR('',#10055,1.);
#10055 = DIRECTION('',(0.,-1.,-2.2E-16));
#10056 = ORIENTED_EDGE('',*,*,#9586,.T.);
#10057 = ORIENTED_EDGE('',*,*,#10025,.F.);
#10058 = ORIENTED_EDGE('',*,*,#9422,.F.);
#10059 = CYLINDRICAL_SURFACE('',#10060,1.);
#10060 = AXIS2_PLACEMENT_3D('',#10061,#10062,#10063);
#10061 = CARTESIAN_POINT('',(31.89,2.955,12.5));
#10062 = DIRECTION('',(0.,1.,2.2E-16));
#10063 = DIRECTION('',(1.,0.,0.));
#10064 = ADVANCED_FACE('',(#10065),#10076,.T.);
#10065 = FACE_BOUND('',#10066,.T.);
#10066 = EDGE_LOOP('',(#10067,#10068,#10069,#10075));
#10067 = ORIENTED_EDGE('',*,*,#10051,.T.);
#10068 = ORIENTED_EDGE('',*,*,#9578,.T.);
#10069 = ORIENTED_EDGE('',*,*,#10070,.F.);
#10070 = EDGE_CURVE('',#9406,#9570,#10071,.T.);
#10071 = LINE('',#10072,#10073);
#10072 = CARTESIAN_POINT('',(34.678465658549,2.955,18.084304725845));
#10073 = VECTOR('',#10074,1.);
#10074 = DIRECTION('',(0.,-1.,-2.2E-16));
#10075 = ORIENTED_EDGE('',*,*,#9414,.F.);
#10076 = PLANE('',#10077);
#10077 = AXIS2_PLACEMENT_3D('',#10078,#10079,#10080);
#10078 = CARTESIAN_POINT('',(31.078465658549,2.955,13.084304725845));
#10079 = DIRECTION('',(-0.811534341451,-1.3E-16,0.584304725845));
#10080 = DIRECTION('',(0.584304725845,-1.8E-16,0.811534341451));
#10081 = ADVANCED_FACE('',(#10082),#10088,.T.);
#10082 = FACE_BOUND('',#10083,.F.);
#10083 = EDGE_LOOP('',(#10084,#10085,#10086,#10087));
#10084 = ORIENTED_EDGE('',*,*,#9926,.T.);
#10085 = ORIENTED_EDGE('',*,*,#9569,.T.);
#10086 = ORIENTED_EDGE('',*,*,#10070,.F.);
#10087 = ORIENTED_EDGE('',*,*,#9405,.F.);
#10088 = CYLINDRICAL_SURFACE('',#10089,1.);
#10089 = AXIS2_PLACEMENT_3D('',#10090,#10091,#10092);
#10090 = CARTESIAN_POINT('',(35.49,2.955,17.5));
#10091 = DIRECTION('',(0.,1.,2.2E-16));
#10092 = DIRECTION('',(1.,0.,0.));
#10093 = ADVANCED_FACE('',(#10094),#10105,.T.);
#10094 = FACE_BOUND('',#10095,.T.);
#10095 = EDGE_LOOP('',(#10096,#10097,#10098,#10104));
#10096 = ORIENTED_EDGE('',*,*,#9774,.T.);
#10097 = ORIENTED_EDGE('',*,*,#9748,.T.);
#10098 = ORIENTED_EDGE('',*,*,#10099,.F.);
#10099 = EDGE_CURVE('',#9816,#9741,#10100,.T.);
#10100 = LINE('',#10101,#10102);
#10101 = CARTESIAN_POINT('',(37.030074977385,0.705,8.99));
#10102 = VECTOR('',#10103,1.);
#10103 = DIRECTION('',(9.9E-16,-1.,-2.2E-16));
#10104 = ORIENTED_EDGE('',*,*,#9815,.F.);
#10105 = PLANE('',#10106);
#10106 = AXIS2_PLACEMENT_3D('',#10107,#10108,#10109);
#10107 = CARTESIAN_POINT('',(36.140224932154,0.705,7.154299064817));
#10108 = DIRECTION('',(-0.899850045231,-9.9E-16,0.436199376545));
#10109 = DIRECTION('',(0.436199376545,2.3E-16,0.899850045231));
#10110 = ADVANCED_FACE('',(#10111),#10122,.T.);
#10111 = FACE_BOUND('',#10112,.T.);
#10112 = EDGE_LOOP('',(#10113,#10114,#10115,#10121));
#10113 = ORIENTED_EDGE('',*,*,#10099,.T.);
#10114 = ORIENTED_EDGE('',*,*,#9740,.T.);
#10115 = ORIENTED_EDGE('',*,*,#10116,.F.);
#10116 = EDGE_CURVE('',#9824,#9733,#10117,.T.);
#10117 = LINE('',#10118,#10119);
#10118 = CARTESIAN_POINT('',(37.48,0.705,8.771900311728));
#10119 = VECTOR('',#10120,1.);
#10120 = DIRECTION('',(9.9E-16,-1.,-2.2E-16));
#10121 = ORIENTED_EDGE('',*,*,#9823,.F.);
#10122 = PLANE('',#10123);
#10123 = AXIS2_PLACEMENT_3D('',#10124,#10125,#10126);
#10124 = CARTESIAN_POINT('',(37.030074977385,0.705,8.99));
#10125 = DIRECTION('',(0.436199376545,2.3E-16,0.899850045231));
#10126 = DIRECTION('',(0.899850045231,9.9E-16,-0.436199376545));
#10127 = ADVANCED_FACE('',(#10128),#10139,.T.);
#10128 = FACE_BOUND('',#10129,.T.);
#10129 = EDGE_LOOP('',(#10130,#10131,#10132,#10138));
#10130 = ORIENTED_EDGE('',*,*,#10116,.T.);
#10131 = ORIENTED_EDGE('',*,*,#9732,.T.);
#10132 = ORIENTED_EDGE('',*,*,#10133,.F.);
#10133 = EDGE_CURVE('',#9832,#9724,#10134,.T.);
#10134 = LINE('',#10135,#10136);
#10135 = CARTESIAN_POINT('',(36.590149954769,0.705,6.936199376545));
#10136 = VECTOR('',#10137,1.);
#10137 = DIRECTION('',(9.9E-16,-1.,-2.2E-16));
#10138 = ORIENTED_EDGE('',*,*,#9831,.F.);
#10139 = PLANE('',#10140);
#10140 = AXIS2_PLACEMENT_3D('',#10141,#10142,#10143);
#10141 = CARTESIAN_POINT('',(37.48,0.705,8.771900311728));
#10142 = DIRECTION('',(0.899850045231,9.9E-16,-0.436199376545));
#10143 = DIRECTION('',(-0.436199376545,-2.3E-16,-0.899850045231));
#10144 = ADVANCED_FACE('',(#10145),#10156,.F.);
#10145 = FACE_BOUND('',#10146,.F.);
#10146 = EDGE_LOOP('',(#10147,#10153,#10154,#10155));
#10147 = ORIENTED_EDGE('',*,*,#10148,.T.);
#10148 = EDGE_CURVE('',#9800,#9716,#10149,.T.);
#10149 = LINE('',#10150,#10151);
#10150 = CARTESIAN_POINT('',(36.49,0.705,6.5));
#10151 = VECTOR('',#10152,1.);
#10152 = DIRECTION('',(9.9E-16,-1.,-2.2E-16));
#10153 = ORIENTED_EDGE('',*,*,#9723,.T.);
#10154 = ORIENTED_EDGE('',*,*,#10133,.F.);
#10155 = ORIENTED_EDGE('',*,*,#9839,.F.);
#10156 = CYLINDRICAL_SURFACE('',#10157,1.);
#10157 = AXIS2_PLACEMENT_3D('',#10158,#10159,#10160);
#10158 = CARTESIAN_POINT('',(37.49,0.705,6.5));
#10159 = DIRECTION('',(-9.9E-16,1.,2.2E-16));
#10160 = DIRECTION('',(1.,9.9E-16,0.));
#10161 = ADVANCED_FACE('',(#10162),#10168,.F.);
#10162 = FACE_BOUND('',#10163,.F.);
#10163 = EDGE_LOOP('',(#10164,#10165,#10166,#10167));
#10164 = ORIENTED_EDGE('',*,*,#9939,.F.);
#10165 = ORIENTED_EDGE('',*,*,#9715,.T.);
#10166 = ORIENTED_EDGE('',*,*,#10148,.F.);
#10167 = ORIENTED_EDGE('',*,*,#9797,.F.);
#10168 = PLANE('',#10169);
#10169 = AXIS2_PLACEMENT_3D('',#10170,#10171,#10172);
#10170 = CARTESIAN_POINT('',(36.49,0.705,6.25));
#10171 = DIRECTION('',(-1.,-9.9E-16,-6.22E-15));
#10172 = DIRECTION('',(-6.22E-15,-2.2E-16,1.));
#10173 = ADVANCED_FACE('',(#10174),#10193,.F.);
#10174 = FACE_BOUND('',#10175,.F.);
#10175 = EDGE_LOOP('',(#10176,#10184,#10191,#10192));
#10176 = ORIENTED_EDGE('',*,*,#10177,.T.);
#10177 = EDGE_CURVE('',#10035,#10178,#10180,.T.);
#10178 = VERTEX_POINT('',#10179);
#10179 = CARTESIAN_POINT('',(30.99,-4.5E-02,11.));
#10180 = LINE('',#10181,#10182);
#10181 = CARTESIAN_POINT('',(30.89,-4.5E-02,11.));
#10182 = VECTOR('',#10183,1.);
#10183 = DIRECTION('',(1.,0.,2.2E-16));
#10184 = ORIENTED_EDGE('',*,*,#10185,.T.);
#10185 = EDGE_CURVE('',#10178,#10178,#10186,.T.);
#10186 = CIRCLE('',#10187,0.5);
#10187 = AXIS2_PLACEMENT_3D('',#10188,#10189,#10190);
#10188 = CARTESIAN_POINT('',(30.99,-4.5E-02,11.5));
#10189 = DIRECTION('',(-1.,2.2E-16,-2.2E-16));
#10190 = DIRECTION('',(2.2E-16,2.2E-16,-1.));
#10191 = ORIENTED_EDGE('',*,*,#10177,.F.);
#10192 = ORIENTED_EDGE('',*,*,#10034,.F.);
#10193 = CYLINDRICAL_SURFACE('',#10194,0.5);
#10194 = AXIS2_PLACEMENT_3D('',#10195,#10196,#10197);
#10195 = CARTESIAN_POINT('',(30.89,-4.5E-02,11.5));
#10196 = DIRECTION('',(-1.,0.,-2.2E-16));
#10197 = DIRECTION('',(2.2E-16,2.2E-16,-1.));
#10198 = ADVANCED_FACE('',(#10199),#10202,.T.);
#10199 = FACE_BOUND('',#10200,.T.);
#10200 = EDGE_LOOP('',(#10201));
#10201 = ORIENTED_EDGE('',*,*,#10185,.T.);
#10202 = PLANE('',#10203);
#10203 = AXIS2_PLACEMENT_3D('',#10204,#10205,#10206);
#10204 = CARTESIAN_POINT('',(30.99,-4.5E-02,11.5));
#10205 = DIRECTION('',(-1.,0.,0.));
#10206 = DIRECTION('',(0.,2.2E-16,-1.));
#10207 = ( GEOMETRIC_REPRESENTATION_CONTEXT(3) 
GLOBAL_UNCERTAINTY_ASSIGNED_CONTEXT((#10211)) 
GLOBAL_UNIT_ASSIGNED_CONTEXT((#10208,#10209,#10210)) 
REPRESENTATION_CONTEXT('Context #1',
  '3D Context with UNIT and UNCERTAINTY') );
#10208 = ( LENGTH_UNIT() NAMED_UNIT(*) SI_UNIT(.MILLI.,.METRE.) );
#10209 = ( NAMED_UNIT(*) PLANE_ANGLE_UNIT() SI_UNIT($,.RADIAN.) );
#10210 = ( NAMED_UNIT(*) SI_UNIT($,.STERADIAN.) SOLID_ANGLE_UNIT() );
#10211 = UNCERTAINTY_MEASURE_WITH_UNIT(LENGTH_MEASURE(1.E-05),#10208,
  'distance_accuracy_value','confusion accuracy');
#10212 = SHAPE_REPRESENTATION_RELATIONSHIP('','',#10213,#8012);
#10213 = ADVANCED_BREP_SHAPE_REPRESENTATION('',(#11,#10214),#11298);
#10214 = MANIFOLD_SOLID_BREP('',#10215);
#10215 = CLOSED_SHELL('',(#10216,#10370,#10401,#10425,#10449,#10473,
    #10565,#10589,#10614,#10638,#10729,#10746,#10777,#10801,#10859,
    #10884,#10941,#10965,#10989,#11006,#11042,#11059,#11076,#11093,
    #11110,#11138,#11155,#11172,#11184,#11201,#11218,#11235,#11252,
    #11264,#11289));
#10216 = ADVANCED_FACE('',(#10217,#10299),#10365,.F.);
#10217 = FACE_BOUND('',#10218,.F.);
#10218 = EDGE_LOOP('',(#10219,#10229,#10237,#10245,#10253,#10261,#10269,
    #10277,#10285,#10293));
#10219 = ORIENTED_EDGE('',*,*,#10220,.F.);
#10220 = EDGE_CURVE('',#10221,#10223,#10225,.T.);
#10221 = VERTEX_POINT('',#10222);
#10222 = CARTESIAN_POINT('',(35.99,20.005,2.5));
#10223 = VERTEX_POINT('',#10224);
#10224 = CARTESIAN_POINT('',(35.99,20.005,-2.7));
#10225 = LINE('',#10226,#10227);
#10226 = CARTESIAN_POINT('',(35.99,20.005,10.));
#10227 = VECTOR('',#10228,1.);
#10228 = DIRECTION('',(0.,2.2E-16,-1.));
#10229 = ORIENTED_EDGE('',*,*,#10230,.F.);
#10230 = EDGE_CURVE('',#10231,#10221,#10233,.T.);
#10231 = VERTEX_POINT('',#10232);
#10232 = CARTESIAN_POINT('',(35.99,22.255,2.5));
#10233 = LINE('',#10234,#10235);
#10234 = CARTESIAN_POINT('',(35.99,22.255,2.5));
#10235 = VECTOR('',#10236,1.);
#10236 = DIRECTION('',(0.,-1.,-2.2E-16));
#10237 = ORIENTED_EDGE('',*,*,#10238,.F.);
#10238 = EDGE_CURVE('',#10239,#10231,#10241,.T.);
#10239 = VERTEX_POINT('',#10240);
#10240 = CARTESIAN_POINT('',(35.99,22.255,17.5));
#10241 = LINE('',#10242,#10243);
#10242 = CARTESIAN_POINT('',(35.99,22.255,17.5));
#10243 = VECTOR('',#10244,1.);
#10244 = DIRECTION('',(0.,2.2E-16,-1.));
#10245 = ORIENTED_EDGE('',*,*,#10246,.T.);
#10246 = EDGE_CURVE('',#10239,#10247,#10249,.T.);
#10247 = VERTEX_POINT('',#10248);
#10248 = CARTESIAN_POINT('',(35.99,16.255,17.5));
#10249 = LINE('',#10250,#10251);
#10250 = CARTESIAN_POINT('',(35.99,22.255,17.5));
#10251 = VECTOR('',#10252,1.);
#10252 = DIRECTION('',(0.,-1.,-2.2E-16));
#10253 = ORIENTED_EDGE('',*,*,#10254,.T.);
#10254 = EDGE_CURVE('',#10247,#10255,#10257,.T.);
#10255 = VERTEX_POINT('',#10256);
#10256 = CARTESIAN_POINT('',(35.99,16.255,2.5));
#10257 = LINE('',#10258,#10259);
#10258 = CARTESIAN_POINT('',(35.99,16.255,17.5));
#10259 = VECTOR('',#10260,1.);
#10260 = DIRECTION('',(0.,2.2E-16,-1.));
#10261 = ORIENTED_EDGE('',*,*,#10262,.T.);
#10262 = EDGE_CURVE('',#10255,#10263,#10265,.T.);
#10263 = VERTEX_POINT('',#10264);
#10264 = CARTESIAN_POINT('',(35.99,18.505,2.5));
#10265 = LINE('',#10266,#10267);
#10266 = CARTESIAN_POINT('',(35.99,19.255,2.5));
#10267 = VECTOR('',#10268,1.);
#10268 = DIRECTION('',(0.,1.,2.2E-16));
#10269 = ORIENTED_EDGE('',*,*,#10270,.T.);
#10270 = EDGE_CURVE('',#10263,#10271,#10273,.T.);
#10271 = VERTEX_POINT('',#10272);
#10272 = CARTESIAN_POINT('',(35.99,18.505,-2.7));
#10273 = LINE('',#10274,#10275);
#10274 = CARTESIAN_POINT('',(35.99,18.505,10.));
#10275 = VECTOR('',#10276,1.);
#10276 = DIRECTION('',(0.,2.2E-16,-1.));
#10277 = ORIENTED_EDGE('',*,*,#10278,.F.);
#10278 = EDGE_CURVE('',#10279,#10271,#10281,.T.);
#10279 = VERTEX_POINT('',#10280);
#10280 = CARTESIAN_POINT('',(35.99,19.005,-3.2));
#10281 = LINE('',#10282,#10283);
#10282 = CARTESIAN_POINT('',(35.99,14.5175,1.2875));
#10283 = VECTOR('',#10284,1.);
#10284 = DIRECTION('',(0.,-0.707106781187,0.707106781187));
#10285 = ORIENTED_EDGE('',*,*,#10286,.F.);
#10286 = EDGE_CURVE('',#10287,#10279,#10289,.T.);
#10287 = VERTEX_POINT('',#10288);
#10288 = CARTESIAN_POINT('',(35.99,19.505,-3.2));
#10289 = LINE('',#10290,#10291);
#10290 = CARTESIAN_POINT('',(35.99,22.255,-3.2));
#10291 = VECTOR('',#10292,1.);
#10292 = DIRECTION('',(0.,-1.,-2.2E-16));
#10293 = ORIENTED_EDGE('',*,*,#10294,.F.);
#10294 = EDGE_CURVE('',#10223,#10287,#10295,.T.);
#10295 = LINE('',#10296,#10297);
#10296 = CARTESIAN_POINT('',(35.99,25.4925,2.7875));
#10297 = VECTOR('',#10298,1.);
#10298 = DIRECTION('',(0.,-0.707106781187,-0.707106781187));
#10299 = FACE_BOUND('',#10300,.F.);
#10300 = EDGE_LOOP('',(#10301,#10311,#10319,#10327,#10335,#10343,#10351,
    #10359));
#10301 = ORIENTED_EDGE('',*,*,#10302,.F.);
#10302 = EDGE_CURVE('',#10303,#10305,#10307,.T.);
#10303 = VERTEX_POINT('',#10304);
#10304 = CARTESIAN_POINT('',(35.99,18.48,9.25));
#10305 = VERTEX_POINT('',#10306);
#10306 = CARTESIAN_POINT('',(35.99,18.48,6.25));
#10307 = LINE('',#10308,#10309);
#10308 = CARTESIAN_POINT('',(35.99,18.48,9.25));
#10309 = VECTOR('',#10310,1.);
#10310 = DIRECTION('',(-2.2E-16,2.2E-16,-1.));
#10311 = ORIENTED_EDGE('',*,*,#10312,.T.);
#10312 = EDGE_CURVE('',#10303,#10313,#10315,.T.);
#10313 = VERTEX_POINT('',#10314);
#10314 = CARTESIAN_POINT('',(35.99,20.03,9.25));
#10315 = LINE('',#10316,#10317);
#10316 = CARTESIAN_POINT('',(35.99,18.48,9.25));
#10317 = VECTOR('',#10318,1.);
#10318 = DIRECTION('',(-2.2E-16,1.,2.2E-16));
#10319 = ORIENTED_EDGE('',*,*,#10320,.T.);
#10320 = EDGE_CURVE('',#10313,#10321,#10323,.T.);
#10321 = VERTEX_POINT('',#10322);
#10322 = CARTESIAN_POINT('',(35.99,20.03,6.25));
#10323 = LINE('',#10324,#10325);
#10324 = CARTESIAN_POINT('',(35.99,20.03,9.25));
#10325 = VECTOR('',#10326,1.);
#10326 = DIRECTION('',(-2.2E-16,2.2E-16,-1.));
#10327 = ORIENTED_EDGE('',*,*,#10328,.T.);
#10328 = EDGE_CURVE('',#10321,#10329,#10331,.T.);
#10329 = VERTEX_POINT('',#10330);
#10330 = CARTESIAN_POINT('',(35.99,20.005,6.25));
#10331 = LINE('',#10332,#10333);
#10332 = CARTESIAN_POINT('',(35.99,20.03,6.25));
#10333 = VECTOR('',#10334,1.);
#10334 = DIRECTION('',(2.2E-16,-1.,-2.2E-16));
#10335 = ORIENTED_EDGE('',*,*,#10336,.T.);
#10336 = EDGE_CURVE('',#10329,#10337,#10339,.T.);
#10337 = VERTEX_POINT('',#10338);
#10338 = CARTESIAN_POINT('',(35.99,20.005,6.5));
#10339 = LINE('',#10340,#10341);
#10340 = CARTESIAN_POINT('',(35.99,20.005,6.25));
#10341 = VECTOR('',#10342,1.);
#10342 = DIRECTION('',(2.2E-16,-2.2E-16,1.));
#10343 = ORIENTED_EDGE('',*,*,#10344,.T.);
#10344 = EDGE_CURVE('',#10337,#10345,#10347,.T.);
#10345 = VERTEX_POINT('',#10346);
#10346 = CARTESIAN_POINT('',(35.99,18.505,6.5));
#10347 = LINE('',#10348,#10349);
#10348 = CARTESIAN_POINT('',(35.99,20.005,6.5));
#10349 = VECTOR('',#10350,1.);
#10350 = DIRECTION('',(9.9E-16,-1.,-2.2E-16));
#10351 = ORIENTED_EDGE('',*,*,#10352,.F.);
#10352 = EDGE_CURVE('',#10353,#10345,#10355,.T.);
#10353 = VERTEX_POINT('',#10354);
#10354 = CARTESIAN_POINT('',(35.99,18.505,6.25));
#10355 = LINE('',#10356,#10357);
#10356 = CARTESIAN_POINT('',(35.99,18.505,6.25));
#10357 = VECTOR('',#10358,1.);
#10358 = DIRECTION('',(2.2E-16,-2.2E-16,1.));
#10359 = ORIENTED_EDGE('',*,*,#10360,.F.);
#10360 = EDGE_CURVE('',#10305,#10353,#10361,.T.);
#10361 = LINE('',#10362,#10363);
#10362 = CARTESIAN_POINT('',(35.99,18.48,6.25));
#10363 = VECTOR('',#10364,1.);
#10364 = DIRECTION('',(-2.2E-16,1.,2.2E-16));
#10365 = PLANE('',#10366);
#10366 = AXIS2_PLACEMENT_3D('',#10367,#10368,#10369);
#10367 = CARTESIAN_POINT('',(35.99,22.255,17.5));
#10368 = DIRECTION('',(1.,0.,0.));
#10369 = DIRECTION('',(0.,2.2E-16,-1.));
#10370 = ADVANCED_FACE('',(#10371),#10396,.F.);
#10371 = FACE_BOUND('',#10372,.F.);
#10372 = EDGE_LOOP('',(#10373,#10383,#10389,#10390));
#10373 = ORIENTED_EDGE('',*,*,#10374,.F.);
#10374 = EDGE_CURVE('',#10375,#10377,#10379,.T.);
#10375 = VERTEX_POINT('',#10376);
#10376 = CARTESIAN_POINT('',(36.49,20.005,2.5));
#10377 = VERTEX_POINT('',#10378);
#10378 = CARTESIAN_POINT('',(36.49,20.005,-2.7));
#10379 = LINE('',#10380,#10381);
#10380 = CARTESIAN_POINT('',(36.49,20.005,2.5));
#10381 = VECTOR('',#10382,1.);
#10382 = DIRECTION('',(-2.2E-16,2.2E-16,-1.));
#10383 = ORIENTED_EDGE('',*,*,#10384,.T.);
#10384 = EDGE_CURVE('',#10375,#10221,#10385,.T.);
#10385 = LINE('',#10386,#10387);
#10386 = CARTESIAN_POINT('',(36.49,20.005,2.5));
#10387 = VECTOR('',#10388,1.);
#10388 = DIRECTION('',(-1.,0.,2.2E-16));
#10389 = ORIENTED_EDGE('',*,*,#10220,.T.);
#10390 = ORIENTED_EDGE('',*,*,#10391,.F.);
#10391 = EDGE_CURVE('',#10377,#10223,#10392,.T.);
#10392 = LINE('',#10393,#10394);
#10393 = CARTESIAN_POINT('',(36.49,20.005,-2.7));
#10394 = VECTOR('',#10395,1.);
#10395 = DIRECTION('',(-1.,0.,2.2E-16));
#10396 = PLANE('',#10397);
#10397 = AXIS2_PLACEMENT_3D('',#10398,#10399,#10400);
#10398 = CARTESIAN_POINT('',(36.49,20.005,2.5));
#10399 = DIRECTION('',(-0.,-1.,-2.2E-16));
#10400 = DIRECTION('',(-2.2E-16,2.2E-16,-1.));
#10401 = ADVANCED_FACE('',(#10402),#10420,.T.);
#10402 = FACE_BOUND('',#10403,.F.);
#10403 = EDGE_LOOP('',(#10404,#10412,#10413,#10414));
#10404 = ORIENTED_EDGE('',*,*,#10405,.F.);
#10405 = EDGE_CURVE('',#10377,#10406,#10408,.T.);
#10406 = VERTEX_POINT('',#10407);
#10407 = CARTESIAN_POINT('',(36.49,19.505,-3.2));
#10408 = LINE('',#10409,#10410);
#10409 = CARTESIAN_POINT('',(36.49,20.3175,-2.3875));
#10410 = VECTOR('',#10411,1.);
#10411 = DIRECTION('',(0.,-0.707106781187,-0.707106781187));
#10412 = ORIENTED_EDGE('',*,*,#10391,.T.);
#10413 = ORIENTED_EDGE('',*,*,#10294,.T.);
#10414 = ORIENTED_EDGE('',*,*,#10415,.F.);
#10415 = EDGE_CURVE('',#10406,#10287,#10416,.T.);
#10416 = LINE('',#10417,#10418);
#10417 = CARTESIAN_POINT('',(36.49,19.505,-3.2));
#10418 = VECTOR('',#10419,1.);
#10419 = DIRECTION('',(-1.,0.,2.2E-16));
#10420 = PLANE('',#10421);
#10421 = AXIS2_PLACEMENT_3D('',#10422,#10423,#10424);
#10422 = CARTESIAN_POINT('',(36.49,19.755,-2.95));
#10423 = DIRECTION('',(0.,0.707106781187,-0.707106781187));
#10424 = DIRECTION('',(1.,-1.1E-16,-1.1E-16));
#10425 = ADVANCED_FACE('',(#10426),#10444,.F.);
#10426 = FACE_BOUND('',#10427,.F.);
#10427 = EDGE_LOOP('',(#10428,#10436,#10442,#10443));
#10428 = ORIENTED_EDGE('',*,*,#10429,.F.);
#10429 = EDGE_CURVE('',#10430,#10375,#10432,.T.);
#10430 = VERTEX_POINT('',#10431);
#10431 = CARTESIAN_POINT('',(36.49,22.255,2.5));
#10432 = LINE('',#10433,#10434);
#10433 = CARTESIAN_POINT('',(36.49,22.255,2.5));
#10434 = VECTOR('',#10435,1.);
#10435 = DIRECTION('',(2.2E-16,-1.,-2.2E-16));
#10436 = ORIENTED_EDGE('',*,*,#10437,.T.);
#10437 = EDGE_CURVE('',#10430,#10231,#10438,.T.);
#10438 = LINE('',#10439,#10440);
#10439 = CARTESIAN_POINT('',(36.49,22.255,2.5));
#10440 = VECTOR('',#10441,1.);
#10441 = DIRECTION('',(-1.,0.,2.2E-16));
#10442 = ORIENTED_EDGE('',*,*,#10230,.T.);
#10443 = ORIENTED_EDGE('',*,*,#10384,.F.);
#10444 = PLANE('',#10445);
#10445 = AXIS2_PLACEMENT_3D('',#10446,#10447,#10448);
#10446 = CARTESIAN_POINT('',(36.49,22.255,2.5));
#10447 = DIRECTION('',(2.2E-16,-2.2E-16,1.));
#10448 = DIRECTION('',(0.,-1.,-2.2E-16));
#10449 = ADVANCED_FACE('',(#10450),#10468,.F.);
#10450 = FACE_BOUND('',#10451,.F.);
#10451 = EDGE_LOOP('',(#10452,#10460,#10461,#10462));
#10452 = ORIENTED_EDGE('',*,*,#10453,.F.);
#10453 = EDGE_CURVE('',#10406,#10454,#10456,.T.);
#10454 = VERTEX_POINT('',#10455);
#10455 = CARTESIAN_POINT('',(36.49,19.005,-3.2));
#10456 = LINE('',#10457,#10458);
#10457 = CARTESIAN_POINT('',(36.49,22.255,-3.2));
#10458 = VECTOR('',#10459,1.);
#10459 = DIRECTION('',(0.,-1.,-2.2E-16));
#10460 = ORIENTED_EDGE('',*,*,#10415,.T.);
#10461 = ORIENTED_EDGE('',*,*,#10286,.T.);
#10462 = ORIENTED_EDGE('',*,*,#10463,.F.);
#10463 = EDGE_CURVE('',#10454,#10279,#10464,.T.);
#10464 = LINE('',#10465,#10466);
#10465 = CARTESIAN_POINT('',(36.49,19.005,-3.2));
#10466 = VECTOR('',#10467,1.);
#10467 = DIRECTION('',(-1.,0.,2.2E-16));
#10468 = PLANE('',#10469);
#10469 = AXIS2_PLACEMENT_3D('',#10470,#10471,#10472);
#10470 = CARTESIAN_POINT('',(35.99,22.255,-3.2));
#10471 = DIRECTION('',(0.,-2.2E-16,1.));
#10472 = DIRECTION('',(1.,0.,0.));
#10473 = ADVANCED_FACE('',(#10474),#10560,.F.);
#10474 = FACE_BOUND('',#10475,.F.);
#10475 = EDGE_LOOP('',(#10476,#10485,#10486,#10487,#10495,#10504,#10512,
    #10521,#10529,#10537,#10545,#10554));
#10476 = ORIENTED_EDGE('',*,*,#10477,.F.);
#10477 = EDGE_CURVE('',#10239,#10478,#10480,.T.);
#10478 = VERTEX_POINT('',#10479);
#10479 = CARTESIAN_POINT('',(35.084232829274,22.255,17.792152362923));
#10480 = CIRCLE('',#10481,0.5);
#10481 = AXIS2_PLACEMENT_3D('',#10482,#10483,#10484);
#10482 = CARTESIAN_POINT('',(35.49,22.255,17.5));
#10483 = DIRECTION('',(0.,-1.,-2.2E-16));
#10484 = DIRECTION('',(1.,0.,0.));
#10485 = ORIENTED_EDGE('',*,*,#10238,.T.);
#10486 = ORIENTED_EDGE('',*,*,#10437,.F.);
#10487 = ORIENTED_EDGE('',*,*,#10488,.T.);
#10488 = EDGE_CURVE('',#10430,#10489,#10491,.T.);
#10489 = VERTEX_POINT('',#10490);
#10490 = CARTESIAN_POINT('',(36.49,22.255,17.5));
#10491 = LINE('',#10492,#10493);
#10492 = CARTESIAN_POINT('',(36.49,22.255,-3.2));
#10493 = VECTOR('',#10494,1.);
#10494 = DIRECTION('',(0.,-2.2E-16,1.));
#10495 = ORIENTED_EDGE('',*,*,#10496,.T.);
#10496 = EDGE_CURVE('',#10489,#10497,#10499,.T.);
#10497 = VERTEX_POINT('',#10498);
#10498 = CARTESIAN_POINT('',(34.678465658549,22.255,18.084304725845));
#10499 = CIRCLE('',#10500,1.);
#10500 = AXIS2_PLACEMENT_3D('',#10501,#10502,#10503);
#10501 = CARTESIAN_POINT('',(35.49,22.255,17.5));
#10502 = DIRECTION('',(0.,-1.,-2.2E-16));
#10503 = DIRECTION('',(1.,0.,0.));
#10504 = ORIENTED_EDGE('',*,*,#10505,.F.);
#10505 = EDGE_CURVE('',#10506,#10497,#10508,.T.);
#10506 = VERTEX_POINT('',#10507);
#10507 = CARTESIAN_POINT('',(31.078465658549,22.255,13.084304725845));
#10508 = LINE('',#10509,#10510);
#10509 = CARTESIAN_POINT('',(31.078465658549,22.255,13.084304725845));
#10510 = VECTOR('',#10511,1.);
#10511 = DIRECTION('',(0.584304725845,-1.8E-16,0.811534341451));
#10512 = ORIENTED_EDGE('',*,*,#10513,.T.);
#10513 = EDGE_CURVE('',#10506,#10514,#10516,.T.);
#10514 = VERTEX_POINT('',#10515);
#10515 = CARTESIAN_POINT('',(30.89,22.255,12.5));
#10516 = CIRCLE('',#10517,1.);
#10517 = AXIS2_PLACEMENT_3D('',#10518,#10519,#10520);
#10518 = CARTESIAN_POINT('',(31.89,22.255,12.5));
#10519 = DIRECTION('',(0.,-1.,-2.2E-16));
#10520 = DIRECTION('',(1.,0.,0.));
#10521 = ORIENTED_EDGE('',*,*,#10522,.F.);
#10522 = EDGE_CURVE('',#10523,#10514,#10525,.T.);
#10523 = VERTEX_POINT('',#10524);
#10524 = CARTESIAN_POINT('',(30.89,22.255,7.5));
#10525 = LINE('',#10526,#10527);
#10526 = CARTESIAN_POINT('',(30.89,22.255,7.5));
#10527 = VECTOR('',#10528,1.);
#10528 = DIRECTION('',(0.,-2.2E-16,1.));
#10529 = ORIENTED_EDGE('',*,*,#10530,.F.);
#10530 = EDGE_CURVE('',#10531,#10523,#10533,.T.);
#10531 = VERTEX_POINT('',#10532);
#10532 = CARTESIAN_POINT('',(31.39,22.255,7.5));
#10533 = LINE('',#10534,#10535);
#10534 = CARTESIAN_POINT('',(31.39,22.255,7.5));
#10535 = VECTOR('',#10536,1.);
#10536 = DIRECTION('',(-1.,0.,0.));
#10537 = ORIENTED_EDGE('',*,*,#10538,.F.);
#10538 = EDGE_CURVE('',#10539,#10531,#10541,.T.);
#10539 = VERTEX_POINT('',#10540);
#10540 = CARTESIAN_POINT('',(31.39,22.255,12.5));
#10541 = LINE('',#10542,#10543);
#10542 = CARTESIAN_POINT('',(31.39,22.255,12.5));
#10543 = VECTOR('',#10544,1.);
#10544 = DIRECTION('',(0.,2.2E-16,-1.));
#10545 = ORIENTED_EDGE('',*,*,#10546,.F.);
#10546 = EDGE_CURVE('',#10547,#10539,#10549,.T.);
#10547 = VERTEX_POINT('',#10548);
#10548 = CARTESIAN_POINT('',(31.484232829274,22.255,12.792152362923));
#10549 = CIRCLE('',#10550,0.5);
#10550 = AXIS2_PLACEMENT_3D('',#10551,#10552,#10553);
#10551 = CARTESIAN_POINT('',(31.89,22.255,12.5));
#10552 = DIRECTION('',(0.,-1.,-2.2E-16));
#10553 = DIRECTION('',(1.,0.,0.));
#10554 = ORIENTED_EDGE('',*,*,#10555,.F.);
#10555 = EDGE_CURVE('',#10478,#10547,#10556,.T.);
#10556 = LINE('',#10557,#10558);
#10557 = CARTESIAN_POINT('',(35.084232829274,22.255,17.792152362923));
#10558 = VECTOR('',#10559,1.);
#10559 = DIRECTION('',(-0.584304725845,1.8E-16,-0.811534341451));
#10560 = PLANE('',#10561);
#10561 = AXIS2_PLACEMENT_3D('',#10562,#10563,#10564);
#10562 = CARTESIAN_POINT('',(34.806920296986,22.255,9.614973312943));
#10563 = DIRECTION('',(0.,-1.,-4.4E-16));
#10564 = DIRECTION('',(0.,4.4E-16,-1.));
#10565 = ADVANCED_FACE('',(#10566),#10584,.F.);
#10566 = FACE_BOUND('',#10567,.F.);
#10567 = EDGE_LOOP('',(#10568,#10576,#10577,#10578));
#10568 = ORIENTED_EDGE('',*,*,#10569,.F.);
#10569 = EDGE_CURVE('',#10454,#10570,#10572,.T.);
#10570 = VERTEX_POINT('',#10571);
#10571 = CARTESIAN_POINT('',(36.49,18.505,-2.7));
#10572 = LINE('',#10573,#10574);
#10573 = CARTESIAN_POINT('',(36.49,19.6925,-3.8875));
#10574 = VECTOR('',#10575,1.);
#10575 = DIRECTION('',(0.,-0.707106781187,0.707106781187));
#10576 = ORIENTED_EDGE('',*,*,#10463,.T.);
#10577 = ORIENTED_EDGE('',*,*,#10278,.T.);
#10578 = ORIENTED_EDGE('',*,*,#10579,.F.);
#10579 = EDGE_CURVE('',#10570,#10271,#10580,.T.);
#10580 = LINE('',#10581,#10582);
#10581 = CARTESIAN_POINT('',(36.49,18.505,-2.7));
#10582 = VECTOR('',#10583,1.);
#10583 = DIRECTION('',(-1.,0.,2.2E-16));
#10584 = PLANE('',#10585);
#10585 = AXIS2_PLACEMENT_3D('',#10586,#10587,#10588);
#10586 = CARTESIAN_POINT('',(36.49,18.755,-2.95));
#10587 = DIRECTION('',(0.,0.707106781187,0.707106781187));
#10588 = DIRECTION('',(-1.,-1.1E-16,1.1E-16));
#10589 = ADVANCED_FACE('',(#10590),#10609,.F.);
#10590 = FACE_BOUND('',#10591,.T.);
#10591 = EDGE_LOOP('',(#10592,#10593,#10602,#10608));
#10592 = ORIENTED_EDGE('',*,*,#10246,.T.);
#10593 = ORIENTED_EDGE('',*,*,#10594,.T.);
#10594 = EDGE_CURVE('',#10247,#10595,#10597,.T.);
#10595 = VERTEX_POINT('',#10596);
#10596 = CARTESIAN_POINT('',(35.084232829274,16.255,17.792152362923));
#10597 = CIRCLE('',#10598,0.5);
#10598 = AXIS2_PLACEMENT_3D('',#10599,#10600,#10601);
#10599 = CARTESIAN_POINT('',(35.49,16.255,17.5));
#10600 = DIRECTION('',(0.,-1.,-2.2E-16));
#10601 = DIRECTION('',(1.,0.,0.));
#10602 = ORIENTED_EDGE('',*,*,#10603,.F.);
#10603 = EDGE_CURVE('',#10478,#10595,#10604,.T.);
#10604 = LINE('',#10605,#10606);
#10605 = CARTESIAN_POINT('',(35.084232829274,22.255,17.792152362923));
#10606 = VECTOR('',#10607,1.);
#10607 = DIRECTION('',(0.,-1.,-2.2E-16));
#10608 = ORIENTED_EDGE('',*,*,#10477,.F.);
#10609 = CYLINDRICAL_SURFACE('',#10610,0.5);
#10610 = AXIS2_PLACEMENT_3D('',#10611,#10612,#10613);
#10611 = CARTESIAN_POINT('',(35.49,22.255,17.5));
#10612 = DIRECTION('',(0.,1.,2.2E-16));
#10613 = DIRECTION('',(1.,0.,0.));
#10614 = ADVANCED_FACE('',(#10615),#10633,.T.);
#10615 = FACE_BOUND('',#10616,.T.);
#10616 = EDGE_LOOP('',(#10617,#10625,#10631,#10632));
#10617 = ORIENTED_EDGE('',*,*,#10618,.F.);
#10618 = EDGE_CURVE('',#10619,#10570,#10621,.T.);
#10619 = VERTEX_POINT('',#10620);
#10620 = CARTESIAN_POINT('',(36.49,18.505,2.5));
#10621 = LINE('',#10622,#10623);
#10622 = CARTESIAN_POINT('',(36.49,18.505,2.5));
#10623 = VECTOR('',#10624,1.);
#10624 = DIRECTION('',(-2.2E-16,2.2E-16,-1.));
#10625 = ORIENTED_EDGE('',*,*,#10626,.T.);
#10626 = EDGE_CURVE('',#10619,#10263,#10627,.T.);
#10627 = LINE('',#10628,#10629);
#10628 = CARTESIAN_POINT('',(36.49,18.505,2.5));
#10629 = VECTOR('',#10630,1.);
#10630 = DIRECTION('',(-1.,0.,2.2E-16));
#10631 = ORIENTED_EDGE('',*,*,#10270,.T.);
#10632 = ORIENTED_EDGE('',*,*,#10579,.F.);
#10633 = PLANE('',#10634);
#10634 = AXIS2_PLACEMENT_3D('',#10635,#10636,#10637);
#10635 = CARTESIAN_POINT('',(36.49,18.505,2.5));
#10636 = DIRECTION('',(-0.,-1.,-2.2E-16));
#10637 = DIRECTION('',(-2.2E-16,2.2E-16,-1.));
#10638 = ADVANCED_FACE('',(#10639),#10724,.T.);
#10639 = FACE_BOUND('',#10640,.T.);
#10640 = EDGE_LOOP('',(#10641,#10642,#10643,#10651,#10659,#10668,#10676,
    #10685,#10693,#10701,#10709,#10718));
#10641 = ORIENTED_EDGE('',*,*,#10594,.F.);
#10642 = ORIENTED_EDGE('',*,*,#10254,.T.);
#10643 = ORIENTED_EDGE('',*,*,#10644,.F.);
#10644 = EDGE_CURVE('',#10645,#10255,#10647,.T.);
#10645 = VERTEX_POINT('',#10646);
#10646 = CARTESIAN_POINT('',(36.49,16.255,2.5));
#10647 = LINE('',#10648,#10649);
#10648 = CARTESIAN_POINT('',(36.49,16.255,2.5));
#10649 = VECTOR('',#10650,1.);
#10650 = DIRECTION('',(-1.,0.,2.2E-16));
#10651 = ORIENTED_EDGE('',*,*,#10652,.T.);
#10652 = EDGE_CURVE('',#10645,#10653,#10655,.T.);
#10653 = VERTEX_POINT('',#10654);
#10654 = CARTESIAN_POINT('',(36.49,16.255,17.5));
#10655 = LINE('',#10656,#10657);
#10656 = CARTESIAN_POINT('',(36.49,16.255,-3.2));
#10657 = VECTOR('',#10658,1.);
#10658 = DIRECTION('',(0.,-2.2E-16,1.));
#10659 = ORIENTED_EDGE('',*,*,#10660,.T.);
#10660 = EDGE_CURVE('',#10653,#10661,#10663,.T.);
#10661 = VERTEX_POINT('',#10662);
#10662 = CARTESIAN_POINT('',(34.678465658549,16.255,18.084304725845));
#10663 = CIRCLE('',#10664,1.);
#10664 = AXIS2_PLACEMENT_3D('',#10665,#10666,#10667);
#10665 = CARTESIAN_POINT('',(35.49,16.255,17.5));
#10666 = DIRECTION('',(0.,-1.,-2.2E-16));
#10667 = DIRECTION('',(1.,0.,0.));
#10668 = ORIENTED_EDGE('',*,*,#10669,.F.);
#10669 = EDGE_CURVE('',#10670,#10661,#10672,.T.);
#10670 = VERTEX_POINT('',#10671);
#10671 = CARTESIAN_POINT('',(31.078465658549,16.255,13.084304725845));
#10672 = LINE('',#10673,#10674);
#10673 = CARTESIAN_POINT('',(31.078465658549,16.255,13.084304725845));
#10674 = VECTOR('',#10675,1.);
#10675 = DIRECTION('',(0.584304725845,-1.8E-16,0.811534341451));
#10676 = ORIENTED_EDGE('',*,*,#10677,.T.);
#10677 = EDGE_CURVE('',#10670,#10678,#10680,.T.);
#10678 = VERTEX_POINT('',#10679);
#10679 = CARTESIAN_POINT('',(30.89,16.255,12.5));
#10680 = CIRCLE('',#10681,1.);
#10681 = AXIS2_PLACEMENT_3D('',#10682,#10683,#10684);
#10682 = CARTESIAN_POINT('',(31.89,16.255,12.5));
#10683 = DIRECTION('',(0.,-1.,-2.2E-16));
#10684 = DIRECTION('',(1.,0.,0.));
#10685 = ORIENTED_EDGE('',*,*,#10686,.F.);
#10686 = EDGE_CURVE('',#10687,#10678,#10689,.T.);
#10687 = VERTEX_POINT('',#10688);
#10688 = CARTESIAN_POINT('',(30.89,16.255,7.5));
#10689 = LINE('',#10690,#10691);
#10690 = CARTESIAN_POINT('',(30.89,16.255,7.5));
#10691 = VECTOR('',#10692,1.);
#10692 = DIRECTION('',(0.,-2.2E-16,1.));
#10693 = ORIENTED_EDGE('',*,*,#10694,.F.);
#10694 = EDGE_CURVE('',#10695,#10687,#10697,.T.);
#10695 = VERTEX_POINT('',#10696);
#10696 = CARTESIAN_POINT('',(31.39,16.255,7.5));
#10697 = LINE('',#10698,#10699);
#10698 = CARTESIAN_POINT('',(31.39,16.255,7.5));
#10699 = VECTOR('',#10700,1.);
#10700 = DIRECTION('',(-1.,0.,0.));
#10701 = ORIENTED_EDGE('',*,*,#10702,.F.);
#10702 = EDGE_CURVE('',#10703,#10695,#10705,.T.);
#10703 = VERTEX_POINT('',#10704);
#10704 = CARTESIAN_POINT('',(31.39,16.255,12.5));
#10705 = LINE('',#10706,#10707);
#10706 = CARTESIAN_POINT('',(31.39,16.255,12.5));
#10707 = VECTOR('',#10708,1.);
#10708 = DIRECTION('',(0.,2.2E-16,-1.));
#10709 = ORIENTED_EDGE('',*,*,#10710,.F.);
#10710 = EDGE_CURVE('',#10711,#10703,#10713,.T.);
#10711 = VERTEX_POINT('',#10712);
#10712 = CARTESIAN_POINT('',(31.484232829274,16.255,12.792152362923));
#10713 = CIRCLE('',#10714,0.5);
#10714 = AXIS2_PLACEMENT_3D('',#10715,#10716,#10717);
#10715 = CARTESIAN_POINT('',(31.89,16.255,12.5));
#10716 = DIRECTION('',(0.,-1.,-2.2E-16));
#10717 = DIRECTION('',(1.,0.,0.));
#10718 = ORIENTED_EDGE('',*,*,#10719,.F.);
#10719 = EDGE_CURVE('',#10595,#10711,#10720,.T.);
#10720 = LINE('',#10721,#10722);
#10721 = CARTESIAN_POINT('',(35.084232829274,16.255,17.792152362923));
#10722 = VECTOR('',#10723,1.);
#10723 = DIRECTION('',(-0.584304725845,1.8E-16,-0.811534341451));
#10724 = PLANE('',#10725);
#10725 = AXIS2_PLACEMENT_3D('',#10726,#10727,#10728);
#10726 = CARTESIAN_POINT('',(34.806920296986,16.255,9.614973312943));
#10727 = DIRECTION('',(0.,-1.,-4.4E-16));
#10728 = DIRECTION('',(0.,4.4E-16,-1.));
#10729 = ADVANCED_FACE('',(#10730),#10741,.T.);
#10730 = FACE_BOUND('',#10731,.T.);
#10731 = EDGE_LOOP('',(#10732,#10738,#10739,#10740));
#10732 = ORIENTED_EDGE('',*,*,#10733,.F.);
#10733 = EDGE_CURVE('',#10645,#10619,#10734,.T.);
#10734 = LINE('',#10735,#10736);
#10735 = CARTESIAN_POINT('',(36.49,16.255,2.5));
#10736 = VECTOR('',#10737,1.);
#10737 = DIRECTION('',(-2.2E-16,1.,2.2E-16));
#10738 = ORIENTED_EDGE('',*,*,#10644,.T.);
#10739 = ORIENTED_EDGE('',*,*,#10262,.T.);
#10740 = ORIENTED_EDGE('',*,*,#10626,.F.);
#10741 = PLANE('',#10742);
#10742 = AXIS2_PLACEMENT_3D('',#10743,#10744,#10745);
#10743 = CARTESIAN_POINT('',(36.49,16.255,2.5));
#10744 = DIRECTION('',(-2.2E-16,2.2E-16,-1.));
#10745 = DIRECTION('',(0.,1.,2.2E-16));
#10746 = ADVANCED_FACE('',(#10747),#10772,.F.);
#10747 = FACE_BOUND('',#10748,.F.);
#10748 = EDGE_LOOP('',(#10749,#10757,#10758,#10766));
#10749 = ORIENTED_EDGE('',*,*,#10750,.T.);
#10750 = EDGE_CURVE('',#10751,#10303,#10753,.T.);
#10751 = VERTEX_POINT('',#10752);
#10752 = CARTESIAN_POINT('',(36.49,18.48,9.25));
#10753 = LINE('',#10754,#10755);
#10754 = CARTESIAN_POINT('',(36.49,18.48,9.25));
#10755 = VECTOR('',#10756,1.);
#10756 = DIRECTION('',(-1.,0.,2.2E-16));
#10757 = ORIENTED_EDGE('',*,*,#10302,.T.);
#10758 = ORIENTED_EDGE('',*,*,#10759,.F.);
#10759 = EDGE_CURVE('',#10760,#10305,#10762,.T.);
#10760 = VERTEX_POINT('',#10761);
#10761 = CARTESIAN_POINT('',(36.49,18.48,6.25));
#10762 = LINE('',#10763,#10764);
#10763 = CARTESIAN_POINT('',(36.49,18.48,6.25));
#10764 = VECTOR('',#10765,1.);
#10765 = DIRECTION('',(-1.,0.,2.2E-16));
#10766 = ORIENTED_EDGE('',*,*,#10767,.F.);
#10767 = EDGE_CURVE('',#10751,#10760,#10768,.T.);
#10768 = LINE('',#10769,#10770);
#10769 = CARTESIAN_POINT('',(36.49,18.48,9.25));
#10770 = VECTOR('',#10771,1.);
#10771 = DIRECTION('',(-2.2E-16,2.2E-16,-1.));
#10772 = PLANE('',#10773);
#10773 = AXIS2_PLACEMENT_3D('',#10774,#10775,#10776);
#10774 = CARTESIAN_POINT('',(36.49,18.48,9.25));
#10775 = DIRECTION('',(-0.,-1.,-2.2E-16));
#10776 = DIRECTION('',(-2.2E-16,2.2E-16,-1.));
#10777 = ADVANCED_FACE('',(#10778),#10796,.F.);
#10778 = FACE_BOUND('',#10779,.F.);
#10779 = EDGE_LOOP('',(#10780,#10781,#10782,#10790));
#10780 = ORIENTED_EDGE('',*,*,#10759,.T.);
#10781 = ORIENTED_EDGE('',*,*,#10360,.T.);
#10782 = ORIENTED_EDGE('',*,*,#10783,.F.);
#10783 = EDGE_CURVE('',#10784,#10353,#10786,.T.);
#10784 = VERTEX_POINT('',#10785);
#10785 = CARTESIAN_POINT('',(36.49,18.505,6.25));
#10786 = LINE('',#10787,#10788);
#10787 = CARTESIAN_POINT('',(36.49,18.505,6.25));
#10788 = VECTOR('',#10789,1.);
#10789 = DIRECTION('',(-1.,0.,2.2E-16));
#10790 = ORIENTED_EDGE('',*,*,#10791,.F.);
#10791 = EDGE_CURVE('',#10760,#10784,#10792,.T.);
#10792 = LINE('',#10793,#10794);
#10793 = CARTESIAN_POINT('',(36.49,18.48,6.25));
#10794 = VECTOR('',#10795,1.);
#10795 = DIRECTION('',(-2.2E-16,1.,2.2E-16));
#10796 = PLANE('',#10797);
#10797 = AXIS2_PLACEMENT_3D('',#10798,#10799,#10800);
#10798 = CARTESIAN_POINT('',(36.49,18.48,6.25));
#10799 = DIRECTION('',(-2.2E-16,2.2E-16,-1.));
#10800 = DIRECTION('',(0.,1.,2.2E-16));
#10801 = ADVANCED_FACE('',(#10802),#10854,.T.);
#10802 = FACE_BOUND('',#10803,.T.);
#10803 = EDGE_LOOP('',(#10804,#10805,#10813,#10822,#10830,#10838,#10846,
    #10853));
#10804 = ORIENTED_EDGE('',*,*,#10783,.F.);
#10805 = ORIENTED_EDGE('',*,*,#10806,.T.);
#10806 = EDGE_CURVE('',#10784,#10807,#10809,.T.);
#10807 = VERTEX_POINT('',#10808);
#10808 = CARTESIAN_POINT('',(36.49,18.505,6.5));
#10809 = LINE('',#10810,#10811);
#10810 = CARTESIAN_POINT('',(36.49,18.505,6.25));
#10811 = VECTOR('',#10812,1.);
#10812 = DIRECTION('',(-6.21E-15,-2.2E-16,1.));
#10813 = ORIENTED_EDGE('',*,*,#10814,.T.);
#10814 = EDGE_CURVE('',#10807,#10815,#10817,.T.);
#10815 = VERTEX_POINT('',#10816);
#10816 = CARTESIAN_POINT('',(36.590149954769,18.505,6.936199376545));
#10817 = CIRCLE('',#10818,1.);
#10818 = AXIS2_PLACEMENT_3D('',#10819,#10820,#10821);
#10819 = CARTESIAN_POINT('',(37.49,18.505,6.5));
#10820 = DIRECTION('',(-9.9E-16,1.,2.2E-16));
#10821 = DIRECTION('',(1.,9.9E-16,-1.E-17));
#10822 = ORIENTED_EDGE('',*,*,#10823,.F.);
#10823 = EDGE_CURVE('',#10824,#10815,#10826,.T.);
#10824 = VERTEX_POINT('',#10825);
#10825 = CARTESIAN_POINT('',(37.48,18.505,8.771900311728));
#10826 = LINE('',#10827,#10828);
#10827 = CARTESIAN_POINT('',(37.48,18.505,8.771900311728));
#10828 = VECTOR('',#10829,1.);
#10829 = DIRECTION('',(-0.436199376545,-2.3E-16,-0.899850045231));
#10830 = ORIENTED_EDGE('',*,*,#10831,.F.);
#10831 = EDGE_CURVE('',#10832,#10824,#10834,.T.);
#10832 = VERTEX_POINT('',#10833);
#10833 = CARTESIAN_POINT('',(37.030074977385,18.505,8.99));
#10834 = LINE('',#10835,#10836);
#10835 = CARTESIAN_POINT('',(37.030074977385,18.505,8.99));
#10836 = VECTOR('',#10837,1.);
#10837 = DIRECTION('',(0.899850045231,9.9E-16,-0.436199376545));
#10838 = ORIENTED_EDGE('',*,*,#10839,.F.);
#10839 = EDGE_CURVE('',#10840,#10832,#10842,.T.);
#10840 = VERTEX_POINT('',#10841);
#10841 = CARTESIAN_POINT('',(36.140224932154,18.505,7.154299064817));
#10842 = LINE('',#10843,#10844);
#10843 = CARTESIAN_POINT('',(36.140224932154,18.505,7.154299064817));
#10844 = VECTOR('',#10845,1.);
#10845 = DIRECTION('',(0.436199376545,2.3E-16,0.899850045231));
#10846 = ORIENTED_EDGE('',*,*,#10847,.F.);
#10847 = EDGE_CURVE('',#10345,#10840,#10848,.T.);
#10848 = CIRCLE('',#10849,1.5);
#10849 = AXIS2_PLACEMENT_3D('',#10850,#10851,#10852);
#10850 = CARTESIAN_POINT('',(37.49,18.505,6.5));
#10851 = DIRECTION('',(-9.9E-16,1.,2.2E-16));
#10852 = DIRECTION('',(1.,9.9E-16,-1.E-17));
#10853 = ORIENTED_EDGE('',*,*,#10352,.F.);
#10854 = PLANE('',#10855);
#10855 = AXIS2_PLACEMENT_3D('',#10856,#10857,#10858);
#10856 = CARTESIAN_POINT('',(36.74,18.505,7.625));
#10857 = DIRECTION('',(1.83E-15,-1.,-2.2E-16));
#10858 = DIRECTION('',(1.,1.83E-15,0.));
#10859 = ADVANCED_FACE('',(#10860),#10879,.T.);
#10860 = FACE_BOUND('',#10861,.T.);
#10861 = EDGE_LOOP('',(#10862,#10863,#10864,#10872));
#10862 = ORIENTED_EDGE('',*,*,#10344,.T.);
#10863 = ORIENTED_EDGE('',*,*,#10847,.T.);
#10864 = ORIENTED_EDGE('',*,*,#10865,.F.);
#10865 = EDGE_CURVE('',#10866,#10840,#10868,.T.);
#10866 = VERTEX_POINT('',#10867);
#10867 = CARTESIAN_POINT('',(36.140224932154,20.005,7.154299064817));
#10868 = LINE('',#10869,#10870);
#10869 = CARTESIAN_POINT('',(36.140224932154,20.005,7.154299064817));
#10870 = VECTOR('',#10871,1.);
#10871 = DIRECTION('',(9.9E-16,-1.,-2.2E-16));
#10872 = ORIENTED_EDGE('',*,*,#10873,.F.);
#10873 = EDGE_CURVE('',#10337,#10866,#10874,.T.);
#10874 = CIRCLE('',#10875,1.5);
#10875 = AXIS2_PLACEMENT_3D('',#10876,#10877,#10878);
#10876 = CARTESIAN_POINT('',(37.49,20.005,6.5));
#10877 = DIRECTION('',(-9.9E-16,1.,2.2E-16));
#10878 = DIRECTION('',(1.,9.9E-16,-1.E-17));
#10879 = CYLINDRICAL_SURFACE('',#10880,1.5);
#10880 = AXIS2_PLACEMENT_3D('',#10881,#10882,#10883);
#10881 = CARTESIAN_POINT('',(37.49,20.005,6.5));
#10882 = DIRECTION('',(-9.9E-16,1.,2.2E-16));
#10883 = DIRECTION('',(1.,9.9E-16,0.));
#10884 = ADVANCED_FACE('',(#10885),#10936,.T.);
#10885 = FACE_BOUND('',#10886,.T.);
#10886 = EDGE_LOOP('',(#10887,#10897,#10903,#10904,#10905,#10913,#10921,
    #10929));
#10887 = ORIENTED_EDGE('',*,*,#10888,.F.);
#10888 = EDGE_CURVE('',#10889,#10891,#10893,.T.);
#10889 = VERTEX_POINT('',#10890);
#10890 = CARTESIAN_POINT('',(36.49,20.005,6.25));
#10891 = VERTEX_POINT('',#10892);
#10892 = CARTESIAN_POINT('',(36.49,20.005,6.5));
#10893 = LINE('',#10894,#10895);
#10894 = CARTESIAN_POINT('',(36.49,20.005,6.25));
#10895 = VECTOR('',#10896,1.);
#10896 = DIRECTION('',(-6.21E-15,-2.2E-16,1.));
#10897 = ORIENTED_EDGE('',*,*,#10898,.T.);
#10898 = EDGE_CURVE('',#10889,#10329,#10899,.T.);
#10899 = LINE('',#10900,#10901);
#10900 = CARTESIAN_POINT('',(36.49,20.005,6.25));
#10901 = VECTOR('',#10902,1.);
#10902 = DIRECTION('',(-1.,0.,2.2E-16));
#10903 = ORIENTED_EDGE('',*,*,#10336,.T.);
#10904 = ORIENTED_EDGE('',*,*,#10873,.T.);
#10905 = ORIENTED_EDGE('',*,*,#10906,.T.);
#10906 = EDGE_CURVE('',#10866,#10907,#10909,.T.);
#10907 = VERTEX_POINT('',#10908);
#10908 = CARTESIAN_POINT('',(37.030074977385,20.005,8.99));
#10909 = LINE('',#10910,#10911);
#10910 = CARTESIAN_POINT('',(36.140224932154,20.005,7.154299064817));
#10911 = VECTOR('',#10912,1.);
#10912 = DIRECTION('',(0.436199376545,2.3E-16,0.899850045231));
#10913 = ORIENTED_EDGE('',*,*,#10914,.T.);
#10914 = EDGE_CURVE('',#10907,#10915,#10917,.T.);
#10915 = VERTEX_POINT('',#10916);
#10916 = CARTESIAN_POINT('',(37.48,20.005,8.771900311728));
#10917 = LINE('',#10918,#10919);
#10918 = CARTESIAN_POINT('',(37.030074977385,20.005,8.99));
#10919 = VECTOR('',#10920,1.);
#10920 = DIRECTION('',(0.899850045231,9.9E-16,-0.436199376545));
#10921 = ORIENTED_EDGE('',*,*,#10922,.T.);
#10922 = EDGE_CURVE('',#10915,#10923,#10925,.T.);
#10923 = VERTEX_POINT('',#10924);
#10924 = CARTESIAN_POINT('',(36.590149954769,20.005,6.936199376545));
#10925 = LINE('',#10926,#10927);
#10926 = CARTESIAN_POINT('',(37.48,20.005,8.771900311728));
#10927 = VECTOR('',#10928,1.);
#10928 = DIRECTION('',(-0.436199376545,-2.3E-16,-0.899850045231));
#10929 = ORIENTED_EDGE('',*,*,#10930,.F.);
#10930 = EDGE_CURVE('',#10891,#10923,#10931,.T.);
#10931 = CIRCLE('',#10932,1.);
#10932 = AXIS2_PLACEMENT_3D('',#10933,#10934,#10935);
#10933 = CARTESIAN_POINT('',(37.49,20.005,6.5));
#10934 = DIRECTION('',(-9.9E-16,1.,2.2E-16));
#10935 = DIRECTION('',(1.,9.9E-16,-1.E-17));
#10936 = PLANE('',#10937);
#10937 = AXIS2_PLACEMENT_3D('',#10938,#10939,#10940);
#10938 = CARTESIAN_POINT('',(36.74,20.005,7.625));
#10939 = DIRECTION('',(-9.9E-16,1.,2.2E-16));
#10940 = DIRECTION('',(-1.,-9.9E-16,0.));
#10941 = ADVANCED_FACE('',(#10942),#10960,.T.);
#10942 = FACE_BOUND('',#10943,.T.);
#10943 = EDGE_LOOP('',(#10944,#10952,#10953,#10954));
#10944 = ORIENTED_EDGE('',*,*,#10945,.T.);
#10945 = EDGE_CURVE('',#10946,#10321,#10948,.T.);
#10946 = VERTEX_POINT('',#10947);
#10947 = CARTESIAN_POINT('',(36.49,20.03,6.25));
#10948 = LINE('',#10949,#10950);
#10949 = CARTESIAN_POINT('',(36.49,20.03,6.25));
#10950 = VECTOR('',#10951,1.);
#10951 = DIRECTION('',(-1.,0.,2.2E-16));
#10952 = ORIENTED_EDGE('',*,*,#10328,.T.);
#10953 = ORIENTED_EDGE('',*,*,#10898,.F.);
#10954 = ORIENTED_EDGE('',*,*,#10955,.F.);
#10955 = EDGE_CURVE('',#10946,#10889,#10956,.T.);
#10956 = LINE('',#10957,#10958);
#10957 = CARTESIAN_POINT('',(36.49,20.03,6.25));
#10958 = VECTOR('',#10959,1.);
#10959 = DIRECTION('',(2.2E-16,-1.,-2.2E-16));
#10960 = PLANE('',#10961);
#10961 = AXIS2_PLACEMENT_3D('',#10962,#10963,#10964);
#10962 = CARTESIAN_POINT('',(36.49,20.03,6.25));
#10963 = DIRECTION('',(2.2E-16,-2.2E-16,1.));
#10964 = DIRECTION('',(0.,-1.,-2.2E-16));
#10965 = ADVANCED_FACE('',(#10966),#10984,.T.);
#10966 = FACE_BOUND('',#10967,.T.);
#10967 = EDGE_LOOP('',(#10968,#10976,#10977,#10978));
#10968 = ORIENTED_EDGE('',*,*,#10969,.T.);
#10969 = EDGE_CURVE('',#10970,#10313,#10972,.T.);
#10970 = VERTEX_POINT('',#10971);
#10971 = CARTESIAN_POINT('',(36.49,20.03,9.25));
#10972 = LINE('',#10973,#10974);
#10973 = CARTESIAN_POINT('',(36.49,20.03,9.25));
#10974 = VECTOR('',#10975,1.);
#10975 = DIRECTION('',(-1.,0.,2.2E-16));
#10976 = ORIENTED_EDGE('',*,*,#10320,.T.);
#10977 = ORIENTED_EDGE('',*,*,#10945,.F.);
#10978 = ORIENTED_EDGE('',*,*,#10979,.F.);
#10979 = EDGE_CURVE('',#10970,#10946,#10980,.T.);
#10980 = LINE('',#10981,#10982);
#10981 = CARTESIAN_POINT('',(36.49,20.03,9.25));
#10982 = VECTOR('',#10983,1.);
#10983 = DIRECTION('',(-2.2E-16,2.2E-16,-1.));
#10984 = PLANE('',#10985);
#10985 = AXIS2_PLACEMENT_3D('',#10986,#10987,#10988);
#10986 = CARTESIAN_POINT('',(36.49,20.03,9.25));
#10987 = DIRECTION('',(-0.,-1.,-2.2E-16));
#10988 = DIRECTION('',(-2.2E-16,2.2E-16,-1.));
#10989 = ADVANCED_FACE('',(#10990),#11001,.T.);
#10990 = FACE_BOUND('',#10991,.T.);
#10991 = EDGE_LOOP('',(#10992,#10993,#10994,#10995));
#10992 = ORIENTED_EDGE('',*,*,#10750,.T.);
#10993 = ORIENTED_EDGE('',*,*,#10312,.T.);
#10994 = ORIENTED_EDGE('',*,*,#10969,.F.);
#10995 = ORIENTED_EDGE('',*,*,#10996,.F.);
#10996 = EDGE_CURVE('',#10751,#10970,#10997,.T.);
#10997 = LINE('',#10998,#10999);
#10998 = CARTESIAN_POINT('',(36.49,18.48,9.25));
#10999 = VECTOR('',#11000,1.);
#11000 = DIRECTION('',(-2.2E-16,1.,2.2E-16));
#11001 = PLANE('',#11002);
#11002 = AXIS2_PLACEMENT_3D('',#11003,#11004,#11005);
#11003 = CARTESIAN_POINT('',(36.49,18.48,9.25));
#11004 = DIRECTION('',(-2.2E-16,2.2E-16,-1.));
#11005 = DIRECTION('',(0.,1.,2.2E-16));
#11006 = ADVANCED_FACE('',(#11007,#11024),#11037,.F.);
#11007 = FACE_BOUND('',#11008,.F.);
#11008 = EDGE_LOOP('',(#11009,#11010,#11011,#11012,#11013,#11014,#11015,
    #11016,#11022,#11023));
#11009 = ORIENTED_EDGE('',*,*,#10374,.T.);
#11010 = ORIENTED_EDGE('',*,*,#10405,.T.);
#11011 = ORIENTED_EDGE('',*,*,#10453,.T.);
#11012 = ORIENTED_EDGE('',*,*,#10569,.T.);
#11013 = ORIENTED_EDGE('',*,*,#10618,.F.);
#11014 = ORIENTED_EDGE('',*,*,#10733,.F.);
#11015 = ORIENTED_EDGE('',*,*,#10652,.T.);
#11016 = ORIENTED_EDGE('',*,*,#11017,.F.);
#11017 = EDGE_CURVE('',#10489,#10653,#11018,.T.);
#11018 = LINE('',#11019,#11020);
#11019 = CARTESIAN_POINT('',(36.49,22.255,17.5));
#11020 = VECTOR('',#11021,1.);
#11021 = DIRECTION('',(0.,-1.,-2.2E-16));
#11022 = ORIENTED_EDGE('',*,*,#10488,.F.);
#11023 = ORIENTED_EDGE('',*,*,#10429,.T.);
#11024 = FACE_BOUND('',#11025,.F.);
#11025 = EDGE_LOOP('',(#11026,#11027,#11028,#11029,#11035,#11036));
#11026 = ORIENTED_EDGE('',*,*,#10996,.F.);
#11027 = ORIENTED_EDGE('',*,*,#10767,.T.);
#11028 = ORIENTED_EDGE('',*,*,#10791,.T.);
#11029 = ORIENTED_EDGE('',*,*,#11030,.T.);
#11030 = EDGE_CURVE('',#10784,#10889,#11031,.T.);
#11031 = LINE('',#11032,#11033);
#11032 = CARTESIAN_POINT('',(36.49,18.505,6.25));
#11033 = VECTOR('',#11034,1.);
#11034 = DIRECTION('',(-2.2E-16,1.,2.2E-16));
#11035 = ORIENTED_EDGE('',*,*,#10955,.F.);
#11036 = ORIENTED_EDGE('',*,*,#10979,.F.);
#11037 = PLANE('',#11038);
#11038 = AXIS2_PLACEMENT_3D('',#11039,#11040,#11041);
#11039 = CARTESIAN_POINT('',(36.49,22.255,-3.2));
#11040 = DIRECTION('',(-1.,0.,0.));
#11041 = DIRECTION('',(0.,-2.2E-16,1.));
#11042 = ADVANCED_FACE('',(#11043),#11054,.T.);
#11043 = FACE_BOUND('',#11044,.T.);
#11044 = EDGE_LOOP('',(#11045,#11046,#11047,#11053));
#11045 = ORIENTED_EDGE('',*,*,#10603,.T.);
#11046 = ORIENTED_EDGE('',*,*,#10719,.T.);
#11047 = ORIENTED_EDGE('',*,*,#11048,.F.);
#11048 = EDGE_CURVE('',#10547,#10711,#11049,.T.);
#11049 = LINE('',#11050,#11051);
#11050 = CARTESIAN_POINT('',(31.484232829274,22.255,12.792152362923));
#11051 = VECTOR('',#11052,1.);
#11052 = DIRECTION('',(0.,-1.,-2.2E-16));
#11053 = ORIENTED_EDGE('',*,*,#10555,.F.);
#11054 = PLANE('',#11055);
#11055 = AXIS2_PLACEMENT_3D('',#11056,#11057,#11058);
#11056 = CARTESIAN_POINT('',(35.084232829274,22.255,17.792152362923));
#11057 = DIRECTION('',(0.811534341451,1.3E-16,-0.584304725845));
#11058 = DIRECTION('',(-0.584304725845,1.8E-16,-0.811534341451));
#11059 = ADVANCED_FACE('',(#11060),#11071,.F.);
#11060 = FACE_BOUND('',#11061,.T.);
#11061 = EDGE_LOOP('',(#11062,#11063,#11064,#11070));
#11062 = ORIENTED_EDGE('',*,*,#11048,.T.);
#11063 = ORIENTED_EDGE('',*,*,#10710,.T.);
#11064 = ORIENTED_EDGE('',*,*,#11065,.F.);
#11065 = EDGE_CURVE('',#10539,#10703,#11066,.T.);
#11066 = LINE('',#11067,#11068);
#11067 = CARTESIAN_POINT('',(31.39,22.255,12.5));
#11068 = VECTOR('',#11069,1.);
#11069 = DIRECTION('',(0.,-1.,-2.2E-16));
#11070 = ORIENTED_EDGE('',*,*,#10546,.F.);
#11071 = CYLINDRICAL_SURFACE('',#11072,0.5);
#11072 = AXIS2_PLACEMENT_3D('',#11073,#11074,#11075);
#11073 = CARTESIAN_POINT('',(31.89,22.255,12.5));
#11074 = DIRECTION('',(0.,1.,2.2E-16));
#11075 = DIRECTION('',(1.,0.,0.));
#11076 = ADVANCED_FACE('',(#11077),#11088,.T.);
#11077 = FACE_BOUND('',#11078,.T.);
#11078 = EDGE_LOOP('',(#11079,#11080,#11081,#11087));
#11079 = ORIENTED_EDGE('',*,*,#11065,.T.);
#11080 = ORIENTED_EDGE('',*,*,#10702,.T.);
#11081 = ORIENTED_EDGE('',*,*,#11082,.F.);
#11082 = EDGE_CURVE('',#10531,#10695,#11083,.T.);
#11083 = LINE('',#11084,#11085);
#11084 = CARTESIAN_POINT('',(31.39,22.255,7.5));
#11085 = VECTOR('',#11086,1.);
#11086 = DIRECTION('',(0.,-1.,-2.2E-16));
#11087 = ORIENTED_EDGE('',*,*,#10538,.F.);
#11088 = PLANE('',#11089);
#11089 = AXIS2_PLACEMENT_3D('',#11090,#11091,#11092);
#11090 = CARTESIAN_POINT('',(31.39,22.255,12.5));
#11091 = DIRECTION('',(1.,0.,0.));
#11092 = DIRECTION('',(0.,2.2E-16,-1.));
#11093 = ADVANCED_FACE('',(#11094),#11105,.T.);
#11094 = FACE_BOUND('',#11095,.T.);
#11095 = EDGE_LOOP('',(#11096,#11097,#11098,#11104));
#11096 = ORIENTED_EDGE('',*,*,#11082,.T.);
#11097 = ORIENTED_EDGE('',*,*,#10694,.T.);
#11098 = ORIENTED_EDGE('',*,*,#11099,.F.);
#11099 = EDGE_CURVE('',#10523,#10687,#11100,.T.);
#11100 = LINE('',#11101,#11102);
#11101 = CARTESIAN_POINT('',(30.89,22.255,7.5));
#11102 = VECTOR('',#11103,1.);
#11103 = DIRECTION('',(0.,-1.,-2.2E-16));
#11104 = ORIENTED_EDGE('',*,*,#10530,.F.);
#11105 = PLANE('',#11106);
#11106 = AXIS2_PLACEMENT_3D('',#11107,#11108,#11109);
#11107 = CARTESIAN_POINT('',(31.39,22.255,7.5));
#11108 = DIRECTION('',(0.,2.2E-16,-1.));
#11109 = DIRECTION('',(-1.,0.,0.));
#11110 = ADVANCED_FACE('',(#11111,#11122),#11133,.T.);
#11111 = FACE_BOUND('',#11112,.T.);
#11112 = EDGE_LOOP('',(#11113,#11114,#11115,#11121));
#11113 = ORIENTED_EDGE('',*,*,#11099,.T.);
#11114 = ORIENTED_EDGE('',*,*,#10686,.T.);
#11115 = ORIENTED_EDGE('',*,*,#11116,.F.);
#11116 = EDGE_CURVE('',#10514,#10678,#11117,.T.);
#11117 = LINE('',#11118,#11119);
#11118 = CARTESIAN_POINT('',(30.89,22.255,12.5));
#11119 = VECTOR('',#11120,1.);
#11120 = DIRECTION('',(0.,-1.,-2.2E-16));
#11121 = ORIENTED_EDGE('',*,*,#10522,.F.);
#11122 = FACE_BOUND('',#11123,.T.);
#11123 = EDGE_LOOP('',(#11124));
#11124 = ORIENTED_EDGE('',*,*,#11125,.F.);
#11125 = EDGE_CURVE('',#11126,#11126,#11128,.T.);
#11126 = VERTEX_POINT('',#11127);
#11127 = CARTESIAN_POINT('',(30.89,19.255,11.));
#11128 = CIRCLE('',#11129,0.5);
#11129 = AXIS2_PLACEMENT_3D('',#11130,#11131,#11132);
#11130 = CARTESIAN_POINT('',(30.89,19.255,11.5));
#11131 = DIRECTION('',(-1.,2.2E-16,-2.2E-16));
#11132 = DIRECTION('',(2.2E-16,2.2E-16,-1.));
#11133 = PLANE('',#11134);
#11134 = AXIS2_PLACEMENT_3D('',#11135,#11136,#11137);
#11135 = CARTESIAN_POINT('',(30.89,22.255,7.5));
#11136 = DIRECTION('',(-1.,0.,0.));
#11137 = DIRECTION('',(0.,-2.2E-16,1.));
#11138 = ADVANCED_FACE('',(#11139),#11150,.T.);
#11139 = FACE_BOUND('',#11140,.F.);
#11140 = EDGE_LOOP('',(#11141,#11147,#11148,#11149));
#11141 = ORIENTED_EDGE('',*,*,#11142,.T.);
#11142 = EDGE_CURVE('',#10506,#10670,#11143,.T.);
#11143 = LINE('',#11144,#11145);
#11144 = CARTESIAN_POINT('',(31.078465658549,22.255,13.084304725845));
#11145 = VECTOR('',#11146,1.);
#11146 = DIRECTION('',(0.,-1.,-2.2E-16));
#11147 = ORIENTED_EDGE('',*,*,#10677,.T.);
#11148 = ORIENTED_EDGE('',*,*,#11116,.F.);
#11149 = ORIENTED_EDGE('',*,*,#10513,.F.);
#11150 = CYLINDRICAL_SURFACE('',#11151,1.);
#11151 = AXIS2_PLACEMENT_3D('',#11152,#11153,#11154);
#11152 = CARTESIAN_POINT('',(31.89,22.255,12.5));
#11153 = DIRECTION('',(0.,1.,2.2E-16));
#11154 = DIRECTION('',(1.,0.,0.));
#11155 = ADVANCED_FACE('',(#11156),#11167,.T.);
#11156 = FACE_BOUND('',#11157,.T.);
#11157 = EDGE_LOOP('',(#11158,#11159,#11160,#11166));
#11158 = ORIENTED_EDGE('',*,*,#11142,.T.);
#11159 = ORIENTED_EDGE('',*,*,#10669,.T.);
#11160 = ORIENTED_EDGE('',*,*,#11161,.F.);
#11161 = EDGE_CURVE('',#10497,#10661,#11162,.T.);
#11162 = LINE('',#11163,#11164);
#11163 = CARTESIAN_POINT('',(34.678465658549,22.255,18.084304725845));
#11164 = VECTOR('',#11165,1.);
#11165 = DIRECTION('',(0.,-1.,-2.2E-16));
#11166 = ORIENTED_EDGE('',*,*,#10505,.F.);
#11167 = PLANE('',#11168);
#11168 = AXIS2_PLACEMENT_3D('',#11169,#11170,#11171);
#11169 = CARTESIAN_POINT('',(31.078465658549,22.255,13.084304725845));
#11170 = DIRECTION('',(-0.811534341451,-1.3E-16,0.584304725845));
#11171 = DIRECTION('',(0.584304725845,-1.8E-16,0.811534341451));
#11172 = ADVANCED_FACE('',(#11173),#11179,.T.);
#11173 = FACE_BOUND('',#11174,.F.);
#11174 = EDGE_LOOP('',(#11175,#11176,#11177,#11178));
#11175 = ORIENTED_EDGE('',*,*,#11017,.T.);
#11176 = ORIENTED_EDGE('',*,*,#10660,.T.);
#11177 = ORIENTED_EDGE('',*,*,#11161,.F.);
#11178 = ORIENTED_EDGE('',*,*,#10496,.F.);
#11179 = CYLINDRICAL_SURFACE('',#11180,1.);
#11180 = AXIS2_PLACEMENT_3D('',#11181,#11182,#11183);
#11181 = CARTESIAN_POINT('',(35.49,22.255,17.5));
#11182 = DIRECTION('',(0.,1.,2.2E-16));
#11183 = DIRECTION('',(1.,0.,0.));
#11184 = ADVANCED_FACE('',(#11185),#11196,.T.);
#11185 = FACE_BOUND('',#11186,.T.);
#11186 = EDGE_LOOP('',(#11187,#11188,#11189,#11195));
#11187 = ORIENTED_EDGE('',*,*,#10865,.T.);
#11188 = ORIENTED_EDGE('',*,*,#10839,.T.);
#11189 = ORIENTED_EDGE('',*,*,#11190,.F.);
#11190 = EDGE_CURVE('',#10907,#10832,#11191,.T.);
#11191 = LINE('',#11192,#11193);
#11192 = CARTESIAN_POINT('',(37.030074977385,20.005,8.99));
#11193 = VECTOR('',#11194,1.);
#11194 = DIRECTION('',(9.9E-16,-1.,-2.2E-16));
#11195 = ORIENTED_EDGE('',*,*,#10906,.F.);
#11196 = PLANE('',#11197);
#11197 = AXIS2_PLACEMENT_3D('',#11198,#11199,#11200);
#11198 = CARTESIAN_POINT('',(36.140224932154,20.005,7.154299064817));
#11199 = DIRECTION('',(-0.899850045231,-9.9E-16,0.436199376545));
#11200 = DIRECTION('',(0.436199376545,2.3E-16,0.899850045231));
#11201 = ADVANCED_FACE('',(#11202),#11213,.T.);
#11202 = FACE_BOUND('',#11203,.T.);
#11203 = EDGE_LOOP('',(#11204,#11205,#11206,#11212));
#11204 = ORIENTED_EDGE('',*,*,#11190,.T.);
#11205 = ORIENTED_EDGE('',*,*,#10831,.T.);
#11206 = ORIENTED_EDGE('',*,*,#11207,.F.);
#11207 = EDGE_CURVE('',#10915,#10824,#11208,.T.);
#11208 = LINE('',#11209,#11210);
#11209 = CARTESIAN_POINT('',(37.48,20.005,8.771900311728));
#11210 = VECTOR('',#11211,1.);
#11211 = DIRECTION('',(9.9E-16,-1.,-2.2E-16));
#11212 = ORIENTED_EDGE('',*,*,#10914,.F.);
#11213 = PLANE('',#11214);
#11214 = AXIS2_PLACEMENT_3D('',#11215,#11216,#11217);
#11215 = CARTESIAN_POINT('',(37.030074977385,20.005,8.99));
#11216 = DIRECTION('',(0.436199376545,2.3E-16,0.899850045231));
#11217 = DIRECTION('',(0.899850045231,9.9E-16,-0.436199376545));
#11218 = ADVANCED_FACE('',(#11219),#11230,.T.);
#11219 = FACE_BOUND('',#11220,.T.);
#11220 = EDGE_LOOP('',(#11221,#11222,#11223,#11229));
#11221 = ORIENTED_EDGE('',*,*,#11207,.T.);
#11222 = ORIENTED_EDGE('',*,*,#10823,.T.);
#11223 = ORIENTED_EDGE('',*,*,#11224,.F.);
#11224 = EDGE_CURVE('',#10923,#10815,#11225,.T.);
#11225 = LINE('',#11226,#11227);
#11226 = CARTESIAN_POINT('',(36.590149954769,20.005,6.936199376545));
#11227 = VECTOR('',#11228,1.);
#11228 = DIRECTION('',(9.9E-16,-1.,-2.2E-16));
#11229 = ORIENTED_EDGE('',*,*,#10922,.F.);
#11230 = PLANE('',#11231);
#11231 = AXIS2_PLACEMENT_3D('',#11232,#11233,#11234);
#11232 = CARTESIAN_POINT('',(37.48,20.005,8.771900311728));
#11233 = DIRECTION('',(0.899850045231,9.9E-16,-0.436199376545));
#11234 = DIRECTION('',(-0.436199376545,-2.3E-16,-0.899850045231));
#11235 = ADVANCED_FACE('',(#11236),#11247,.F.);
#11236 = FACE_BOUND('',#11237,.F.);
#11237 = EDGE_LOOP('',(#11238,#11244,#11245,#11246));
#11238 = ORIENTED_EDGE('',*,*,#11239,.T.);
#11239 = EDGE_CURVE('',#10891,#10807,#11240,.T.);
#11240 = LINE('',#11241,#11242);
#11241 = CARTESIAN_POINT('',(36.49,20.005,6.5));
#11242 = VECTOR('',#11243,1.);
#11243 = DIRECTION('',(9.9E-16,-1.,-2.2E-16));
#11244 = ORIENTED_EDGE('',*,*,#10814,.T.);
#11245 = ORIENTED_EDGE('',*,*,#11224,.F.);
#11246 = ORIENTED_EDGE('',*,*,#10930,.F.);
#11247 = CYLINDRICAL_SURFACE('',#11248,1.);
#11248 = AXIS2_PLACEMENT_3D('',#11249,#11250,#11251);
#11249 = CARTESIAN_POINT('',(37.49,20.005,6.5));
#11250 = DIRECTION('',(-9.9E-16,1.,2.2E-16));
#11251 = DIRECTION('',(1.,9.9E-16,0.));
#11252 = ADVANCED_FACE('',(#11253),#11259,.F.);
#11253 = FACE_BOUND('',#11254,.F.);
#11254 = EDGE_LOOP('',(#11255,#11256,#11257,#11258));
#11255 = ORIENTED_EDGE('',*,*,#11030,.F.);
#11256 = ORIENTED_EDGE('',*,*,#10806,.T.);
#11257 = ORIENTED_EDGE('',*,*,#11239,.F.);
#11258 = ORIENTED_EDGE('',*,*,#10888,.F.);
#11259 = PLANE('',#11260);
#11260 = AXIS2_PLACEMENT_3D('',#11261,#11262,#11263);
#11261 = CARTESIAN_POINT('',(36.49,20.005,6.25));
#11262 = DIRECTION('',(-1.,-9.9E-16,-6.22E-15));
#11263 = DIRECTION('',(-6.22E-15,-2.2E-16,1.));
#11264 = ADVANCED_FACE('',(#11265),#11284,.F.);
#11265 = FACE_BOUND('',#11266,.F.);
#11266 = EDGE_LOOP('',(#11267,#11275,#11282,#11283));
#11267 = ORIENTED_EDGE('',*,*,#11268,.T.);
#11268 = EDGE_CURVE('',#11126,#11269,#11271,.T.);
#11269 = VERTEX_POINT('',#11270);
#11270 = CARTESIAN_POINT('',(30.99,19.255,11.));
#11271 = LINE('',#11272,#11273);
#11272 = CARTESIAN_POINT('',(30.89,19.255,11.));
#11273 = VECTOR('',#11274,1.);
#11274 = DIRECTION('',(1.,0.,2.2E-16));
#11275 = ORIENTED_EDGE('',*,*,#11276,.T.);
#11276 = EDGE_CURVE('',#11269,#11269,#11277,.T.);
#11277 = CIRCLE('',#11278,0.5);
#11278 = AXIS2_PLACEMENT_3D('',#11279,#11280,#11281);
#11279 = CARTESIAN_POINT('',(30.99,19.255,11.5));
#11280 = DIRECTION('',(-1.,2.2E-16,-2.2E-16));
#11281 = DIRECTION('',(2.2E-16,2.2E-16,-1.));
#11282 = ORIENTED_EDGE('',*,*,#11268,.F.);
#11283 = ORIENTED_EDGE('',*,*,#11125,.F.);
#11284 = CYLINDRICAL_SURFACE('',#11285,0.5);
#11285 = AXIS2_PLACEMENT_3D('',#11286,#11287,#11288);
#11286 = CARTESIAN_POINT('',(30.89,19.255,11.5));
#11287 = DIRECTION('',(-1.,0.,-2.2E-16));
#11288 = DIRECTION('',(2.2E-16,2.2E-16,-1.));
#11289 = ADVANCED_FACE('',(#11290),#11293,.T.);
#11290 = FACE_BOUND('',#11291,.T.);
#11291 = EDGE_LOOP('',(#11292));
#11292 = ORIENTED_EDGE('',*,*,#11276,.T.);
#11293 = PLANE('',#11294);
#11294 = AXIS2_PLACEMENT_3D('',#11295,#11296,#11297);
#11295 = CARTESIAN_POINT('',(30.99,19.255,11.5));
#11296 = DIRECTION('',(-1.,0.,0.));
#11297 = DIRECTION('',(0.,2.2E-16,-1.));
#11298 = ( GEOMETRIC_REPRESENTATION_CONTEXT(3) 
GLOBAL_UNCERTAINTY_ASSIGNED_CONTEXT((#11302)) 
GLOBAL_UNIT_ASSIGNED_CONTEXT((#11299,#11300,#11301)) 
REPRESENTATION_CONTEXT('Context #1',
  '3D Context with UNIT and UNCERTAINTY') );
#11299 = ( LENGTH_UNIT() NAMED_UNIT(*) SI_UNIT(.MILLI.,.METRE.) );
#11300 = ( NAMED_UNIT(*) PLANE_ANGLE_UNIT() SI_UNIT($,.RADIAN.) );
#11301 = ( NAMED_UNIT(*) SI_UNIT($,.STERADIAN.) SOLID_ANGLE_UNIT() );
#11302 = UNCERTAINTY_MEASURE_WITH_UNIT(LENGTH_MEASURE(1.E-05),#11299,
  'distance_accuracy_value','confusion accuracy');
#11303 = SHAPE_DEFINITION_REPRESENTATION(#11304,#11310);
#11304 = PRODUCT_DEFINITION_SHAPE('','',#11305);
#11305 = PRODUCT_DEFINITION('design','',#11306,#11309);
#11306 = PRODUCT_DEFINITION_FORMATION_WITH_SPECIFIED_SOURCE('','',#11307
  ,.NOT_KNOWN.);
#11307 = PRODUCT('Body003','Body003','',(#11308));
#11308 = MECHANICAL_CONTEXT('',#2,'mechanical');
#11309 = DESIGN_CONTEXT('',#2,'design');
#11310 = SHAPE_REPRESENTATION('',(#11),#11311);
#11311 = ( GEOMETRIC_REPRESENTATION_CONTEXT(3) 
GLOBAL_UNCERTAINTY_ASSIGNED_CONTEXT((#11315)) 
GLOBAL_UNIT_ASSIGNED_CONTEXT((#11312,#11313,#11314)) 
REPRESENTATION_CONTEXT('Context #1',
  '3D Context with UNIT and UNCERTAINTY') );
#11312 = ( LENGTH_UNIT() NAMED_UNIT(*) SI_UNIT(.MILLI.,.METRE.) );
#11313 = ( NAMED_UNIT(*) PLANE_ANGLE_UNIT() SI_UNIT($,.RADIAN.) );
#11314 = ( NAMED_UNIT(*) SI_UNIT($,.STERADIAN.) SOLID_ANGLE_UNIT() );
#11315 = UNCERTAINTY_MEASURE_WITH_UNIT(LENGTH_MEASURE(1.E-05),#11312,
  'distance_accuracy_value','confusion accuracy');
#11316 = PRODUCT_RELATED_PRODUCT_CATEGORY('detail',$,(#11307));
#11317 = PRODUCT_CATEGORY_RELATIONSHIP('','',#11318,#11316);
#11318 = PRODUCT_CATEGORY('part',$);
#11319 = CC_DESIGN_PERSON_AND_ORGANIZATION_ASSIGNMENT(#7978,#7981,(
    #11306,#11305));
#11320 = CC_DESIGN_PERSON_AND_ORGANIZATION_ASSIGNMENT(#7978,#7983,(
    #11307));
#11321 = CC_DESIGN_PERSON_AND_ORGANIZATION_ASSIGNMENT(#7978,#7985,(
    #11306));
#11322 = CC_DESIGN_PERSON_AND_ORGANIZATION_ASSIGNMENT(#7978,#7987,(
    #11323));
#11323 = SECURITY_CLASSIFICATION('','',#7989);
#11324 = CC_DESIGN_SECURITY_CLASSIFICATION(#11323,(#11306));
#11325 = CC_DESIGN_DATE_AND_TIME_ASSIGNMENT(#7992,#7996,(#11305));
#11326 = CC_DESIGN_DATE_AND_TIME_ASSIGNMENT(#7992,#7998,(#11323));
#11327 = CC_DESIGN_APPROVAL(#8000,(#11306,#11305,#11323));
#11328 = SHAPE_REPRESENTATION_RELATIONSHIP('','',#11329,#11310);
#11329 = ADVANCED_BREP_SHAPE_REPRESENTATION('',(#11,#11330),#12414);
#11330 = MANIFOLD_SOLID_BREP('',#11331);
#11331 = CLOSED_SHELL('',(#11332,#11486,#11517,#11541,#11565,#11589,
    #11681,#11705,#11730,#11754,#11845,#11862,#11893,#11917,#11975,
    #12000,#12057,#12081,#12105,#12122,#12158,#12175,#12192,#12209,
    #12226,#12254,#12271,#12288,#12300,#12317,#12334,#12351,#12368,
    #12380,#12405));
#11332 = ADVANCED_FACE('',(#11333,#11415),#11481,.F.);
#11333 = FACE_BOUND('',#11334,.F.);
#11334 = EDGE_LOOP('',(#11335,#11345,#11353,#11361,#11369,#11377,#11385,
    #11393,#11401,#11409));
#11335 = ORIENTED_EDGE('',*,*,#11336,.F.);
#11336 = EDGE_CURVE('',#11337,#11339,#11341,.T.);
#11337 = VERTEX_POINT('',#11338);
#11338 = CARTESIAN_POINT('',(-35.99,18.595,2.5));
#11339 = VERTEX_POINT('',#11340);
#11340 = CARTESIAN_POINT('',(-35.99,18.595,-2.7));
#11341 = LINE('',#11342,#11343);
#11342 = CARTESIAN_POINT('',(-35.99,18.595,10.));
#11343 = VECTOR('',#11344,1.);
#11344 = DIRECTION('',(0.,-2.2E-16,-1.));
#11345 = ORIENTED_EDGE('',*,*,#11346,.F.);
#11346 = EDGE_CURVE('',#11347,#11337,#11349,.T.);
#11347 = VERTEX_POINT('',#11348);
#11348 = CARTESIAN_POINT('',(-35.99,16.345,2.5));
#11349 = LINE('',#11350,#11351);
#11350 = CARTESIAN_POINT('',(-35.99,16.345,2.5));
#11351 = VECTOR('',#11352,1.);
#11352 = DIRECTION('',(-0.,1.,-2.2E-16));
#11353 = ORIENTED_EDGE('',*,*,#11354,.F.);
#11354 = EDGE_CURVE('',#11355,#11347,#11357,.T.);
#11355 = VERTEX_POINT('',#11356);
#11356 = CARTESIAN_POINT('',(-35.99,16.345,17.5));
#11357 = LINE('',#11358,#11359);
#11358 = CARTESIAN_POINT('',(-35.99,16.345,17.5));
#11359 = VECTOR('',#11360,1.);
#11360 = DIRECTION('',(0.,-2.2E-16,-1.));
#11361 = ORIENTED_EDGE('',*,*,#11362,.T.);
#11362 = EDGE_CURVE('',#11355,#11363,#11365,.T.);
#11363 = VERTEX_POINT('',#11364);
#11364 = CARTESIAN_POINT('',(-35.99,22.345,17.5));
#11365 = LINE('',#11366,#11367);
#11366 = CARTESIAN_POINT('',(-35.99,16.345,17.5));
#11367 = VECTOR('',#11368,1.);
#11368 = DIRECTION('',(-0.,1.,-2.2E-16));
#11369 = ORIENTED_EDGE('',*,*,#11370,.T.);
#11370 = EDGE_CURVE('',#11363,#11371,#11373,.T.);
#11371 = VERTEX_POINT('',#11372);
#11372 = CARTESIAN_POINT('',(-35.99,22.345,2.5));
#11373 = LINE('',#11374,#11375);
#11374 = CARTESIAN_POINT('',(-35.99,22.345,17.5));
#11375 = VECTOR('',#11376,1.);
#11376 = DIRECTION('',(0.,-2.2E-16,-1.));
#11377 = ORIENTED_EDGE('',*,*,#11378,.T.);
#11378 = EDGE_CURVE('',#11371,#11379,#11381,.T.);
#11379 = VERTEX_POINT('',#11380);
#11380 = CARTESIAN_POINT('',(-35.99,20.095,2.5));
#11381 = LINE('',#11382,#11383);
#11382 = CARTESIAN_POINT('',(-35.99,19.345,2.5));
#11383 = VECTOR('',#11384,1.);
#11384 = DIRECTION('',(0.,-1.,2.2E-16));
#11385 = ORIENTED_EDGE('',*,*,#11386,.T.);
#11386 = EDGE_CURVE('',#11379,#11387,#11389,.T.);
#11387 = VERTEX_POINT('',#11388);
#11388 = CARTESIAN_POINT('',(-35.99,20.095,-2.7));
#11389 = LINE('',#11390,#11391);
#11390 = CARTESIAN_POINT('',(-35.99,20.095,10.));
#11391 = VECTOR('',#11392,1.);
#11392 = DIRECTION('',(0.,-2.2E-16,-1.));
#11393 = ORIENTED_EDGE('',*,*,#11394,.F.);
#11394 = EDGE_CURVE('',#11395,#11387,#11397,.T.);
#11395 = VERTEX_POINT('',#11396);
#11396 = CARTESIAN_POINT('',(-35.99,19.595,-3.2));
#11397 = LINE('',#11398,#11399);
#11398 = CARTESIAN_POINT('',(-35.99,24.0825,1.2875));
#11399 = VECTOR('',#11400,1.);
#11400 = DIRECTION('',(0.,0.707106781187,0.707106781187));
#11401 = ORIENTED_EDGE('',*,*,#11402,.F.);
#11402 = EDGE_CURVE('',#11403,#11395,#11405,.T.);
#11403 = VERTEX_POINT('',#11404);
#11404 = CARTESIAN_POINT('',(-35.99,19.095,-3.2));
#11405 = LINE('',#11406,#11407);
#11406 = CARTESIAN_POINT('',(-35.99,16.345,-3.2));
#11407 = VECTOR('',#11408,1.);
#11408 = DIRECTION('',(-0.,1.,-2.2E-16));
#11409 = ORIENTED_EDGE('',*,*,#11410,.F.);
#11410 = EDGE_CURVE('',#11339,#11403,#11411,.T.);
#11411 = LINE('',#11412,#11413);
#11412 = CARTESIAN_POINT('',(-35.99,13.1075,2.7875));
#11413 = VECTOR('',#11414,1.);
#11414 = DIRECTION('',(-0.,0.707106781187,-0.707106781187));
#11415 = FACE_BOUND('',#11416,.F.);
#11416 = EDGE_LOOP('',(#11417,#11427,#11435,#11443,#11451,#11459,#11467,
    #11475));
#11417 = ORIENTED_EDGE('',*,*,#11418,.F.);
#11418 = EDGE_CURVE('',#11419,#11421,#11423,.T.);
#11419 = VERTEX_POINT('',#11420);
#11420 = CARTESIAN_POINT('',(-35.99,20.12,9.25));
#11421 = VERTEX_POINT('',#11422);
#11422 = CARTESIAN_POINT('',(-35.99,20.12,6.25));
#11423 = LINE('',#11424,#11425);
#11424 = CARTESIAN_POINT('',(-35.99,20.12,9.25));
#11425 = VECTOR('',#11426,1.);
#11426 = DIRECTION('',(2.2E-16,-2.2E-16,-1.));
#11427 = ORIENTED_EDGE('',*,*,#11428,.T.);
#11428 = EDGE_CURVE('',#11419,#11429,#11431,.T.);
#11429 = VERTEX_POINT('',#11430);
#11430 = CARTESIAN_POINT('',(-35.99,18.57,9.25));
#11431 = LINE('',#11432,#11433);
#11432 = CARTESIAN_POINT('',(-35.99,20.12,9.25));
#11433 = VECTOR('',#11434,1.);
#11434 = DIRECTION('',(2.2E-16,-1.,2.2E-16));
#11435 = ORIENTED_EDGE('',*,*,#11436,.T.);
#11436 = EDGE_CURVE('',#11429,#11437,#11439,.T.);
#11437 = VERTEX_POINT('',#11438);
#11438 = CARTESIAN_POINT('',(-35.99,18.57,6.25));
#11439 = LINE('',#11440,#11441);
#11440 = CARTESIAN_POINT('',(-35.99,18.57,9.25));
#11441 = VECTOR('',#11442,1.);
#11442 = DIRECTION('',(2.2E-16,-2.2E-16,-1.));
#11443 = ORIENTED_EDGE('',*,*,#11444,.T.);
#11444 = EDGE_CURVE('',#11437,#11445,#11447,.T.);
#11445 = VERTEX_POINT('',#11446);
#11446 = CARTESIAN_POINT('',(-35.99,18.595,6.25));
#11447 = LINE('',#11448,#11449);
#11448 = CARTESIAN_POINT('',(-35.99,18.57,6.25));
#11449 = VECTOR('',#11450,1.);
#11450 = DIRECTION('',(-2.2E-16,1.,-2.2E-16));
#11451 = ORIENTED_EDGE('',*,*,#11452,.T.);
#11452 = EDGE_CURVE('',#11445,#11453,#11455,.T.);
#11453 = VERTEX_POINT('',#11454);
#11454 = CARTESIAN_POINT('',(-35.99,18.595,6.5));
#11455 = LINE('',#11456,#11457);
#11456 = CARTESIAN_POINT('',(-35.99,18.595,6.25));
#11457 = VECTOR('',#11458,1.);
#11458 = DIRECTION('',(-2.2E-16,2.2E-16,1.));
#11459 = ORIENTED_EDGE('',*,*,#11460,.T.);
#11460 = EDGE_CURVE('',#11453,#11461,#11463,.T.);
#11461 = VERTEX_POINT('',#11462);
#11462 = CARTESIAN_POINT('',(-35.99,20.095,6.5));
#11463 = LINE('',#11464,#11465);
#11464 = CARTESIAN_POINT('',(-35.99,18.595,6.5));
#11465 = VECTOR('',#11466,1.);
#11466 = DIRECTION('',(-9.9E-16,1.,-2.2E-16));
#11467 = ORIENTED_EDGE('',*,*,#11468,.F.);
#11468 = EDGE_CURVE('',#11469,#11461,#11471,.T.);
#11469 = VERTEX_POINT('',#11470);
#11470 = CARTESIAN_POINT('',(-35.99,20.095,6.25));
#11471 = LINE('',#11472,#11473);
#11472 = CARTESIAN_POINT('',(-35.99,20.095,6.25));
#11473 = VECTOR('',#11474,1.);
#11474 = DIRECTION('',(-2.2E-16,2.2E-16,1.));
#11475 = ORIENTED_EDGE('',*,*,#11476,.F.);
#11476 = EDGE_CURVE('',#11421,#11469,#11477,.T.);
#11477 = LINE('',#11478,#11479);
#11478 = CARTESIAN_POINT('',(-35.99,20.12,6.25));
#11479 = VECTOR('',#11480,1.);
#11480 = DIRECTION('',(2.2E-16,-1.,2.2E-16));
#11481 = PLANE('',#11482);
#11482 = AXIS2_PLACEMENT_3D('',#11483,#11484,#11485);
#11483 = CARTESIAN_POINT('',(-35.99,16.345,17.5));
#11484 = DIRECTION('',(-1.,0.,0.));
#11485 = DIRECTION('',(0.,-2.2E-16,-1.));
#11486 = ADVANCED_FACE('',(#11487),#11512,.F.);
#11487 = FACE_BOUND('',#11488,.F.);
#11488 = EDGE_LOOP('',(#11489,#11499,#11505,#11506));
#11489 = ORIENTED_EDGE('',*,*,#11490,.F.);
#11490 = EDGE_CURVE('',#11491,#11493,#11495,.T.);
#11491 = VERTEX_POINT('',#11492);
#11492 = CARTESIAN_POINT('',(-36.49,18.595,2.5));
#11493 = VERTEX_POINT('',#11494);
#11494 = CARTESIAN_POINT('',(-36.49,18.595,-2.7));
#11495 = LINE('',#11496,#11497);
#11496 = CARTESIAN_POINT('',(-36.49,18.595,2.5));
#11497 = VECTOR('',#11498,1.);
#11498 = DIRECTION('',(2.2E-16,-2.2E-16,-1.));
#11499 = ORIENTED_EDGE('',*,*,#11500,.T.);
#11500 = EDGE_CURVE('',#11491,#11337,#11501,.T.);
#11501 = LINE('',#11502,#11503);
#11502 = CARTESIAN_POINT('',(-36.49,18.595,2.5));
#11503 = VECTOR('',#11504,1.);
#11504 = DIRECTION('',(1.,0.,2.2E-16));
#11505 = ORIENTED_EDGE('',*,*,#11336,.T.);
#11506 = ORIENTED_EDGE('',*,*,#11507,.F.);
#11507 = EDGE_CURVE('',#11493,#11339,#11508,.T.);
#11508 = LINE('',#11509,#11510);
#11509 = CARTESIAN_POINT('',(-36.49,18.595,-2.7));
#11510 = VECTOR('',#11511,1.);
#11511 = DIRECTION('',(1.,0.,2.2E-16));
#11512 = PLANE('',#11513);
#11513 = AXIS2_PLACEMENT_3D('',#11514,#11515,#11516);
#11514 = CARTESIAN_POINT('',(-36.49,18.595,2.5));
#11515 = DIRECTION('',(0.,1.,-2.2E-16));
#11516 = DIRECTION('',(2.2E-16,-2.2E-16,-1.));
#11517 = ADVANCED_FACE('',(#11518),#11536,.T.);
#11518 = FACE_BOUND('',#11519,.F.);
#11519 = EDGE_LOOP('',(#11520,#11528,#11529,#11530));
#11520 = ORIENTED_EDGE('',*,*,#11521,.F.);
#11521 = EDGE_CURVE('',#11493,#11522,#11524,.T.);
#11522 = VERTEX_POINT('',#11523);
#11523 = CARTESIAN_POINT('',(-36.49,19.095,-3.2));
#11524 = LINE('',#11525,#11526);
#11525 = CARTESIAN_POINT('',(-36.49,18.2825,-2.3875));
#11526 = VECTOR('',#11527,1.);
#11527 = DIRECTION('',(-0.,0.707106781187,-0.707106781187));
#11528 = ORIENTED_EDGE('',*,*,#11507,.T.);
#11529 = ORIENTED_EDGE('',*,*,#11410,.T.);
#11530 = ORIENTED_EDGE('',*,*,#11531,.F.);
#11531 = EDGE_CURVE('',#11522,#11403,#11532,.T.);
#11532 = LINE('',#11533,#11534);
#11533 = CARTESIAN_POINT('',(-36.49,19.095,-3.2));
#11534 = VECTOR('',#11535,1.);
#11535 = DIRECTION('',(1.,0.,2.2E-16));
#11536 = PLANE('',#11537);
#11537 = AXIS2_PLACEMENT_3D('',#11538,#11539,#11540);
#11538 = CARTESIAN_POINT('',(-36.49,18.845,-2.95));
#11539 = DIRECTION('',(0.,-0.707106781187,-0.707106781187));
#11540 = DIRECTION('',(-1.,1.1E-16,-1.1E-16));
#11541 = ADVANCED_FACE('',(#11542),#11560,.F.);
#11542 = FACE_BOUND('',#11543,.F.);
#11543 = EDGE_LOOP('',(#11544,#11552,#11558,#11559));
#11544 = ORIENTED_EDGE('',*,*,#11545,.F.);
#11545 = EDGE_CURVE('',#11546,#11491,#11548,.T.);
#11546 = VERTEX_POINT('',#11547);
#11547 = CARTESIAN_POINT('',(-36.49,16.345,2.5));
#11548 = LINE('',#11549,#11550);
#11549 = CARTESIAN_POINT('',(-36.49,16.345,2.5));
#11550 = VECTOR('',#11551,1.);
#11551 = DIRECTION('',(-2.2E-16,1.,-2.2E-16));
#11552 = ORIENTED_EDGE('',*,*,#11553,.T.);
#11553 = EDGE_CURVE('',#11546,#11347,#11554,.T.);
#11554 = LINE('',#11555,#11556);
#11555 = CARTESIAN_POINT('',(-36.49,16.345,2.5));
#11556 = VECTOR('',#11557,1.);
#11557 = DIRECTION('',(1.,0.,2.2E-16));
#11558 = ORIENTED_EDGE('',*,*,#11346,.T.);
#11559 = ORIENTED_EDGE('',*,*,#11500,.F.);
#11560 = PLANE('',#11561);
#11561 = AXIS2_PLACEMENT_3D('',#11562,#11563,#11564);
#11562 = CARTESIAN_POINT('',(-36.49,16.345,2.5));
#11563 = DIRECTION('',(-2.2E-16,2.2E-16,1.));
#11564 = DIRECTION('',(-0.,1.,-2.2E-16));
#11565 = ADVANCED_FACE('',(#11566),#11584,.F.);
#11566 = FACE_BOUND('',#11567,.F.);
#11567 = EDGE_LOOP('',(#11568,#11576,#11577,#11578));
#11568 = ORIENTED_EDGE('',*,*,#11569,.F.);
#11569 = EDGE_CURVE('',#11522,#11570,#11572,.T.);
#11570 = VERTEX_POINT('',#11571);
#11571 = CARTESIAN_POINT('',(-36.49,19.595,-3.2));
#11572 = LINE('',#11573,#11574);
#11573 = CARTESIAN_POINT('',(-36.49,16.345,-3.2));
#11574 = VECTOR('',#11575,1.);
#11575 = DIRECTION('',(-0.,1.,-2.2E-16));
#11576 = ORIENTED_EDGE('',*,*,#11531,.T.);
#11577 = ORIENTED_EDGE('',*,*,#11402,.T.);
#11578 = ORIENTED_EDGE('',*,*,#11579,.F.);
#11579 = EDGE_CURVE('',#11570,#11395,#11580,.T.);
#11580 = LINE('',#11581,#11582);
#11581 = CARTESIAN_POINT('',(-36.49,19.595,-3.2));
#11582 = VECTOR('',#11583,1.);
#11583 = DIRECTION('',(1.,0.,2.2E-16));
#11584 = PLANE('',#11585);
#11585 = AXIS2_PLACEMENT_3D('',#11586,#11587,#11588);
#11586 = CARTESIAN_POINT('',(-35.99,16.345,-3.2));
#11587 = DIRECTION('',(0.,2.2E-16,1.));
#11588 = DIRECTION('',(-1.,0.,0.));
#11589 = ADVANCED_FACE('',(#11590),#11676,.F.);
#11590 = FACE_BOUND('',#11591,.F.);
#11591 = EDGE_LOOP('',(#11592,#11601,#11602,#11603,#11611,#11620,#11628,
    #11637,#11645,#11653,#11661,#11670));
#11592 = ORIENTED_EDGE('',*,*,#11593,.F.);
#11593 = EDGE_CURVE('',#11355,#11594,#11596,.T.);
#11594 = VERTEX_POINT('',#11595);
#11595 = CARTESIAN_POINT('',(-35.08423282927,16.345,17.792152362923));
#11596 = CIRCLE('',#11597,0.5);
#11597 = AXIS2_PLACEMENT_3D('',#11598,#11599,#11600);
#11598 = CARTESIAN_POINT('',(-35.49,16.345,17.5));
#11599 = DIRECTION('',(0.,1.,-2.2E-16));
#11600 = DIRECTION('',(-1.,0.,0.));
#11601 = ORIENTED_EDGE('',*,*,#11354,.T.);
#11602 = ORIENTED_EDGE('',*,*,#11553,.F.);
#11603 = ORIENTED_EDGE('',*,*,#11604,.T.);
#11604 = EDGE_CURVE('',#11546,#11605,#11607,.T.);
#11605 = VERTEX_POINT('',#11606);
#11606 = CARTESIAN_POINT('',(-36.49,16.345,17.5));
#11607 = LINE('',#11608,#11609);
#11608 = CARTESIAN_POINT('',(-36.49,16.345,-3.2));
#11609 = VECTOR('',#11610,1.);
#11610 = DIRECTION('',(0.,2.2E-16,1.));
#11611 = ORIENTED_EDGE('',*,*,#11612,.T.);
#11612 = EDGE_CURVE('',#11605,#11613,#11615,.T.);
#11613 = VERTEX_POINT('',#11614);
#11614 = CARTESIAN_POINT('',(-34.67846565854,16.345,18.084304725845));
#11615 = CIRCLE('',#11616,1.);
#11616 = AXIS2_PLACEMENT_3D('',#11617,#11618,#11619);
#11617 = CARTESIAN_POINT('',(-35.49,16.345,17.5));
#11618 = DIRECTION('',(0.,1.,-2.2E-16));
#11619 = DIRECTION('',(-1.,0.,0.));
#11620 = ORIENTED_EDGE('',*,*,#11621,.F.);
#11621 = EDGE_CURVE('',#11622,#11613,#11624,.T.);
#11622 = VERTEX_POINT('',#11623);
#11623 = CARTESIAN_POINT('',(-31.07846565854,16.345,13.084304725845));
#11624 = LINE('',#11625,#11626);
#11625 = CARTESIAN_POINT('',(-31.07846565854,16.345,13.084304725845));
#11626 = VECTOR('',#11627,1.);
#11627 = DIRECTION('',(-0.584304725845,1.8E-16,0.811534341451));
#11628 = ORIENTED_EDGE('',*,*,#11629,.T.);
#11629 = EDGE_CURVE('',#11622,#11630,#11632,.T.);
#11630 = VERTEX_POINT('',#11631);
#11631 = CARTESIAN_POINT('',(-30.89,16.345,12.5));
#11632 = CIRCLE('',#11633,1.);
#11633 = AXIS2_PLACEMENT_3D('',#11634,#11635,#11636);
#11634 = CARTESIAN_POINT('',(-31.89,16.345,12.5));
#11635 = DIRECTION('',(0.,1.,-2.2E-16));
#11636 = DIRECTION('',(-1.,0.,0.));
#11637 = ORIENTED_EDGE('',*,*,#11638,.F.);
#11638 = EDGE_CURVE('',#11639,#11630,#11641,.T.);
#11639 = VERTEX_POINT('',#11640);
#11640 = CARTESIAN_POINT('',(-30.89,16.345,7.5));
#11641 = LINE('',#11642,#11643);
#11642 = CARTESIAN_POINT('',(-30.89,16.345,7.5));
#11643 = VECTOR('',#11644,1.);
#11644 = DIRECTION('',(0.,2.2E-16,1.));
#11645 = ORIENTED_EDGE('',*,*,#11646,.F.);
#11646 = EDGE_CURVE('',#11647,#11639,#11649,.T.);
#11647 = VERTEX_POINT('',#11648);
#11648 = CARTESIAN_POINT('',(-31.39,16.345,7.5));
#11649 = LINE('',#11650,#11651);
#11650 = CARTESIAN_POINT('',(-31.39,16.345,7.5));
#11651 = VECTOR('',#11652,1.);
#11652 = DIRECTION('',(1.,0.,0.));
#11653 = ORIENTED_EDGE('',*,*,#11654,.F.);
#11654 = EDGE_CURVE('',#11655,#11647,#11657,.T.);
#11655 = VERTEX_POINT('',#11656);
#11656 = CARTESIAN_POINT('',(-31.39,16.345,12.5));
#11657 = LINE('',#11658,#11659);
#11658 = CARTESIAN_POINT('',(-31.39,16.345,12.5));
#11659 = VECTOR('',#11660,1.);
#11660 = DIRECTION('',(0.,-2.2E-16,-1.));
#11661 = ORIENTED_EDGE('',*,*,#11662,.F.);
#11662 = EDGE_CURVE('',#11663,#11655,#11665,.T.);
#11663 = VERTEX_POINT('',#11664);
#11664 = CARTESIAN_POINT('',(-31.48423282927,16.345,12.792152362923));
#11665 = CIRCLE('',#11666,0.5);
#11666 = AXIS2_PLACEMENT_3D('',#11667,#11668,#11669);
#11667 = CARTESIAN_POINT('',(-31.89,16.345,12.5));
#11668 = DIRECTION('',(0.,1.,-2.2E-16));
#11669 = DIRECTION('',(-1.,0.,0.));
#11670 = ORIENTED_EDGE('',*,*,#11671,.F.);
#11671 = EDGE_CURVE('',#11594,#11663,#11672,.T.);
#11672 = LINE('',#11673,#11674);
#11673 = CARTESIAN_POINT('',(-35.08423282927,16.345,17.792152362923));
#11674 = VECTOR('',#11675,1.);
#11675 = DIRECTION('',(0.584304725845,-1.8E-16,-0.811534341451));
#11676 = PLANE('',#11677);
#11677 = AXIS2_PLACEMENT_3D('',#11678,#11679,#11680);
#11678 = CARTESIAN_POINT('',(-34.80692029698,16.345,9.614973312943));
#11679 = DIRECTION('',(-0.,1.,-4.4E-16));
#11680 = DIRECTION('',(0.,-4.4E-16,-1.));
#11681 = ADVANCED_FACE('',(#11682),#11700,.F.);
#11682 = FACE_BOUND('',#11683,.F.);
#11683 = EDGE_LOOP('',(#11684,#11692,#11693,#11694));
#11684 = ORIENTED_EDGE('',*,*,#11685,.F.);
#11685 = EDGE_CURVE('',#11570,#11686,#11688,.T.);
#11686 = VERTEX_POINT('',#11687);
#11687 = CARTESIAN_POINT('',(-36.49,20.095,-2.7));
#11688 = LINE('',#11689,#11690);
#11689 = CARTESIAN_POINT('',(-36.49,18.9075,-3.8875));
#11690 = VECTOR('',#11691,1.);
#11691 = DIRECTION('',(0.,0.707106781187,0.707106781187));
#11692 = ORIENTED_EDGE('',*,*,#11579,.T.);
#11693 = ORIENTED_EDGE('',*,*,#11394,.T.);
#11694 = ORIENTED_EDGE('',*,*,#11695,.F.);
#11695 = EDGE_CURVE('',#11686,#11387,#11696,.T.);
#11696 = LINE('',#11697,#11698);
#11697 = CARTESIAN_POINT('',(-36.49,20.095,-2.7));
#11698 = VECTOR('',#11699,1.);
#11699 = DIRECTION('',(1.,0.,2.2E-16));
#11700 = PLANE('',#11701);
#11701 = AXIS2_PLACEMENT_3D('',#11702,#11703,#11704);
#11702 = CARTESIAN_POINT('',(-36.49,19.845,-2.95));
#11703 = DIRECTION('',(0.,-0.707106781187,0.707106781187));
#11704 = DIRECTION('',(1.,1.1E-16,1.1E-16));
#11705 = ADVANCED_FACE('',(#11706),#11725,.F.);
#11706 = FACE_BOUND('',#11707,.T.);
#11707 = EDGE_LOOP('',(#11708,#11709,#11718,#11724));
#11708 = ORIENTED_EDGE('',*,*,#11362,.T.);
#11709 = ORIENTED_EDGE('',*,*,#11710,.T.);
#11710 = EDGE_CURVE('',#11363,#11711,#11713,.T.);
#11711 = VERTEX_POINT('',#11712);
#11712 = CARTESIAN_POINT('',(-35.08423282927,22.345,17.792152362923));
#11713 = CIRCLE('',#11714,0.5);
#11714 = AXIS2_PLACEMENT_3D('',#11715,#11716,#11717);
#11715 = CARTESIAN_POINT('',(-35.49,22.345,17.5));
#11716 = DIRECTION('',(0.,1.,-2.2E-16));
#11717 = DIRECTION('',(-1.,0.,0.));
#11718 = ORIENTED_EDGE('',*,*,#11719,.F.);
#11719 = EDGE_CURVE('',#11594,#11711,#11720,.T.);
#11720 = LINE('',#11721,#11722);
#11721 = CARTESIAN_POINT('',(-35.08423282927,16.345,17.792152362923));
#11722 = VECTOR('',#11723,1.);
#11723 = DIRECTION('',(-0.,1.,-2.2E-16));
#11724 = ORIENTED_EDGE('',*,*,#11593,.F.);
#11725 = CYLINDRICAL_SURFACE('',#11726,0.5);
#11726 = AXIS2_PLACEMENT_3D('',#11727,#11728,#11729);
#11727 = CARTESIAN_POINT('',(-35.49,16.345,17.5));
#11728 = DIRECTION('',(0.,-1.,2.2E-16));
#11729 = DIRECTION('',(-1.,0.,0.));
#11730 = ADVANCED_FACE('',(#11731),#11749,.T.);
#11731 = FACE_BOUND('',#11732,.T.);
#11732 = EDGE_LOOP('',(#11733,#11741,#11747,#11748));
#11733 = ORIENTED_EDGE('',*,*,#11734,.F.);
#11734 = EDGE_CURVE('',#11735,#11686,#11737,.T.);
#11735 = VERTEX_POINT('',#11736);
#11736 = CARTESIAN_POINT('',(-36.49,20.095,2.5));
#11737 = LINE('',#11738,#11739);
#11738 = CARTESIAN_POINT('',(-36.49,20.095,2.5));
#11739 = VECTOR('',#11740,1.);
#11740 = DIRECTION('',(2.2E-16,-2.2E-16,-1.));
#11741 = ORIENTED_EDGE('',*,*,#11742,.T.);
#11742 = EDGE_CURVE('',#11735,#11379,#11743,.T.);
#11743 = LINE('',#11744,#11745);
#11744 = CARTESIAN_POINT('',(-36.49,20.095,2.5));
#11745 = VECTOR('',#11746,1.);
#11746 = DIRECTION('',(1.,0.,2.2E-16));
#11747 = ORIENTED_EDGE('',*,*,#11386,.T.);
#11748 = ORIENTED_EDGE('',*,*,#11695,.F.);
#11749 = PLANE('',#11750);
#11750 = AXIS2_PLACEMENT_3D('',#11751,#11752,#11753);
#11751 = CARTESIAN_POINT('',(-36.49,20.095,2.5));
#11752 = DIRECTION('',(0.,1.,-2.2E-16));
#11753 = DIRECTION('',(2.2E-16,-2.2E-16,-1.));
#11754 = ADVANCED_FACE('',(#11755),#11840,.T.);
#11755 = FACE_BOUND('',#11756,.T.);
#11756 = EDGE_LOOP('',(#11757,#11758,#11759,#11767,#11775,#11784,#11792,
    #11801,#11809,#11817,#11825,#11834));
#11757 = ORIENTED_EDGE('',*,*,#11710,.F.);
#11758 = ORIENTED_EDGE('',*,*,#11370,.T.);
#11759 = ORIENTED_EDGE('',*,*,#11760,.F.);
#11760 = EDGE_CURVE('',#11761,#11371,#11763,.T.);
#11761 = VERTEX_POINT('',#11762);
#11762 = CARTESIAN_POINT('',(-36.49,22.345,2.5));
#11763 = LINE('',#11764,#11765);
#11764 = CARTESIAN_POINT('',(-36.49,22.345,2.5));
#11765 = VECTOR('',#11766,1.);
#11766 = DIRECTION('',(1.,0.,2.2E-16));
#11767 = ORIENTED_EDGE('',*,*,#11768,.T.);
#11768 = EDGE_CURVE('',#11761,#11769,#11771,.T.);
#11769 = VERTEX_POINT('',#11770);
#11770 = CARTESIAN_POINT('',(-36.49,22.345,17.5));
#11771 = LINE('',#11772,#11773);
#11772 = CARTESIAN_POINT('',(-36.49,22.345,-3.2));
#11773 = VECTOR('',#11774,1.);
#11774 = DIRECTION('',(0.,2.2E-16,1.));
#11775 = ORIENTED_EDGE('',*,*,#11776,.T.);
#11776 = EDGE_CURVE('',#11769,#11777,#11779,.T.);
#11777 = VERTEX_POINT('',#11778);
#11778 = CARTESIAN_POINT('',(-34.67846565854,22.345,18.084304725845));
#11779 = CIRCLE('',#11780,1.);
#11780 = AXIS2_PLACEMENT_3D('',#11781,#11782,#11783);
#11781 = CARTESIAN_POINT('',(-35.49,22.345,17.5));
#11782 = DIRECTION('',(0.,1.,-2.2E-16));
#11783 = DIRECTION('',(-1.,0.,0.));
#11784 = ORIENTED_EDGE('',*,*,#11785,.F.);
#11785 = EDGE_CURVE('',#11786,#11777,#11788,.T.);
#11786 = VERTEX_POINT('',#11787);
#11787 = CARTESIAN_POINT('',(-31.07846565854,22.345,13.084304725845));
#11788 = LINE('',#11789,#11790);
#11789 = CARTESIAN_POINT('',(-31.07846565854,22.345,13.084304725845));
#11790 = VECTOR('',#11791,1.);
#11791 = DIRECTION('',(-0.584304725845,1.8E-16,0.811534341451));
#11792 = ORIENTED_EDGE('',*,*,#11793,.T.);
#11793 = EDGE_CURVE('',#11786,#11794,#11796,.T.);
#11794 = VERTEX_POINT('',#11795);
#11795 = CARTESIAN_POINT('',(-30.89,22.345,12.5));
#11796 = CIRCLE('',#11797,1.);
#11797 = AXIS2_PLACEMENT_3D('',#11798,#11799,#11800);
#11798 = CARTESIAN_POINT('',(-31.89,22.345,12.5));
#11799 = DIRECTION('',(0.,1.,-2.2E-16));
#11800 = DIRECTION('',(-1.,0.,0.));
#11801 = ORIENTED_EDGE('',*,*,#11802,.F.);
#11802 = EDGE_CURVE('',#11803,#11794,#11805,.T.);
#11803 = VERTEX_POINT('',#11804);
#11804 = CARTESIAN_POINT('',(-30.89,22.345,7.5));
#11805 = LINE('',#11806,#11807);
#11806 = CARTESIAN_POINT('',(-30.89,22.345,7.5));
#11807 = VECTOR('',#11808,1.);
#11808 = DIRECTION('',(0.,2.2E-16,1.));
#11809 = ORIENTED_EDGE('',*,*,#11810,.F.);
#11810 = EDGE_CURVE('',#11811,#11803,#11813,.T.);
#11811 = VERTEX_POINT('',#11812);
#11812 = CARTESIAN_POINT('',(-31.39,22.345,7.5));
#11813 = LINE('',#11814,#11815);
#11814 = CARTESIAN_POINT('',(-31.39,22.345,7.5));
#11815 = VECTOR('',#11816,1.);
#11816 = DIRECTION('',(1.,0.,0.));
#11817 = ORIENTED_EDGE('',*,*,#11818,.F.);
#11818 = EDGE_CURVE('',#11819,#11811,#11821,.T.);
#11819 = VERTEX_POINT('',#11820);
#11820 = CARTESIAN_POINT('',(-31.39,22.345,12.5));
#11821 = LINE('',#11822,#11823);
#11822 = CARTESIAN_POINT('',(-31.39,22.345,12.5));
#11823 = VECTOR('',#11824,1.);
#11824 = DIRECTION('',(0.,-2.2E-16,-1.));
#11825 = ORIENTED_EDGE('',*,*,#11826,.F.);
#11826 = EDGE_CURVE('',#11827,#11819,#11829,.T.);
#11827 = VERTEX_POINT('',#11828);
#11828 = CARTESIAN_POINT('',(-31.48423282927,22.345,12.792152362923));
#11829 = CIRCLE('',#11830,0.5);
#11830 = AXIS2_PLACEMENT_3D('',#11831,#11832,#11833);
#11831 = CARTESIAN_POINT('',(-31.89,22.345,12.5));
#11832 = DIRECTION('',(0.,1.,-2.2E-16));
#11833 = DIRECTION('',(-1.,0.,0.));
#11834 = ORIENTED_EDGE('',*,*,#11835,.F.);
#11835 = EDGE_CURVE('',#11711,#11827,#11836,.T.);
#11836 = LINE('',#11837,#11838);
#11837 = CARTESIAN_POINT('',(-35.08423282927,22.345,17.792152362923));
#11838 = VECTOR('',#11839,1.);
#11839 = DIRECTION('',(0.584304725845,-1.8E-16,-0.811534341451));
#11840 = PLANE('',#11841);
#11841 = AXIS2_PLACEMENT_3D('',#11842,#11843,#11844);
#11842 = CARTESIAN_POINT('',(-34.80692029698,22.345,9.614973312943));
#11843 = DIRECTION('',(-0.,1.,-4.4E-16));
#11844 = DIRECTION('',(0.,-4.4E-16,-1.));
#11845 = ADVANCED_FACE('',(#11846),#11857,.T.);
#11846 = FACE_BOUND('',#11847,.T.);
#11847 = EDGE_LOOP('',(#11848,#11854,#11855,#11856));
#11848 = ORIENTED_EDGE('',*,*,#11849,.F.);
#11849 = EDGE_CURVE('',#11761,#11735,#11850,.T.);
#11850 = LINE('',#11851,#11852);
#11851 = CARTESIAN_POINT('',(-36.49,22.345,2.5));
#11852 = VECTOR('',#11853,1.);
#11853 = DIRECTION('',(2.2E-16,-1.,2.2E-16));
#11854 = ORIENTED_EDGE('',*,*,#11760,.T.);
#11855 = ORIENTED_EDGE('',*,*,#11378,.T.);
#11856 = ORIENTED_EDGE('',*,*,#11742,.F.);
#11857 = PLANE('',#11858);
#11858 = AXIS2_PLACEMENT_3D('',#11859,#11860,#11861);
#11859 = CARTESIAN_POINT('',(-36.49,22.345,2.5));
#11860 = DIRECTION('',(2.2E-16,-2.2E-16,-1.));
#11861 = DIRECTION('',(0.,-1.,2.2E-16));
#11862 = ADVANCED_FACE('',(#11863),#11888,.F.);
#11863 = FACE_BOUND('',#11864,.F.);
#11864 = EDGE_LOOP('',(#11865,#11873,#11874,#11882));
#11865 = ORIENTED_EDGE('',*,*,#11866,.T.);
#11866 = EDGE_CURVE('',#11867,#11419,#11869,.T.);
#11867 = VERTEX_POINT('',#11868);
#11868 = CARTESIAN_POINT('',(-36.49,20.12,9.25));
#11869 = LINE('',#11870,#11871);
#11870 = CARTESIAN_POINT('',(-36.49,20.12,9.25));
#11871 = VECTOR('',#11872,1.);
#11872 = DIRECTION('',(1.,0.,2.2E-16));
#11873 = ORIENTED_EDGE('',*,*,#11418,.T.);
#11874 = ORIENTED_EDGE('',*,*,#11875,.F.);
#11875 = EDGE_CURVE('',#11876,#11421,#11878,.T.);
#11876 = VERTEX_POINT('',#11877);
#11877 = CARTESIAN_POINT('',(-36.49,20.12,6.25));
#11878 = LINE('',#11879,#11880);
#11879 = CARTESIAN_POINT('',(-36.49,20.12,6.25));
#11880 = VECTOR('',#11881,1.);
#11881 = DIRECTION('',(1.,0.,2.2E-16));
#11882 = ORIENTED_EDGE('',*,*,#11883,.F.);
#11883 = EDGE_CURVE('',#11867,#11876,#11884,.T.);
#11884 = LINE('',#11885,#11886);
#11885 = CARTESIAN_POINT('',(-36.49,20.12,9.25));
#11886 = VECTOR('',#11887,1.);
#11887 = DIRECTION('',(2.2E-16,-2.2E-16,-1.));
#11888 = PLANE('',#11889);
#11889 = AXIS2_PLACEMENT_3D('',#11890,#11891,#11892);
#11890 = CARTESIAN_POINT('',(-36.49,20.12,9.25));
#11891 = DIRECTION('',(0.,1.,-2.2E-16));
#11892 = DIRECTION('',(2.2E-16,-2.2E-16,-1.));
#11893 = ADVANCED_FACE('',(#11894),#11912,.F.);
#11894 = FACE_BOUND('',#11895,.F.);
#11895 = EDGE_LOOP('',(#11896,#11897,#11898,#11906));
#11896 = ORIENTED_EDGE('',*,*,#11875,.T.);
#11897 = ORIENTED_EDGE('',*,*,#11476,.T.);
#11898 = ORIENTED_EDGE('',*,*,#11899,.F.);
#11899 = EDGE_CURVE('',#11900,#11469,#11902,.T.);
#11900 = VERTEX_POINT('',#11901);
#11901 = CARTESIAN_POINT('',(-36.49,20.095,6.25));
#11902 = LINE('',#11903,#11904);
#11903 = CARTESIAN_POINT('',(-36.49,20.095,6.25));
#11904 = VECTOR('',#11905,1.);
#11905 = DIRECTION('',(1.,0.,2.2E-16));
#11906 = ORIENTED_EDGE('',*,*,#11907,.F.);
#11907 = EDGE_CURVE('',#11876,#11900,#11908,.T.);
#11908 = LINE('',#11909,#11910);
#11909 = CARTESIAN_POINT('',(-36.49,20.12,6.25));
#11910 = VECTOR('',#11911,1.);
#11911 = DIRECTION('',(2.2E-16,-1.,2.2E-16));
#11912 = PLANE('',#11913);
#11913 = AXIS2_PLACEMENT_3D('',#11914,#11915,#11916);
#11914 = CARTESIAN_POINT('',(-36.49,20.12,6.25));
#11915 = DIRECTION('',(2.2E-16,-2.2E-16,-1.));
#11916 = DIRECTION('',(0.,-1.,2.2E-16));
#11917 = ADVANCED_FACE('',(#11918),#11970,.T.);
#11918 = FACE_BOUND('',#11919,.T.);
#11919 = EDGE_LOOP('',(#11920,#11921,#11929,#11938,#11946,#11954,#11962,
    #11969));
#11920 = ORIENTED_EDGE('',*,*,#11899,.F.);
#11921 = ORIENTED_EDGE('',*,*,#11922,.T.);
#11922 = EDGE_CURVE('',#11900,#11923,#11925,.T.);
#11923 = VERTEX_POINT('',#11924);
#11924 = CARTESIAN_POINT('',(-36.49,20.095,6.5));
#11925 = LINE('',#11926,#11927);
#11926 = CARTESIAN_POINT('',(-36.49,20.095,6.25));
#11927 = VECTOR('',#11928,1.);
#11928 = DIRECTION('',(6.21E-15,2.2E-16,1.));
#11929 = ORIENTED_EDGE('',*,*,#11930,.T.);
#11930 = EDGE_CURVE('',#11923,#11931,#11933,.T.);
#11931 = VERTEX_POINT('',#11932);
#11932 = CARTESIAN_POINT('',(-36.59014995476,20.095,6.936199376545));
#11933 = CIRCLE('',#11934,1.);
#11934 = AXIS2_PLACEMENT_3D('',#11935,#11936,#11937);
#11935 = CARTESIAN_POINT('',(-37.49,20.095,6.5));
#11936 = DIRECTION('',(9.9E-16,-1.,2.2E-16));
#11937 = DIRECTION('',(-1.,-9.9E-16,-1.E-17));
#11938 = ORIENTED_EDGE('',*,*,#11939,.F.);
#11939 = EDGE_CURVE('',#11940,#11931,#11942,.T.);
#11940 = VERTEX_POINT('',#11941);
#11941 = CARTESIAN_POINT('',(-37.48,20.095,8.771900311728));
#11942 = LINE('',#11943,#11944);
#11943 = CARTESIAN_POINT('',(-37.48,20.095,8.771900311728));
#11944 = VECTOR('',#11945,1.);
#11945 = DIRECTION('',(0.436199376545,2.3E-16,-0.899850045231));
#11946 = ORIENTED_EDGE('',*,*,#11947,.F.);
#11947 = EDGE_CURVE('',#11948,#11940,#11950,.T.);
#11948 = VERTEX_POINT('',#11949);
#11949 = CARTESIAN_POINT('',(-37.03007497738,20.095,8.99));
#11950 = LINE('',#11951,#11952);
#11951 = CARTESIAN_POINT('',(-37.03007497738,20.095,8.99));
#11952 = VECTOR('',#11953,1.);
#11953 = DIRECTION('',(-0.899850045231,-9.9E-16,-0.436199376545));
#11954 = ORIENTED_EDGE('',*,*,#11955,.F.);
#11955 = EDGE_CURVE('',#11956,#11948,#11958,.T.);
#11956 = VERTEX_POINT('',#11957);
#11957 = CARTESIAN_POINT('',(-36.14022493215,20.095,7.154299064817));
#11958 = LINE('',#11959,#11960);
#11959 = CARTESIAN_POINT('',(-36.14022493215,20.095,7.154299064817));
#11960 = VECTOR('',#11961,1.);
#11961 = DIRECTION('',(-0.436199376545,-2.3E-16,0.899850045231));
#11962 = ORIENTED_EDGE('',*,*,#11963,.F.);
#11963 = EDGE_CURVE('',#11461,#11956,#11964,.T.);
#11964 = CIRCLE('',#11965,1.5);
#11965 = AXIS2_PLACEMENT_3D('',#11966,#11967,#11968);
#11966 = CARTESIAN_POINT('',(-37.49,20.095,6.5));
#11967 = DIRECTION('',(9.9E-16,-1.,2.2E-16));
#11968 = DIRECTION('',(-1.,-9.9E-16,-1.E-17));
#11969 = ORIENTED_EDGE('',*,*,#11468,.F.);
#11970 = PLANE('',#11971);
#11971 = AXIS2_PLACEMENT_3D('',#11972,#11973,#11974);
#11972 = CARTESIAN_POINT('',(-36.74,20.095,7.625));
#11973 = DIRECTION('',(-1.83E-15,1.,-2.2E-16));
#11974 = DIRECTION('',(-1.,-1.83E-15,0.));
#11975 = ADVANCED_FACE('',(#11976),#11995,.T.);
#11976 = FACE_BOUND('',#11977,.T.);
#11977 = EDGE_LOOP('',(#11978,#11979,#11980,#11988));
#11978 = ORIENTED_EDGE('',*,*,#11460,.T.);
#11979 = ORIENTED_EDGE('',*,*,#11963,.T.);
#11980 = ORIENTED_EDGE('',*,*,#11981,.F.);
#11981 = EDGE_CURVE('',#11982,#11956,#11984,.T.);
#11982 = VERTEX_POINT('',#11983);
#11983 = CARTESIAN_POINT('',(-36.14022493215,18.595,7.154299064817));
#11984 = LINE('',#11985,#11986);
#11985 = CARTESIAN_POINT('',(-36.14022493215,18.595,7.154299064817));
#11986 = VECTOR('',#11987,1.);
#11987 = DIRECTION('',(-9.9E-16,1.,-2.2E-16));
#11988 = ORIENTED_EDGE('',*,*,#11989,.F.);
#11989 = EDGE_CURVE('',#11453,#11982,#11990,.T.);
#11990 = CIRCLE('',#11991,1.5);
#11991 = AXIS2_PLACEMENT_3D('',#11992,#11993,#11994);
#11992 = CARTESIAN_POINT('',(-37.49,18.595,6.5));
#11993 = DIRECTION('',(9.9E-16,-1.,2.2E-16));
#11994 = DIRECTION('',(-1.,-9.9E-16,-1.E-17));
#11995 = CYLINDRICAL_SURFACE('',#11996,1.5);
#11996 = AXIS2_PLACEMENT_3D('',#11997,#11998,#11999);
#11997 = CARTESIAN_POINT('',(-37.49,18.595,6.5));
#11998 = DIRECTION('',(9.9E-16,-1.,2.2E-16));
#11999 = DIRECTION('',(-1.,-9.9E-16,0.));
#12000 = ADVANCED_FACE('',(#12001),#12052,.T.);
#12001 = FACE_BOUND('',#12002,.T.);
#12002 = EDGE_LOOP('',(#12003,#12013,#12019,#12020,#12021,#12029,#12037,
    #12045));
#12003 = ORIENTED_EDGE('',*,*,#12004,.F.);
#12004 = EDGE_CURVE('',#12005,#12007,#12009,.T.);
#12005 = VERTEX_POINT('',#12006);
#12006 = CARTESIAN_POINT('',(-36.49,18.595,6.25));
#12007 = VERTEX_POINT('',#12008);
#12008 = CARTESIAN_POINT('',(-36.49,18.595,6.5));
#12009 = LINE('',#12010,#12011);
#12010 = CARTESIAN_POINT('',(-36.49,18.595,6.25));
#12011 = VECTOR('',#12012,1.);
#12012 = DIRECTION('',(6.21E-15,2.2E-16,1.));
#12013 = ORIENTED_EDGE('',*,*,#12014,.T.);
#12014 = EDGE_CURVE('',#12005,#11445,#12015,.T.);
#12015 = LINE('',#12016,#12017);
#12016 = CARTESIAN_POINT('',(-36.49,18.595,6.25));
#12017 = VECTOR('',#12018,1.);
#12018 = DIRECTION('',(1.,0.,2.2E-16));
#12019 = ORIENTED_EDGE('',*,*,#11452,.T.);
#12020 = ORIENTED_EDGE('',*,*,#11989,.T.);
#12021 = ORIENTED_EDGE('',*,*,#12022,.T.);
#12022 = EDGE_CURVE('',#11982,#12023,#12025,.T.);
#12023 = VERTEX_POINT('',#12024);
#12024 = CARTESIAN_POINT('',(-37.03007497738,18.595,8.99));
#12025 = LINE('',#12026,#12027);
#12026 = CARTESIAN_POINT('',(-36.14022493215,18.595,7.154299064817));
#12027 = VECTOR('',#12028,1.);
#12028 = DIRECTION('',(-0.436199376545,-2.3E-16,0.899850045231));
#12029 = ORIENTED_EDGE('',*,*,#12030,.T.);
#12030 = EDGE_CURVE('',#12023,#12031,#12033,.T.);
#12031 = VERTEX_POINT('',#12032);
#12032 = CARTESIAN_POINT('',(-37.48,18.595,8.771900311728));
#12033 = LINE('',#12034,#12035);
#12034 = CARTESIAN_POINT('',(-37.03007497738,18.595,8.99));
#12035 = VECTOR('',#12036,1.);
#12036 = DIRECTION('',(-0.899850045231,-9.9E-16,-0.436199376545));
#12037 = ORIENTED_EDGE('',*,*,#12038,.T.);
#12038 = EDGE_CURVE('',#12031,#12039,#12041,.T.);
#12039 = VERTEX_POINT('',#12040);
#12040 = CARTESIAN_POINT('',(-36.59014995476,18.595,6.936199376545));
#12041 = LINE('',#12042,#12043);
#12042 = CARTESIAN_POINT('',(-37.48,18.595,8.771900311728));
#12043 = VECTOR('',#12044,1.);
#12044 = DIRECTION('',(0.436199376545,2.3E-16,-0.899850045231));
#12045 = ORIENTED_EDGE('',*,*,#12046,.F.);
#12046 = EDGE_CURVE('',#12007,#12039,#12047,.T.);
#12047 = CIRCLE('',#12048,1.);
#12048 = AXIS2_PLACEMENT_3D('',#12049,#12050,#12051);
#12049 = CARTESIAN_POINT('',(-37.49,18.595,6.5));
#12050 = DIRECTION('',(9.9E-16,-1.,2.2E-16));
#12051 = DIRECTION('',(-1.,-9.9E-16,-1.E-17));
#12052 = PLANE('',#12053);
#12053 = AXIS2_PLACEMENT_3D('',#12054,#12055,#12056);
#12054 = CARTESIAN_POINT('',(-36.74,18.595,7.625));
#12055 = DIRECTION('',(9.9E-16,-1.,2.2E-16));
#12056 = DIRECTION('',(1.,9.9E-16,0.));
#12057 = ADVANCED_FACE('',(#12058),#12076,.T.);
#12058 = FACE_BOUND('',#12059,.T.);
#12059 = EDGE_LOOP('',(#12060,#12068,#12069,#12070));
#12060 = ORIENTED_EDGE('',*,*,#12061,.T.);
#12061 = EDGE_CURVE('',#12062,#11437,#12064,.T.);
#12062 = VERTEX_POINT('',#12063);
#12063 = CARTESIAN_POINT('',(-36.49,18.57,6.25));
#12064 = LINE('',#12065,#12066);
#12065 = CARTESIAN_POINT('',(-36.49,18.57,6.25));
#12066 = VECTOR('',#12067,1.);
#12067 = DIRECTION('',(1.,0.,2.2E-16));
#12068 = ORIENTED_EDGE('',*,*,#11444,.T.);
#12069 = ORIENTED_EDGE('',*,*,#12014,.F.);
#12070 = ORIENTED_EDGE('',*,*,#12071,.F.);
#12071 = EDGE_CURVE('',#12062,#12005,#12072,.T.);
#12072 = LINE('',#12073,#12074);
#12073 = CARTESIAN_POINT('',(-36.49,18.57,6.25));
#12074 = VECTOR('',#12075,1.);
#12075 = DIRECTION('',(-2.2E-16,1.,-2.2E-16));
#12076 = PLANE('',#12077);
#12077 = AXIS2_PLACEMENT_3D('',#12078,#12079,#12080);
#12078 = CARTESIAN_POINT('',(-36.49,18.57,6.25));
#12079 = DIRECTION('',(-2.2E-16,2.2E-16,1.));
#12080 = DIRECTION('',(-0.,1.,-2.2E-16));
#12081 = ADVANCED_FACE('',(#12082),#12100,.T.);
#12082 = FACE_BOUND('',#12083,.T.);
#12083 = EDGE_LOOP('',(#12084,#12092,#12093,#12094));
#12084 = ORIENTED_EDGE('',*,*,#12085,.T.);
#12085 = EDGE_CURVE('',#12086,#11429,#12088,.T.);
#12086 = VERTEX_POINT('',#12087);
#12087 = CARTESIAN_POINT('',(-36.49,18.57,9.25));
#12088 = LINE('',#12089,#12090);
#12089 = CARTESIAN_POINT('',(-36.49,18.57,9.25));
#12090 = VECTOR('',#12091,1.);
#12091 = DIRECTION('',(1.,0.,2.2E-16));
#12092 = ORIENTED_EDGE('',*,*,#11436,.T.);
#12093 = ORIENTED_EDGE('',*,*,#12061,.F.);
#12094 = ORIENTED_EDGE('',*,*,#12095,.F.);
#12095 = EDGE_CURVE('',#12086,#12062,#12096,.T.);
#12096 = LINE('',#12097,#12098);
#12097 = CARTESIAN_POINT('',(-36.49,18.57,9.25));
#12098 = VECTOR('',#12099,1.);
#12099 = DIRECTION('',(2.2E-16,-2.2E-16,-1.));
#12100 = PLANE('',#12101);
#12101 = AXIS2_PLACEMENT_3D('',#12102,#12103,#12104);
#12102 = CARTESIAN_POINT('',(-36.49,18.57,9.25));
#12103 = DIRECTION('',(0.,1.,-2.2E-16));
#12104 = DIRECTION('',(2.2E-16,-2.2E-16,-1.));
#12105 = ADVANCED_FACE('',(#12106),#12117,.T.);
#12106 = FACE_BOUND('',#12107,.T.);
#12107 = EDGE_LOOP('',(#12108,#12109,#12110,#12111));
#12108 = ORIENTED_EDGE('',*,*,#11866,.T.);
#12109 = ORIENTED_EDGE('',*,*,#11428,.T.);
#12110 = ORIENTED_EDGE('',*,*,#12085,.F.);
#12111 = ORIENTED_EDGE('',*,*,#12112,.F.);
#12112 = EDGE_CURVE('',#11867,#12086,#12113,.T.);
#12113 = LINE('',#12114,#12115);
#12114 = CARTESIAN_POINT('',(-36.49,20.12,9.25));
#12115 = VECTOR('',#12116,1.);
#12116 = DIRECTION('',(2.2E-16,-1.,2.2E-16));
#12117 = PLANE('',#12118);
#12118 = AXIS2_PLACEMENT_3D('',#12119,#12120,#12121);
#12119 = CARTESIAN_POINT('',(-36.49,20.12,9.25));
#12120 = DIRECTION('',(2.2E-16,-2.2E-16,-1.));
#12121 = DIRECTION('',(0.,-1.,2.2E-16));
#12122 = ADVANCED_FACE('',(#12123,#12140),#12153,.F.);
#12123 = FACE_BOUND('',#12124,.F.);
#12124 = EDGE_LOOP('',(#12125,#12126,#12127,#12128,#12129,#12130,#12131,
    #12132,#12138,#12139));
#12125 = ORIENTED_EDGE('',*,*,#11490,.T.);
#12126 = ORIENTED_EDGE('',*,*,#11521,.T.);
#12127 = ORIENTED_EDGE('',*,*,#11569,.T.);
#12128 = ORIENTED_EDGE('',*,*,#11685,.T.);
#12129 = ORIENTED_EDGE('',*,*,#11734,.F.);
#12130 = ORIENTED_EDGE('',*,*,#11849,.F.);
#12131 = ORIENTED_EDGE('',*,*,#11768,.T.);
#12132 = ORIENTED_EDGE('',*,*,#12133,.F.);
#12133 = EDGE_CURVE('',#11605,#11769,#12134,.T.);
#12134 = LINE('',#12135,#12136);
#12135 = CARTESIAN_POINT('',(-36.49,16.345,17.5));
#12136 = VECTOR('',#12137,1.);
#12137 = DIRECTION('',(-0.,1.,-2.2E-16));
#12138 = ORIENTED_EDGE('',*,*,#11604,.F.);
#12139 = ORIENTED_EDGE('',*,*,#11545,.T.);
#12140 = FACE_BOUND('',#12141,.F.);
#12141 = EDGE_LOOP('',(#12142,#12143,#12144,#12145,#12151,#12152));
#12142 = ORIENTED_EDGE('',*,*,#12112,.F.);
#12143 = ORIENTED_EDGE('',*,*,#11883,.T.);
#12144 = ORIENTED_EDGE('',*,*,#11907,.T.);
#12145 = ORIENTED_EDGE('',*,*,#12146,.T.);
#12146 = EDGE_CURVE('',#11900,#12005,#12147,.T.);
#12147 = LINE('',#12148,#12149);
#12148 = CARTESIAN_POINT('',(-36.49,20.095,6.25));
#12149 = VECTOR('',#12150,1.);
#12150 = DIRECTION('',(2.2E-16,-1.,2.2E-16));
#12151 = ORIENTED_EDGE('',*,*,#12071,.F.);
#12152 = ORIENTED_EDGE('',*,*,#12095,.F.);
#12153 = PLANE('',#12154);
#12154 = AXIS2_PLACEMENT_3D('',#12155,#12156,#12157);
#12155 = CARTESIAN_POINT('',(-36.49,16.345,-3.2));
#12156 = DIRECTION('',(1.,0.,0.));
#12157 = DIRECTION('',(0.,2.2E-16,1.));
#12158 = ADVANCED_FACE('',(#12159),#12170,.T.);
#12159 = FACE_BOUND('',#12160,.T.);
#12160 = EDGE_LOOP('',(#12161,#12162,#12163,#12169));
#12161 = ORIENTED_EDGE('',*,*,#11719,.T.);
#12162 = ORIENTED_EDGE('',*,*,#11835,.T.);
#12163 = ORIENTED_EDGE('',*,*,#12164,.F.);
#12164 = EDGE_CURVE('',#11663,#11827,#12165,.T.);
#12165 = LINE('',#12166,#12167);
#12166 = CARTESIAN_POINT('',(-31.48423282927,16.345,12.792152362923));
#12167 = VECTOR('',#12168,1.);
#12168 = DIRECTION('',(-0.,1.,-2.2E-16));
#12169 = ORIENTED_EDGE('',*,*,#11671,.F.);
#12170 = PLANE('',#12171);
#12171 = AXIS2_PLACEMENT_3D('',#12172,#12173,#12174);
#12172 = CARTESIAN_POINT('',(-35.08423282927,16.345,17.792152362923));
#12173 = DIRECTION('',(-0.811534341451,-1.3E-16,-0.584304725845));
#12174 = DIRECTION('',(0.584304725845,-1.8E-16,-0.811534341451));
#12175 = ADVANCED_FACE('',(#12176),#12187,.F.);
#12176 = FACE_BOUND('',#12177,.T.);
#12177 = EDGE_LOOP('',(#12178,#12179,#12180,#12186));
#12178 = ORIENTED_EDGE('',*,*,#12164,.T.);
#12179 = ORIENTED_EDGE('',*,*,#11826,.T.);
#12180 = ORIENTED_EDGE('',*,*,#12181,.F.);
#12181 = EDGE_CURVE('',#11655,#11819,#12182,.T.);
#12182 = LINE('',#12183,#12184);
#12183 = CARTESIAN_POINT('',(-31.39,16.345,12.5));
#12184 = VECTOR('',#12185,1.);
#12185 = DIRECTION('',(-0.,1.,-2.2E-16));
#12186 = ORIENTED_EDGE('',*,*,#11662,.F.);
#12187 = CYLINDRICAL_SURFACE('',#12188,0.5);
#12188 = AXIS2_PLACEMENT_3D('',#12189,#12190,#12191);
#12189 = CARTESIAN_POINT('',(-31.89,16.345,12.5));
#12190 = DIRECTION('',(0.,-1.,2.2E-16));
#12191 = DIRECTION('',(-1.,0.,0.));
#12192 = ADVANCED_FACE('',(#12193),#12204,.T.);
#12193 = FACE_BOUND('',#12194,.T.);
#12194 = EDGE_LOOP('',(#12195,#12196,#12197,#12203));
#12195 = ORIENTED_EDGE('',*,*,#12181,.T.);
#12196 = ORIENTED_EDGE('',*,*,#11818,.T.);
#12197 = ORIENTED_EDGE('',*,*,#12198,.F.);
#12198 = EDGE_CURVE('',#11647,#11811,#12199,.T.);
#12199 = LINE('',#12200,#12201);
#12200 = CARTESIAN_POINT('',(-31.39,16.345,7.5));
#12201 = VECTOR('',#12202,1.);
#12202 = DIRECTION('',(-0.,1.,-2.2E-16));
#12203 = ORIENTED_EDGE('',*,*,#11654,.F.);
#12204 = PLANE('',#12205);
#12205 = AXIS2_PLACEMENT_3D('',#12206,#12207,#12208);
#12206 = CARTESIAN_POINT('',(-31.39,16.345,12.5));
#12207 = DIRECTION('',(-1.,0.,0.));
#12208 = DIRECTION('',(0.,-2.2E-16,-1.));
#12209 = ADVANCED_FACE('',(#12210),#12221,.T.);
#12210 = FACE_BOUND('',#12211,.T.);
#12211 = EDGE_LOOP('',(#12212,#12213,#12214,#12220));
#12212 = ORIENTED_EDGE('',*,*,#12198,.T.);
#12213 = ORIENTED_EDGE('',*,*,#11810,.T.);
#12214 = ORIENTED_EDGE('',*,*,#12215,.F.);
#12215 = EDGE_CURVE('',#11639,#11803,#12216,.T.);
#12216 = LINE('',#12217,#12218);
#12217 = CARTESIAN_POINT('',(-30.89,16.345,7.5));
#12218 = VECTOR('',#12219,1.);
#12219 = DIRECTION('',(-0.,1.,-2.2E-16));
#12220 = ORIENTED_EDGE('',*,*,#11646,.F.);
#12221 = PLANE('',#12222);
#12222 = AXIS2_PLACEMENT_3D('',#12223,#12224,#12225);
#12223 = CARTESIAN_POINT('',(-31.39,16.345,7.5));
#12224 = DIRECTION('',(0.,-2.2E-16,-1.));
#12225 = DIRECTION('',(1.,0.,0.));
#12226 = ADVANCED_FACE('',(#12227,#12238),#12249,.T.);
#12227 = FACE_BOUND('',#12228,.T.);
#12228 = EDGE_LOOP('',(#12229,#12230,#12231,#12237));
#12229 = ORIENTED_EDGE('',*,*,#12215,.T.);
#12230 = ORIENTED_EDGE('',*,*,#11802,.T.);
#12231 = ORIENTED_EDGE('',*,*,#12232,.F.);
#12232 = EDGE_CURVE('',#11630,#11794,#12233,.T.);
#12233 = LINE('',#12234,#12235);
#12234 = CARTESIAN_POINT('',(-30.89,16.345,12.5));
#12235 = VECTOR('',#12236,1.);
#12236 = DIRECTION('',(-0.,1.,-2.2E-16));
#12237 = ORIENTED_EDGE('',*,*,#11638,.F.);
#12238 = FACE_BOUND('',#12239,.T.);
#12239 = EDGE_LOOP('',(#12240));
#12240 = ORIENTED_EDGE('',*,*,#12241,.F.);
#12241 = EDGE_CURVE('',#12242,#12242,#12244,.T.);
#12242 = VERTEX_POINT('',#12243);
#12243 = CARTESIAN_POINT('',(-30.89,19.345,11.));
#12244 = CIRCLE('',#12245,0.5);
#12245 = AXIS2_PLACEMENT_3D('',#12246,#12247,#12248);
#12246 = CARTESIAN_POINT('',(-30.89,19.345,11.5));
#12247 = DIRECTION('',(1.,-2.2E-16,-2.2E-16));
#12248 = DIRECTION('',(-2.2E-16,-2.2E-16,-1.));
#12249 = PLANE('',#12250);
#12250 = AXIS2_PLACEMENT_3D('',#12251,#12252,#12253);
#12251 = CARTESIAN_POINT('',(-30.89,16.345,7.5));
#12252 = DIRECTION('',(1.,0.,0.));
#12253 = DIRECTION('',(0.,2.2E-16,1.));
#12254 = ADVANCED_FACE('',(#12255),#12266,.T.);
#12255 = FACE_BOUND('',#12256,.F.);
#12256 = EDGE_LOOP('',(#12257,#12263,#12264,#12265));
#12257 = ORIENTED_EDGE('',*,*,#12258,.T.);
#12258 = EDGE_CURVE('',#11622,#11786,#12259,.T.);
#12259 = LINE('',#12260,#12261);
#12260 = CARTESIAN_POINT('',(-31.07846565854,16.345,13.084304725845));
#12261 = VECTOR('',#12262,1.);
#12262 = DIRECTION('',(-0.,1.,-2.2E-16));
#12263 = ORIENTED_EDGE('',*,*,#11793,.T.);
#12264 = ORIENTED_EDGE('',*,*,#12232,.F.);
#12265 = ORIENTED_EDGE('',*,*,#11629,.F.);
#12266 = CYLINDRICAL_SURFACE('',#12267,1.);
#12267 = AXIS2_PLACEMENT_3D('',#12268,#12269,#12270);
#12268 = CARTESIAN_POINT('',(-31.89,16.345,12.5));
#12269 = DIRECTION('',(0.,-1.,2.2E-16));
#12270 = DIRECTION('',(-1.,0.,0.));
#12271 = ADVANCED_FACE('',(#12272),#12283,.T.);
#12272 = FACE_BOUND('',#12273,.T.);
#12273 = EDGE_LOOP('',(#12274,#12275,#12276,#12282));
#12274 = ORIENTED_EDGE('',*,*,#12258,.T.);
#12275 = ORIENTED_EDGE('',*,*,#11785,.T.);
#12276 = ORIENTED_EDGE('',*,*,#12277,.F.);
#12277 = EDGE_CURVE('',#11613,#11777,#12278,.T.);
#12278 = LINE('',#12279,#12280);
#12279 = CARTESIAN_POINT('',(-34.67846565854,16.345,18.084304725845));
#12280 = VECTOR('',#12281,1.);
#12281 = DIRECTION('',(-0.,1.,-2.2E-16));
#12282 = ORIENTED_EDGE('',*,*,#11621,.F.);
#12283 = PLANE('',#12284);
#12284 = AXIS2_PLACEMENT_3D('',#12285,#12286,#12287);
#12285 = CARTESIAN_POINT('',(-31.07846565854,16.345,13.084304725845));
#12286 = DIRECTION('',(0.811534341451,1.3E-16,0.584304725845));
#12287 = DIRECTION('',(-0.584304725845,1.8E-16,0.811534341451));
#12288 = ADVANCED_FACE('',(#12289),#12295,.T.);
#12289 = FACE_BOUND('',#12290,.F.);
#12290 = EDGE_LOOP('',(#12291,#12292,#12293,#12294));
#12291 = ORIENTED_EDGE('',*,*,#12133,.T.);
#12292 = ORIENTED_EDGE('',*,*,#11776,.T.);
#12293 = ORIENTED_EDGE('',*,*,#12277,.F.);
#12294 = ORIENTED_EDGE('',*,*,#11612,.F.);
#12295 = CYLINDRICAL_SURFACE('',#12296,1.);
#12296 = AXIS2_PLACEMENT_3D('',#12297,#12298,#12299);
#12297 = CARTESIAN_POINT('',(-35.49,16.345,17.5));
#12298 = DIRECTION('',(0.,-1.,2.2E-16));
#12299 = DIRECTION('',(-1.,0.,0.));
#12300 = ADVANCED_FACE('',(#12301),#12312,.T.);
#12301 = FACE_BOUND('',#12302,.T.);
#12302 = EDGE_LOOP('',(#12303,#12304,#12305,#12311));
#12303 = ORIENTED_EDGE('',*,*,#11981,.T.);
#12304 = ORIENTED_EDGE('',*,*,#11955,.T.);
#12305 = ORIENTED_EDGE('',*,*,#12306,.F.);
#12306 = EDGE_CURVE('',#12023,#11948,#12307,.T.);
#12307 = LINE('',#12308,#12309);
#12308 = CARTESIAN_POINT('',(-37.03007497738,18.595,8.99));
#12309 = VECTOR('',#12310,1.);
#12310 = DIRECTION('',(-9.9E-16,1.,-2.2E-16));
#12311 = ORIENTED_EDGE('',*,*,#12022,.F.);
#12312 = PLANE('',#12313);
#12313 = AXIS2_PLACEMENT_3D('',#12314,#12315,#12316);
#12314 = CARTESIAN_POINT('',(-36.14022493215,18.595,7.154299064817));
#12315 = DIRECTION('',(0.899850045231,9.9E-16,0.436199376545));
#12316 = DIRECTION('',(-0.436199376545,-2.3E-16,0.899850045231));
#12317 = ADVANCED_FACE('',(#12318),#12329,.T.);
#12318 = FACE_BOUND('',#12319,.T.);
#12319 = EDGE_LOOP('',(#12320,#12321,#12322,#12328));
#12320 = ORIENTED_EDGE('',*,*,#12306,.T.);
#12321 = ORIENTED_EDGE('',*,*,#11947,.T.);
#12322 = ORIENTED_EDGE('',*,*,#12323,.F.);
#12323 = EDGE_CURVE('',#12031,#11940,#12324,.T.);
#12324 = LINE('',#12325,#12326);
#12325 = CARTESIAN_POINT('',(-37.48,18.595,8.771900311728));
#12326 = VECTOR('',#12327,1.);
#12327 = DIRECTION('',(-9.9E-16,1.,-2.2E-16));
#12328 = ORIENTED_EDGE('',*,*,#12030,.F.);
#12329 = PLANE('',#12330);
#12330 = AXIS2_PLACEMENT_3D('',#12331,#12332,#12333);
#12331 = CARTESIAN_POINT('',(-37.03007497738,18.595,8.99));
#12332 = DIRECTION('',(-0.436199376545,-2.3E-16,0.899850045231));
#12333 = DIRECTION('',(-0.899850045231,-9.9E-16,-0.436199376545));
#12334 = ADVANCED_FACE('',(#12335),#12346,.T.);
#12335 = FACE_BOUND('',#12336,.T.);
#12336 = EDGE_LOOP('',(#12337,#12338,#12339,#12345));
#12337 = ORIENTED_EDGE('',*,*,#12323,.T.);
#12338 = ORIENTED_EDGE('',*,*,#11939,.T.);
#12339 = ORIENTED_EDGE('',*,*,#12340,.F.);
#12340 = EDGE_CURVE('',#12039,#11931,#12341,.T.);
#12341 = LINE('',#12342,#12343);
#12342 = CARTESIAN_POINT('',(-36.59014995476,18.595,6.936199376545));
#12343 = VECTOR('',#12344,1.);
#12344 = DIRECTION('',(-9.9E-16,1.,-2.2E-16));
#12345 = ORIENTED_EDGE('',*,*,#12038,.F.);
#12346 = PLANE('',#12347);
#12347 = AXIS2_PLACEMENT_3D('',#12348,#12349,#12350);
#12348 = CARTESIAN_POINT('',(-37.48,18.595,8.771900311728));
#12349 = DIRECTION('',(-0.899850045231,-9.9E-16,-0.436199376545));
#12350 = DIRECTION('',(0.436199376545,2.3E-16,-0.899850045231));
#12351 = ADVANCED_FACE('',(#12352),#12363,.F.);
#12352 = FACE_BOUND('',#12353,.F.);
#12353 = EDGE_LOOP('',(#12354,#12360,#12361,#12362));
#12354 = ORIENTED_EDGE('',*,*,#12355,.T.);
#12355 = EDGE_CURVE('',#12007,#11923,#12356,.T.);
#12356 = LINE('',#12357,#12358);
#12357 = CARTESIAN_POINT('',(-36.49,18.595,6.5));
#12358 = VECTOR('',#12359,1.);
#12359 = DIRECTION('',(-9.9E-16,1.,-2.2E-16));
#12360 = ORIENTED_EDGE('',*,*,#11930,.T.);
#12361 = ORIENTED_EDGE('',*,*,#12340,.F.);
#12362 = ORIENTED_EDGE('',*,*,#12046,.F.);
#12363 = CYLINDRICAL_SURFACE('',#12364,1.);
#12364 = AXIS2_PLACEMENT_3D('',#12365,#12366,#12367);
#12365 = CARTESIAN_POINT('',(-37.49,18.595,6.5));
#12366 = DIRECTION('',(9.9E-16,-1.,2.2E-16));
#12367 = DIRECTION('',(-1.,-9.9E-16,0.));
#12368 = ADVANCED_FACE('',(#12369),#12375,.F.);
#12369 = FACE_BOUND('',#12370,.F.);
#12370 = EDGE_LOOP('',(#12371,#12372,#12373,#12374));
#12371 = ORIENTED_EDGE('',*,*,#12146,.F.);
#12372 = ORIENTED_EDGE('',*,*,#11922,.T.);
#12373 = ORIENTED_EDGE('',*,*,#12355,.F.);
#12374 = ORIENTED_EDGE('',*,*,#12004,.F.);
#12375 = PLANE('',#12376);
#12376 = AXIS2_PLACEMENT_3D('',#12377,#12378,#12379);
#12377 = CARTESIAN_POINT('',(-36.49,18.595,6.25));
#12378 = DIRECTION('',(1.,9.9E-16,-6.22E-15));
#12379 = DIRECTION('',(6.22E-15,2.2E-16,1.));
#12380 = ADVANCED_FACE('',(#12381),#12400,.F.);
#12381 = FACE_BOUND('',#12382,.F.);
#12382 = EDGE_LOOP('',(#12383,#12391,#12398,#12399));
#12383 = ORIENTED_EDGE('',*,*,#12384,.T.);
#12384 = EDGE_CURVE('',#12242,#12385,#12387,.T.);
#12385 = VERTEX_POINT('',#12386);
#12386 = CARTESIAN_POINT('',(-30.99,19.345,11.));
#12387 = LINE('',#12388,#12389);
#12388 = CARTESIAN_POINT('',(-30.89,19.345,11.));
#12389 = VECTOR('',#12390,1.);
#12390 = DIRECTION('',(-1.,0.,2.2E-16));
#12391 = ORIENTED_EDGE('',*,*,#12392,.T.);
#12392 = EDGE_CURVE('',#12385,#12385,#12393,.T.);
#12393 = CIRCLE('',#12394,0.5);
#12394 = AXIS2_PLACEMENT_3D('',#12395,#12396,#12397);
#12395 = CARTESIAN_POINT('',(-30.99,19.345,11.5));
#12396 = DIRECTION('',(1.,-2.2E-16,-2.2E-16));
#12397 = DIRECTION('',(-2.2E-16,-2.2E-16,-1.));
#12398 = ORIENTED_EDGE('',*,*,#12384,.F.);
#12399 = ORIENTED_EDGE('',*,*,#12241,.F.);
#12400 = CYLINDRICAL_SURFACE('',#12401,0.5);
#12401 = AXIS2_PLACEMENT_3D('',#12402,#12403,#12404);
#12402 = CARTESIAN_POINT('',(-30.89,19.345,11.5));
#12403 = DIRECTION('',(1.,-0.,-2.2E-16));
#12404 = DIRECTION('',(-2.2E-16,-2.2E-16,-1.));
#12405 = ADVANCED_FACE('',(#12406),#12409,.T.);
#12406 = FACE_BOUND('',#12407,.T.);
#12407 = EDGE_LOOP('',(#12408));
#12408 = ORIENTED_EDGE('',*,*,#12392,.T.);
#12409 = PLANE('',#12410);
#12410 = AXIS2_PLACEMENT_3D('',#12411,#12412,#12413);
#12411 = CARTESIAN_POINT('',(-30.99,19.345,11.5));
#12412 = DIRECTION('',(1.,0.,0.));
#12413 = DIRECTION('',(0.,-2.2E-16,-1.));
#12414 = ( GEOMETRIC_REPRESENTATION_CONTEXT(3) 
GLOBAL_UNCERTAINTY_ASSIGNED_CONTEXT((#12418)) 
GLOBAL_UNIT_ASSIGNED_CONTEXT((#12415,#12416,#12417)) 
REPRESENTATION_CONTEXT('Context #1',
  '3D Context with UNIT and UNCERTAINTY') );
#12415 = ( LENGTH_UNIT() NAMED_UNIT(*) SI_UNIT(.MILLI.,.METRE.) );
#12416 = ( NAMED_UNIT(*) PLANE_ANGLE_UNIT() SI_UNIT($,.RADIAN.) );
#12417 = ( NAMED_UNIT(*) SI_UNIT($,.STERADIAN.) SOLID_ANGLE_UNIT() );
#12418 = UNCERTAINTY_MEASURE_WITH_UNIT(LENGTH_MEASURE(1.E-05),#12415,
  'distance_accuracy_value','confusion accuracy');
#12419 = SHAPE_REPRESENTATION_RELATIONSHIP('','',#12420,#11310);
#12420 = ADVANCED_BREP_SHAPE_REPRESENTATION('',(#11,#12421),#13505);
#12421 = MANIFOLD_SOLID_BREP('',#12422);
#12422 = CLOSED_SHELL('',(#12423,#12577,#12608,#12632,#12656,#12680,
    #12772,#12796,#12821,#12845,#12936,#12953,#12984,#13008,#13066,
    #13091,#13148,#13172,#13196,#13213,#13249,#13266,#13283,#13300,
    #13317,#13345,#13362,#13379,#13391,#13408,#13425,#13442,#13459,
    #13471,#13496));
#12423 = ADVANCED_FACE('',(#12424,#12506),#12572,.F.);
#12424 = FACE_BOUND('',#12425,.F.);
#12425 = EDGE_LOOP('',(#12426,#12436,#12444,#12452,#12460,#12468,#12476,
    #12484,#12492,#12500));
#12426 = ORIENTED_EDGE('',*,*,#12427,.F.);
#12427 = EDGE_CURVE('',#12428,#12430,#12432,.T.);
#12428 = VERTEX_POINT('',#12429);
#12429 = CARTESIAN_POINT('',(-35.99,-0.705,2.5));
#12430 = VERTEX_POINT('',#12431);
#12431 = CARTESIAN_POINT('',(-35.99,-0.705,-2.7));
#12432 = LINE('',#12433,#12434);
#12433 = CARTESIAN_POINT('',(-35.99,-0.705,10.));
#12434 = VECTOR('',#12435,1.);
#12435 = DIRECTION('',(0.,-2.2E-16,-1.));
#12436 = ORIENTED_EDGE('',*,*,#12437,.F.);
#12437 = EDGE_CURVE('',#12438,#12428,#12440,.T.);
#12438 = VERTEX_POINT('',#12439);
#12439 = CARTESIAN_POINT('',(-35.99,-2.955,2.5));
#12440 = LINE('',#12441,#12442);
#12441 = CARTESIAN_POINT('',(-35.99,-2.955,2.5));
#12442 = VECTOR('',#12443,1.);
#12443 = DIRECTION('',(-0.,1.,-2.2E-16));
#12444 = ORIENTED_EDGE('',*,*,#12445,.F.);
#12445 = EDGE_CURVE('',#12446,#12438,#12448,.T.);
#12446 = VERTEX_POINT('',#12447);
#12447 = CARTESIAN_POINT('',(-35.99,-2.955,17.5));
#12448 = LINE('',#12449,#12450);
#12449 = CARTESIAN_POINT('',(-35.99,-2.955,17.5));
#12450 = VECTOR('',#12451,1.);
#12451 = DIRECTION('',(0.,-2.2E-16,-1.));
#12452 = ORIENTED_EDGE('',*,*,#12453,.T.);
#12453 = EDGE_CURVE('',#12446,#12454,#12456,.T.);
#12454 = VERTEX_POINT('',#12455);
#12455 = CARTESIAN_POINT('',(-35.99,3.045,17.5));
#12456 = LINE('',#12457,#12458);
#12457 = CARTESIAN_POINT('',(-35.99,-2.955,17.5));
#12458 = VECTOR('',#12459,1.);
#12459 = DIRECTION('',(-0.,1.,-2.2E-16));
#12460 = ORIENTED_EDGE('',*,*,#12461,.T.);
#12461 = EDGE_CURVE('',#12454,#12462,#12464,.T.);
#12462 = VERTEX_POINT('',#12463);
#12463 = CARTESIAN_POINT('',(-35.99,3.045,2.5));
#12464 = LINE('',#12465,#12466);
#12465 = CARTESIAN_POINT('',(-35.99,3.045,17.5));
#12466 = VECTOR('',#12467,1.);
#12467 = DIRECTION('',(0.,-2.2E-16,-1.));
#12468 = ORIENTED_EDGE('',*,*,#12469,.T.);
#12469 = EDGE_CURVE('',#12462,#12470,#12472,.T.);
#12470 = VERTEX_POINT('',#12471);
#12471 = CARTESIAN_POINT('',(-35.99,0.795,2.5));
#12472 = LINE('',#12473,#12474);
#12473 = CARTESIAN_POINT('',(-35.99,4.5E-02,2.5));
#12474 = VECTOR('',#12475,1.);
#12475 = DIRECTION('',(0.,-1.,2.2E-16));
#12476 = ORIENTED_EDGE('',*,*,#12477,.T.);
#12477 = EDGE_CURVE('',#12470,#12478,#12480,.T.);
#12478 = VERTEX_POINT('',#12479);
#12479 = CARTESIAN_POINT('',(-35.99,0.795,-2.7));
#12480 = LINE('',#12481,#12482);
#12481 = CARTESIAN_POINT('',(-35.99,0.795,10.));
#12482 = VECTOR('',#12483,1.);
#12483 = DIRECTION('',(0.,-2.2E-16,-1.));
#12484 = ORIENTED_EDGE('',*,*,#12485,.F.);
#12485 = EDGE_CURVE('',#12486,#12478,#12488,.T.);
#12486 = VERTEX_POINT('',#12487);
#12487 = CARTESIAN_POINT('',(-35.99,0.295,-3.2));
#12488 = LINE('',#12489,#12490);
#12489 = CARTESIAN_POINT('',(-35.99,4.7825,1.2875));
#12490 = VECTOR('',#12491,1.);
#12491 = DIRECTION('',(0.,0.707106781187,0.707106781187));
#12492 = ORIENTED_EDGE('',*,*,#12493,.F.);
#12493 = EDGE_CURVE('',#12494,#12486,#12496,.T.);
#12494 = VERTEX_POINT('',#12495);
#12495 = CARTESIAN_POINT('',(-35.99,-0.205,-3.2));
#12496 = LINE('',#12497,#12498);
#12497 = CARTESIAN_POINT('',(-35.99,-2.955,-3.2));
#12498 = VECTOR('',#12499,1.);
#12499 = DIRECTION('',(-0.,1.,-2.2E-16));
#12500 = ORIENTED_EDGE('',*,*,#12501,.F.);
#12501 = EDGE_CURVE('',#12430,#12494,#12502,.T.);
#12502 = LINE('',#12503,#12504);
#12503 = CARTESIAN_POINT('',(-35.99,-6.1925,2.7875));
#12504 = VECTOR('',#12505,1.);
#12505 = DIRECTION('',(-0.,0.707106781187,-0.707106781187));
#12506 = FACE_BOUND('',#12507,.F.);
#12507 = EDGE_LOOP('',(#12508,#12518,#12526,#12534,#12542,#12550,#12558,
    #12566));
#12508 = ORIENTED_EDGE('',*,*,#12509,.F.);
#12509 = EDGE_CURVE('',#12510,#12512,#12514,.T.);
#12510 = VERTEX_POINT('',#12511);
#12511 = CARTESIAN_POINT('',(-35.99,0.82,9.25));
#12512 = VERTEX_POINT('',#12513);
#12513 = CARTESIAN_POINT('',(-35.99,0.82,6.25));
#12514 = LINE('',#12515,#12516);
#12515 = CARTESIAN_POINT('',(-35.99,0.82,9.25));
#12516 = VECTOR('',#12517,1.);
#12517 = DIRECTION('',(2.2E-16,-2.2E-16,-1.));
#12518 = ORIENTED_EDGE('',*,*,#12519,.T.);
#12519 = EDGE_CURVE('',#12510,#12520,#12522,.T.);
#12520 = VERTEX_POINT('',#12521);
#12521 = CARTESIAN_POINT('',(-35.99,-0.73,9.25));
#12522 = LINE('',#12523,#12524);
#12523 = CARTESIAN_POINT('',(-35.99,0.82,9.25));
#12524 = VECTOR('',#12525,1.);
#12525 = DIRECTION('',(2.2E-16,-1.,2.2E-16));
#12526 = ORIENTED_EDGE('',*,*,#12527,.T.);
#12527 = EDGE_CURVE('',#12520,#12528,#12530,.T.);
#12528 = VERTEX_POINT('',#12529);
#12529 = CARTESIAN_POINT('',(-35.99,-0.73,6.25));
#12530 = LINE('',#12531,#12532);
#12531 = CARTESIAN_POINT('',(-35.99,-0.73,9.25));
#12532 = VECTOR('',#12533,1.);
#12533 = DIRECTION('',(2.2E-16,-2.2E-16,-1.));
#12534 = ORIENTED_EDGE('',*,*,#12535,.T.);
#12535 = EDGE_CURVE('',#12528,#12536,#12538,.T.);
#12536 = VERTEX_POINT('',#12537);
#12537 = CARTESIAN_POINT('',(-35.99,-0.705,6.25));
#12538 = LINE('',#12539,#12540);
#12539 = CARTESIAN_POINT('',(-35.99,-0.73,6.25));
#12540 = VECTOR('',#12541,1.);
#12541 = DIRECTION('',(-2.2E-16,1.,-2.2E-16));
#12542 = ORIENTED_EDGE('',*,*,#12543,.T.);
#12543 = EDGE_CURVE('',#12536,#12544,#12546,.T.);
#12544 = VERTEX_POINT('',#12545);
#12545 = CARTESIAN_POINT('',(-35.99,-0.705,6.5));
#12546 = LINE('',#12547,#12548);
#12547 = CARTESIAN_POINT('',(-35.99,-0.705,6.25));
#12548 = VECTOR('',#12549,1.);
#12549 = DIRECTION('',(-2.2E-16,2.2E-16,1.));
#12550 = ORIENTED_EDGE('',*,*,#12551,.T.);
#12551 = EDGE_CURVE('',#12544,#12552,#12554,.T.);
#12552 = VERTEX_POINT('',#12553);
#12553 = CARTESIAN_POINT('',(-35.99,0.795,6.5));
#12554 = LINE('',#12555,#12556);
#12555 = CARTESIAN_POINT('',(-35.99,-0.705,6.5));
#12556 = VECTOR('',#12557,1.);
#12557 = DIRECTION('',(-9.9E-16,1.,-2.2E-16));
#12558 = ORIENTED_EDGE('',*,*,#12559,.F.);
#12559 = EDGE_CURVE('',#12560,#12552,#12562,.T.);
#12560 = VERTEX_POINT('',#12561);
#12561 = CARTESIAN_POINT('',(-35.99,0.795,6.25));
#12562 = LINE('',#12563,#12564);
#12563 = CARTESIAN_POINT('',(-35.99,0.795,6.25));
#12564 = VECTOR('',#12565,1.);
#12565 = DIRECTION('',(-2.2E-16,2.2E-16,1.));
#12566 = ORIENTED_EDGE('',*,*,#12567,.F.);
#12567 = EDGE_CURVE('',#12512,#12560,#12568,.T.);
#12568 = LINE('',#12569,#12570);
#12569 = CARTESIAN_POINT('',(-35.99,0.82,6.25));
#12570 = VECTOR('',#12571,1.);
#12571 = DIRECTION('',(2.2E-16,-1.,2.2E-16));
#12572 = PLANE('',#12573);
#12573 = AXIS2_PLACEMENT_3D('',#12574,#12575,#12576);
#12574 = CARTESIAN_POINT('',(-35.99,-2.955,17.5));
#12575 = DIRECTION('',(-1.,0.,0.));
#12576 = DIRECTION('',(0.,-2.2E-16,-1.));
#12577 = ADVANCED_FACE('',(#12578),#12603,.F.);
#12578 = FACE_BOUND('',#12579,.F.);
#12579 = EDGE_LOOP('',(#12580,#12590,#12596,#12597));
#12580 = ORIENTED_EDGE('',*,*,#12581,.F.);
#12581 = EDGE_CURVE('',#12582,#12584,#12586,.T.);
#12582 = VERTEX_POINT('',#12583);
#12583 = CARTESIAN_POINT('',(-36.49,-0.705,2.5));
#12584 = VERTEX_POINT('',#12585);
#12585 = CARTESIAN_POINT('',(-36.49,-0.705,-2.7));
#12586 = LINE('',#12587,#12588);
#12587 = CARTESIAN_POINT('',(-36.49,-0.705,2.5));
#12588 = VECTOR('',#12589,1.);
#12589 = DIRECTION('',(2.2E-16,-2.2E-16,-1.));
#12590 = ORIENTED_EDGE('',*,*,#12591,.T.);
#12591 = EDGE_CURVE('',#12582,#12428,#12592,.T.);
#12592 = LINE('',#12593,#12594);
#12593 = CARTESIAN_POINT('',(-36.49,-0.705,2.5));
#12594 = VECTOR('',#12595,1.);
#12595 = DIRECTION('',(1.,0.,2.2E-16));
#12596 = ORIENTED_EDGE('',*,*,#12427,.T.);
#12597 = ORIENTED_EDGE('',*,*,#12598,.F.);
#12598 = EDGE_CURVE('',#12584,#12430,#12599,.T.);
#12599 = LINE('',#12600,#12601);
#12600 = CARTESIAN_POINT('',(-36.49,-0.705,-2.7));
#12601 = VECTOR('',#12602,1.);
#12602 = DIRECTION('',(1.,0.,2.2E-16));
#12603 = PLANE('',#12604);
#12604 = AXIS2_PLACEMENT_3D('',#12605,#12606,#12607);
#12605 = CARTESIAN_POINT('',(-36.49,-0.705,2.5));
#12606 = DIRECTION('',(0.,1.,-2.2E-16));
#12607 = DIRECTION('',(2.2E-16,-2.2E-16,-1.));
#12608 = ADVANCED_FACE('',(#12609),#12627,.T.);
#12609 = FACE_BOUND('',#12610,.F.);
#12610 = EDGE_LOOP('',(#12611,#12619,#12620,#12621));
#12611 = ORIENTED_EDGE('',*,*,#12612,.F.);
#12612 = EDGE_CURVE('',#12584,#12613,#12615,.T.);
#12613 = VERTEX_POINT('',#12614);
#12614 = CARTESIAN_POINT('',(-36.49,-0.205,-3.2));
#12615 = LINE('',#12616,#12617);
#12616 = CARTESIAN_POINT('',(-36.49,-1.0175,-2.3875));
#12617 = VECTOR('',#12618,1.);
#12618 = DIRECTION('',(-0.,0.707106781187,-0.707106781187));
#12619 = ORIENTED_EDGE('',*,*,#12598,.T.);
#12620 = ORIENTED_EDGE('',*,*,#12501,.T.);
#12621 = ORIENTED_EDGE('',*,*,#12622,.F.);
#12622 = EDGE_CURVE('',#12613,#12494,#12623,.T.);
#12623 = LINE('',#12624,#12625);
#12624 = CARTESIAN_POINT('',(-36.49,-0.205,-3.2));
#12625 = VECTOR('',#12626,1.);
#12626 = DIRECTION('',(1.,0.,2.2E-16));
#12627 = PLANE('',#12628);
#12628 = AXIS2_PLACEMENT_3D('',#12629,#12630,#12631);
#12629 = CARTESIAN_POINT('',(-36.49,-0.455,-2.95));
#12630 = DIRECTION('',(0.,-0.707106781187,-0.707106781187));
#12631 = DIRECTION('',(-1.,1.1E-16,-1.1E-16));
#12632 = ADVANCED_FACE('',(#12633),#12651,.F.);
#12633 = FACE_BOUND('',#12634,.F.);
#12634 = EDGE_LOOP('',(#12635,#12643,#12649,#12650));
#12635 = ORIENTED_EDGE('',*,*,#12636,.F.);
#12636 = EDGE_CURVE('',#12637,#12582,#12639,.T.);
#12637 = VERTEX_POINT('',#12638);
#12638 = CARTESIAN_POINT('',(-36.49,-2.955,2.5));
#12639 = LINE('',#12640,#12641);
#12640 = CARTESIAN_POINT('',(-36.49,-2.955,2.5));
#12641 = VECTOR('',#12642,1.);
#12642 = DIRECTION('',(-2.2E-16,1.,-2.2E-16));
#12643 = ORIENTED_EDGE('',*,*,#12644,.T.);
#12644 = EDGE_CURVE('',#12637,#12438,#12645,.T.);
#12645 = LINE('',#12646,#12647);
#12646 = CARTESIAN_POINT('',(-36.49,-2.955,2.5));
#12647 = VECTOR('',#12648,1.);
#12648 = DIRECTION('',(1.,0.,2.2E-16));
#12649 = ORIENTED_EDGE('',*,*,#12437,.T.);
#12650 = ORIENTED_EDGE('',*,*,#12591,.F.);
#12651 = PLANE('',#12652);
#12652 = AXIS2_PLACEMENT_3D('',#12653,#12654,#12655);
#12653 = CARTESIAN_POINT('',(-36.49,-2.955,2.5));
#12654 = DIRECTION('',(-2.2E-16,2.2E-16,1.));
#12655 = DIRECTION('',(-0.,1.,-2.2E-16));
#12656 = ADVANCED_FACE('',(#12657),#12675,.F.);
#12657 = FACE_BOUND('',#12658,.F.);
#12658 = EDGE_LOOP('',(#12659,#12667,#12668,#12669));
#12659 = ORIENTED_EDGE('',*,*,#12660,.F.);
#12660 = EDGE_CURVE('',#12613,#12661,#12663,.T.);
#12661 = VERTEX_POINT('',#12662);
#12662 = CARTESIAN_POINT('',(-36.49,0.295,-3.2));
#12663 = LINE('',#12664,#12665);
#12664 = CARTESIAN_POINT('',(-36.49,-2.955,-3.2));
#12665 = VECTOR('',#12666,1.);
#12666 = DIRECTION('',(-0.,1.,-2.2E-16));
#12667 = ORIENTED_EDGE('',*,*,#12622,.T.);
#12668 = ORIENTED_EDGE('',*,*,#12493,.T.);
#12669 = ORIENTED_EDGE('',*,*,#12670,.F.);
#12670 = EDGE_CURVE('',#12661,#12486,#12671,.T.);
#12671 = LINE('',#12672,#12673);
#12672 = CARTESIAN_POINT('',(-36.49,0.295,-3.2));
#12673 = VECTOR('',#12674,1.);
#12674 = DIRECTION('',(1.,0.,2.2E-16));
#12675 = PLANE('',#12676);
#12676 = AXIS2_PLACEMENT_3D('',#12677,#12678,#12679);
#12677 = CARTESIAN_POINT('',(-35.99,-2.955,-3.2));
#12678 = DIRECTION('',(0.,2.2E-16,1.));
#12679 = DIRECTION('',(-1.,0.,0.));
#12680 = ADVANCED_FACE('',(#12681),#12767,.F.);
#12681 = FACE_BOUND('',#12682,.F.);
#12682 = EDGE_LOOP('',(#12683,#12692,#12693,#12694,#12702,#12711,#12719,
    #12728,#12736,#12744,#12752,#12761));
#12683 = ORIENTED_EDGE('',*,*,#12684,.F.);
#12684 = EDGE_CURVE('',#12446,#12685,#12687,.T.);
#12685 = VERTEX_POINT('',#12686);
#12686 = CARTESIAN_POINT('',(-35.08423282927,-2.955,17.792152362923));
#12687 = CIRCLE('',#12688,0.5);
#12688 = AXIS2_PLACEMENT_3D('',#12689,#12690,#12691);
#12689 = CARTESIAN_POINT('',(-35.49,-2.955,17.5));
#12690 = DIRECTION('',(0.,1.,-2.2E-16));
#12691 = DIRECTION('',(-1.,0.,0.));
#12692 = ORIENTED_EDGE('',*,*,#12445,.T.);
#12693 = ORIENTED_EDGE('',*,*,#12644,.F.);
#12694 = ORIENTED_EDGE('',*,*,#12695,.T.);
#12695 = EDGE_CURVE('',#12637,#12696,#12698,.T.);
#12696 = VERTEX_POINT('',#12697);
#12697 = CARTESIAN_POINT('',(-36.49,-2.955,17.5));
#12698 = LINE('',#12699,#12700);
#12699 = CARTESIAN_POINT('',(-36.49,-2.955,-3.2));
#12700 = VECTOR('',#12701,1.);
#12701 = DIRECTION('',(0.,2.2E-16,1.));
#12702 = ORIENTED_EDGE('',*,*,#12703,.T.);
#12703 = EDGE_CURVE('',#12696,#12704,#12706,.T.);
#12704 = VERTEX_POINT('',#12705);
#12705 = CARTESIAN_POINT('',(-34.67846565854,-2.955,18.084304725845));
#12706 = CIRCLE('',#12707,1.);
#12707 = AXIS2_PLACEMENT_3D('',#12708,#12709,#12710);
#12708 = CARTESIAN_POINT('',(-35.49,-2.955,17.5));
#12709 = DIRECTION('',(0.,1.,-2.2E-16));
#12710 = DIRECTION('',(-1.,0.,0.));
#12711 = ORIENTED_EDGE('',*,*,#12712,.F.);
#12712 = EDGE_CURVE('',#12713,#12704,#12715,.T.);
#12713 = VERTEX_POINT('',#12714);
#12714 = CARTESIAN_POINT('',(-31.07846565854,-2.955,13.084304725845));
#12715 = LINE('',#12716,#12717);
#12716 = CARTESIAN_POINT('',(-31.07846565854,-2.955,13.084304725845));
#12717 = VECTOR('',#12718,1.);
#12718 = DIRECTION('',(-0.584304725845,1.8E-16,0.811534341451));
#12719 = ORIENTED_EDGE('',*,*,#12720,.T.);
#12720 = EDGE_CURVE('',#12713,#12721,#12723,.T.);
#12721 = VERTEX_POINT('',#12722);
#12722 = CARTESIAN_POINT('',(-30.89,-2.955,12.5));
#12723 = CIRCLE('',#12724,1.);
#12724 = AXIS2_PLACEMENT_3D('',#12725,#12726,#12727);
#12725 = CARTESIAN_POINT('',(-31.89,-2.955,12.5));
#12726 = DIRECTION('',(0.,1.,-2.2E-16));
#12727 = DIRECTION('',(-1.,0.,0.));
#12728 = ORIENTED_EDGE('',*,*,#12729,.F.);
#12729 = EDGE_CURVE('',#12730,#12721,#12732,.T.);
#12730 = VERTEX_POINT('',#12731);
#12731 = CARTESIAN_POINT('',(-30.89,-2.955,7.5));
#12732 = LINE('',#12733,#12734);
#12733 = CARTESIAN_POINT('',(-30.89,-2.955,7.5));
#12734 = VECTOR('',#12735,1.);
#12735 = DIRECTION('',(0.,2.2E-16,1.));
#12736 = ORIENTED_EDGE('',*,*,#12737,.F.);
#12737 = EDGE_CURVE('',#12738,#12730,#12740,.T.);
#12738 = VERTEX_POINT('',#12739);
#12739 = CARTESIAN_POINT('',(-31.39,-2.955,7.5));
#12740 = LINE('',#12741,#12742);
#12741 = CARTESIAN_POINT('',(-31.39,-2.955,7.5));
#12742 = VECTOR('',#12743,1.);
#12743 = DIRECTION('',(1.,0.,0.));
#12744 = ORIENTED_EDGE('',*,*,#12745,.F.);
#12745 = EDGE_CURVE('',#12746,#12738,#12748,.T.);
#12746 = VERTEX_POINT('',#12747);
#12747 = CARTESIAN_POINT('',(-31.39,-2.955,12.5));
#12748 = LINE('',#12749,#12750);
#12749 = CARTESIAN_POINT('',(-31.39,-2.955,12.5));
#12750 = VECTOR('',#12751,1.);
#12751 = DIRECTION('',(0.,-2.2E-16,-1.));
#12752 = ORIENTED_EDGE('',*,*,#12753,.F.);
#12753 = EDGE_CURVE('',#12754,#12746,#12756,.T.);
#12754 = VERTEX_POINT('',#12755);
#12755 = CARTESIAN_POINT('',(-31.48423282927,-2.955,12.792152362923));
#12756 = CIRCLE('',#12757,0.5);
#12757 = AXIS2_PLACEMENT_3D('',#12758,#12759,#12760);
#12758 = CARTESIAN_POINT('',(-31.89,-2.955,12.5));
#12759 = DIRECTION('',(0.,1.,-2.2E-16));
#12760 = DIRECTION('',(-1.,0.,0.));
#12761 = ORIENTED_EDGE('',*,*,#12762,.F.);
#12762 = EDGE_CURVE('',#12685,#12754,#12763,.T.);
#12763 = LINE('',#12764,#12765);
#12764 = CARTESIAN_POINT('',(-35.08423282927,-2.955,17.792152362923));
#12765 = VECTOR('',#12766,1.);
#12766 = DIRECTION('',(0.584304725845,-1.8E-16,-0.811534341451));
#12767 = PLANE('',#12768);
#12768 = AXIS2_PLACEMENT_3D('',#12769,#12770,#12771);
#12769 = CARTESIAN_POINT('',(-34.80692029698,-2.955,9.614973312943));
#12770 = DIRECTION('',(-0.,1.,-4.4E-16));
#12771 = DIRECTION('',(0.,-4.4E-16,-1.));
#12772 = ADVANCED_FACE('',(#12773),#12791,.F.);
#12773 = FACE_BOUND('',#12774,.F.);
#12774 = EDGE_LOOP('',(#12775,#12783,#12784,#12785));
#12775 = ORIENTED_EDGE('',*,*,#12776,.F.);
#12776 = EDGE_CURVE('',#12661,#12777,#12779,.T.);
#12777 = VERTEX_POINT('',#12778);
#12778 = CARTESIAN_POINT('',(-36.49,0.795,-2.7));
#12779 = LINE('',#12780,#12781);
#12780 = CARTESIAN_POINT('',(-36.49,-0.3925,-3.8875));
#12781 = VECTOR('',#12782,1.);
#12782 = DIRECTION('',(0.,0.707106781187,0.707106781187));
#12783 = ORIENTED_EDGE('',*,*,#12670,.T.);
#12784 = ORIENTED_EDGE('',*,*,#12485,.T.);
#12785 = ORIENTED_EDGE('',*,*,#12786,.F.);
#12786 = EDGE_CURVE('',#12777,#12478,#12787,.T.);
#12787 = LINE('',#12788,#12789);
#12788 = CARTESIAN_POINT('',(-36.49,0.795,-2.7));
#12789 = VECTOR('',#12790,1.);
#12790 = DIRECTION('',(1.,0.,2.2E-16));
#12791 = PLANE('',#12792);
#12792 = AXIS2_PLACEMENT_3D('',#12793,#12794,#12795);
#12793 = CARTESIAN_POINT('',(-36.49,0.545,-2.95));
#12794 = DIRECTION('',(0.,-0.707106781187,0.707106781187));
#12795 = DIRECTION('',(1.,1.1E-16,1.1E-16));
#12796 = ADVANCED_FACE('',(#12797),#12816,.F.);
#12797 = FACE_BOUND('',#12798,.T.);
#12798 = EDGE_LOOP('',(#12799,#12800,#12809,#12815));
#12799 = ORIENTED_EDGE('',*,*,#12453,.T.);
#12800 = ORIENTED_EDGE('',*,*,#12801,.T.);
#12801 = EDGE_CURVE('',#12454,#12802,#12804,.T.);
#12802 = VERTEX_POINT('',#12803);
#12803 = CARTESIAN_POINT('',(-35.08423282927,3.045,17.792152362923));
#12804 = CIRCLE('',#12805,0.5);
#12805 = AXIS2_PLACEMENT_3D('',#12806,#12807,#12808);
#12806 = CARTESIAN_POINT('',(-35.49,3.045,17.5));
#12807 = DIRECTION('',(0.,1.,-2.2E-16));
#12808 = DIRECTION('',(-1.,0.,0.));
#12809 = ORIENTED_EDGE('',*,*,#12810,.F.);
#12810 = EDGE_CURVE('',#12685,#12802,#12811,.T.);
#12811 = LINE('',#12812,#12813);
#12812 = CARTESIAN_POINT('',(-35.08423282927,-2.955,17.792152362923));
#12813 = VECTOR('',#12814,1.);
#12814 = DIRECTION('',(-0.,1.,-2.2E-16));
#12815 = ORIENTED_EDGE('',*,*,#12684,.F.);
#12816 = CYLINDRICAL_SURFACE('',#12817,0.5);
#12817 = AXIS2_PLACEMENT_3D('',#12818,#12819,#12820);
#12818 = CARTESIAN_POINT('',(-35.49,-2.955,17.5));
#12819 = DIRECTION('',(0.,-1.,2.2E-16));
#12820 = DIRECTION('',(-1.,0.,0.));
#12821 = ADVANCED_FACE('',(#12822),#12840,.T.);
#12822 = FACE_BOUND('',#12823,.T.);
#12823 = EDGE_LOOP('',(#12824,#12832,#12838,#12839));
#12824 = ORIENTED_EDGE('',*,*,#12825,.F.);
#12825 = EDGE_CURVE('',#12826,#12777,#12828,.T.);
#12826 = VERTEX_POINT('',#12827);
#12827 = CARTESIAN_POINT('',(-36.49,0.795,2.5));
#12828 = LINE('',#12829,#12830);
#12829 = CARTESIAN_POINT('',(-36.49,0.795,2.5));
#12830 = VECTOR('',#12831,1.);
#12831 = DIRECTION('',(2.2E-16,-2.2E-16,-1.));
#12832 = ORIENTED_EDGE('',*,*,#12833,.T.);
#12833 = EDGE_CURVE('',#12826,#12470,#12834,.T.);
#12834 = LINE('',#12835,#12836);
#12835 = CARTESIAN_POINT('',(-36.49,0.795,2.5));
#12836 = VECTOR('',#12837,1.);
#12837 = DIRECTION('',(1.,0.,2.2E-16));
#12838 = ORIENTED_EDGE('',*,*,#12477,.T.);
#12839 = ORIENTED_EDGE('',*,*,#12786,.F.);
#12840 = PLANE('',#12841);
#12841 = AXIS2_PLACEMENT_3D('',#12842,#12843,#12844);
#12842 = CARTESIAN_POINT('',(-36.49,0.795,2.5));
#12843 = DIRECTION('',(0.,1.,-2.2E-16));
#12844 = DIRECTION('',(2.2E-16,-2.2E-16,-1.));
#12845 = ADVANCED_FACE('',(#12846),#12931,.T.);
#12846 = FACE_BOUND('',#12847,.T.);
#12847 = EDGE_LOOP('',(#12848,#12849,#12850,#12858,#12866,#12875,#12883,
    #12892,#12900,#12908,#12916,#12925));
#12848 = ORIENTED_EDGE('',*,*,#12801,.F.);
#12849 = ORIENTED_EDGE('',*,*,#12461,.T.);
#12850 = ORIENTED_EDGE('',*,*,#12851,.F.);
#12851 = EDGE_CURVE('',#12852,#12462,#12854,.T.);
#12852 = VERTEX_POINT('',#12853);
#12853 = CARTESIAN_POINT('',(-36.49,3.045,2.5));
#12854 = LINE('',#12855,#12856);
#12855 = CARTESIAN_POINT('',(-36.49,3.045,2.5));
#12856 = VECTOR('',#12857,1.);
#12857 = DIRECTION('',(1.,0.,2.2E-16));
#12858 = ORIENTED_EDGE('',*,*,#12859,.T.);
#12859 = EDGE_CURVE('',#12852,#12860,#12862,.T.);
#12860 = VERTEX_POINT('',#12861);
#12861 = CARTESIAN_POINT('',(-36.49,3.045,17.5));
#12862 = LINE('',#12863,#12864);
#12863 = CARTESIAN_POINT('',(-36.49,3.045,-3.2));
#12864 = VECTOR('',#12865,1.);
#12865 = DIRECTION('',(0.,2.2E-16,1.));
#12866 = ORIENTED_EDGE('',*,*,#12867,.T.);
#12867 = EDGE_CURVE('',#12860,#12868,#12870,.T.);
#12868 = VERTEX_POINT('',#12869);
#12869 = CARTESIAN_POINT('',(-34.67846565854,3.045,18.084304725845));
#12870 = CIRCLE('',#12871,1.);
#12871 = AXIS2_PLACEMENT_3D('',#12872,#12873,#12874);
#12872 = CARTESIAN_POINT('',(-35.49,3.045,17.5));
#12873 = DIRECTION('',(0.,1.,-2.2E-16));
#12874 = DIRECTION('',(-1.,0.,0.));
#12875 = ORIENTED_EDGE('',*,*,#12876,.F.);
#12876 = EDGE_CURVE('',#12877,#12868,#12879,.T.);
#12877 = VERTEX_POINT('',#12878);
#12878 = CARTESIAN_POINT('',(-31.07846565854,3.045,13.084304725845));
#12879 = LINE('',#12880,#12881);
#12880 = CARTESIAN_POINT('',(-31.07846565854,3.045,13.084304725845));
#12881 = VECTOR('',#12882,1.);
#12882 = DIRECTION('',(-0.584304725845,1.8E-16,0.811534341451));
#12883 = ORIENTED_EDGE('',*,*,#12884,.T.);
#12884 = EDGE_CURVE('',#12877,#12885,#12887,.T.);
#12885 = VERTEX_POINT('',#12886);
#12886 = CARTESIAN_POINT('',(-30.89,3.045,12.5));
#12887 = CIRCLE('',#12888,1.);
#12888 = AXIS2_PLACEMENT_3D('',#12889,#12890,#12891);
#12889 = CARTESIAN_POINT('',(-31.89,3.045,12.5));
#12890 = DIRECTION('',(0.,1.,-2.2E-16));
#12891 = DIRECTION('',(-1.,0.,0.));
#12892 = ORIENTED_EDGE('',*,*,#12893,.F.);
#12893 = EDGE_CURVE('',#12894,#12885,#12896,.T.);
#12894 = VERTEX_POINT('',#12895);
#12895 = CARTESIAN_POINT('',(-30.89,3.045,7.5));
#12896 = LINE('',#12897,#12898);
#12897 = CARTESIAN_POINT('',(-30.89,3.045,7.5));
#12898 = VECTOR('',#12899,1.);
#12899 = DIRECTION('',(0.,2.2E-16,1.));
#12900 = ORIENTED_EDGE('',*,*,#12901,.F.);
#12901 = EDGE_CURVE('',#12902,#12894,#12904,.T.);
#12902 = VERTEX_POINT('',#12903);
#12903 = CARTESIAN_POINT('',(-31.39,3.045,7.5));
#12904 = LINE('',#12905,#12906);
#12905 = CARTESIAN_POINT('',(-31.39,3.045,7.5));
#12906 = VECTOR('',#12907,1.);
#12907 = DIRECTION('',(1.,0.,0.));
#12908 = ORIENTED_EDGE('',*,*,#12909,.F.);
#12909 = EDGE_CURVE('',#12910,#12902,#12912,.T.);
#12910 = VERTEX_POINT('',#12911);
#12911 = CARTESIAN_POINT('',(-31.39,3.045,12.5));
#12912 = LINE('',#12913,#12914);
#12913 = CARTESIAN_POINT('',(-31.39,3.045,12.5));
#12914 = VECTOR('',#12915,1.);
#12915 = DIRECTION('',(0.,-2.2E-16,-1.));
#12916 = ORIENTED_EDGE('',*,*,#12917,.F.);
#12917 = EDGE_CURVE('',#12918,#12910,#12920,.T.);
#12918 = VERTEX_POINT('',#12919);
#12919 = CARTESIAN_POINT('',(-31.48423282927,3.045,12.792152362923));
#12920 = CIRCLE('',#12921,0.5);
#12921 = AXIS2_PLACEMENT_3D('',#12922,#12923,#12924);
#12922 = CARTESIAN_POINT('',(-31.89,3.045,12.5));
#12923 = DIRECTION('',(0.,1.,-2.2E-16));
#12924 = DIRECTION('',(-1.,0.,0.));
#12925 = ORIENTED_EDGE('',*,*,#12926,.F.);
#12926 = EDGE_CURVE('',#12802,#12918,#12927,.T.);
#12927 = LINE('',#12928,#12929);
#12928 = CARTESIAN_POINT('',(-35.08423282927,3.045,17.792152362923));
#12929 = VECTOR('',#12930,1.);
#12930 = DIRECTION('',(0.584304725845,-1.8E-16,-0.811534341451));
#12931 = PLANE('',#12932);
#12932 = AXIS2_PLACEMENT_3D('',#12933,#12934,#12935);
#12933 = CARTESIAN_POINT('',(-34.80692029698,3.045,9.614973312943));
#12934 = DIRECTION('',(-0.,1.,-4.4E-16));
#12935 = DIRECTION('',(0.,-4.4E-16,-1.));
#12936 = ADVANCED_FACE('',(#12937),#12948,.T.);
#12937 = FACE_BOUND('',#12938,.T.);
#12938 = EDGE_LOOP('',(#12939,#12945,#12946,#12947));
#12939 = ORIENTED_EDGE('',*,*,#12940,.F.);
#12940 = EDGE_CURVE('',#12852,#12826,#12941,.T.);
#12941 = LINE('',#12942,#12943);
#12942 = CARTESIAN_POINT('',(-36.49,3.045,2.5));
#12943 = VECTOR('',#12944,1.);
#12944 = DIRECTION('',(2.2E-16,-1.,2.2E-16));
#12945 = ORIENTED_EDGE('',*,*,#12851,.T.);
#12946 = ORIENTED_EDGE('',*,*,#12469,.T.);
#12947 = ORIENTED_EDGE('',*,*,#12833,.F.);
#12948 = PLANE('',#12949);
#12949 = AXIS2_PLACEMENT_3D('',#12950,#12951,#12952);
#12950 = CARTESIAN_POINT('',(-36.49,3.045,2.5));
#12951 = DIRECTION('',(2.2E-16,-2.2E-16,-1.));
#12952 = DIRECTION('',(0.,-1.,2.2E-16));
#12953 = ADVANCED_FACE('',(#12954),#12979,.F.);
#12954 = FACE_BOUND('',#12955,.F.);
#12955 = EDGE_LOOP('',(#12956,#12964,#12965,#12973));
#12956 = ORIENTED_EDGE('',*,*,#12957,.T.);
#12957 = EDGE_CURVE('',#12958,#12510,#12960,.T.);
#12958 = VERTEX_POINT('',#12959);
#12959 = CARTESIAN_POINT('',(-36.49,0.82,9.25));
#12960 = LINE('',#12961,#12962);
#12961 = CARTESIAN_POINT('',(-36.49,0.82,9.25));
#12962 = VECTOR('',#12963,1.);
#12963 = DIRECTION('',(1.,0.,2.2E-16));
#12964 = ORIENTED_EDGE('',*,*,#12509,.T.);
#12965 = ORIENTED_EDGE('',*,*,#12966,.F.);
#12966 = EDGE_CURVE('',#12967,#12512,#12969,.T.);
#12967 = VERTEX_POINT('',#12968);
#12968 = CARTESIAN_POINT('',(-36.49,0.82,6.25));
#12969 = LINE('',#12970,#12971);
#12970 = CARTESIAN_POINT('',(-36.49,0.82,6.25));
#12971 = VECTOR('',#12972,1.);
#12972 = DIRECTION('',(1.,0.,2.2E-16));
#12973 = ORIENTED_EDGE('',*,*,#12974,.F.);
#12974 = EDGE_CURVE('',#12958,#12967,#12975,.T.);
#12975 = LINE('',#12976,#12977);
#12976 = CARTESIAN_POINT('',(-36.49,0.82,9.25));
#12977 = VECTOR('',#12978,1.);
#12978 = DIRECTION('',(2.2E-16,-2.2E-16,-1.));
#12979 = PLANE('',#12980);
#12980 = AXIS2_PLACEMENT_3D('',#12981,#12982,#12983);
#12981 = CARTESIAN_POINT('',(-36.49,0.82,9.25));
#12982 = DIRECTION('',(0.,1.,-2.2E-16));
#12983 = DIRECTION('',(2.2E-16,-2.2E-16,-1.));
#12984 = ADVANCED_FACE('',(#12985),#13003,.F.);
#12985 = FACE_BOUND('',#12986,.F.);
#12986 = EDGE_LOOP('',(#12987,#12988,#12989,#12997));
#12987 = ORIENTED_EDGE('',*,*,#12966,.T.);
#12988 = ORIENTED_EDGE('',*,*,#12567,.T.);
#12989 = ORIENTED_EDGE('',*,*,#12990,.F.);
#12990 = EDGE_CURVE('',#12991,#12560,#12993,.T.);
#12991 = VERTEX_POINT('',#12992);
#12992 = CARTESIAN_POINT('',(-36.49,0.795,6.25));
#12993 = LINE('',#12994,#12995);
#12994 = CARTESIAN_POINT('',(-36.49,0.795,6.25));
#12995 = VECTOR('',#12996,1.);
#12996 = DIRECTION('',(1.,0.,2.2E-16));
#12997 = ORIENTED_EDGE('',*,*,#12998,.F.);
#12998 = EDGE_CURVE('',#12967,#12991,#12999,.T.);
#12999 = LINE('',#13000,#13001);
#13000 = CARTESIAN_POINT('',(-36.49,0.82,6.25));
#13001 = VECTOR('',#13002,1.);
#13002 = DIRECTION('',(2.2E-16,-1.,2.2E-16));
#13003 = PLANE('',#13004);
#13004 = AXIS2_PLACEMENT_3D('',#13005,#13006,#13007);
#13005 = CARTESIAN_POINT('',(-36.49,0.82,6.25));
#13006 = DIRECTION('',(2.2E-16,-2.2E-16,-1.));
#13007 = DIRECTION('',(0.,-1.,2.2E-16));
#13008 = ADVANCED_FACE('',(#13009),#13061,.T.);
#13009 = FACE_BOUND('',#13010,.T.);
#13010 = EDGE_LOOP('',(#13011,#13012,#13020,#13029,#13037,#13045,#13053,
    #13060));
#13011 = ORIENTED_EDGE('',*,*,#12990,.F.);
#13012 = ORIENTED_EDGE('',*,*,#13013,.T.);
#13013 = EDGE_CURVE('',#12991,#13014,#13016,.T.);
#13014 = VERTEX_POINT('',#13015);
#13015 = CARTESIAN_POINT('',(-36.49,0.795,6.5));
#13016 = LINE('',#13017,#13018);
#13017 = CARTESIAN_POINT('',(-36.49,0.795,6.25));
#13018 = VECTOR('',#13019,1.);
#13019 = DIRECTION('',(6.21E-15,2.2E-16,1.));
#13020 = ORIENTED_EDGE('',*,*,#13021,.T.);
#13021 = EDGE_CURVE('',#13014,#13022,#13024,.T.);
#13022 = VERTEX_POINT('',#13023);
#13023 = CARTESIAN_POINT('',(-36.59014995476,0.795,6.936199376545));
#13024 = CIRCLE('',#13025,1.);
#13025 = AXIS2_PLACEMENT_3D('',#13026,#13027,#13028);
#13026 = CARTESIAN_POINT('',(-37.49,0.795,6.5));
#13027 = DIRECTION('',(9.9E-16,-1.,2.2E-16));
#13028 = DIRECTION('',(-1.,-9.9E-16,-1.E-17));
#13029 = ORIENTED_EDGE('',*,*,#13030,.F.);
#13030 = EDGE_CURVE('',#13031,#13022,#13033,.T.);
#13031 = VERTEX_POINT('',#13032);
#13032 = CARTESIAN_POINT('',(-37.48,0.795,8.771900311728));
#13033 = LINE('',#13034,#13035);
#13034 = CARTESIAN_POINT('',(-37.48,0.795,8.771900311728));
#13035 = VECTOR('',#13036,1.);
#13036 = DIRECTION('',(0.436199376545,2.3E-16,-0.899850045231));
#13037 = ORIENTED_EDGE('',*,*,#13038,.F.);
#13038 = EDGE_CURVE('',#13039,#13031,#13041,.T.);
#13039 = VERTEX_POINT('',#13040);
#13040 = CARTESIAN_POINT('',(-37.03007497738,0.795,8.99));
#13041 = LINE('',#13042,#13043);
#13042 = CARTESIAN_POINT('',(-37.03007497738,0.795,8.99));
#13043 = VECTOR('',#13044,1.);
#13044 = DIRECTION('',(-0.899850045231,-9.9E-16,-0.436199376545));
#13045 = ORIENTED_EDGE('',*,*,#13046,.F.);
#13046 = EDGE_CURVE('',#13047,#13039,#13049,.T.);
#13047 = VERTEX_POINT('',#13048);
#13048 = CARTESIAN_POINT('',(-36.14022493215,0.795,7.154299064817));
#13049 = LINE('',#13050,#13051);
#13050 = CARTESIAN_POINT('',(-36.14022493215,0.795,7.154299064817));
#13051 = VECTOR('',#13052,1.);
#13052 = DIRECTION('',(-0.436199376545,-2.3E-16,0.899850045231));
#13053 = ORIENTED_EDGE('',*,*,#13054,.F.);
#13054 = EDGE_CURVE('',#12552,#13047,#13055,.T.);
#13055 = CIRCLE('',#13056,1.5);
#13056 = AXIS2_PLACEMENT_3D('',#13057,#13058,#13059);
#13057 = CARTESIAN_POINT('',(-37.49,0.795,6.5));
#13058 = DIRECTION('',(9.9E-16,-1.,2.2E-16));
#13059 = DIRECTION('',(-1.,-9.9E-16,-1.E-17));
#13060 = ORIENTED_EDGE('',*,*,#12559,.F.);
#13061 = PLANE('',#13062);
#13062 = AXIS2_PLACEMENT_3D('',#13063,#13064,#13065);
#13063 = CARTESIAN_POINT('',(-36.74,0.795,7.625));
#13064 = DIRECTION('',(-1.83E-15,1.,-2.2E-16));
#13065 = DIRECTION('',(-1.,-1.83E-15,0.));
#13066 = ADVANCED_FACE('',(#13067),#13086,.T.);
#13067 = FACE_BOUND('',#13068,.T.);
#13068 = EDGE_LOOP('',(#13069,#13070,#13071,#13079));
#13069 = ORIENTED_EDGE('',*,*,#12551,.T.);
#13070 = ORIENTED_EDGE('',*,*,#13054,.T.);
#13071 = ORIENTED_EDGE('',*,*,#13072,.F.);
#13072 = EDGE_CURVE('',#13073,#13047,#13075,.T.);
#13073 = VERTEX_POINT('',#13074);
#13074 = CARTESIAN_POINT('',(-36.14022493215,-0.705,7.154299064817));
#13075 = LINE('',#13076,#13077);
#13076 = CARTESIAN_POINT('',(-36.14022493215,-0.705,7.154299064817));
#13077 = VECTOR('',#13078,1.);
#13078 = DIRECTION('',(-9.9E-16,1.,-2.2E-16));
#13079 = ORIENTED_EDGE('',*,*,#13080,.F.);
#13080 = EDGE_CURVE('',#12544,#13073,#13081,.T.);
#13081 = CIRCLE('',#13082,1.5);
#13082 = AXIS2_PLACEMENT_3D('',#13083,#13084,#13085);
#13083 = CARTESIAN_POINT('',(-37.49,-0.705,6.5));
#13084 = DIRECTION('',(9.9E-16,-1.,2.2E-16));
#13085 = DIRECTION('',(-1.,-9.9E-16,-1.E-17));
#13086 = CYLINDRICAL_SURFACE('',#13087,1.5);
#13087 = AXIS2_PLACEMENT_3D('',#13088,#13089,#13090);
#13088 = CARTESIAN_POINT('',(-37.49,-0.705,6.5));
#13089 = DIRECTION('',(9.9E-16,-1.,2.2E-16));
#13090 = DIRECTION('',(-1.,-9.9E-16,0.));
#13091 = ADVANCED_FACE('',(#13092),#13143,.T.);
#13092 = FACE_BOUND('',#13093,.T.);
#13093 = EDGE_LOOP('',(#13094,#13104,#13110,#13111,#13112,#13120,#13128,
    #13136));
#13094 = ORIENTED_EDGE('',*,*,#13095,.F.);
#13095 = EDGE_CURVE('',#13096,#13098,#13100,.T.);
#13096 = VERTEX_POINT('',#13097);
#13097 = CARTESIAN_POINT('',(-36.49,-0.705,6.25));
#13098 = VERTEX_POINT('',#13099);
#13099 = CARTESIAN_POINT('',(-36.49,-0.705,6.5));
#13100 = LINE('',#13101,#13102);
#13101 = CARTESIAN_POINT('',(-36.49,-0.705,6.25));
#13102 = VECTOR('',#13103,1.);
#13103 = DIRECTION('',(6.21E-15,2.2E-16,1.));
#13104 = ORIENTED_EDGE('',*,*,#13105,.T.);
#13105 = EDGE_CURVE('',#13096,#12536,#13106,.T.);
#13106 = LINE('',#13107,#13108);
#13107 = CARTESIAN_POINT('',(-36.49,-0.705,6.25));
#13108 = VECTOR('',#13109,1.);
#13109 = DIRECTION('',(1.,0.,2.2E-16));
#13110 = ORIENTED_EDGE('',*,*,#12543,.T.);
#13111 = ORIENTED_EDGE('',*,*,#13080,.T.);
#13112 = ORIENTED_EDGE('',*,*,#13113,.T.);
#13113 = EDGE_CURVE('',#13073,#13114,#13116,.T.);
#13114 = VERTEX_POINT('',#13115);
#13115 = CARTESIAN_POINT('',(-37.03007497738,-0.705,8.99));
#13116 = LINE('',#13117,#13118);
#13117 = CARTESIAN_POINT('',(-36.14022493215,-0.705,7.154299064817));
#13118 = VECTOR('',#13119,1.);
#13119 = DIRECTION('',(-0.436199376545,-2.3E-16,0.899850045231));
#13120 = ORIENTED_EDGE('',*,*,#13121,.T.);
#13121 = EDGE_CURVE('',#13114,#13122,#13124,.T.);
#13122 = VERTEX_POINT('',#13123);
#13123 = CARTESIAN_POINT('',(-37.48,-0.705,8.771900311728));
#13124 = LINE('',#13125,#13126);
#13125 = CARTESIAN_POINT('',(-37.03007497738,-0.705,8.99));
#13126 = VECTOR('',#13127,1.);
#13127 = DIRECTION('',(-0.899850045231,-9.9E-16,-0.436199376545));
#13128 = ORIENTED_EDGE('',*,*,#13129,.T.);
#13129 = EDGE_CURVE('',#13122,#13130,#13132,.T.);
#13130 = VERTEX_POINT('',#13131);
#13131 = CARTESIAN_POINT('',(-36.59014995476,-0.705,6.936199376545));
#13132 = LINE('',#13133,#13134);
#13133 = CARTESIAN_POINT('',(-37.48,-0.705,8.771900311728));
#13134 = VECTOR('',#13135,1.);
#13135 = DIRECTION('',(0.436199376545,2.3E-16,-0.899850045231));
#13136 = ORIENTED_EDGE('',*,*,#13137,.F.);
#13137 = EDGE_CURVE('',#13098,#13130,#13138,.T.);
#13138 = CIRCLE('',#13139,1.);
#13139 = AXIS2_PLACEMENT_3D('',#13140,#13141,#13142);
#13140 = CARTESIAN_POINT('',(-37.49,-0.705,6.5));
#13141 = DIRECTION('',(9.9E-16,-1.,2.2E-16));
#13142 = DIRECTION('',(-1.,-9.9E-16,-1.E-17));
#13143 = PLANE('',#13144);
#13144 = AXIS2_PLACEMENT_3D('',#13145,#13146,#13147);
#13145 = CARTESIAN_POINT('',(-36.74,-0.705,7.625));
#13146 = DIRECTION('',(9.9E-16,-1.,2.2E-16));
#13147 = DIRECTION('',(1.,9.9E-16,0.));
#13148 = ADVANCED_FACE('',(#13149),#13167,.T.);
#13149 = FACE_BOUND('',#13150,.T.);
#13150 = EDGE_LOOP('',(#13151,#13159,#13160,#13161));
#13151 = ORIENTED_EDGE('',*,*,#13152,.T.);
#13152 = EDGE_CURVE('',#13153,#12528,#13155,.T.);
#13153 = VERTEX_POINT('',#13154);
#13154 = CARTESIAN_POINT('',(-36.49,-0.73,6.25));
#13155 = LINE('',#13156,#13157);
#13156 = CARTESIAN_POINT('',(-36.49,-0.73,6.25));
#13157 = VECTOR('',#13158,1.);
#13158 = DIRECTION('',(1.,0.,2.2E-16));
#13159 = ORIENTED_EDGE('',*,*,#12535,.T.);
#13160 = ORIENTED_EDGE('',*,*,#13105,.F.);
#13161 = ORIENTED_EDGE('',*,*,#13162,.F.);
#13162 = EDGE_CURVE('',#13153,#13096,#13163,.T.);
#13163 = LINE('',#13164,#13165);
#13164 = CARTESIAN_POINT('',(-36.49,-0.73,6.25));
#13165 = VECTOR('',#13166,1.);
#13166 = DIRECTION('',(-2.2E-16,1.,-2.2E-16));
#13167 = PLANE('',#13168);
#13168 = AXIS2_PLACEMENT_3D('',#13169,#13170,#13171);
#13169 = CARTESIAN_POINT('',(-36.49,-0.73,6.25));
#13170 = DIRECTION('',(-2.2E-16,2.2E-16,1.));
#13171 = DIRECTION('',(-0.,1.,-2.2E-16));
#13172 = ADVANCED_FACE('',(#13173),#13191,.T.);
#13173 = FACE_BOUND('',#13174,.T.);
#13174 = EDGE_LOOP('',(#13175,#13183,#13184,#13185));
#13175 = ORIENTED_EDGE('',*,*,#13176,.T.);
#13176 = EDGE_CURVE('',#13177,#12520,#13179,.T.);
#13177 = VERTEX_POINT('',#13178);
#13178 = CARTESIAN_POINT('',(-36.49,-0.73,9.25));
#13179 = LINE('',#13180,#13181);
#13180 = CARTESIAN_POINT('',(-36.49,-0.73,9.25));
#13181 = VECTOR('',#13182,1.);
#13182 = DIRECTION('',(1.,0.,2.2E-16));
#13183 = ORIENTED_EDGE('',*,*,#12527,.T.);
#13184 = ORIENTED_EDGE('',*,*,#13152,.F.);
#13185 = ORIENTED_EDGE('',*,*,#13186,.F.);
#13186 = EDGE_CURVE('',#13177,#13153,#13187,.T.);
#13187 = LINE('',#13188,#13189);
#13188 = CARTESIAN_POINT('',(-36.49,-0.73,9.25));
#13189 = VECTOR('',#13190,1.);
#13190 = DIRECTION('',(2.2E-16,-2.2E-16,-1.));
#13191 = PLANE('',#13192);
#13192 = AXIS2_PLACEMENT_3D('',#13193,#13194,#13195);
#13193 = CARTESIAN_POINT('',(-36.49,-0.73,9.25));
#13194 = DIRECTION('',(0.,1.,-2.2E-16));
#13195 = DIRECTION('',(2.2E-16,-2.2E-16,-1.));
#13196 = ADVANCED_FACE('',(#13197),#13208,.T.);
#13197 = FACE_BOUND('',#13198,.T.);
#13198 = EDGE_LOOP('',(#13199,#13200,#13201,#13202));
#13199 = ORIENTED_EDGE('',*,*,#12957,.T.);
#13200 = ORIENTED_EDGE('',*,*,#12519,.T.);
#13201 = ORIENTED_EDGE('',*,*,#13176,.F.);
#13202 = ORIENTED_EDGE('',*,*,#13203,.F.);
#13203 = EDGE_CURVE('',#12958,#13177,#13204,.T.);
#13204 = LINE('',#13205,#13206);
#13205 = CARTESIAN_POINT('',(-36.49,0.82,9.25));
#13206 = VECTOR('',#13207,1.);
#13207 = DIRECTION('',(2.2E-16,-1.,2.2E-16));
#13208 = PLANE('',#13209);
#13209 = AXIS2_PLACEMENT_3D('',#13210,#13211,#13212);
#13210 = CARTESIAN_POINT('',(-36.49,0.82,9.25));
#13211 = DIRECTION('',(2.2E-16,-2.2E-16,-1.));
#13212 = DIRECTION('',(0.,-1.,2.2E-16));
#13213 = ADVANCED_FACE('',(#13214,#13231),#13244,.F.);
#13214 = FACE_BOUND('',#13215,.F.);
#13215 = EDGE_LOOP('',(#13216,#13217,#13218,#13219,#13220,#13221,#13222,
    #13223,#13229,#13230));
#13216 = ORIENTED_EDGE('',*,*,#12581,.T.);
#13217 = ORIENTED_EDGE('',*,*,#12612,.T.);
#13218 = ORIENTED_EDGE('',*,*,#12660,.T.);
#13219 = ORIENTED_EDGE('',*,*,#12776,.T.);
#13220 = ORIENTED_EDGE('',*,*,#12825,.F.);
#13221 = ORIENTED_EDGE('',*,*,#12940,.F.);
#13222 = ORIENTED_EDGE('',*,*,#12859,.T.);
#13223 = ORIENTED_EDGE('',*,*,#13224,.F.);
#13224 = EDGE_CURVE('',#12696,#12860,#13225,.T.);
#13225 = LINE('',#13226,#13227);
#13226 = CARTESIAN_POINT('',(-36.49,-2.955,17.5));
#13227 = VECTOR('',#13228,1.);
#13228 = DIRECTION('',(-0.,1.,-2.2E-16));
#13229 = ORIENTED_EDGE('',*,*,#12695,.F.);
#13230 = ORIENTED_EDGE('',*,*,#12636,.T.);
#13231 = FACE_BOUND('',#13232,.F.);
#13232 = EDGE_LOOP('',(#13233,#13234,#13235,#13236,#13242,#13243));
#13233 = ORIENTED_EDGE('',*,*,#13203,.F.);
#13234 = ORIENTED_EDGE('',*,*,#12974,.T.);
#13235 = ORIENTED_EDGE('',*,*,#12998,.T.);
#13236 = ORIENTED_EDGE('',*,*,#13237,.T.);
#13237 = EDGE_CURVE('',#12991,#13096,#13238,.T.);
#13238 = LINE('',#13239,#13240);
#13239 = CARTESIAN_POINT('',(-36.49,0.795,6.25));
#13240 = VECTOR('',#13241,1.);
#13241 = DIRECTION('',(2.2E-16,-1.,2.2E-16));
#13242 = ORIENTED_EDGE('',*,*,#13162,.F.);
#13243 = ORIENTED_EDGE('',*,*,#13186,.F.);
#13244 = PLANE('',#13245);
#13245 = AXIS2_PLACEMENT_3D('',#13246,#13247,#13248);
#13246 = CARTESIAN_POINT('',(-36.49,-2.955,-3.2));
#13247 = DIRECTION('',(1.,0.,0.));
#13248 = DIRECTION('',(0.,2.2E-16,1.));
#13249 = ADVANCED_FACE('',(#13250),#13261,.T.);
#13250 = FACE_BOUND('',#13251,.T.);
#13251 = EDGE_LOOP('',(#13252,#13253,#13254,#13260));
#13252 = ORIENTED_EDGE('',*,*,#12810,.T.);
#13253 = ORIENTED_EDGE('',*,*,#12926,.T.);
#13254 = ORIENTED_EDGE('',*,*,#13255,.F.);
#13255 = EDGE_CURVE('',#12754,#12918,#13256,.T.);
#13256 = LINE('',#13257,#13258);
#13257 = CARTESIAN_POINT('',(-31.48423282927,-2.955,12.792152362923));
#13258 = VECTOR('',#13259,1.);
#13259 = DIRECTION('',(-0.,1.,-2.2E-16));
#13260 = ORIENTED_EDGE('',*,*,#12762,.F.);
#13261 = PLANE('',#13262);
#13262 = AXIS2_PLACEMENT_3D('',#13263,#13264,#13265);
#13263 = CARTESIAN_POINT('',(-35.08423282927,-2.955,17.792152362923));
#13264 = DIRECTION('',(-0.811534341451,-1.3E-16,-0.584304725845));
#13265 = DIRECTION('',(0.584304725845,-1.8E-16,-0.811534341451));
#13266 = ADVANCED_FACE('',(#13267),#13278,.F.);
#13267 = FACE_BOUND('',#13268,.T.);
#13268 = EDGE_LOOP('',(#13269,#13270,#13271,#13277));
#13269 = ORIENTED_EDGE('',*,*,#13255,.T.);
#13270 = ORIENTED_EDGE('',*,*,#12917,.T.);
#13271 = ORIENTED_EDGE('',*,*,#13272,.F.);
#13272 = EDGE_CURVE('',#12746,#12910,#13273,.T.);
#13273 = LINE('',#13274,#13275);
#13274 = CARTESIAN_POINT('',(-31.39,-2.955,12.5));
#13275 = VECTOR('',#13276,1.);
#13276 = DIRECTION('',(-0.,1.,-2.2E-16));
#13277 = ORIENTED_EDGE('',*,*,#12753,.F.);
#13278 = CYLINDRICAL_SURFACE('',#13279,0.5);
#13279 = AXIS2_PLACEMENT_3D('',#13280,#13281,#13282);
#13280 = CARTESIAN_POINT('',(-31.89,-2.955,12.5));
#13281 = DIRECTION('',(0.,-1.,2.2E-16));
#13282 = DIRECTION('',(-1.,0.,0.));
#13283 = ADVANCED_FACE('',(#13284),#13295,.T.);
#13284 = FACE_BOUND('',#13285,.T.);
#13285 = EDGE_LOOP('',(#13286,#13287,#13288,#13294));
#13286 = ORIENTED_EDGE('',*,*,#13272,.T.);
#13287 = ORIENTED_EDGE('',*,*,#12909,.T.);
#13288 = ORIENTED_EDGE('',*,*,#13289,.F.);
#13289 = EDGE_CURVE('',#12738,#12902,#13290,.T.);
#13290 = LINE('',#13291,#13292);
#13291 = CARTESIAN_POINT('',(-31.39,-2.955,7.5));
#13292 = VECTOR('',#13293,1.);
#13293 = DIRECTION('',(-0.,1.,-2.2E-16));
#13294 = ORIENTED_EDGE('',*,*,#12745,.F.);
#13295 = PLANE('',#13296);
#13296 = AXIS2_PLACEMENT_3D('',#13297,#13298,#13299);
#13297 = CARTESIAN_POINT('',(-31.39,-2.955,12.5));
#13298 = DIRECTION('',(-1.,0.,0.));
#13299 = DIRECTION('',(0.,-2.2E-16,-1.));
#13300 = ADVANCED_FACE('',(#13301),#13312,.T.);
#13301 = FACE_BOUND('',#13302,.T.);
#13302 = EDGE_LOOP('',(#13303,#13304,#13305,#13311));
#13303 = ORIENTED_EDGE('',*,*,#13289,.T.);
#13304 = ORIENTED_EDGE('',*,*,#12901,.T.);
#13305 = ORIENTED_EDGE('',*,*,#13306,.F.);
#13306 = EDGE_CURVE('',#12730,#12894,#13307,.T.);
#13307 = LINE('',#13308,#13309);
#13308 = CARTESIAN_POINT('',(-30.89,-2.955,7.5));
#13309 = VECTOR('',#13310,1.);
#13310 = DIRECTION('',(-0.,1.,-2.2E-16));
#13311 = ORIENTED_EDGE('',*,*,#12737,.F.);
#13312 = PLANE('',#13313);
#13313 = AXIS2_PLACEMENT_3D('',#13314,#13315,#13316);
#13314 = CARTESIAN_POINT('',(-31.39,-2.955,7.5));
#13315 = DIRECTION('',(0.,-2.2E-16,-1.));
#13316 = DIRECTION('',(1.,0.,0.));
#13317 = ADVANCED_FACE('',(#13318,#13329),#13340,.T.);
#13318 = FACE_BOUND('',#13319,.T.);
#13319 = EDGE_LOOP('',(#13320,#13321,#13322,#13328));
#13320 = ORIENTED_EDGE('',*,*,#13306,.T.);
#13321 = ORIENTED_EDGE('',*,*,#12893,.T.);
#13322 = ORIENTED_EDGE('',*,*,#13323,.F.);
#13323 = EDGE_CURVE('',#12721,#12885,#13324,.T.);
#13324 = LINE('',#13325,#13326);
#13325 = CARTESIAN_POINT('',(-30.89,-2.955,12.5));
#13326 = VECTOR('',#13327,1.);
#13327 = DIRECTION('',(-0.,1.,-2.2E-16));
#13328 = ORIENTED_EDGE('',*,*,#12729,.F.);
#13329 = FACE_BOUND('',#13330,.T.);
#13330 = EDGE_LOOP('',(#13331));
#13331 = ORIENTED_EDGE('',*,*,#13332,.F.);
#13332 = EDGE_CURVE('',#13333,#13333,#13335,.T.);
#13333 = VERTEX_POINT('',#13334);
#13334 = CARTESIAN_POINT('',(-30.89,4.5E-02,11.));
#13335 = CIRCLE('',#13336,0.5);
#13336 = AXIS2_PLACEMENT_3D('',#13337,#13338,#13339);
#13337 = CARTESIAN_POINT('',(-30.89,4.5E-02,11.5));
#13338 = DIRECTION('',(1.,-2.2E-16,-2.2E-16));
#13339 = DIRECTION('',(-2.2E-16,-2.2E-16,-1.));
#13340 = PLANE('',#13341);
#13341 = AXIS2_PLACEMENT_3D('',#13342,#13343,#13344);
#13342 = CARTESIAN_POINT('',(-30.89,-2.955,7.5));
#13343 = DIRECTION('',(1.,0.,0.));
#13344 = DIRECTION('',(0.,2.2E-16,1.));
#13345 = ADVANCED_FACE('',(#13346),#13357,.T.);
#13346 = FACE_BOUND('',#13347,.F.);
#13347 = EDGE_LOOP('',(#13348,#13354,#13355,#13356));
#13348 = ORIENTED_EDGE('',*,*,#13349,.T.);
#13349 = EDGE_CURVE('',#12713,#12877,#13350,.T.);
#13350 = LINE('',#13351,#13352);
#13351 = CARTESIAN_POINT('',(-31.07846565854,-2.955,13.084304725845));
#13352 = VECTOR('',#13353,1.);
#13353 = DIRECTION('',(-0.,1.,-2.2E-16));
#13354 = ORIENTED_EDGE('',*,*,#12884,.T.);
#13355 = ORIENTED_EDGE('',*,*,#13323,.F.);
#13356 = ORIENTED_EDGE('',*,*,#12720,.F.);
#13357 = CYLINDRICAL_SURFACE('',#13358,1.);
#13358 = AXIS2_PLACEMENT_3D('',#13359,#13360,#13361);
#13359 = CARTESIAN_POINT('',(-31.89,-2.955,12.5));
#13360 = DIRECTION('',(0.,-1.,2.2E-16));
#13361 = DIRECTION('',(-1.,0.,0.));
#13362 = ADVANCED_FACE('',(#13363),#13374,.T.);
#13363 = FACE_BOUND('',#13364,.T.);
#13364 = EDGE_LOOP('',(#13365,#13366,#13367,#13373));
#13365 = ORIENTED_EDGE('',*,*,#13349,.T.);
#13366 = ORIENTED_EDGE('',*,*,#12876,.T.);
#13367 = ORIENTED_EDGE('',*,*,#13368,.F.);
#13368 = EDGE_CURVE('',#12704,#12868,#13369,.T.);
#13369 = LINE('',#13370,#13371);
#13370 = CARTESIAN_POINT('',(-34.67846565854,-2.955,18.084304725845));
#13371 = VECTOR('',#13372,1.);
#13372 = DIRECTION('',(-0.,1.,-2.2E-16));
#13373 = ORIENTED_EDGE('',*,*,#12712,.F.);
#13374 = PLANE('',#13375);
#13375 = AXIS2_PLACEMENT_3D('',#13376,#13377,#13378);
#13376 = CARTESIAN_POINT('',(-31.07846565854,-2.955,13.084304725845));
#13377 = DIRECTION('',(0.811534341451,1.3E-16,0.584304725845));
#13378 = DIRECTION('',(-0.584304725845,1.8E-16,0.811534341451));
#13379 = ADVANCED_FACE('',(#13380),#13386,.T.);
#13380 = FACE_BOUND('',#13381,.F.);
#13381 = EDGE_LOOP('',(#13382,#13383,#13384,#13385));
#13382 = ORIENTED_EDGE('',*,*,#13224,.T.);
#13383 = ORIENTED_EDGE('',*,*,#12867,.T.);
#13384 = ORIENTED_EDGE('',*,*,#13368,.F.);
#13385 = ORIENTED_EDGE('',*,*,#12703,.F.);
#13386 = CYLINDRICAL_SURFACE('',#13387,1.);
#13387 = AXIS2_PLACEMENT_3D('',#13388,#13389,#13390);
#13388 = CARTESIAN_POINT('',(-35.49,-2.955,17.5));
#13389 = DIRECTION('',(0.,-1.,2.2E-16));
#13390 = DIRECTION('',(-1.,0.,0.));
#13391 = ADVANCED_FACE('',(#13392),#13403,.T.);
#13392 = FACE_BOUND('',#13393,.T.);
#13393 = EDGE_LOOP('',(#13394,#13395,#13396,#13402));
#13394 = ORIENTED_EDGE('',*,*,#13072,.T.);
#13395 = ORIENTED_EDGE('',*,*,#13046,.T.);
#13396 = ORIENTED_EDGE('',*,*,#13397,.F.);
#13397 = EDGE_CURVE('',#13114,#13039,#13398,.T.);
#13398 = LINE('',#13399,#13400);
#13399 = CARTESIAN_POINT('',(-37.03007497738,-0.705,8.99));
#13400 = VECTOR('',#13401,1.);
#13401 = DIRECTION('',(-9.9E-16,1.,-2.2E-16));
#13402 = ORIENTED_EDGE('',*,*,#13113,.F.);
#13403 = PLANE('',#13404);
#13404 = AXIS2_PLACEMENT_3D('',#13405,#13406,#13407);
#13405 = CARTESIAN_POINT('',(-36.14022493215,-0.705,7.154299064817));
#13406 = DIRECTION('',(0.899850045231,9.9E-16,0.436199376545));
#13407 = DIRECTION('',(-0.436199376545,-2.3E-16,0.899850045231));
#13408 = ADVANCED_FACE('',(#13409),#13420,.T.);
#13409 = FACE_BOUND('',#13410,.T.);
#13410 = EDGE_LOOP('',(#13411,#13412,#13413,#13419));
#13411 = ORIENTED_EDGE('',*,*,#13397,.T.);
#13412 = ORIENTED_EDGE('',*,*,#13038,.T.);
#13413 = ORIENTED_EDGE('',*,*,#13414,.F.);
#13414 = EDGE_CURVE('',#13122,#13031,#13415,.T.);
#13415 = LINE('',#13416,#13417);
#13416 = CARTESIAN_POINT('',(-37.48,-0.705,8.771900311728));
#13417 = VECTOR('',#13418,1.);
#13418 = DIRECTION('',(-9.9E-16,1.,-2.2E-16));
#13419 = ORIENTED_EDGE('',*,*,#13121,.F.);
#13420 = PLANE('',#13421);
#13421 = AXIS2_PLACEMENT_3D('',#13422,#13423,#13424);
#13422 = CARTESIAN_POINT('',(-37.03007497738,-0.705,8.99));
#13423 = DIRECTION('',(-0.436199376545,-2.3E-16,0.899850045231));
#13424 = DIRECTION('',(-0.899850045231,-9.9E-16,-0.436199376545));
#13425 = ADVANCED_FACE('',(#13426),#13437,.T.);
#13426 = FACE_BOUND('',#13427,.T.);
#13427 = EDGE_LOOP('',(#13428,#13429,#13430,#13436));
#13428 = ORIENTED_EDGE('',*,*,#13414,.T.);
#13429 = ORIENTED_EDGE('',*,*,#13030,.T.);
#13430 = ORIENTED_EDGE('',*,*,#13431,.F.);
#13431 = EDGE_CURVE('',#13130,#13022,#13432,.T.);
#13432 = LINE('',#13433,#13434);
#13433 = CARTESIAN_POINT('',(-36.59014995476,-0.705,6.936199376545));
#13434 = VECTOR('',#13435,1.);
#13435 = DIRECTION('',(-9.9E-16,1.,-2.2E-16));
#13436 = ORIENTED_EDGE('',*,*,#13129,.F.);
#13437 = PLANE('',#13438);
#13438 = AXIS2_PLACEMENT_3D('',#13439,#13440,#13441);
#13439 = CARTESIAN_POINT('',(-37.48,-0.705,8.771900311728));
#13440 = DIRECTION('',(-0.899850045231,-9.9E-16,-0.436199376545));
#13441 = DIRECTION('',(0.436199376545,2.3E-16,-0.899850045231));
#13442 = ADVANCED_FACE('',(#13443),#13454,.F.);
#13443 = FACE_BOUND('',#13444,.F.);
#13444 = EDGE_LOOP('',(#13445,#13451,#13452,#13453));
#13445 = ORIENTED_EDGE('',*,*,#13446,.T.);
#13446 = EDGE_CURVE('',#13098,#13014,#13447,.T.);
#13447 = LINE('',#13448,#13449);
#13448 = CARTESIAN_POINT('',(-36.49,-0.705,6.5));
#13449 = VECTOR('',#13450,1.);
#13450 = DIRECTION('',(-9.9E-16,1.,-2.2E-16));
#13451 = ORIENTED_EDGE('',*,*,#13021,.T.);
#13452 = ORIENTED_EDGE('',*,*,#13431,.F.);
#13453 = ORIENTED_EDGE('',*,*,#13137,.F.);
#13454 = CYLINDRICAL_SURFACE('',#13455,1.);
#13455 = AXIS2_PLACEMENT_3D('',#13456,#13457,#13458);
#13456 = CARTESIAN_POINT('',(-37.49,-0.705,6.5));
#13457 = DIRECTION('',(9.9E-16,-1.,2.2E-16));
#13458 = DIRECTION('',(-1.,-9.9E-16,0.));
#13459 = ADVANCED_FACE('',(#13460),#13466,.F.);
#13460 = FACE_BOUND('',#13461,.F.);
#13461 = EDGE_LOOP('',(#13462,#13463,#13464,#13465));
#13462 = ORIENTED_EDGE('',*,*,#13237,.F.);
#13463 = ORIENTED_EDGE('',*,*,#13013,.T.);
#13464 = ORIENTED_EDGE('',*,*,#13446,.F.);
#13465 = ORIENTED_EDGE('',*,*,#13095,.F.);
#13466 = PLANE('',#13467);
#13467 = AXIS2_PLACEMENT_3D('',#13468,#13469,#13470);
#13468 = CARTESIAN_POINT('',(-36.49,-0.705,6.25));
#13469 = DIRECTION('',(1.,9.9E-16,-6.22E-15));
#13470 = DIRECTION('',(6.22E-15,2.2E-16,1.));
#13471 = ADVANCED_FACE('',(#13472),#13491,.F.);
#13472 = FACE_BOUND('',#13473,.F.);
#13473 = EDGE_LOOP('',(#13474,#13482,#13489,#13490));
#13474 = ORIENTED_EDGE('',*,*,#13475,.T.);
#13475 = EDGE_CURVE('',#13333,#13476,#13478,.T.);
#13476 = VERTEX_POINT('',#13477);
#13477 = CARTESIAN_POINT('',(-30.99,4.5E-02,11.));
#13478 = LINE('',#13479,#13480);
#13479 = CARTESIAN_POINT('',(-30.89,4.5E-02,11.));
#13480 = VECTOR('',#13481,1.);
#13481 = DIRECTION('',(-1.,0.,2.2E-16));
#13482 = ORIENTED_EDGE('',*,*,#13483,.T.);
#13483 = EDGE_CURVE('',#13476,#13476,#13484,.T.);
#13484 = CIRCLE('',#13485,0.5);
#13485 = AXIS2_PLACEMENT_3D('',#13486,#13487,#13488);
#13486 = CARTESIAN_POINT('',(-30.99,4.5E-02,11.5));
#13487 = DIRECTION('',(1.,-2.2E-16,-2.2E-16));
#13488 = DIRECTION('',(-2.2E-16,-2.2E-16,-1.));
#13489 = ORIENTED_EDGE('',*,*,#13475,.F.);
#13490 = ORIENTED_EDGE('',*,*,#13332,.F.);
#13491 = CYLINDRICAL_SURFACE('',#13492,0.5);
#13492 = AXIS2_PLACEMENT_3D('',#13493,#13494,#13495);
#13493 = CARTESIAN_POINT('',(-30.89,4.5E-02,11.5));
#13494 = DIRECTION('',(1.,-0.,-2.2E-16));
#13495 = DIRECTION('',(-2.2E-16,-2.2E-16,-1.));
#13496 = ADVANCED_FACE('',(#13497),#13500,.T.);
#13497 = FACE_BOUND('',#13498,.T.);
#13498 = EDGE_LOOP('',(#13499));
#13499 = ORIENTED_EDGE('',*,*,#13483,.T.);
#13500 = PLANE('',#13501);
#13501 = AXIS2_PLACEMENT_3D('',#13502,#13503,#13504);
#13502 = CARTESIAN_POINT('',(-30.99,4.5E-02,11.5));
#13503 = DIRECTION('',(1.,0.,0.));
#13504 = DIRECTION('',(0.,-2.2E-16,-1.));
#13505 = ( GEOMETRIC_REPRESENTATION_CONTEXT(3) 
GLOBAL_UNCERTAINTY_ASSIGNED_CONTEXT((#13509)) 
GLOBAL_UNIT_ASSIGNED_CONTEXT((#13506,#13507,#13508)) 
REPRESENTATION_CONTEXT('Context #1',
  '3D Context with UNIT and UNCERTAINTY') );
#13506 = ( LENGTH_UNIT() NAMED_UNIT(*) SI_UNIT(.MILLI.,.METRE.) );
#13507 = ( NAMED_UNIT(*) PLANE_ANGLE_UNIT() SI_UNIT($,.RADIAN.) );
#13508 = ( NAMED_UNIT(*) SI_UNIT($,.STERADIAN.) SOLID_ANGLE_UNIT() );
#13509 = UNCERTAINTY_MEASURE_WITH_UNIT(LENGTH_MEASURE(1.E-05),#13506,
  'distance_accuracy_value','confusion accuracy');
#13510 = SHAPE_REPRESENTATION_RELATIONSHIP('','',#13511,#11310);
#13511 = ADVANCED_BREP_SHAPE_REPRESENTATION('',(#11,#13512),#14596);
#13512 = MANIFOLD_SOLID_BREP('',#13513);
#13513 = CLOSED_SHELL('',(#13514,#13668,#13699,#13723,#13747,#13771,
    #13863,#13887,#13912,#13936,#14027,#14044,#14075,#14099,#14157,
    #14182,#14239,#14263,#14287,#14304,#14340,#14357,#14374,#14391,
    #14408,#14436,#14453,#14470,#14482,#14499,#14516,#14533,#14550,
    #14562,#14587));
#13514 = ADVANCED_FACE('',(#13515,#13597),#13663,.F.);
#13515 = FACE_BOUND('',#13516,.F.);
#13516 = EDGE_LOOP('',(#13517,#13527,#13535,#13543,#13551,#13559,#13567,
    #13575,#13583,#13591));
#13517 = ORIENTED_EDGE('',*,*,#13518,.F.);
#13518 = EDGE_CURVE('',#13519,#13521,#13523,.T.);
#13519 = VERTEX_POINT('',#13520);
#13520 = CARTESIAN_POINT('',(-35.99,-20.005,2.5));
#13521 = VERTEX_POINT('',#13522);
#13522 = CARTESIAN_POINT('',(-35.99,-20.005,-2.7));
#13523 = LINE('',#13524,#13525);
#13524 = CARTESIAN_POINT('',(-35.99,-20.005,10.));
#13525 = VECTOR('',#13526,1.);
#13526 = DIRECTION('',(0.,-2.2E-16,-1.));
#13527 = ORIENTED_EDGE('',*,*,#13528,.F.);
#13528 = EDGE_CURVE('',#13529,#13519,#13531,.T.);
#13529 = VERTEX_POINT('',#13530);
#13530 = CARTESIAN_POINT('',(-35.99,-22.255,2.5));
#13531 = LINE('',#13532,#13533);
#13532 = CARTESIAN_POINT('',(-35.99,-22.255,2.5));
#13533 = VECTOR('',#13534,1.);
#13534 = DIRECTION('',(-0.,1.,-2.2E-16));
#13535 = ORIENTED_EDGE('',*,*,#13536,.F.);
#13536 = EDGE_CURVE('',#13537,#13529,#13539,.T.);
#13537 = VERTEX_POINT('',#13538);
#13538 = CARTESIAN_POINT('',(-35.99,-22.255,17.5));
#13539 = LINE('',#13540,#13541);
#13540 = CARTESIAN_POINT('',(-35.99,-22.255,17.5));
#13541 = VECTOR('',#13542,1.);
#13542 = DIRECTION('',(0.,-2.2E-16,-1.));
#13543 = ORIENTED_EDGE('',*,*,#13544,.T.);
#13544 = EDGE_CURVE('',#13537,#13545,#13547,.T.);
#13545 = VERTEX_POINT('',#13546);
#13546 = CARTESIAN_POINT('',(-35.99,-16.255,17.5));
#13547 = LINE('',#13548,#13549);
#13548 = CARTESIAN_POINT('',(-35.99,-22.255,17.5));
#13549 = VECTOR('',#13550,1.);
#13550 = DIRECTION('',(-0.,1.,-2.2E-16));
#13551 = ORIENTED_EDGE('',*,*,#13552,.T.);
#13552 = EDGE_CURVE('',#13545,#13553,#13555,.T.);
#13553 = VERTEX_POINT('',#13554);
#13554 = CARTESIAN_POINT('',(-35.99,-16.255,2.5));
#13555 = LINE('',#13556,#13557);
#13556 = CARTESIAN_POINT('',(-35.99,-16.255,17.5));
#13557 = VECTOR('',#13558,1.);
#13558 = DIRECTION('',(0.,-2.2E-16,-1.));
#13559 = ORIENTED_EDGE('',*,*,#13560,.T.);
#13560 = EDGE_CURVE('',#13553,#13561,#13563,.T.);
#13561 = VERTEX_POINT('',#13562);
#13562 = CARTESIAN_POINT('',(-35.99,-18.505,2.5));
#13563 = LINE('',#13564,#13565);
#13564 = CARTESIAN_POINT('',(-35.99,-19.255,2.5));
#13565 = VECTOR('',#13566,1.);
#13566 = DIRECTION('',(0.,-1.,2.2E-16));
#13567 = ORIENTED_EDGE('',*,*,#13568,.T.);
#13568 = EDGE_CURVE('',#13561,#13569,#13571,.T.);
#13569 = VERTEX_POINT('',#13570);
#13570 = CARTESIAN_POINT('',(-35.99,-18.505,-2.7));
#13571 = LINE('',#13572,#13573);
#13572 = CARTESIAN_POINT('',(-35.99,-18.505,10.));
#13573 = VECTOR('',#13574,1.);
#13574 = DIRECTION('',(0.,-2.2E-16,-1.));
#13575 = ORIENTED_EDGE('',*,*,#13576,.F.);
#13576 = EDGE_CURVE('',#13577,#13569,#13579,.T.);
#13577 = VERTEX_POINT('',#13578);
#13578 = CARTESIAN_POINT('',(-35.99,-19.005,-3.2));
#13579 = LINE('',#13580,#13581);
#13580 = CARTESIAN_POINT('',(-35.99,-14.5175,1.2875));
#13581 = VECTOR('',#13582,1.);
#13582 = DIRECTION('',(0.,0.707106781187,0.707106781187));
#13583 = ORIENTED_EDGE('',*,*,#13584,.F.);
#13584 = EDGE_CURVE('',#13585,#13577,#13587,.T.);
#13585 = VERTEX_POINT('',#13586);
#13586 = CARTESIAN_POINT('',(-35.99,-19.505,-3.2));
#13587 = LINE('',#13588,#13589);
#13588 = CARTESIAN_POINT('',(-35.99,-22.255,-3.2));
#13589 = VECTOR('',#13590,1.);
#13590 = DIRECTION('',(-0.,1.,-2.2E-16));
#13591 = ORIENTED_EDGE('',*,*,#13592,.F.);
#13592 = EDGE_CURVE('',#13521,#13585,#13593,.T.);
#13593 = LINE('',#13594,#13595);
#13594 = CARTESIAN_POINT('',(-35.99,-25.4925,2.7875));
#13595 = VECTOR('',#13596,1.);
#13596 = DIRECTION('',(-0.,0.707106781187,-0.707106781187));
#13597 = FACE_BOUND('',#13598,.F.);
#13598 = EDGE_LOOP('',(#13599,#13609,#13617,#13625,#13633,#13641,#13649,
    #13657));
#13599 = ORIENTED_EDGE('',*,*,#13600,.F.);
#13600 = EDGE_CURVE('',#13601,#13603,#13605,.T.);
#13601 = VERTEX_POINT('',#13602);
#13602 = CARTESIAN_POINT('',(-35.99,-18.48,9.25));
#13603 = VERTEX_POINT('',#13604);
#13604 = CARTESIAN_POINT('',(-35.99,-18.48,6.25));
#13605 = LINE('',#13606,#13607);
#13606 = CARTESIAN_POINT('',(-35.99,-18.48,9.25));
#13607 = VECTOR('',#13608,1.);
#13608 = DIRECTION('',(2.2E-16,-2.2E-16,-1.));
#13609 = ORIENTED_EDGE('',*,*,#13610,.T.);
#13610 = EDGE_CURVE('',#13601,#13611,#13613,.T.);
#13611 = VERTEX_POINT('',#13612);
#13612 = CARTESIAN_POINT('',(-35.99,-20.03,9.25));
#13613 = LINE('',#13614,#13615);
#13614 = CARTESIAN_POINT('',(-35.99,-18.48,9.25));
#13615 = VECTOR('',#13616,1.);
#13616 = DIRECTION('',(2.2E-16,-1.,2.2E-16));
#13617 = ORIENTED_EDGE('',*,*,#13618,.T.);
#13618 = EDGE_CURVE('',#13611,#13619,#13621,.T.);
#13619 = VERTEX_POINT('',#13620);
#13620 = CARTESIAN_POINT('',(-35.99,-20.03,6.25));
#13621 = LINE('',#13622,#13623);
#13622 = CARTESIAN_POINT('',(-35.99,-20.03,9.25));
#13623 = VECTOR('',#13624,1.);
#13624 = DIRECTION('',(2.2E-16,-2.2E-16,-1.));
#13625 = ORIENTED_EDGE('',*,*,#13626,.T.);
#13626 = EDGE_CURVE('',#13619,#13627,#13629,.T.);
#13627 = VERTEX_POINT('',#13628);
#13628 = CARTESIAN_POINT('',(-35.99,-20.005,6.25));
#13629 = LINE('',#13630,#13631);
#13630 = CARTESIAN_POINT('',(-35.99,-20.03,6.25));
#13631 = VECTOR('',#13632,1.);
#13632 = DIRECTION('',(-2.2E-16,1.,-2.2E-16));
#13633 = ORIENTED_EDGE('',*,*,#13634,.T.);
#13634 = EDGE_CURVE('',#13627,#13635,#13637,.T.);
#13635 = VERTEX_POINT('',#13636);
#13636 = CARTESIAN_POINT('',(-35.99,-20.005,6.5));
#13637 = LINE('',#13638,#13639);
#13638 = CARTESIAN_POINT('',(-35.99,-20.005,6.25));
#13639 = VECTOR('',#13640,1.);
#13640 = DIRECTION('',(-2.2E-16,2.2E-16,1.));
#13641 = ORIENTED_EDGE('',*,*,#13642,.T.);
#13642 = EDGE_CURVE('',#13635,#13643,#13645,.T.);
#13643 = VERTEX_POINT('',#13644);
#13644 = CARTESIAN_POINT('',(-35.99,-18.505,6.5));
#13645 = LINE('',#13646,#13647);
#13646 = CARTESIAN_POINT('',(-35.99,-20.005,6.5));
#13647 = VECTOR('',#13648,1.);
#13648 = DIRECTION('',(-9.9E-16,1.,-2.2E-16));
#13649 = ORIENTED_EDGE('',*,*,#13650,.F.);
#13650 = EDGE_CURVE('',#13651,#13643,#13653,.T.);
#13651 = VERTEX_POINT('',#13652);
#13652 = CARTESIAN_POINT('',(-35.99,-18.505,6.25));
#13653 = LINE('',#13654,#13655);
#13654 = CARTESIAN_POINT('',(-35.99,-18.505,6.25));
#13655 = VECTOR('',#13656,1.);
#13656 = DIRECTION('',(-2.2E-16,2.2E-16,1.));
#13657 = ORIENTED_EDGE('',*,*,#13658,.F.);
#13658 = EDGE_CURVE('',#13603,#13651,#13659,.T.);
#13659 = LINE('',#13660,#13661);
#13660 = CARTESIAN_POINT('',(-35.99,-18.48,6.25));
#13661 = VECTOR('',#13662,1.);
#13662 = DIRECTION('',(2.2E-16,-1.,2.2E-16));
#13663 = PLANE('',#13664);
#13664 = AXIS2_PLACEMENT_3D('',#13665,#13666,#13667);
#13665 = CARTESIAN_POINT('',(-35.99,-22.255,17.5));
#13666 = DIRECTION('',(-1.,0.,0.));
#13667 = DIRECTION('',(0.,-2.2E-16,-1.));
#13668 = ADVANCED_FACE('',(#13669),#13694,.F.);
#13669 = FACE_BOUND('',#13670,.F.);
#13670 = EDGE_LOOP('',(#13671,#13681,#13687,#13688));
#13671 = ORIENTED_EDGE('',*,*,#13672,.F.);
#13672 = EDGE_CURVE('',#13673,#13675,#13677,.T.);
#13673 = VERTEX_POINT('',#13674);
#13674 = CARTESIAN_POINT('',(-36.49,-20.005,2.5));
#13675 = VERTEX_POINT('',#13676);
#13676 = CARTESIAN_POINT('',(-36.49,-20.005,-2.7));
#13677 = LINE('',#13678,#13679);
#13678 = CARTESIAN_POINT('',(-36.49,-20.005,2.5));
#13679 = VECTOR('',#13680,1.);
#13680 = DIRECTION('',(2.2E-16,-2.2E-16,-1.));
#13681 = ORIENTED_EDGE('',*,*,#13682,.T.);
#13682 = EDGE_CURVE('',#13673,#13519,#13683,.T.);
#13683 = LINE('',#13684,#13685);
#13684 = CARTESIAN_POINT('',(-36.49,-20.005,2.5));
#13685 = VECTOR('',#13686,1.);
#13686 = DIRECTION('',(1.,0.,2.2E-16));
#13687 = ORIENTED_EDGE('',*,*,#13518,.T.);
#13688 = ORIENTED_EDGE('',*,*,#13689,.F.);
#13689 = EDGE_CURVE('',#13675,#13521,#13690,.T.);
#13690 = LINE('',#13691,#13692);
#13691 = CARTESIAN_POINT('',(-36.49,-20.005,-2.7));
#13692 = VECTOR('',#13693,1.);
#13693 = DIRECTION('',(1.,0.,2.2E-16));
#13694 = PLANE('',#13695);
#13695 = AXIS2_PLACEMENT_3D('',#13696,#13697,#13698);
#13696 = CARTESIAN_POINT('',(-36.49,-20.005,2.5));
#13697 = DIRECTION('',(0.,1.,-2.2E-16));
#13698 = DIRECTION('',(2.2E-16,-2.2E-16,-1.));
#13699 = ADVANCED_FACE('',(#13700),#13718,.T.);
#13700 = FACE_BOUND('',#13701,.F.);
#13701 = EDGE_LOOP('',(#13702,#13710,#13711,#13712));
#13702 = ORIENTED_EDGE('',*,*,#13703,.F.);
#13703 = EDGE_CURVE('',#13675,#13704,#13706,.T.);
#13704 = VERTEX_POINT('',#13705);
#13705 = CARTESIAN_POINT('',(-36.49,-19.505,-3.2));
#13706 = LINE('',#13707,#13708);
#13707 = CARTESIAN_POINT('',(-36.49,-20.3175,-2.3875));
#13708 = VECTOR('',#13709,1.);
#13709 = DIRECTION('',(-0.,0.707106781187,-0.707106781187));
#13710 = ORIENTED_EDGE('',*,*,#13689,.T.);
#13711 = ORIENTED_EDGE('',*,*,#13592,.T.);
#13712 = ORIENTED_EDGE('',*,*,#13713,.F.);
#13713 = EDGE_CURVE('',#13704,#13585,#13714,.T.);
#13714 = LINE('',#13715,#13716);
#13715 = CARTESIAN_POINT('',(-36.49,-19.505,-3.2));
#13716 = VECTOR('',#13717,1.);
#13717 = DIRECTION('',(1.,0.,2.2E-16));
#13718 = PLANE('',#13719);
#13719 = AXIS2_PLACEMENT_3D('',#13720,#13721,#13722);
#13720 = CARTESIAN_POINT('',(-36.49,-19.755,-2.95));
#13721 = DIRECTION('',(0.,-0.707106781187,-0.707106781187));
#13722 = DIRECTION('',(-1.,1.1E-16,-1.1E-16));
#13723 = ADVANCED_FACE('',(#13724),#13742,.F.);
#13724 = FACE_BOUND('',#13725,.F.);
#13725 = EDGE_LOOP('',(#13726,#13734,#13740,#13741));
#13726 = ORIENTED_EDGE('',*,*,#13727,.F.);
#13727 = EDGE_CURVE('',#13728,#13673,#13730,.T.);
#13728 = VERTEX_POINT('',#13729);
#13729 = CARTESIAN_POINT('',(-36.49,-22.255,2.5));
#13730 = LINE('',#13731,#13732);
#13731 = CARTESIAN_POINT('',(-36.49,-22.255,2.5));
#13732 = VECTOR('',#13733,1.);
#13733 = DIRECTION('',(-2.2E-16,1.,-2.2E-16));
#13734 = ORIENTED_EDGE('',*,*,#13735,.T.);
#13735 = EDGE_CURVE('',#13728,#13529,#13736,.T.);
#13736 = LINE('',#13737,#13738);
#13737 = CARTESIAN_POINT('',(-36.49,-22.255,2.5));
#13738 = VECTOR('',#13739,1.);
#13739 = DIRECTION('',(1.,0.,2.2E-16));
#13740 = ORIENTED_EDGE('',*,*,#13528,.T.);
#13741 = ORIENTED_EDGE('',*,*,#13682,.F.);
#13742 = PLANE('',#13743);
#13743 = AXIS2_PLACEMENT_3D('',#13744,#13745,#13746);
#13744 = CARTESIAN_POINT('',(-36.49,-22.255,2.5));
#13745 = DIRECTION('',(-2.2E-16,2.2E-16,1.));
#13746 = DIRECTION('',(-0.,1.,-2.2E-16));
#13747 = ADVANCED_FACE('',(#13748),#13766,.F.);
#13748 = FACE_BOUND('',#13749,.F.);
#13749 = EDGE_LOOP('',(#13750,#13758,#13759,#13760));
#13750 = ORIENTED_EDGE('',*,*,#13751,.F.);
#13751 = EDGE_CURVE('',#13704,#13752,#13754,.T.);
#13752 = VERTEX_POINT('',#13753);
#13753 = CARTESIAN_POINT('',(-36.49,-19.005,-3.2));
#13754 = LINE('',#13755,#13756);
#13755 = CARTESIAN_POINT('',(-36.49,-22.255,-3.2));
#13756 = VECTOR('',#13757,1.);
#13757 = DIRECTION('',(-0.,1.,-2.2E-16));
#13758 = ORIENTED_EDGE('',*,*,#13713,.T.);
#13759 = ORIENTED_EDGE('',*,*,#13584,.T.);
#13760 = ORIENTED_EDGE('',*,*,#13761,.F.);
#13761 = EDGE_CURVE('',#13752,#13577,#13762,.T.);
#13762 = LINE('',#13763,#13764);
#13763 = CARTESIAN_POINT('',(-36.49,-19.005,-3.2));
#13764 = VECTOR('',#13765,1.);
#13765 = DIRECTION('',(1.,0.,2.2E-16));
#13766 = PLANE('',#13767);
#13767 = AXIS2_PLACEMENT_3D('',#13768,#13769,#13770);
#13768 = CARTESIAN_POINT('',(-35.99,-22.255,-3.2));
#13769 = DIRECTION('',(0.,2.2E-16,1.));
#13770 = DIRECTION('',(-1.,0.,0.));
#13771 = ADVANCED_FACE('',(#13772),#13858,.F.);
#13772 = FACE_BOUND('',#13773,.F.);
#13773 = EDGE_LOOP('',(#13774,#13783,#13784,#13785,#13793,#13802,#13810,
    #13819,#13827,#13835,#13843,#13852));
#13774 = ORIENTED_EDGE('',*,*,#13775,.F.);
#13775 = EDGE_CURVE('',#13537,#13776,#13778,.T.);
#13776 = VERTEX_POINT('',#13777);
#13777 = CARTESIAN_POINT('',(-35.08423282927,-22.255,17.792152362923));
#13778 = CIRCLE('',#13779,0.5);
#13779 = AXIS2_PLACEMENT_3D('',#13780,#13781,#13782);
#13780 = CARTESIAN_POINT('',(-35.49,-22.255,17.5));
#13781 = DIRECTION('',(0.,1.,-2.2E-16));
#13782 = DIRECTION('',(-1.,0.,0.));
#13783 = ORIENTED_EDGE('',*,*,#13536,.T.);
#13784 = ORIENTED_EDGE('',*,*,#13735,.F.);
#13785 = ORIENTED_EDGE('',*,*,#13786,.T.);
#13786 = EDGE_CURVE('',#13728,#13787,#13789,.T.);
#13787 = VERTEX_POINT('',#13788);
#13788 = CARTESIAN_POINT('',(-36.49,-22.255,17.5));
#13789 = LINE('',#13790,#13791);
#13790 = CARTESIAN_POINT('',(-36.49,-22.255,-3.2));
#13791 = VECTOR('',#13792,1.);
#13792 = DIRECTION('',(0.,2.2E-16,1.));
#13793 = ORIENTED_EDGE('',*,*,#13794,.T.);
#13794 = EDGE_CURVE('',#13787,#13795,#13797,.T.);
#13795 = VERTEX_POINT('',#13796);
#13796 = CARTESIAN_POINT('',(-34.67846565854,-22.255,18.084304725845));
#13797 = CIRCLE('',#13798,1.);
#13798 = AXIS2_PLACEMENT_3D('',#13799,#13800,#13801);
#13799 = CARTESIAN_POINT('',(-35.49,-22.255,17.5));
#13800 = DIRECTION('',(0.,1.,-2.2E-16));
#13801 = DIRECTION('',(-1.,0.,0.));
#13802 = ORIENTED_EDGE('',*,*,#13803,.F.);
#13803 = EDGE_CURVE('',#13804,#13795,#13806,.T.);
#13804 = VERTEX_POINT('',#13805);
#13805 = CARTESIAN_POINT('',(-31.07846565854,-22.255,13.084304725845));
#13806 = LINE('',#13807,#13808);
#13807 = CARTESIAN_POINT('',(-31.07846565854,-22.255,13.084304725845));
#13808 = VECTOR('',#13809,1.);
#13809 = DIRECTION('',(-0.584304725845,1.8E-16,0.811534341451));
#13810 = ORIENTED_EDGE('',*,*,#13811,.T.);
#13811 = EDGE_CURVE('',#13804,#13812,#13814,.T.);
#13812 = VERTEX_POINT('',#13813);
#13813 = CARTESIAN_POINT('',(-30.89,-22.255,12.5));
#13814 = CIRCLE('',#13815,1.);
#13815 = AXIS2_PLACEMENT_3D('',#13816,#13817,#13818);
#13816 = CARTESIAN_POINT('',(-31.89,-22.255,12.5));
#13817 = DIRECTION('',(0.,1.,-2.2E-16));
#13818 = DIRECTION('',(-1.,0.,0.));
#13819 = ORIENTED_EDGE('',*,*,#13820,.F.);
#13820 = EDGE_CURVE('',#13821,#13812,#13823,.T.);
#13821 = VERTEX_POINT('',#13822);
#13822 = CARTESIAN_POINT('',(-30.89,-22.255,7.5));
#13823 = LINE('',#13824,#13825);
#13824 = CARTESIAN_POINT('',(-30.89,-22.255,7.5));
#13825 = VECTOR('',#13826,1.);
#13826 = DIRECTION('',(0.,2.2E-16,1.));
#13827 = ORIENTED_EDGE('',*,*,#13828,.F.);
#13828 = EDGE_CURVE('',#13829,#13821,#13831,.T.);
#13829 = VERTEX_POINT('',#13830);
#13830 = CARTESIAN_POINT('',(-31.39,-22.255,7.5));
#13831 = LINE('',#13832,#13833);
#13832 = CARTESIAN_POINT('',(-31.39,-22.255,7.5));
#13833 = VECTOR('',#13834,1.);
#13834 = DIRECTION('',(1.,0.,0.));
#13835 = ORIENTED_EDGE('',*,*,#13836,.F.);
#13836 = EDGE_CURVE('',#13837,#13829,#13839,.T.);
#13837 = VERTEX_POINT('',#13838);
#13838 = CARTESIAN_POINT('',(-31.39,-22.255,12.5));
#13839 = LINE('',#13840,#13841);
#13840 = CARTESIAN_POINT('',(-31.39,-22.255,12.5));
#13841 = VECTOR('',#13842,1.);
#13842 = DIRECTION('',(0.,-2.2E-16,-1.));
#13843 = ORIENTED_EDGE('',*,*,#13844,.F.);
#13844 = EDGE_CURVE('',#13845,#13837,#13847,.T.);
#13845 = VERTEX_POINT('',#13846);
#13846 = CARTESIAN_POINT('',(-31.48423282927,-22.255,12.792152362923));
#13847 = CIRCLE('',#13848,0.5);
#13848 = AXIS2_PLACEMENT_3D('',#13849,#13850,#13851);
#13849 = CARTESIAN_POINT('',(-31.89,-22.255,12.5));
#13850 = DIRECTION('',(0.,1.,-2.2E-16));
#13851 = DIRECTION('',(-1.,0.,0.));
#13852 = ORIENTED_EDGE('',*,*,#13853,.F.);
#13853 = EDGE_CURVE('',#13776,#13845,#13854,.T.);
#13854 = LINE('',#13855,#13856);
#13855 = CARTESIAN_POINT('',(-35.08423282927,-22.255,17.792152362923));
#13856 = VECTOR('',#13857,1.);
#13857 = DIRECTION('',(0.584304725845,-1.8E-16,-0.811534341451));
#13858 = PLANE('',#13859);
#13859 = AXIS2_PLACEMENT_3D('',#13860,#13861,#13862);
#13860 = CARTESIAN_POINT('',(-34.80692029698,-22.255,9.614973312943));
#13861 = DIRECTION('',(-0.,1.,-4.4E-16));
#13862 = DIRECTION('',(0.,-4.4E-16,-1.));
#13863 = ADVANCED_FACE('',(#13864),#13882,.F.);
#13864 = FACE_BOUND('',#13865,.F.);
#13865 = EDGE_LOOP('',(#13866,#13874,#13875,#13876));
#13866 = ORIENTED_EDGE('',*,*,#13867,.F.);
#13867 = EDGE_CURVE('',#13752,#13868,#13870,.T.);
#13868 = VERTEX_POINT('',#13869);
#13869 = CARTESIAN_POINT('',(-36.49,-18.505,-2.7));
#13870 = LINE('',#13871,#13872);
#13871 = CARTESIAN_POINT('',(-36.49,-19.6925,-3.8875));
#13872 = VECTOR('',#13873,1.);
#13873 = DIRECTION('',(0.,0.707106781187,0.707106781187));
#13874 = ORIENTED_EDGE('',*,*,#13761,.T.);
#13875 = ORIENTED_EDGE('',*,*,#13576,.T.);
#13876 = ORIENTED_EDGE('',*,*,#13877,.F.);
#13877 = EDGE_CURVE('',#13868,#13569,#13878,.T.);
#13878 = LINE('',#13879,#13880);
#13879 = CARTESIAN_POINT('',(-36.49,-18.505,-2.7));
#13880 = VECTOR('',#13881,1.);
#13881 = DIRECTION('',(1.,0.,2.2E-16));
#13882 = PLANE('',#13883);
#13883 = AXIS2_PLACEMENT_3D('',#13884,#13885,#13886);
#13884 = CARTESIAN_POINT('',(-36.49,-18.755,-2.95));
#13885 = DIRECTION('',(0.,-0.707106781187,0.707106781187));
#13886 = DIRECTION('',(1.,1.1E-16,1.1E-16));
#13887 = ADVANCED_FACE('',(#13888),#13907,.F.);
#13888 = FACE_BOUND('',#13889,.T.);
#13889 = EDGE_LOOP('',(#13890,#13891,#13900,#13906));
#13890 = ORIENTED_EDGE('',*,*,#13544,.T.);
#13891 = ORIENTED_EDGE('',*,*,#13892,.T.);
#13892 = EDGE_CURVE('',#13545,#13893,#13895,.T.);
#13893 = VERTEX_POINT('',#13894);
#13894 = CARTESIAN_POINT('',(-35.08423282927,-16.255,17.792152362923));
#13895 = CIRCLE('',#13896,0.5);
#13896 = AXIS2_PLACEMENT_3D('',#13897,#13898,#13899);
#13897 = CARTESIAN_POINT('',(-35.49,-16.255,17.5));
#13898 = DIRECTION('',(0.,1.,-2.2E-16));
#13899 = DIRECTION('',(-1.,0.,0.));
#13900 = ORIENTED_EDGE('',*,*,#13901,.F.);
#13901 = EDGE_CURVE('',#13776,#13893,#13902,.T.);
#13902 = LINE('',#13903,#13904);
#13903 = CARTESIAN_POINT('',(-35.08423282927,-22.255,17.792152362923));
#13904 = VECTOR('',#13905,1.);
#13905 = DIRECTION('',(-0.,1.,-2.2E-16));
#13906 = ORIENTED_EDGE('',*,*,#13775,.F.);
#13907 = CYLINDRICAL_SURFACE('',#13908,0.5);
#13908 = AXIS2_PLACEMENT_3D('',#13909,#13910,#13911);
#13909 = CARTESIAN_POINT('',(-35.49,-22.255,17.5));
#13910 = DIRECTION('',(0.,-1.,2.2E-16));
#13911 = DIRECTION('',(-1.,0.,0.));
#13912 = ADVANCED_FACE('',(#13913),#13931,.T.);
#13913 = FACE_BOUND('',#13914,.T.);
#13914 = EDGE_LOOP('',(#13915,#13923,#13929,#13930));
#13915 = ORIENTED_EDGE('',*,*,#13916,.F.);
#13916 = EDGE_CURVE('',#13917,#13868,#13919,.T.);
#13917 = VERTEX_POINT('',#13918);
#13918 = CARTESIAN_POINT('',(-36.49,-18.505,2.5));
#13919 = LINE('',#13920,#13921);
#13920 = CARTESIAN_POINT('',(-36.49,-18.505,2.5));
#13921 = VECTOR('',#13922,1.);
#13922 = DIRECTION('',(2.2E-16,-2.2E-16,-1.));
#13923 = ORIENTED_EDGE('',*,*,#13924,.T.);
#13924 = EDGE_CURVE('',#13917,#13561,#13925,.T.);
#13925 = LINE('',#13926,#13927);
#13926 = CARTESIAN_POINT('',(-36.49,-18.505,2.5));
#13927 = VECTOR('',#13928,1.);
#13928 = DIRECTION('',(1.,0.,2.2E-16));
#13929 = ORIENTED_EDGE('',*,*,#13568,.T.);
#13930 = ORIENTED_EDGE('',*,*,#13877,.F.);
#13931 = PLANE('',#13932);
#13932 = AXIS2_PLACEMENT_3D('',#13933,#13934,#13935);
#13933 = CARTESIAN_POINT('',(-36.49,-18.505,2.5));
#13934 = DIRECTION('',(0.,1.,-2.2E-16));
#13935 = DIRECTION('',(2.2E-16,-2.2E-16,-1.));
#13936 = ADVANCED_FACE('',(#13937),#14022,.T.);
#13937 = FACE_BOUND('',#13938,.T.);
#13938 = EDGE_LOOP('',(#13939,#13940,#13941,#13949,#13957,#13966,#13974,
    #13983,#13991,#13999,#14007,#14016));
#13939 = ORIENTED_EDGE('',*,*,#13892,.F.);
#13940 = ORIENTED_EDGE('',*,*,#13552,.T.);
#13941 = ORIENTED_EDGE('',*,*,#13942,.F.);
#13942 = EDGE_CURVE('',#13943,#13553,#13945,.T.);
#13943 = VERTEX_POINT('',#13944);
#13944 = CARTESIAN_POINT('',(-36.49,-16.255,2.5));
#13945 = LINE('',#13946,#13947);
#13946 = CARTESIAN_POINT('',(-36.49,-16.255,2.5));
#13947 = VECTOR('',#13948,1.);
#13948 = DIRECTION('',(1.,0.,2.2E-16));
#13949 = ORIENTED_EDGE('',*,*,#13950,.T.);
#13950 = EDGE_CURVE('',#13943,#13951,#13953,.T.);
#13951 = VERTEX_POINT('',#13952);
#13952 = CARTESIAN_POINT('',(-36.49,-16.255,17.5));
#13953 = LINE('',#13954,#13955);
#13954 = CARTESIAN_POINT('',(-36.49,-16.255,-3.2));
#13955 = VECTOR('',#13956,1.);
#13956 = DIRECTION('',(0.,2.2E-16,1.));
#13957 = ORIENTED_EDGE('',*,*,#13958,.T.);
#13958 = EDGE_CURVE('',#13951,#13959,#13961,.T.);
#13959 = VERTEX_POINT('',#13960);
#13960 = CARTESIAN_POINT('',(-34.67846565854,-16.255,18.084304725845));
#13961 = CIRCLE('',#13962,1.);
#13962 = AXIS2_PLACEMENT_3D('',#13963,#13964,#13965);
#13963 = CARTESIAN_POINT('',(-35.49,-16.255,17.5));
#13964 = DIRECTION('',(0.,1.,-2.2E-16));
#13965 = DIRECTION('',(-1.,0.,0.));
#13966 = ORIENTED_EDGE('',*,*,#13967,.F.);
#13967 = EDGE_CURVE('',#13968,#13959,#13970,.T.);
#13968 = VERTEX_POINT('',#13969);
#13969 = CARTESIAN_POINT('',(-31.07846565854,-16.255,13.084304725845));
#13970 = LINE('',#13971,#13972);
#13971 = CARTESIAN_POINT('',(-31.07846565854,-16.255,13.084304725845));
#13972 = VECTOR('',#13973,1.);
#13973 = DIRECTION('',(-0.584304725845,1.8E-16,0.811534341451));
#13974 = ORIENTED_EDGE('',*,*,#13975,.T.);
#13975 = EDGE_CURVE('',#13968,#13976,#13978,.T.);
#13976 = VERTEX_POINT('',#13977);
#13977 = CARTESIAN_POINT('',(-30.89,-16.255,12.5));
#13978 = CIRCLE('',#13979,1.);
#13979 = AXIS2_PLACEMENT_3D('',#13980,#13981,#13982);
#13980 = CARTESIAN_POINT('',(-31.89,-16.255,12.5));
#13981 = DIRECTION('',(0.,1.,-2.2E-16));
#13982 = DIRECTION('',(-1.,0.,0.));
#13983 = ORIENTED_EDGE('',*,*,#13984,.F.);
#13984 = EDGE_CURVE('',#13985,#13976,#13987,.T.);
#13985 = VERTEX_POINT('',#13986);
#13986 = CARTESIAN_POINT('',(-30.89,-16.255,7.5));
#13987 = LINE('',#13988,#13989);
#13988 = CARTESIAN_POINT('',(-30.89,-16.255,7.5));
#13989 = VECTOR('',#13990,1.);
#13990 = DIRECTION('',(0.,2.2E-16,1.));
#13991 = ORIENTED_EDGE('',*,*,#13992,.F.);
#13992 = EDGE_CURVE('',#13993,#13985,#13995,.T.);
#13993 = VERTEX_POINT('',#13994);
#13994 = CARTESIAN_POINT('',(-31.39,-16.255,7.5));
#13995 = LINE('',#13996,#13997);
#13996 = CARTESIAN_POINT('',(-31.39,-16.255,7.5));
#13997 = VECTOR('',#13998,1.);
#13998 = DIRECTION('',(1.,0.,0.));
#13999 = ORIENTED_EDGE('',*,*,#14000,.F.);
#14000 = EDGE_CURVE('',#14001,#13993,#14003,.T.);
#14001 = VERTEX_POINT('',#14002);
#14002 = CARTESIAN_POINT('',(-31.39,-16.255,12.5));
#14003 = LINE('',#14004,#14005);
#14004 = CARTESIAN_POINT('',(-31.39,-16.255,12.5));
#14005 = VECTOR('',#14006,1.);
#14006 = DIRECTION('',(0.,-2.2E-16,-1.));
#14007 = ORIENTED_EDGE('',*,*,#14008,.F.);
#14008 = EDGE_CURVE('',#14009,#14001,#14011,.T.);
#14009 = VERTEX_POINT('',#14010);
#14010 = CARTESIAN_POINT('',(-31.48423282927,-16.255,12.792152362923));
#14011 = CIRCLE('',#14012,0.5);
#14012 = AXIS2_PLACEMENT_3D('',#14013,#14014,#14015);
#14013 = CARTESIAN_POINT('',(-31.89,-16.255,12.5));
#14014 = DIRECTION('',(0.,1.,-2.2E-16));
#14015 = DIRECTION('',(-1.,0.,0.));
#14016 = ORIENTED_EDGE('',*,*,#14017,.F.);
#14017 = EDGE_CURVE('',#13893,#14009,#14018,.T.);
#14018 = LINE('',#14019,#14020);
#14019 = CARTESIAN_POINT('',(-35.08423282927,-16.255,17.792152362923));
#14020 = VECTOR('',#14021,1.);
#14021 = DIRECTION('',(0.584304725845,-1.8E-16,-0.811534341451));
#14022 = PLANE('',#14023);
#14023 = AXIS2_PLACEMENT_3D('',#14024,#14025,#14026);
#14024 = CARTESIAN_POINT('',(-34.80692029698,-16.255,9.614973312943));
#14025 = DIRECTION('',(-0.,1.,-4.4E-16));
#14026 = DIRECTION('',(0.,-4.4E-16,-1.));
#14027 = ADVANCED_FACE('',(#14028),#14039,.T.);
#14028 = FACE_BOUND('',#14029,.T.);
#14029 = EDGE_LOOP('',(#14030,#14036,#14037,#14038));
#14030 = ORIENTED_EDGE('',*,*,#14031,.F.);
#14031 = EDGE_CURVE('',#13943,#13917,#14032,.T.);
#14032 = LINE('',#14033,#14034);
#14033 = CARTESIAN_POINT('',(-36.49,-16.255,2.5));
#14034 = VECTOR('',#14035,1.);
#14035 = DIRECTION('',(2.2E-16,-1.,2.2E-16));
#14036 = ORIENTED_EDGE('',*,*,#13942,.T.);
#14037 = ORIENTED_EDGE('',*,*,#13560,.T.);
#14038 = ORIENTED_EDGE('',*,*,#13924,.F.);
#14039 = PLANE('',#14040);
#14040 = AXIS2_PLACEMENT_3D('',#14041,#14042,#14043);
#14041 = CARTESIAN_POINT('',(-36.49,-16.255,2.5));
#14042 = DIRECTION('',(2.2E-16,-2.2E-16,-1.));
#14043 = DIRECTION('',(0.,-1.,2.2E-16));
#14044 = ADVANCED_FACE('',(#14045),#14070,.F.);
#14045 = FACE_BOUND('',#14046,.F.);
#14046 = EDGE_LOOP('',(#14047,#14055,#14056,#14064));
#14047 = ORIENTED_EDGE('',*,*,#14048,.T.);
#14048 = EDGE_CURVE('',#14049,#13601,#14051,.T.);
#14049 = VERTEX_POINT('',#14050);
#14050 = CARTESIAN_POINT('',(-36.49,-18.48,9.25));
#14051 = LINE('',#14052,#14053);
#14052 = CARTESIAN_POINT('',(-36.49,-18.48,9.25));
#14053 = VECTOR('',#14054,1.);
#14054 = DIRECTION('',(1.,0.,2.2E-16));
#14055 = ORIENTED_EDGE('',*,*,#13600,.T.);
#14056 = ORIENTED_EDGE('',*,*,#14057,.F.);
#14057 = EDGE_CURVE('',#14058,#13603,#14060,.T.);
#14058 = VERTEX_POINT('',#14059);
#14059 = CARTESIAN_POINT('',(-36.49,-18.48,6.25));
#14060 = LINE('',#14061,#14062);
#14061 = CARTESIAN_POINT('',(-36.49,-18.48,6.25));
#14062 = VECTOR('',#14063,1.);
#14063 = DIRECTION('',(1.,0.,2.2E-16));
#14064 = ORIENTED_EDGE('',*,*,#14065,.F.);
#14065 = EDGE_CURVE('',#14049,#14058,#14066,.T.);
#14066 = LINE('',#14067,#14068);
#14067 = CARTESIAN_POINT('',(-36.49,-18.48,9.25));
#14068 = VECTOR('',#14069,1.);
#14069 = DIRECTION('',(2.2E-16,-2.2E-16,-1.));
#14070 = PLANE('',#14071);
#14071 = AXIS2_PLACEMENT_3D('',#14072,#14073,#14074);
#14072 = CARTESIAN_POINT('',(-36.49,-18.48,9.25));
#14073 = DIRECTION('',(0.,1.,-2.2E-16));
#14074 = DIRECTION('',(2.2E-16,-2.2E-16,-1.));
#14075 = ADVANCED_FACE('',(#14076),#14094,.F.);
#14076 = FACE_BOUND('',#14077,.F.);
#14077 = EDGE_LOOP('',(#14078,#14079,#14080,#14088));
#14078 = ORIENTED_EDGE('',*,*,#14057,.T.);
#14079 = ORIENTED_EDGE('',*,*,#13658,.T.);
#14080 = ORIENTED_EDGE('',*,*,#14081,.F.);
#14081 = EDGE_CURVE('',#14082,#13651,#14084,.T.);
#14082 = VERTEX_POINT('',#14083);
#14083 = CARTESIAN_POINT('',(-36.49,-18.505,6.25));
#14084 = LINE('',#14085,#14086);
#14085 = CARTESIAN_POINT('',(-36.49,-18.505,6.25));
#14086 = VECTOR('',#14087,1.);
#14087 = DIRECTION('',(1.,0.,2.2E-16));
#14088 = ORIENTED_EDGE('',*,*,#14089,.F.);
#14089 = EDGE_CURVE('',#14058,#14082,#14090,.T.);
#14090 = LINE('',#14091,#14092);
#14091 = CARTESIAN_POINT('',(-36.49,-18.48,6.25));
#14092 = VECTOR('',#14093,1.);
#14093 = DIRECTION('',(2.2E-16,-1.,2.2E-16));
#14094 = PLANE('',#14095);
#14095 = AXIS2_PLACEMENT_3D('',#14096,#14097,#14098);
#14096 = CARTESIAN_POINT('',(-36.49,-18.48,6.25));
#14097 = DIRECTION('',(2.2E-16,-2.2E-16,-1.));
#14098 = DIRECTION('',(0.,-1.,2.2E-16));
#14099 = ADVANCED_FACE('',(#14100),#14152,.T.);
#14100 = FACE_BOUND('',#14101,.T.);
#14101 = EDGE_LOOP('',(#14102,#14103,#14111,#14120,#14128,#14136,#14144,
    #14151));
#14102 = ORIENTED_EDGE('',*,*,#14081,.F.);
#14103 = ORIENTED_EDGE('',*,*,#14104,.T.);
#14104 = EDGE_CURVE('',#14082,#14105,#14107,.T.);
#14105 = VERTEX_POINT('',#14106);
#14106 = CARTESIAN_POINT('',(-36.49,-18.505,6.5));
#14107 = LINE('',#14108,#14109);
#14108 = CARTESIAN_POINT('',(-36.49,-18.505,6.25));
#14109 = VECTOR('',#14110,1.);
#14110 = DIRECTION('',(6.21E-15,2.2E-16,1.));
#14111 = ORIENTED_EDGE('',*,*,#14112,.T.);
#14112 = EDGE_CURVE('',#14105,#14113,#14115,.T.);
#14113 = VERTEX_POINT('',#14114);
#14114 = CARTESIAN_POINT('',(-36.59014995476,-18.505,6.936199376545));
#14115 = CIRCLE('',#14116,1.);
#14116 = AXIS2_PLACEMENT_3D('',#14117,#14118,#14119);
#14117 = CARTESIAN_POINT('',(-37.49,-18.505,6.5));
#14118 = DIRECTION('',(9.9E-16,-1.,2.2E-16));
#14119 = DIRECTION('',(-1.,-9.9E-16,-1.E-17));
#14120 = ORIENTED_EDGE('',*,*,#14121,.F.);
#14121 = EDGE_CURVE('',#14122,#14113,#14124,.T.);
#14122 = VERTEX_POINT('',#14123);
#14123 = CARTESIAN_POINT('',(-37.48,-18.505,8.771900311728));
#14124 = LINE('',#14125,#14126);
#14125 = CARTESIAN_POINT('',(-37.48,-18.505,8.771900311728));
#14126 = VECTOR('',#14127,1.);
#14127 = DIRECTION('',(0.436199376545,2.3E-16,-0.899850045231));
#14128 = ORIENTED_EDGE('',*,*,#14129,.F.);
#14129 = EDGE_CURVE('',#14130,#14122,#14132,.T.);
#14130 = VERTEX_POINT('',#14131);
#14131 = CARTESIAN_POINT('',(-37.03007497738,-18.505,8.99));
#14132 = LINE('',#14133,#14134);
#14133 = CARTESIAN_POINT('',(-37.03007497738,-18.505,8.99));
#14134 = VECTOR('',#14135,1.);
#14135 = DIRECTION('',(-0.899850045231,-9.9E-16,-0.436199376545));
#14136 = ORIENTED_EDGE('',*,*,#14137,.F.);
#14137 = EDGE_CURVE('',#14138,#14130,#14140,.T.);
#14138 = VERTEX_POINT('',#14139);
#14139 = CARTESIAN_POINT('',(-36.14022493215,-18.505,7.154299064817));
#14140 = LINE('',#14141,#14142);
#14141 = CARTESIAN_POINT('',(-36.14022493215,-18.505,7.154299064817));
#14142 = VECTOR('',#14143,1.);
#14143 = DIRECTION('',(-0.436199376545,-2.3E-16,0.899850045231));
#14144 = ORIENTED_EDGE('',*,*,#14145,.F.);
#14145 = EDGE_CURVE('',#13643,#14138,#14146,.T.);
#14146 = CIRCLE('',#14147,1.5);
#14147 = AXIS2_PLACEMENT_3D('',#14148,#14149,#14150);
#14148 = CARTESIAN_POINT('',(-37.49,-18.505,6.5));
#14149 = DIRECTION('',(9.9E-16,-1.,2.2E-16));
#14150 = DIRECTION('',(-1.,-9.9E-16,-1.E-17));
#14151 = ORIENTED_EDGE('',*,*,#13650,.F.);
#14152 = PLANE('',#14153);
#14153 = AXIS2_PLACEMENT_3D('',#14154,#14155,#14156);
#14154 = CARTESIAN_POINT('',(-36.74,-18.505,7.625));
#14155 = DIRECTION('',(-1.83E-15,1.,-2.2E-16));
#14156 = DIRECTION('',(-1.,-1.83E-15,0.));
#14157 = ADVANCED_FACE('',(#14158),#14177,.T.);
#14158 = FACE_BOUND('',#14159,.T.);
#14159 = EDGE_LOOP('',(#14160,#14161,#14162,#14170));
#14160 = ORIENTED_EDGE('',*,*,#13642,.T.);
#14161 = ORIENTED_EDGE('',*,*,#14145,.T.);
#14162 = ORIENTED_EDGE('',*,*,#14163,.F.);
#14163 = EDGE_CURVE('',#14164,#14138,#14166,.T.);
#14164 = VERTEX_POINT('',#14165);
#14165 = CARTESIAN_POINT('',(-36.14022493215,-20.005,7.154299064817));
#14166 = LINE('',#14167,#14168);
#14167 = CARTESIAN_POINT('',(-36.14022493215,-20.005,7.154299064817));
#14168 = VECTOR('',#14169,1.);
#14169 = DIRECTION('',(-9.9E-16,1.,-2.2E-16));
#14170 = ORIENTED_EDGE('',*,*,#14171,.F.);
#14171 = EDGE_CURVE('',#13635,#14164,#14172,.T.);
#14172 = CIRCLE('',#14173,1.5);
#14173 = AXIS2_PLACEMENT_3D('',#14174,#14175,#14176);
#14174 = CARTESIAN_POINT('',(-37.49,-20.005,6.5));
#14175 = DIRECTION('',(9.9E-16,-1.,2.2E-16));
#14176 = DIRECTION('',(-1.,-9.9E-16,-1.E-17));
#14177 = CYLINDRICAL_SURFACE('',#14178,1.5);
#14178 = AXIS2_PLACEMENT_3D('',#14179,#14180,#14181);
#14179 = CARTESIAN_POINT('',(-37.49,-20.005,6.5));
#14180 = DIRECTION('',(9.9E-16,-1.,2.2E-16));
#14181 = DIRECTION('',(-1.,-9.9E-16,0.));
#14182 = ADVANCED_FACE('',(#14183),#14234,.T.);
#14183 = FACE_BOUND('',#14184,.T.);
#14184 = EDGE_LOOP('',(#14185,#14195,#14201,#14202,#14203,#14211,#14219,
    #14227));
#14185 = ORIENTED_EDGE('',*,*,#14186,.F.);
#14186 = EDGE_CURVE('',#14187,#14189,#14191,.T.);
#14187 = VERTEX_POINT('',#14188);
#14188 = CARTESIAN_POINT('',(-36.49,-20.005,6.25));
#14189 = VERTEX_POINT('',#14190);
#14190 = CARTESIAN_POINT('',(-36.49,-20.005,6.5));
#14191 = LINE('',#14192,#14193);
#14192 = CARTESIAN_POINT('',(-36.49,-20.005,6.25));
#14193 = VECTOR('',#14194,1.);
#14194 = DIRECTION('',(6.21E-15,2.2E-16,1.));
#14195 = ORIENTED_EDGE('',*,*,#14196,.T.);
#14196 = EDGE_CURVE('',#14187,#13627,#14197,.T.);
#14197 = LINE('',#14198,#14199);
#14198 = CARTESIAN_POINT('',(-36.49,-20.005,6.25));
#14199 = VECTOR('',#14200,1.);
#14200 = DIRECTION('',(1.,0.,2.2E-16));
#14201 = ORIENTED_EDGE('',*,*,#13634,.T.);
#14202 = ORIENTED_EDGE('',*,*,#14171,.T.);
#14203 = ORIENTED_EDGE('',*,*,#14204,.T.);
#14204 = EDGE_CURVE('',#14164,#14205,#14207,.T.);
#14205 = VERTEX_POINT('',#14206);
#14206 = CARTESIAN_POINT('',(-37.03007497738,-20.005,8.99));
#14207 = LINE('',#14208,#14209);
#14208 = CARTESIAN_POINT('',(-36.14022493215,-20.005,7.154299064817));
#14209 = VECTOR('',#14210,1.);
#14210 = DIRECTION('',(-0.436199376545,-2.3E-16,0.899850045231));
#14211 = ORIENTED_EDGE('',*,*,#14212,.T.);
#14212 = EDGE_CURVE('',#14205,#14213,#14215,.T.);
#14213 = VERTEX_POINT('',#14214);
#14214 = CARTESIAN_POINT('',(-37.48,-20.005,8.771900311728));
#14215 = LINE('',#14216,#14217);
#14216 = CARTESIAN_POINT('',(-37.03007497738,-20.005,8.99));
#14217 = VECTOR('',#14218,1.);
#14218 = DIRECTION('',(-0.899850045231,-9.9E-16,-0.436199376545));
#14219 = ORIENTED_EDGE('',*,*,#14220,.T.);
#14220 = EDGE_CURVE('',#14213,#14221,#14223,.T.);
#14221 = VERTEX_POINT('',#14222);
#14222 = CARTESIAN_POINT('',(-36.59014995476,-20.005,6.936199376545));
#14223 = LINE('',#14224,#14225);
#14224 = CARTESIAN_POINT('',(-37.48,-20.005,8.771900311728));
#14225 = VECTOR('',#14226,1.);
#14226 = DIRECTION('',(0.436199376545,2.3E-16,-0.899850045231));
#14227 = ORIENTED_EDGE('',*,*,#14228,.F.);
#14228 = EDGE_CURVE('',#14189,#14221,#14229,.T.);
#14229 = CIRCLE('',#14230,1.);
#14230 = AXIS2_PLACEMENT_3D('',#14231,#14232,#14233);
#14231 = CARTESIAN_POINT('',(-37.49,-20.005,6.5));
#14232 = DIRECTION('',(9.9E-16,-1.,2.2E-16));
#14233 = DIRECTION('',(-1.,-9.9E-16,-1.E-17));
#14234 = PLANE('',#14235);
#14235 = AXIS2_PLACEMENT_3D('',#14236,#14237,#14238);
#14236 = CARTESIAN_POINT('',(-36.74,-20.005,7.625));
#14237 = DIRECTION('',(9.9E-16,-1.,2.2E-16));
#14238 = DIRECTION('',(1.,9.9E-16,0.));
#14239 = ADVANCED_FACE('',(#14240),#14258,.T.);
#14240 = FACE_BOUND('',#14241,.T.);
#14241 = EDGE_LOOP('',(#14242,#14250,#14251,#14252));
#14242 = ORIENTED_EDGE('',*,*,#14243,.T.);
#14243 = EDGE_CURVE('',#14244,#13619,#14246,.T.);
#14244 = VERTEX_POINT('',#14245);
#14245 = CARTESIAN_POINT('',(-36.49,-20.03,6.25));
#14246 = LINE('',#14247,#14248);
#14247 = CARTESIAN_POINT('',(-36.49,-20.03,6.25));
#14248 = VECTOR('',#14249,1.);
#14249 = DIRECTION('',(1.,0.,2.2E-16));
#14250 = ORIENTED_EDGE('',*,*,#13626,.T.);
#14251 = ORIENTED_EDGE('',*,*,#14196,.F.);
#14252 = ORIENTED_EDGE('',*,*,#14253,.F.);
#14253 = EDGE_CURVE('',#14244,#14187,#14254,.T.);
#14254 = LINE('',#14255,#14256);
#14255 = CARTESIAN_POINT('',(-36.49,-20.03,6.25));
#14256 = VECTOR('',#14257,1.);
#14257 = DIRECTION('',(-2.2E-16,1.,-2.2E-16));
#14258 = PLANE('',#14259);
#14259 = AXIS2_PLACEMENT_3D('',#14260,#14261,#14262);
#14260 = CARTESIAN_POINT('',(-36.49,-20.03,6.25));
#14261 = DIRECTION('',(-2.2E-16,2.2E-16,1.));
#14262 = DIRECTION('',(-0.,1.,-2.2E-16));
#14263 = ADVANCED_FACE('',(#14264),#14282,.T.);
#14264 = FACE_BOUND('',#14265,.T.);
#14265 = EDGE_LOOP('',(#14266,#14274,#14275,#14276));
#14266 = ORIENTED_EDGE('',*,*,#14267,.T.);
#14267 = EDGE_CURVE('',#14268,#13611,#14270,.T.);
#14268 = VERTEX_POINT('',#14269);
#14269 = CARTESIAN_POINT('',(-36.49,-20.03,9.25));
#14270 = LINE('',#14271,#14272);
#14271 = CARTESIAN_POINT('',(-36.49,-20.03,9.25));
#14272 = VECTOR('',#14273,1.);
#14273 = DIRECTION('',(1.,0.,2.2E-16));
#14274 = ORIENTED_EDGE('',*,*,#13618,.T.);
#14275 = ORIENTED_EDGE('',*,*,#14243,.F.);
#14276 = ORIENTED_EDGE('',*,*,#14277,.F.);
#14277 = EDGE_CURVE('',#14268,#14244,#14278,.T.);
#14278 = LINE('',#14279,#14280);
#14279 = CARTESIAN_POINT('',(-36.49,-20.03,9.25));
#14280 = VECTOR('',#14281,1.);
#14281 = DIRECTION('',(2.2E-16,-2.2E-16,-1.));
#14282 = PLANE('',#14283);
#14283 = AXIS2_PLACEMENT_3D('',#14284,#14285,#14286);
#14284 = CARTESIAN_POINT('',(-36.49,-20.03,9.25));
#14285 = DIRECTION('',(0.,1.,-2.2E-16));
#14286 = DIRECTION('',(2.2E-16,-2.2E-16,-1.));
#14287 = ADVANCED_FACE('',(#14288),#14299,.T.);
#14288 = FACE_BOUND('',#14289,.T.);
#14289 = EDGE_LOOP('',(#14290,#14291,#14292,#14293));
#14290 = ORIENTED_EDGE('',*,*,#14048,.T.);
#14291 = ORIENTED_EDGE('',*,*,#13610,.T.);
#14292 = ORIENTED_EDGE('',*,*,#14267,.F.);
#14293 = ORIENTED_EDGE('',*,*,#14294,.F.);
#14294 = EDGE_CURVE('',#14049,#14268,#14295,.T.);
#14295 = LINE('',#14296,#14297);
#14296 = CARTESIAN_POINT('',(-36.49,-18.48,9.25));
#14297 = VECTOR('',#14298,1.);
#14298 = DIRECTION('',(2.2E-16,-1.,2.2E-16));
#14299 = PLANE('',#14300);
#14300 = AXIS2_PLACEMENT_3D('',#14301,#14302,#14303);
#14301 = CARTESIAN_POINT('',(-36.49,-18.48,9.25));
#14302 = DIRECTION('',(2.2E-16,-2.2E-16,-1.));
#14303 = DIRECTION('',(0.,-1.,2.2E-16));
#14304 = ADVANCED_FACE('',(#14305,#14322),#14335,.F.);
#14305 = FACE_BOUND('',#14306,.F.);
#14306 = EDGE_LOOP('',(#14307,#14308,#14309,#14310,#14311,#14312,#14313,
    #14314,#14320,#14321));
#14307 = ORIENTED_EDGE('',*,*,#13672,.T.);
#14308 = ORIENTED_EDGE('',*,*,#13703,.T.);
#14309 = ORIENTED_EDGE('',*,*,#13751,.T.);
#14310 = ORIENTED_EDGE('',*,*,#13867,.T.);
#14311 = ORIENTED_EDGE('',*,*,#13916,.F.);
#14312 = ORIENTED_EDGE('',*,*,#14031,.F.);
#14313 = ORIENTED_EDGE('',*,*,#13950,.T.);
#14314 = ORIENTED_EDGE('',*,*,#14315,.F.);
#14315 = EDGE_CURVE('',#13787,#13951,#14316,.T.);
#14316 = LINE('',#14317,#14318);
#14317 = CARTESIAN_POINT('',(-36.49,-22.255,17.5));
#14318 = VECTOR('',#14319,1.);
#14319 = DIRECTION('',(-0.,1.,-2.2E-16));
#14320 = ORIENTED_EDGE('',*,*,#13786,.F.);
#14321 = ORIENTED_EDGE('',*,*,#13727,.T.);
#14322 = FACE_BOUND('',#14323,.F.);
#14323 = EDGE_LOOP('',(#14324,#14325,#14326,#14327,#14333,#14334));
#14324 = ORIENTED_EDGE('',*,*,#14294,.F.);
#14325 = ORIENTED_EDGE('',*,*,#14065,.T.);
#14326 = ORIENTED_EDGE('',*,*,#14089,.T.);
#14327 = ORIENTED_EDGE('',*,*,#14328,.T.);
#14328 = EDGE_CURVE('',#14082,#14187,#14329,.T.);
#14329 = LINE('',#14330,#14331);
#14330 = CARTESIAN_POINT('',(-36.49,-18.505,6.25));
#14331 = VECTOR('',#14332,1.);
#14332 = DIRECTION('',(2.2E-16,-1.,2.2E-16));
#14333 = ORIENTED_EDGE('',*,*,#14253,.F.);
#14334 = ORIENTED_EDGE('',*,*,#14277,.F.);
#14335 = PLANE('',#14336);
#14336 = AXIS2_PLACEMENT_3D('',#14337,#14338,#14339);
#14337 = CARTESIAN_POINT('',(-36.49,-22.255,-3.2));
#14338 = DIRECTION('',(1.,0.,0.));
#14339 = DIRECTION('',(0.,2.2E-16,1.));
#14340 = ADVANCED_FACE('',(#14341),#14352,.T.);
#14341 = FACE_BOUND('',#14342,.T.);
#14342 = EDGE_LOOP('',(#14343,#14344,#14345,#14351));
#14343 = ORIENTED_EDGE('',*,*,#13901,.T.);
#14344 = ORIENTED_EDGE('',*,*,#14017,.T.);
#14345 = ORIENTED_EDGE('',*,*,#14346,.F.);
#14346 = EDGE_CURVE('',#13845,#14009,#14347,.T.);
#14347 = LINE('',#14348,#14349);
#14348 = CARTESIAN_POINT('',(-31.48423282927,-22.255,12.792152362923));
#14349 = VECTOR('',#14350,1.);
#14350 = DIRECTION('',(-0.,1.,-2.2E-16));
#14351 = ORIENTED_EDGE('',*,*,#13853,.F.);
#14352 = PLANE('',#14353);
#14353 = AXIS2_PLACEMENT_3D('',#14354,#14355,#14356);
#14354 = CARTESIAN_POINT('',(-35.08423282927,-22.255,17.792152362923));
#14355 = DIRECTION('',(-0.811534341451,-1.3E-16,-0.584304725845));
#14356 = DIRECTION('',(0.584304725845,-1.8E-16,-0.811534341451));
#14357 = ADVANCED_FACE('',(#14358),#14369,.F.);
#14358 = FACE_BOUND('',#14359,.T.);
#14359 = EDGE_LOOP('',(#14360,#14361,#14362,#14368));
#14360 = ORIENTED_EDGE('',*,*,#14346,.T.);
#14361 = ORIENTED_EDGE('',*,*,#14008,.T.);
#14362 = ORIENTED_EDGE('',*,*,#14363,.F.);
#14363 = EDGE_CURVE('',#13837,#14001,#14364,.T.);
#14364 = LINE('',#14365,#14366);
#14365 = CARTESIAN_POINT('',(-31.39,-22.255,12.5));
#14366 = VECTOR('',#14367,1.);
#14367 = DIRECTION('',(-0.,1.,-2.2E-16));
#14368 = ORIENTED_EDGE('',*,*,#13844,.F.);
#14369 = CYLINDRICAL_SURFACE('',#14370,0.5);
#14370 = AXIS2_PLACEMENT_3D('',#14371,#14372,#14373);
#14371 = CARTESIAN_POINT('',(-31.89,-22.255,12.5));
#14372 = DIRECTION('',(0.,-1.,2.2E-16));
#14373 = DIRECTION('',(-1.,0.,0.));
#14374 = ADVANCED_FACE('',(#14375),#14386,.T.);
#14375 = FACE_BOUND('',#14376,.T.);
#14376 = EDGE_LOOP('',(#14377,#14378,#14379,#14385));
#14377 = ORIENTED_EDGE('',*,*,#14363,.T.);
#14378 = ORIENTED_EDGE('',*,*,#14000,.T.);
#14379 = ORIENTED_EDGE('',*,*,#14380,.F.);
#14380 = EDGE_CURVE('',#13829,#13993,#14381,.T.);
#14381 = LINE('',#14382,#14383);
#14382 = CARTESIAN_POINT('',(-31.39,-22.255,7.5));
#14383 = VECTOR('',#14384,1.);
#14384 = DIRECTION('',(-0.,1.,-2.2E-16));
#14385 = ORIENTED_EDGE('',*,*,#13836,.F.);
#14386 = PLANE('',#14387);
#14387 = AXIS2_PLACEMENT_3D('',#14388,#14389,#14390);
#14388 = CARTESIAN_POINT('',(-31.39,-22.255,12.5));
#14389 = DIRECTION('',(-1.,0.,0.));
#14390 = DIRECTION('',(0.,-2.2E-16,-1.));
#14391 = ADVANCED_FACE('',(#14392),#14403,.T.);
#14392 = FACE_BOUND('',#14393,.T.);
#14393 = EDGE_LOOP('',(#14394,#14395,#14396,#14402));
#14394 = ORIENTED_EDGE('',*,*,#14380,.T.);
#14395 = ORIENTED_EDGE('',*,*,#13992,.T.);
#14396 = ORIENTED_EDGE('',*,*,#14397,.F.);
#14397 = EDGE_CURVE('',#13821,#13985,#14398,.T.);
#14398 = LINE('',#14399,#14400);
#14399 = CARTESIAN_POINT('',(-30.89,-22.255,7.5));
#14400 = VECTOR('',#14401,1.);
#14401 = DIRECTION('',(-0.,1.,-2.2E-16));
#14402 = ORIENTED_EDGE('',*,*,#13828,.F.);
#14403 = PLANE('',#14404);
#14404 = AXIS2_PLACEMENT_3D('',#14405,#14406,#14407);
#14405 = CARTESIAN_POINT('',(-31.39,-22.255,7.5));
#14406 = DIRECTION('',(0.,-2.2E-16,-1.));
#14407 = DIRECTION('',(1.,0.,0.));
#14408 = ADVANCED_FACE('',(#14409,#14420),#14431,.T.);
#14409 = FACE_BOUND('',#14410,.T.);
#14410 = EDGE_LOOP('',(#14411,#14412,#14413,#14419));
#14411 = ORIENTED_EDGE('',*,*,#14397,.T.);
#14412 = ORIENTED_EDGE('',*,*,#13984,.T.);
#14413 = ORIENTED_EDGE('',*,*,#14414,.F.);
#14414 = EDGE_CURVE('',#13812,#13976,#14415,.T.);
#14415 = LINE('',#14416,#14417);
#14416 = CARTESIAN_POINT('',(-30.89,-22.255,12.5));
#14417 = VECTOR('',#14418,1.);
#14418 = DIRECTION('',(-0.,1.,-2.2E-16));
#14419 = ORIENTED_EDGE('',*,*,#13820,.F.);
#14420 = FACE_BOUND('',#14421,.T.);
#14421 = EDGE_LOOP('',(#14422));
#14422 = ORIENTED_EDGE('',*,*,#14423,.F.);
#14423 = EDGE_CURVE('',#14424,#14424,#14426,.T.);
#14424 = VERTEX_POINT('',#14425);
#14425 = CARTESIAN_POINT('',(-30.89,-19.255,11.));
#14426 = CIRCLE('',#14427,0.5);
#14427 = AXIS2_PLACEMENT_3D('',#14428,#14429,#14430);
#14428 = CARTESIAN_POINT('',(-30.89,-19.255,11.5));
#14429 = DIRECTION('',(1.,-2.2E-16,-2.2E-16));
#14430 = DIRECTION('',(-2.2E-16,-2.2E-16,-1.));
#14431 = PLANE('',#14432);
#14432 = AXIS2_PLACEMENT_3D('',#14433,#14434,#14435);
#14433 = CARTESIAN_POINT('',(-30.89,-22.255,7.5));
#14434 = DIRECTION('',(1.,0.,0.));
#14435 = DIRECTION('',(0.,2.2E-16,1.));
#14436 = ADVANCED_FACE('',(#14437),#14448,.T.);
#14437 = FACE_BOUND('',#14438,.F.);
#14438 = EDGE_LOOP('',(#14439,#14445,#14446,#14447));
#14439 = ORIENTED_EDGE('',*,*,#14440,.T.);
#14440 = EDGE_CURVE('',#13804,#13968,#14441,.T.);
#14441 = LINE('',#14442,#14443);
#14442 = CARTESIAN_POINT('',(-31.07846565854,-22.255,13.084304725845));
#14443 = VECTOR('',#14444,1.);
#14444 = DIRECTION('',(-0.,1.,-2.2E-16));
#14445 = ORIENTED_EDGE('',*,*,#13975,.T.);
#14446 = ORIENTED_EDGE('',*,*,#14414,.F.);
#14447 = ORIENTED_EDGE('',*,*,#13811,.F.);
#14448 = CYLINDRICAL_SURFACE('',#14449,1.);
#14449 = AXIS2_PLACEMENT_3D('',#14450,#14451,#14452);
#14450 = CARTESIAN_POINT('',(-31.89,-22.255,12.5));
#14451 = DIRECTION('',(0.,-1.,2.2E-16));
#14452 = DIRECTION('',(-1.,0.,0.));
#14453 = ADVANCED_FACE('',(#14454),#14465,.T.);
#14454 = FACE_BOUND('',#14455,.T.);
#14455 = EDGE_LOOP('',(#14456,#14457,#14458,#14464));
#14456 = ORIENTED_EDGE('',*,*,#14440,.T.);
#14457 = ORIENTED_EDGE('',*,*,#13967,.T.);
#14458 = ORIENTED_EDGE('',*,*,#14459,.F.);
#14459 = EDGE_CURVE('',#13795,#13959,#14460,.T.);
#14460 = LINE('',#14461,#14462);
#14461 = CARTESIAN_POINT('',(-34.67846565854,-22.255,18.084304725845));
#14462 = VECTOR('',#14463,1.);
#14463 = DIRECTION('',(-0.,1.,-2.2E-16));
#14464 = ORIENTED_EDGE('',*,*,#13803,.F.);
#14465 = PLANE('',#14466);
#14466 = AXIS2_PLACEMENT_3D('',#14467,#14468,#14469);
#14467 = CARTESIAN_POINT('',(-31.07846565854,-22.255,13.084304725845));
#14468 = DIRECTION('',(0.811534341451,1.3E-16,0.584304725845));
#14469 = DIRECTION('',(-0.584304725845,1.8E-16,0.811534341451));
#14470 = ADVANCED_FACE('',(#14471),#14477,.T.);
#14471 = FACE_BOUND('',#14472,.F.);
#14472 = EDGE_LOOP('',(#14473,#14474,#14475,#14476));
#14473 = ORIENTED_EDGE('',*,*,#14315,.T.);
#14474 = ORIENTED_EDGE('',*,*,#13958,.T.);
#14475 = ORIENTED_EDGE('',*,*,#14459,.F.);
#14476 = ORIENTED_EDGE('',*,*,#13794,.F.);
#14477 = CYLINDRICAL_SURFACE('',#14478,1.);
#14478 = AXIS2_PLACEMENT_3D('',#14479,#14480,#14481);
#14479 = CARTESIAN_POINT('',(-35.49,-22.255,17.5));
#14480 = DIRECTION('',(0.,-1.,2.2E-16));
#14481 = DIRECTION('',(-1.,0.,0.));
#14482 = ADVANCED_FACE('',(#14483),#14494,.T.);
#14483 = FACE_BOUND('',#14484,.T.);
#14484 = EDGE_LOOP('',(#14485,#14486,#14487,#14493));
#14485 = ORIENTED_EDGE('',*,*,#14163,.T.);
#14486 = ORIENTED_EDGE('',*,*,#14137,.T.);
#14487 = ORIENTED_EDGE('',*,*,#14488,.F.);
#14488 = EDGE_CURVE('',#14205,#14130,#14489,.T.);
#14489 = LINE('',#14490,#14491);
#14490 = CARTESIAN_POINT('',(-37.03007497738,-20.005,8.99));
#14491 = VECTOR('',#14492,1.);
#14492 = DIRECTION('',(-9.9E-16,1.,-2.2E-16));
#14493 = ORIENTED_EDGE('',*,*,#14204,.F.);
#14494 = PLANE('',#14495);
#14495 = AXIS2_PLACEMENT_3D('',#14496,#14497,#14498);
#14496 = CARTESIAN_POINT('',(-36.14022493215,-20.005,7.154299064817));
#14497 = DIRECTION('',(0.899850045231,9.9E-16,0.436199376545));
#14498 = DIRECTION('',(-0.436199376545,-2.3E-16,0.899850045231));
#14499 = ADVANCED_FACE('',(#14500),#14511,.T.);
#14500 = FACE_BOUND('',#14501,.T.);
#14501 = EDGE_LOOP('',(#14502,#14503,#14504,#14510));
#14502 = ORIENTED_EDGE('',*,*,#14488,.T.);
#14503 = ORIENTED_EDGE('',*,*,#14129,.T.);
#14504 = ORIENTED_EDGE('',*,*,#14505,.F.);
#14505 = EDGE_CURVE('',#14213,#14122,#14506,.T.);
#14506 = LINE('',#14507,#14508);
#14507 = CARTESIAN_POINT('',(-37.48,-20.005,8.771900311728));
#14508 = VECTOR('',#14509,1.);
#14509 = DIRECTION('',(-9.9E-16,1.,-2.2E-16));
#14510 = ORIENTED_EDGE('',*,*,#14212,.F.);
#14511 = PLANE('',#14512);
#14512 = AXIS2_PLACEMENT_3D('',#14513,#14514,#14515);
#14513 = CARTESIAN_POINT('',(-37.03007497738,-20.005,8.99));
#14514 = DIRECTION('',(-0.436199376545,-2.3E-16,0.899850045231));
#14515 = DIRECTION('',(-0.899850045231,-9.9E-16,-0.436199376545));
#14516 = ADVANCED_FACE('',(#14517),#14528,.T.);
#14517 = FACE_BOUND('',#14518,.T.);
#14518 = EDGE_LOOP('',(#14519,#14520,#14521,#14527));
#14519 = ORIENTED_EDGE('',*,*,#14505,.T.);
#14520 = ORIENTED_EDGE('',*,*,#14121,.T.);
#14521 = ORIENTED_EDGE('',*,*,#14522,.F.);
#14522 = EDGE_CURVE('',#14221,#14113,#14523,.T.);
#14523 = LINE('',#14524,#14525);
#14524 = CARTESIAN_POINT('',(-36.59014995476,-20.005,6.936199376545));
#14525 = VECTOR('',#14526,1.);
#14526 = DIRECTION('',(-9.9E-16,1.,-2.2E-16));
#14527 = ORIENTED_EDGE('',*,*,#14220,.F.);
#14528 = PLANE('',#14529);
#14529 = AXIS2_PLACEMENT_3D('',#14530,#14531,#14532);
#14530 = CARTESIAN_POINT('',(-37.48,-20.005,8.771900311728));
#14531 = DIRECTION('',(-0.899850045231,-9.9E-16,-0.436199376545));
#14532 = DIRECTION('',(0.436199376545,2.3E-16,-0.899850045231));
#14533 = ADVANCED_FACE('',(#14534),#14545,.F.);
#14534 = FACE_BOUND('',#14535,.F.);
#14535 = EDGE_LOOP('',(#14536,#14542,#14543,#14544));
#14536 = ORIENTED_EDGE('',*,*,#14537,.T.);
#14537 = EDGE_CURVE('',#14189,#14105,#14538,.T.);
#14538 = LINE('',#14539,#14540);
#14539 = CARTESIAN_POINT('',(-36.49,-20.005,6.5));
#14540 = VECTOR('',#14541,1.);
#14541 = DIRECTION('',(-9.9E-16,1.,-2.2E-16));
#14542 = ORIENTED_EDGE('',*,*,#14112,.T.);
#14543 = ORIENTED_EDGE('',*,*,#14522,.F.);
#14544 = ORIENTED_EDGE('',*,*,#14228,.F.);
#14545 = CYLINDRICAL_SURFACE('',#14546,1.);
#14546 = AXIS2_PLACEMENT_3D('',#14547,#14548,#14549);
#14547 = CARTESIAN_POINT('',(-37.49,-20.005,6.5));
#14548 = DIRECTION('',(9.9E-16,-1.,2.2E-16));
#14549 = DIRECTION('',(-1.,-9.9E-16,0.));
#14550 = ADVANCED_FACE('',(#14551),#14557,.F.);
#14551 = FACE_BOUND('',#14552,.F.);
#14552 = EDGE_LOOP('',(#14553,#14554,#14555,#14556));
#14553 = ORIENTED_EDGE('',*,*,#14328,.F.);
#14554 = ORIENTED_EDGE('',*,*,#14104,.T.);
#14555 = ORIENTED_EDGE('',*,*,#14537,.F.);
#14556 = ORIENTED_EDGE('',*,*,#14186,.F.);
#14557 = PLANE('',#14558);
#14558 = AXIS2_PLACEMENT_3D('',#14559,#14560,#14561);
#14559 = CARTESIAN_POINT('',(-36.49,-20.005,6.25));
#14560 = DIRECTION('',(1.,9.9E-16,-6.22E-15));
#14561 = DIRECTION('',(6.22E-15,2.2E-16,1.));
#14562 = ADVANCED_FACE('',(#14563),#14582,.F.);
#14563 = FACE_BOUND('',#14564,.F.);
#14564 = EDGE_LOOP('',(#14565,#14573,#14580,#14581));
#14565 = ORIENTED_EDGE('',*,*,#14566,.T.);
#14566 = EDGE_CURVE('',#14424,#14567,#14569,.T.);
#14567 = VERTEX_POINT('',#14568);
#14568 = CARTESIAN_POINT('',(-30.99,-19.255,11.));
#14569 = LINE('',#14570,#14571);
#14570 = CARTESIAN_POINT('',(-30.89,-19.255,11.));
#14571 = VECTOR('',#14572,1.);
#14572 = DIRECTION('',(-1.,0.,2.2E-16));
#14573 = ORIENTED_EDGE('',*,*,#14574,.T.);
#14574 = EDGE_CURVE('',#14567,#14567,#14575,.T.);
#14575 = CIRCLE('',#14576,0.5);
#14576 = AXIS2_PLACEMENT_3D('',#14577,#14578,#14579);
#14577 = CARTESIAN_POINT('',(-30.99,-19.255,11.5));
#14578 = DIRECTION('',(1.,-2.2E-16,-2.2E-16));
#14579 = DIRECTION('',(-2.2E-16,-2.2E-16,-1.));
#14580 = ORIENTED_EDGE('',*,*,#14566,.F.);
#14581 = ORIENTED_EDGE('',*,*,#14423,.F.);
#14582 = CYLINDRICAL_SURFACE('',#14583,0.5);
#14583 = AXIS2_PLACEMENT_3D('',#14584,#14585,#14586);
#14584 = CARTESIAN_POINT('',(-30.89,-19.255,11.5));
#14585 = DIRECTION('',(1.,-0.,-2.2E-16));
#14586 = DIRECTION('',(-2.2E-16,-2.2E-16,-1.));
#14587 = ADVANCED_FACE('',(#14588),#14591,.T.);
#14588 = FACE_BOUND('',#14589,.T.);
#14589 = EDGE_LOOP('',(#14590));
#14590 = ORIENTED_EDGE('',*,*,#14574,.T.);
#14591 = PLANE('',#14592);
#14592 = AXIS2_PLACEMENT_3D('',#14593,#14594,#14595);
#14593 = CARTESIAN_POINT('',(-30.99,-19.255,11.5));
#14594 = DIRECTION('',(1.,0.,0.));
#14595 = DIRECTION('',(0.,-2.2E-16,-1.));
#14596 = ( GEOMETRIC_REPRESENTATION_CONTEXT(3) 
GLOBAL_UNCERTAINTY_ASSIGNED_CONTEXT((#14600)) 
GLOBAL_UNIT_ASSIGNED_CONTEXT((#14597,#14598,#14599)) 
REPRESENTATION_CONTEXT('Context #1',
  '3D Context with UNIT and UNCERTAINTY') );
#14597 = ( LENGTH_UNIT() NAMED_UNIT(*) SI_UNIT(.MILLI.,.METRE.) );
#14598 = ( NAMED_UNIT(*) PLANE_ANGLE_UNIT() SI_UNIT($,.RADIAN.) );
#14599 = ( NAMED_UNIT(*) SI_UNIT($,.STERADIAN.) SOLID_ANGLE_UNIT() );
#14600 = UNCERTAINTY_MEASURE_WITH_UNIT(LENGTH_MEASURE(1.E-05),#14597,
  'distance_accuracy_value','confusion accuracy');
#14601 = MECHANICAL_DESIGN_GEOMETRIC_PRESENTATION_REPRESENTATION('',(
    #14602,#14612,#14621),#8013);
#14602 = STYLED_ITEM('color',(#14603),#8032);
#14603 = PRESENTATION_STYLE_ASSIGNMENT((#14604,#14610));
#14604 = SURFACE_STYLE_USAGE(.BOTH.,#14605);
#14605 = SURFACE_SIDE_STYLE('',(#14606));
#14606 = SURFACE_STYLE_FILL_AREA(#14607);
#14607 = FILL_AREA_STYLE('',(#14608));
#14608 = FILL_AREA_STYLE_COLOUR('',#14609);
#14609 = COLOUR_RGB('',0.796078452645,0.796078452645,0.796078452645);
#14610 = CURVE_STYLE('',#14611,POSITIVE_LENGTH_MEASURE(0.1),#14609);
#14611 = DRAUGHTING_PRE_DEFINED_CURVE_FONT('continuous');
#14612 = STYLED_ITEM('color',(#14613),#9123);
#14613 = PRESENTATION_STYLE_ASSIGNMENT((#14614,#14619));
#14614 = SURFACE_STYLE_USAGE(.BOTH.,#14615);
#14615 = SURFACE_SIDE_STYLE('',(#14616));
#14616 = SURFACE_STYLE_FILL_AREA(#14617);
#14617 = FILL_AREA_STYLE('',(#14618));
#14618 = FILL_AREA_STYLE_COLOUR('',#14609);
#14619 = CURVE_STYLE('',#14620,POSITIVE_LENGTH_MEASURE(0.1),#14609);
#14620 = DRAUGHTING_PRE_DEFINED_CURVE_FONT('continuous');
#14621 = STYLED_ITEM('color',(#14622),#10214);
#14622 = PRESENTATION_STYLE_ASSIGNMENT((#14623,#14628));
#14623 = SURFACE_STYLE_USAGE(.BOTH.,#14624);
#14624 = SURFACE_SIDE_STYLE('',(#14625));
#14625 = SURFACE_STYLE_FILL_AREA(#14626);
#14626 = FILL_AREA_STYLE('',(#14627));
#14627 = FILL_AREA_STYLE_COLOUR('',#14609);
#14628 = CURVE_STYLE('',#14629,POSITIVE_LENGTH_MEASURE(0.1),#14609);
#14629 = DRAUGHTING_PRE_DEFINED_CURVE_FONT('continuous');
#14630 = MECHANICAL_DESIGN_GEOMETRIC_PRESENTATION_REPRESENTATION('',(
    #14631),#7969);
#14631 = STYLED_ITEM('color',(#14632),#15);
#14632 = PRESENTATION_STYLE_ASSIGNMENT((#14633,#14639));
#14633 = SURFACE_STYLE_USAGE(.BOTH.,#14634);
#14634 = SURFACE_SIDE_STYLE('',(#14635));
#14635 = SURFACE_STYLE_FILL_AREA(#14636);
#14636 = FILL_AREA_STYLE('',(#14637));
#14637 = FILL_AREA_STYLE_COLOUR('',#14638);
#14638 = COLOUR_RGB('',0.247058826301,0.247058826301,0.247058826301);
#14639 = CURVE_STYLE('',#14640,POSITIVE_LENGTH_MEASURE(0.1),#14638);
#14640 = DRAUGHTING_PRE_DEFINED_CURVE_FONT('continuous');
#14641 = MECHANICAL_DESIGN_GEOMETRIC_PRESENTATION_REPRESENTATION('',(
    #14642,#14651,#14660),#11311);
#14642 = STYLED_ITEM('color',(#14643),#11330);
#14643 = PRESENTATION_STYLE_ASSIGNMENT((#14644,#14649));
#14644 = SURFACE_STYLE_USAGE(.BOTH.,#14645);
#14645 = SURFACE_SIDE_STYLE('',(#14646));
#14646 = SURFACE_STYLE_FILL_AREA(#14647);
#14647 = FILL_AREA_STYLE('',(#14648));
#14648 = FILL_AREA_STYLE_COLOUR('',#14609);
#14649 = CURVE_STYLE('',#14650,POSITIVE_LENGTH_MEASURE(0.1),#14609);
#14650 = DRAUGHTING_PRE_DEFINED_CURVE_FONT('continuous');
#14651 = STYLED_ITEM('color',(#14652),#12421);
#14652 = PRESENTATION_STYLE_ASSIGNMENT((#14653,#14658));
#14653 = SURFACE_STYLE_USAGE(.BOTH.,#14654);
#14654 = SURFACE_SIDE_STYLE('',(#14655));
#14655 = SURFACE_STYLE_FILL_AREA(#14656);
#14656 = FILL_AREA_STYLE('',(#14657));
#14657 = FILL_AREA_STYLE_COLOUR('',#14609);
#14658 = CURVE_STYLE('',#14659,POSITIVE_LENGTH_MEASURE(0.1),#14609);
#14659 = DRAUGHTING_PRE_DEFINED_CURVE_FONT('continuous');
#14660 = STYLED_ITEM('color',(#14661),#13512);
#14661 = PRESENTATION_STYLE_ASSIGNMENT((#14662,#14667));
#14662 = SURFACE_STYLE_USAGE(.BOTH.,#14663);
#14663 = SURFACE_SIDE_STYLE('',(#14664));
#14664 = SURFACE_STYLE_FILL_AREA(#14665);
#14665 = FILL_AREA_STYLE('',(#14666));
#14666 = FILL_AREA_STYLE_COLOUR('',#14609);
#14667 = CURVE_STYLE('',#14668,POSITIVE_LENGTH_MEASURE(0.1),#14609);
#14668 = DRAUGHTING_PRE_DEFINED_CURVE_FONT('continuous');
ENDSEC;
END-ISO-10303-21;
