ISO-10303-21;
HEADER;
FILE_DESCRIPTION (( 'STEP AP214' ),
    '1' );
FILE_NAME ('Motor assembly.STEP',
    '2015-09-13T13:15:21',
    ( 'Schrickert' ),
    ( 'HP' ),
    'SwSTEP 2.0',
    'SolidWorks 2015',
    '' );
FILE_SCHEMA (( 'AUTOMOTIVE_DESIGN' ));
ENDSEC;

DATA;
#1 = LINE ( 'NONE', #1142, #6153 ) ;
#2 = COLOUR_RGB ( '',0.7686274509803920900, 0.7686274509803920900, 0.7686274509803920900 ) ;
#3 = DIRECTION ( 'NONE',  ( -1.000000000000000000, -1.219727444046192700E-016, -0.0000000000000000000 ) ) ;
#4 = DIRECTION ( 'NONE',  ( 1.000000000000000000, -0.0000000000000000000, -0.0000000000000000000 ) ) ;
#5 = LINE ( 'NONE', #580, #3614 ) ;
#6 = PRESENTATION_LAYER_ASSIGNMENT (  '', '', ( #7663 ) ) ;
#7 = EDGE_LOOP ( 'NONE', ( #8868, #847, #8862, #3658, #7138, #6814, #5375, #419 ) ) ;
#8 = CARTESIAN_POINT ( 'NONE',  ( -24.00000000000000000, -13.42339375865880800, -7.749999999998868500 ) ) ;
#9 = SURFACE_STYLE_USAGE ( .BOTH. , #5691 ) ;
#10 = VECTOR ( 'NONE', #7809, 1000.000000000000000 ) ;
#11 = AXIS2_PLACEMENT_3D ( 'NONE', #3887, #491, #4603 ) ;
#12 = SURFACE_STYLE_FILL_AREA ( #8307 ) ;
#13 =( LENGTH_UNIT ( ) NAMED_UNIT ( * ) SI_UNIT ( .MILLI., .METRE. ) );
#14 = STYLED_ITEM ( 'NONE', ( #8483 ), #7120 ) ;
#15 = DIRECTION ( 'NONE',  ( 0.0000000000000000000, 0.0000000000000000000, -1.000000000000000000 ) ) ;
#16 = LINE ( 'NONE', #8612, #4704 ) ;
#17 = CARTESIAN_POINT ( 'NONE',  ( 1.160687707562663900E-015, -18.40000000000000600, 0.0000000000000000000 ) ) ;
#18 = CONICAL_SURFACE ( 'NONE', #5023, 1.249999999999999300, 1.029744258676654500 ) ;
#19 = CYLINDRICAL_SURFACE ( 'NONE', #4296, 1.599999999999999000 ) ;
#20 =( NAMED_UNIT ( * ) PLANE_ANGLE_UNIT ( ) SI_UNIT ( $, .RADIAN. ) );
#21 = CARTESIAN_POINT ( 'NONE',  ( 0.0000000000000000000, 0.0000000000000000000, 2.000000000000000000 ) ) ;
#22 = CARTESIAN_POINT ( 'NONE',  ( -1.169870283417622000, 5.078133820953754100, 0.0000000000000000000 ) ) ;
#23 = AXIS2_PLACEMENT_3D ( 'NONE', #1878, #2854, #7901 ) ;
#24 = FILL_AREA_STYLE_COLOUR ( '', #7111 ) ;
#25 = DIRECTION ( 'NONE',  ( 0.0000000000000000000, -1.000000000000000000, 0.0000000000000000000 ) ) ;
#26 = DIRECTION ( 'NONE',  ( 0.9347433521574657300, 0.3553236068676328100, 0.0000000000000000000 ) ) ;
#27 = VECTOR ( 'NONE', #8817, 1000.000000000000000 ) ;
#28 = CARTESIAN_POINT ( 'NONE',  ( 7.749999999999874800, 13.42339375865887000, 0.0000000000000000000 ) ) ;
#29 = CARTESIAN_POINT ( 'NONE',  ( -24.00000000000000000, -7.987769275717528900, -8.659297907259983200 ) ) ;
#30 = DIRECTION ( 'NONE',  ( -0.0000000000000000000, -1.000000000000000000, -0.0000000000000000000 ) ) ;
#31 = PRESENTATION_STYLE_ASSIGNMENT (( #3846 ) ) ;
#32 = EDGE_CURVE ( 'NONE', #6356, #8068, #40, .T. ) ;
#33 = CARTESIAN_POINT ( 'NONE',  ( 0.0000000000000000000, 5.089999999999999900, -0.1800000000000000500 ) ) ;
#34 = CYLINDRICAL_SURFACE ( 'NONE', #8856, 1.249999999999994200 ) ;
#35 =( NAMED_UNIT ( * ) PLANE_ANGLE_UNIT ( ) SI_UNIT ( $, .RADIAN. ) );
#36 = EDGE_LOOP ( 'NONE', ( #5003, #2163, #6078, #7861 ) ) ;
#37 = CIRCLE ( 'NONE', #5153, 4.250000000000000900 ) ;
#38 = SURFACE_STYLE_USAGE ( .BOTH. , #3267 ) ;
#39 = DIRECTION ( 'NONE',  ( -1.000000000000000000, -0.0000000000000000000, -0.0000000000000000000 ) ) ;
#40 = CIRCLE ( 'NONE', #8523, 1.574999999999998200 ) ;
#41 = AXIS2_PLACEMENT_3D ( 'NONE', #1219, #7651, #3751 ) ;
#42 = SURFACE_SIDE_STYLE ('',( #7320 ) ) ;
#43 = EDGE_CURVE ( 'NONE', #647, #5114, #7302, .T. ) ;
#44 = ORIENTED_EDGE ( 'NONE', *, *, #8165, .F. ) ;
#45 = CARTESIAN_POINT ( 'NONE',  ( -7.969870283417621200, 5.078133820953753200, 0.0000000000000000000 ) ) ;
#46 = DIRECTION ( 'NONE',  ( -1.000000000000000000, -0.0000000000000000000, -0.0000000000000000000 ) ) ;
#47 = SURFACE_STYLE_FILL_AREA ( #4855 ) ;
#48 = DIRECTION ( 'NONE',  ( -1.219727444046192700E-016, 1.000000000000000000, -0.0000000000000000000 ) ) ;
#49 = CARTESIAN_POINT ( 'NONE',  ( 0.0000000000000000000, 0.1799999999999927200, 2.190000000000000400 ) ) ;
#50 = FACE_BOUND ( 'NONE', #5439, .T. ) ;
#51 = DIRECTION ( 'NONE',  ( -1.000000000000000000, -0.0000000000000000000, -0.0000000000000000000 ) ) ;
#52 = ORIENTED_EDGE ( 'NONE', *, *, #3663, .F. ) ;
#53 = AXIS2_PLACEMENT_3D ( 'NONE', #1223, #5621, #1630 ) ;
#54 = CARTESIAN_POINT ( 'NONE',  ( -13.00000000000000200, 0.08160475367085828800, 3.649999999999998600 ) ) ;
#55 = CARTESIAN_POINT ( 'NONE',  ( 12.00000000000000000, 1.078133820953756100, -5.000000000000000000 ) ) ;
#56 = EDGE_CURVE ( 'NONE', #4215, #2943, #585, .T. ) ;
#57 = ADVANCED_FACE ( 'NONE', ( #5130 ), #6134, .F. ) ;
#58 = ORIENTED_EDGE ( 'NONE', *, *, #5768, .F. ) ;
#59 = DIRECTION ( 'NONE',  ( -1.000000000000000000, 0.0000000000000000000, 0.0000000000000000000 ) ) ;
#60 = CARTESIAN_POINT ( 'NONE',  ( 12.00000000000000000, 3.578133820953756300, 5.000000000000000000 ) ) ;
#61 = ORIENTED_EDGE ( 'NONE', *, *, #5449, .T. ) ;
#62 = PRESENTATION_LAYER_ASSIGNMENT (  '', '', ( #8269 ) ) ;
#63 = CARTESIAN_POINT ( 'NONE',  ( 30.09999999999999800, -2.749999999999998200, 5.204748896376250700E-016 ) ) ;
#64 = AXIS2_PLACEMENT_3D ( 'NONE', #3584, #5731, #7187 ) ;
#65 = SURFACE_STYLE_USAGE ( .BOTH. , #4878 ) ;
#66 = AXIS2_PLACEMENT_3D ( 'NONE', #5633, #2496, #2080 ) ;
#67 = ORIENTED_EDGE ( 'NONE', *, *, #658, .F. ) ;
#68 = EDGE_CURVE ( 'NONE', #4820, #1385, #8074, .T. ) ;
#69 = FACE_OUTER_BOUND ( 'NONE', #5777, .T. ) ;
#70 = DIRECTION ( 'NONE',  ( -1.000000000000000000, -0.0000000000000000000, -0.0000000000000000000 ) ) ;
#71 = CARTESIAN_POINT ( 'NONE',  ( 35.86999999999999700, 1.250000000000002000, 12.05000000000000100 ) ) ;
#72 = DIRECTION ( 'NONE',  ( -0.0000000000000000000, -1.000000000000000000, -0.0000000000000000000 ) ) ;
#73 = CIRCLE ( 'NONE', #2449, 1.574999999999998200 ) ;
#74 = ORIENTED_EDGE ( 'NONE', *, *, #6958, .F. ) ;
#75 = FACE_OUTER_BOUND ( 'NONE', #8437, .T. ) ;
#76 = STYLED_ITEM ( 'NONE', ( #8744 ), #7023 ) ;
#77 = DIRECTION ( 'NONE',  ( -1.000000000000000000, -0.0000000000000000000, -0.0000000000000000000 ) ) ;
#78 = LINE ( 'NONE', #1637, #6471 ) ;
#79 = ORIENTED_EDGE ( 'NONE', *, *, #5927, .F. ) ;
#80 = UNCERTAINTY_MEASURE_WITH_UNIT (LENGTH_MEASURE( 1.000000000000000100E-005 ), #2219, 'distance_accuracy_value', 'NONE');
#81 = DIRECTION ( 'NONE',  ( -1.000000000000000000, -0.0000000000000000000, -0.0000000000000000000 ) ) ;
#82 = DIRECTION ( 'NONE',  ( -1.000000000000000000, -6.308085367188390000E-017, -0.0000000000000000000 ) ) ;
#83 = CARTESIAN_POINT ( 'NONE',  ( 15.60000000000015100, -20.80000000000000100, 14.30000000000000100 ) ) ;
#84 = ORIENTED_EDGE ( 'NONE', *, *, #5004, .T. ) ;
#85 = ADVANCED_FACE ( 'NONE', ( #588 ), #738, .F. ) ;
#86 =( NAMED_UNIT ( * ) PLANE_ANGLE_UNIT ( ) SI_UNIT ( $, .RADIAN. ) );
#87 = DIRECTION ( 'NONE',  ( -0.5150380749100541600, 0.0000000000000000000, 0.8571673007021122200 ) ) ;
#88 = LINE ( 'NONE', #5061, #4136 ) ;
#89 = CARTESIAN_POINT ( 'NONE',  ( -13.00100000000000100, 1.530808498934191600E-016, 7.849999999999999600 ) ) ;
#90 = CARTESIAN_POINT ( 'NONE',  ( 0.7471507068104800100, 0.7247219743563427800, 2.527459386281493800 ) ) ;
#91 = PRESENTATION_LAYER_ASSIGNMENT (  '', '', ( #2199 ) ) ;
#92 = ADVANCED_FACE ( 'NONE', ( #1867 ), #8326, .F. ) ;
#93 = EDGE_LOOP ( 'NONE', ( #3849, #8768 ) ) ;
#94 = LINE ( 'NONE', #4899, #6149 ) ;
#95 =( GEOMETRIC_REPRESENTATION_CONTEXT ( 3 ) GLOBAL_UNCERTAINTY_ASSIGNED_CONTEXT ( ( #1352 ) ) GLOBAL_UNIT_ASSIGNED_CONTEXT ( ( #309, #6420, #4830 ) ) REPRESENTATION_CONTEXT ( 'NONE', 'WORKASPACE' ) );
#96 = SURFACE_STYLE_USAGE ( .BOTH. , #5486 ) ;
#97 = DIRECTION ( 'NONE',  ( -1.219727444046192700E-016, 1.000000000000000000, -0.0000000000000000000 ) ) ;
#98 = ORIENTED_EDGE ( 'NONE', *, *, #4669, .F. ) ;
#99 = CARTESIAN_POINT ( 'NONE',  ( -12.98559420851651700, -0.6300555014440357700, 1.308199055260953700 ) ) ;
#100 = PLANE ( 'NONE',  #6574 ) ;
#101 = MECHANICAL_DESIGN_GEOMETRIC_PRESENTATION_REPRESENTATION (  '', ( #4295 ), #1134 ) ;
#102 = STYLED_ITEM ( 'NONE', ( #8137 ), #4461 ) ;
#103 = ORIENTED_EDGE ( 'NONE', *, *, #1616, .F. ) ;
#104 = EDGE_CURVE ( 'NONE', #5081, #3291, #4842, .T. ) ;
#105 = FACE_OUTER_BOUND ( 'NONE', #6367, .T. ) ;
#106 = EDGE_CURVE ( 'NONE', #1605, #465, #7599, .T. ) ;
#107 = VERTEX_POINT ( 'NONE', #3996 ) ;
#108 = EDGE_CURVE ( 'NONE', #3491, #4294, #2843, .T. ) ;
#109 = ORIENTED_EDGE ( 'NONE', *, *, #8331, .T. ) ;
#110 = ORIENTED_EDGE ( 'NONE', *, *, #3339, .T. ) ;
#111 = CARTESIAN_POINT ( 'NONE',  ( -15.59999999999984900, 18.80100000000015100, 7.899999999999997700 ) ) ;
#112 = UNCERTAINTY_MEASURE_WITH_UNIT (LENGTH_MEASURE( 1.000000000000000100E-005 ), #8468, 'distance_accuracy_value', 'NONE');
#113 = MECHANICAL_DESIGN_GEOMETRIC_PRESENTATION_REPRESENTATION (  '', ( #617 ), #8177 ) ;
#114 = AXIS2_PLACEMENT_3D ( 'NONE', #2917, #4116, #2634 ) ;
#115 = EDGE_LOOP ( 'NONE', ( #6229, #6883, #8327, #6821 ) ) ;
#116 = VERTEX_POINT ( 'NONE', #5850 ) ;
#117 = VERTEX_POINT ( 'NONE', #4432 ) ;
#118 = FACE_OUTER_BOUND ( 'NONE', #2946, .T. ) ;
#119 = AXIS2_PLACEMENT_3D ( 'NONE', #1777, #4052, #3465 ) ;
#120 = FACE_OUTER_BOUND ( 'NONE', #7185, .T. ) ;
#121 = ORIENTED_EDGE ( 'NONE', *, *, #6371, .T. ) ;
#122 = DIRECTION ( 'NONE',  ( 0.0000000000000000000, 1.000000000000000000, 0.0000000000000000000 ) ) ;
#123 = ORIENTED_EDGE ( 'NONE', *, *, #345, .T. ) ;
#124 = ORIENTED_EDGE ( 'NONE', *, *, #3152, .F. ) ;
#125 = DIRECTION ( 'NONE',  ( 1.000000000000000000, 1.467842941211163900E-014, -0.0000000000000000000 ) ) ;
#126 = EDGE_CURVE ( 'NONE', #4446, #5079, #849, .T. ) ;
#127 = AXIS2_PLACEMENT_3D ( 'NONE', #2435, #4582, #4574 ) ;
#128 = CARTESIAN_POINT ( 'NONE',  ( -2.756148245018291900, -1.185255300110551200, 7.005540178546219500 ) ) ;
#129 = CARTESIAN_POINT ( 'NONE',  ( -1.742014973993183600, 5.079133820953757100, 13.04999999999999900 ) ) ;
#130 = ORIENTED_EDGE ( 'NONE', *, *, #6199, .T. ) ;
#131 = APPLICATION_PROTOCOL_DEFINITION ( 'draft international standard', 'automotive_design', 1998, #8567 ) ;
#132 = DIRECTION ( 'NONE',  ( 0.0000000000000000000, 1.000000000000000000, 0.0000000000000000000 ) ) ;
#133 = VERTEX_POINT ( 'NONE', #6065 ) ;
#134 = AXIS2_PLACEMENT_3D ( 'NONE', #1833, #6704, #6844 ) ;
#135 = CARTESIAN_POINT ( 'NONE',  ( -25.00000000000000000, 9.741652934026770300E-013, 15.50000000000056500 ) ) ;
#136 = ORIENTED_EDGE ( 'NONE', *, *, #4303, .T. ) ;
#137 = CONTEXT_DEPENDENT_SHAPE_REPRESENTATION ( #4203, #4097 ) ;
#138 = DIRECTION ( 'NONE',  ( 0.0000000000000000000, 0.0000000000000000000, 1.000000000000000000 ) ) ;
#139 = CARTESIAN_POINT ( 'NONE',  ( -5.900116150698968600, 1.092095569954297600, 5.970460711674672200 ) ) ;
#140 = ORIENTED_EDGE ( 'NONE', *, *, #6865, .T. ) ;
#141 = ORIENTED_EDGE ( 'NONE', *, *, #2566, .F. ) ;
#142 = EDGE_CURVE ( 'NONE', #7364, #1605, #6512, .T. ) ;
#143 = FACE_OUTER_BOUND ( 'NONE', #1040, .T. ) ;
#144 = ORIENTED_EDGE ( 'NONE', *, *, #4047, .T. ) ;
#145 = DIRECTION ( 'NONE',  ( -1.000000000000000000, 0.0000000000000000000, 0.0000000000000000000 ) ) ;
#146 = LINE ( 'NONE', #2961, #1458 ) ;
#147 = DIRECTION ( 'NONE',  ( 0.0000000000000000000, 1.000000000000000000, 1.149055390210326300E-016 ) ) ;
#148 = EDGE_CURVE ( 'NONE', #3506, #1549, #477, .T. ) ;
#149 = DIRECTION ( 'NONE',  ( 0.0000000000000000000, 1.000000000000000000, 1.149055390210328000E-016 ) ) ;
#150 = CARTESIAN_POINT ( 'NONE',  ( 17.00000000000000000, 2.328133820953756800, 0.7499999999999997800 ) ) ;
#151 = MECHANICAL_DESIGN_GEOMETRIC_PRESENTATION_REPRESENTATION (  '', ( #4817 ), #1345 ) ;
#152 =( NAMED_UNIT ( * ) SI_UNIT ( $, .STERADIAN. ) SOLID_ANGLE_UNIT ( ) );
#153 = FILL_AREA_STYLE_COLOUR ( '', #4984 ) ;
#154 = FACE_OUTER_BOUND ( 'NONE', #7372, .T. ) ;
#155 = CARTESIAN_POINT ( 'NONE',  ( 0.0000000000000000000, 2.999999999999999100, 6.173195309819862000 ) ) ;
#156 = SURFACE_STYLE_FILL_AREA ( #740 ) ;
#157 = SURFACE_SIDE_STYLE ('',( #4151 ) ) ;
#158 = CARTESIAN_POINT ( 'NONE',  ( 17.00000000000000000, 1.828133820953756800, 3.750000000000000000 ) ) ;
#159 = DIRECTION ( 'NONE',  ( 0.0000000000000000000, -1.000000000000000000, 0.0000000000000000000 ) ) ;
#160 = CARTESIAN_POINT ( 'NONE',  ( 5.000000000000000900, -5.204748896376250900E-015, 0.0000000000000000000 ) ) ;
#161 = FILL_AREA_STYLE ('',( #4994 ) ) ;
#162 = DIRECTION ( 'NONE',  ( -1.000000000000000000, 0.0000000000000000000, 0.0000000000000000000 ) ) ;
#163 = CARTESIAN_POINT ( 'NONE',  ( -24.00000000000000000, -1.577021341797097400E-015, -15.50000000000000000 ) ) ;
#164 = EDGE_CURVE ( 'NONE', #3623, #8573, #6368, .T. ) ;
#165 = FILL_AREA_STYLE ('',( #460 ) ) ;
#166 = COLOUR_RGB ( '',0.1019607843137254900, 0.1019607843137254900, 0.1019607843137254900 ) ;
#167 = PLANE ( 'NONE',  #6583 ) ;
#168 = FILL_AREA_STYLE_COLOUR ( '', #1802 ) ;
#169 = CARTESIAN_POINT ( 'NONE',  ( -25.00000000000000000, -13.42339375865879900, 7.750000000001130700 ) ) ;
#170 = VERTEX_POINT ( 'NONE', #387 ) ;
#171 = EDGE_CURVE ( 'NONE', #3506, #7389, #247, .T. ) ;
#172 = COLOUR_RGB ( '',0.007843137254901960700, 0.2392156862745097900, 0.8235294117647058400 ) ;
#173 = EDGE_CURVE ( 'NONE', #4987, #4006, #5468, .T. ) ;
#174 = DIRECTION ( 'NONE',  ( 0.0000000000000000000, 0.0000000000000000000, 1.000000000000000000 ) ) ;
#175 = CARTESIAN_POINT ( 'NONE',  ( -23.24892422621555000, -13.42339375865879900, 7.750000000001130700 ) ) ;
#176 = FACE_BOUND ( 'NONE', #7684, .T. ) ;
#177 = PRODUCT_DEFINITION_CONTEXT ( 'detailed design', #5219, 'design' ) ;
#178 = DIRECTION ( 'NONE',  ( -0.0000000000000000000, 1.149055390210327300E-016, -1.000000000000000000 ) ) ;
#179 = DIRECTION ( 'NONE',  ( 1.000000000000000000, 1.734723475976806800E-016, 0.0000000000000000000 ) ) ;
#180 = DIRECTION ( 'NONE',  ( 1.219727444046192700E-016, -1.000000000000000000, -0.0000000000000000000 ) ) ;
#181 = COLOUR_RGB ( '',0.7921568627450980000, 0.8196078431372548800, 0.9333333333333333500 ) ;
#182 = ORIENTED_EDGE ( 'NONE', *, *, #2612, .T. ) ;
#183 = AXIS2_PLACEMENT_3D ( 'NONE', #7090, #3924, #807 ) ;
#184 = SURFACE_SIDE_STYLE ('',( #4015 ) ) ;
#185 = LINE ( 'NONE', #5162, #3957 ) ;
#186 = ADVANCED_BREP_SHAPE_REPRESENTATION ( '', ( #3051, #3481 ), #3799 ) ;
#187 = CARTESIAN_POINT ( 'NONE',  ( 0.03012971658237811900, 5.078133820953755900, 0.0000000000000000000 ) ) ;
#188 = FILL_AREA_STYLE ('',( #7906 ) ) ;
#189 = ORIENTED_EDGE ( 'NONE', *, *, #1596, .T. ) ;
#190 = DIRECTION ( 'NONE',  ( 1.000000000000000000, 1.445602896647339700E-016, 0.0000000000000000000 ) ) ;
#191 = EDGE_CURVE ( 'NONE', #7526, #1691, #6826, .T. ) ;
#192 = DIRECTION ( 'NONE',  ( 0.0000000000000000000, 0.0000000000000000000, 1.000000000000000000 ) ) ;
#193 = ORIENTED_EDGE ( 'NONE', *, *, #5990, .T. ) ;
#194 = DIRECTION ( 'NONE',  ( 0.0000000000000000000, -1.000000000000000000, 0.0000000000000000000 ) ) ;
#195 = DIRECTION ( 'NONE',  ( -1.000000000000000000, 0.0000000000000000000, 0.0000000000000000000 ) ) ;
#196 =( NAMED_UNIT ( * ) SI_UNIT ( $, .STERADIAN. ) SOLID_ANGLE_UNIT ( ) );
#197 = VECTOR ( 'NONE', #5441, 1000.000000000000000 ) ;
#198 = CARTESIAN_POINT ( 'NONE',  ( -12.99398214948947900, 0.4026998337703160400, 3.586190518884719000 ) ) ;
#200 = ORIENTED_EDGE ( 'NONE', *, *, #4988, .T. ) ;
#199 = MECHANICAL_DESIGN_GEOMETRIC_PRESENTATION_REPRESENTATION (  '', ( #6918 ), #5852 ) ;
#201 = ORIENTED_EDGE ( 'NONE', *, *, #8790, .F. ) ;
#202 = DIRECTION ( 'NONE',  ( 1.467842941211163900E-014, -1.000000000000000000, 0.0000000000000000000 ) ) ;
#203 = EDGE_CURVE ( 'NONE', #1413, #5753, #7686, .T. ) ;
#204 = CARTESIAN_POINT ( 'NONE',  ( -9.454242944073598700E-014, -9.499999999999998200, 4.799999999999999800 ) ) ;
#205 = ORIENTED_EDGE ( 'NONE', *, *, #4700, .F. ) ;
#206 = CARTESIAN_POINT ( 'NONE',  ( 0.7471507068104803500, 2.627711098936531100, 0.09169116611290159500 ) ) ;
#207 = EDGE_CURVE ( 'NONE', #4775, #5173, #8120, .T. ) ;
#208 = VECTOR ( 'NONE', #6191, 1000.000000000000000 ) ;
#209 = EDGE_LOOP ( 'NONE', ( #1939, #1611, #7930, #7097 ) ) ;
#210 = MECHANICAL_DESIGN_GEOMETRIC_PRESENTATION_REPRESENTATION (  '', ( #2853 ), #2430 ) ;
#211 = SURFACE_SIDE_STYLE ('',( #8667 ) ) ;
#212 = COLOUR_RGB ( '',0.6509803921568627600, 0.6196078431372549200, 0.5882352941176470800 ) ;
#213 = DIRECTION ( 'NONE',  ( -0.0000000000000000000, -1.149055390210327300E-016, 1.000000000000000000 ) ) ;
#214 = VECTOR ( 'NONE', #1880, 1000.000000000000000 ) ;
#215 = DIRECTION ( 'NONE',  ( 0.0000000000000000000, 0.0000000000000000000, 1.000000000000000000 ) ) ;
#216 = EDGE_LOOP ( 'NONE', ( #8138, #5863, #8172, #3621 ) ) ;
#217 = AXIS2_PLACEMENT_3D ( 'NONE', #1538, #6701, #5803 ) ;
#218 = DIRECTION ( 'NONE',  ( 0.0000000000000000000, -1.000000000000000000, 0.0000000000000000000 ) ) ;
#219 = DIRECTION ( 'NONE',  ( 0.0000000000000000000, 0.0000000000000000000, -1.000000000000000000 ) ) ;
#220 = CIRCLE ( 'NONE', #2278, 1.600000000000004100 ) ;
#221 = DIRECTION ( 'NONE',  ( -1.000000000000000000, 0.0000000000000000000, 0.0000000000000000000 ) ) ;
#222 = ADVANCED_FACE ( 'NONE', ( #8270 ), #254, .T. ) ;
#223 = ORIENTED_EDGE ( 'NONE', *, *, #540, .T. ) ;
#224 = DIRECTION ( 'NONE',  ( 0.0000000000000000000, 1.000000000000000000, 0.0000000000000000000 ) ) ;
#225 = CIRCLE ( 'NONE', #3912, 1.650000000000002100 ) ;
#226 =( LENGTH_UNIT ( ) NAMED_UNIT ( * ) SI_UNIT ( .MILLI., .METRE. ) );
#227 = ADVANCED_FACE ( 'NONE', ( #394 ), #3941, .F. ) ;
#228 = DIRECTION ( 'NONE',  ( 0.0000000000000000000, -1.000000000000000000, 0.0000000000000000000 ) ) ;
#229 = FACE_BOUND ( 'NONE', #4399, .T. ) ;
#230 = VERTEX_POINT ( 'NONE', #6963 ) ;
#231 = ORIENTED_EDGE ( 'NONE', *, *, #672, .F. ) ;
#232 = AXIS2_PLACEMENT_3D ( 'NONE', #6212, #6237, #3488 ) ;
#233 = DIRECTION ( 'NONE',  ( -1.219727444046192700E-016, 1.000000000000000000, -0.0000000000000000000 ) ) ;
#234 = ORIENTED_EDGE ( 'NONE', *, *, #2915, .T. ) ;
#235 = LINE ( 'NONE', #6657, #5051 ) ;
#236 = EDGE_CURVE ( 'NONE', #1182, #5179, #5628, .T. ) ;
#237 = VERTEX_POINT ( 'NONE', #3347 ) ;
#238 = CYLINDRICAL_SURFACE ( 'NONE', #1180, 1.249999999999994200 ) ;
#239 = CARTESIAN_POINT ( 'NONE',  ( 30.09999999999999800, -6.999999999999998200, 2.999999999999997800 ) ) ;
#240 = DIRECTION ( 'NONE',  ( 0.0000000000000000000, -1.149055390210327300E-016, 1.000000000000000000 ) ) ;
#241 = ORIENTED_EDGE ( 'NONE', *, *, #290, .F. ) ;
#242 =( NAMED_UNIT ( * ) SI_UNIT ( $, .STERADIAN. ) SOLID_ANGLE_UNIT ( ) );
#243 = SURFACE_STYLE_FILL_AREA ( #8112 ) ;
#244 = EDGE_LOOP ( 'NONE', ( #2190, #7976, #7792, #7676 ) ) ;
#245 = ORIENTED_EDGE ( 'NONE', *, *, #3617, .F. ) ;
#246 = FACE_BOUND ( 'NONE', #6317, .T. ) ;
#247 = LINE ( 'NONE', #7099, #2668 ) ;
#248 = COLOUR_RGB ( '',0.8980392156862745400, 0.9215686274509803400, 0.9294117647058823800 ) ;
#249 = MECHANICAL_DESIGN_GEOMETRIC_PRESENTATION_REPRESENTATION (  '', ( #1548 ), #3112 ) ;
#250 = DIRECTION ( 'NONE',  ( -1.000000000000000000, -0.0000000000000000000, -0.0000000000000000000 ) ) ;
#251 = EDGE_LOOP ( 'NONE', ( #5802, #6689 ) ) ;
#252 = ORIENTED_EDGE ( 'NONE', *, *, #5151, .F. ) ;
#253 = ORIENTED_EDGE ( 'NONE', *, *, #4508, .T. ) ;
#254 = PLANE ( 'NONE',  #8295 ) ;
#255 = DIRECTION ( 'NONE',  ( 1.000000000000000000, 0.0000000000000000000, 0.0000000000000000000 ) ) ;
#256 = CARTESIAN_POINT ( 'NONE',  ( -1020.034069856211800, -6.999999999999998200, 0.0000000000000000000 ) ) ;
#257 = ADVANCED_FACE ( 'NONE', ( #5771 ), #5515, .T. ) ;
#258 = ADVANCED_FACE ( 'NONE', ( #118 ), #238, .F. ) ;
#259 = CARTESIAN_POINT ( 'NONE',  ( 6.399999999999995900, 1.836970198721029400E-016, -1.499999999999999600 ) ) ;
#260 =( NAMED_UNIT ( * ) SI_UNIT ( $, .STERADIAN. ) SOLID_ANGLE_UNIT ( ) );
#261 = ORIENTED_EDGE ( 'NONE', *, *, #4916, .F. ) ;
#262 = FILL_AREA_STYLE ('',( #4385 ) ) ;
#263 = ORIENTED_EDGE ( 'NONE', *, *, #7200, .T. ) ;
#264 = ORIENTED_EDGE ( 'NONE', *, *, #5716, .T. ) ;
#265 = PLANE ( 'NONE',  #1638 ) ;
#266 = DIRECTION ( 'NONE',  ( 0.4250835726936403300, -0.6400406066125835500, -0.6400406066125856600 ) ) ;
#267 = EDGE_CURVE ( 'NONE', #843, #853, #2631, .T. ) ;
#268 = ORIENTED_EDGE ( 'NONE', *, *, #3753, .T. ) ;
#269 = DIRECTION ( 'NONE',  ( 1.000000000000000000, 0.0000000000000000000, 0.0000000000000000000 ) ) ;
#270 =( NAMED_UNIT ( * ) SI_UNIT ( $, .STERADIAN. ) SOLID_ANGLE_UNIT ( ) );
#271 = SURFACE_STYLE_USAGE ( .BOTH. , #8147 ) ;
#272 = ORIENTED_EDGE ( 'NONE', *, *, #8111, .T. ) ;
#273 = FACE_OUTER_BOUND ( 'NONE', #4643, .T. ) ;
#274 = CIRCLE ( 'NONE', #5924, 1.599999999999997200 ) ;
#275 = CARTESIAN_POINT ( 'NONE',  ( -3.000000000000000400, -0.08362005272848815900, 5.349999999999998800 ) ) ;
#276 = AXIS2_PLACEMENT_3D ( 'NONE', #5434, #8041, #6594 ) ;
#277 = ORIENTED_EDGE ( 'NONE', *, *, #7715, .T. ) ;
#278 = DIRECTION ( 'NONE',  ( 0.0000000000000000000, 1.000000000000000000, 1.149055390210327300E-016 ) ) ;
#279 = ORIENTED_EDGE ( 'NONE', *, *, #1516, .T. ) ;
#280 = FILL_AREA_STYLE_COLOUR ( '', #2897 ) ;
#281 = EDGE_CURVE ( 'NONE', #622, #2319, #7243, .T. ) ;
#282 = ORIENTED_EDGE ( 'NONE', *, *, #7797, .F. ) ;
#283 = VERTEX_POINT ( 'NONE', #531 ) ;
#284 = DIRECTION ( 'NONE',  ( 0.0000000000000000000, 0.0000000000000000000, 1.000000000000000000 ) ) ;
#285 = UNCERTAINTY_MEASURE_WITH_UNIT (LENGTH_MEASURE( 1.000000000000000100E-005 ), #2641, 'distance_accuracy_value', 'NONE');
#286 = VECTOR ( 'NONE', #1176, 1000.000000000000000 ) ;
#287 = COLOUR_RGB ( '',0.8980392156862745400, 0.9215686274509803400, 0.9294117647058823800 ) ;
#288 = CARTESIAN_POINT ( 'NONE',  ( -5.999999999999999100, 0.1634114241445055200, 7.849999999999999600 ) ) ;
#289 = CARTESIAN_POINT ( 'NONE',  ( 35.86999999999999700, 1.250000000000002000, 13.04999999999999900 ) ) ;
#290 = EDGE_CURVE ( 'NONE', #7255, #632, #7912, .T. ) ;
#291 = CIRCLE ( 'NONE', #6901, 0.5000000000000000000 ) ;
#292 = AXIS2_PLACEMENT_3D ( 'NONE', #6682, #6380, #4233 ) ;
#293 = EDGE_LOOP ( 'NONE', ( #5237, #679, #2226, #4228 ) ) ;
#294 = VERTEX_POINT ( 'NONE', #2540 ) ;
#295 = DIRECTION ( 'NONE',  ( -0.0000000000000000000, 1.149055390210327300E-016, -1.000000000000000000 ) ) ;
#296 = CARTESIAN_POINT ( 'NONE',  ( -29.84999999999999800, -6.999999999999997300, 5.999999999999996400 ) ) ;
#297 = PRESENTATION_LAYER_ASSIGNMENT (  '', '', ( #670 ) ) ;
#298 = SURFACE_SIDE_STYLE ('',( #3822 ) ) ;
#299 = CARTESIAN_POINT ( 'NONE',  ( 0.03012971658237842400, 2.578133820953756300, 0.0000000000000000000 ) ) ;
#300 = DIRECTION ( 'NONE',  ( -0.0000000000000000000, -1.149055390210327300E-016, 1.000000000000000000 ) ) ;
#301 = FILL_AREA_STYLE ('',( #6568 ) ) ;
#302 = DIRECTION ( 'NONE',  ( 0.0000000000000000000, 0.0000000000000000000, -1.000000000000000000 ) ) ;
#303 = ORIENTED_EDGE ( 'NONE', *, *, #5142, .F. ) ;
#304 = SHAPE_REPRESENTATION_RELATIONSHIP ( 'NONE' , 'NONE' ,  #470, #7023 ) ;
#305 = CARTESIAN_POINT ( 'NONE',  ( -25.00000000000000000, -13.42339375865879900, 7.750000000001130700 ) ) ;
#306 = EDGE_CURVE ( 'NONE', #6327, #2551, #5279, .T. ) ;
#307 = UNCERTAINTY_MEASURE_WITH_UNIT (LENGTH_MEASURE( 1.000000000000000100E-005 ), #2046, 'distance_accuracy_value', 'NONE');
#308 = AXIS2_PLACEMENT_3D ( 'NONE', #7520, #3632, #6360 ) ;
#309 =( LENGTH_UNIT ( ) NAMED_UNIT ( * ) SI_UNIT ( .MILLI., .METRE. ) );
#310 = LINE ( 'NONE', #1023, #6972 ) ;
#311 = CARTESIAN_POINT ( 'NONE',  ( 6.599999999999998800, 7.000000000000000900, 0.0000000000000000000 ) ) ;
#312 = DIRECTION ( 'NONE',  ( 0.0000000000000000000, 0.0000000000000000000, 1.000000000000000000 ) ) ;
#313 = PRESENTATION_LAYER_ASSIGNMENT (  '', '', ( #6644 ) ) ;
#314 = FACE_OUTER_BOUND ( 'NONE', #6546, .T. ) ;
#315 = DIRECTION ( 'NONE',  ( 6.308085367188390000E-017, -1.000000000000000000, 0.0000000000000000000 ) ) ;
#316 = EDGE_LOOP ( 'NONE', ( #1636, #6098, #2525, #4398 ) ) ;
#317 = MECHANICAL_DESIGN_GEOMETRIC_PRESENTATION_REPRESENTATION (  '', ( #1493 ), #95 ) ;
#318 = CARTESIAN_POINT ( 'NONE',  ( 31.00000000000000000, -2.749999999999998200, 5.204748896376250700E-016 ) ) ;
#319 = DIRECTION ( 'NONE',  ( -0.0000000000000000000, 1.149055390210327300E-016, -1.000000000000000000 ) ) ;
#320 = EDGE_CURVE ( 'NONE', #8793, #2608, #7958, .T. ) ;
#321 = DIRECTION ( 'NONE',  ( -0.0000000000000000000, 1.149055390210327300E-016, -1.000000000000000000 ) ) ;
#322 = AXIS2_PLACEMENT_3D ( 'NONE', #1386, #7540, #6962 ) ;
#323 = DIRECTION ( 'NONE',  ( 0.0000000000000000000, 1.000000000000000000, 1.149055390210327300E-016 ) ) ;
#324 = ORIENTED_EDGE ( 'NONE', *, *, #4435, .T. ) ;
#325 = EDGE_LOOP ( 'NONE', ( #3958, #4682, #4514, #5945, #303 ) ) ;
#326 =( LENGTH_UNIT ( ) NAMED_UNIT ( * ) SI_UNIT ( .MILLI., .METRE. ) );
#327 = CARTESIAN_POINT ( 'NONE',  ( 1.760000000000000000, 0.4599999999999951400, -0.4600000000000000200 ) ) ;
#328 = CARTESIAN_POINT ( 'NONE',  ( -15.59999999999984900, -18.79999999999999700, 15.90000000000000000 ) ) ;
#329 = ADVANCED_BREP_SHAPE_REPRESENTATION ( '', ( #429, #3481 ), #7446 ) ;
#330 = CARTESIAN_POINT ( 'NONE',  ( 30.09999999999999800, -6.999999999999998200, 0.0000000000000000000 ) ) ;
#331 = EDGE_CURVE ( 'NONE', #8435, #1329, #4862, .T. ) ;
#332 = VERTEX_POINT ( 'NONE', #2681 ) ;
#333 = CARTESIAN_POINT ( 'NONE',  ( 17.00000000000000000, 1.828133820953756800, 2.250000000000000000 ) ) ;
#334 = CARTESIAN_POINT ( 'NONE',  ( -25.00000000000000000, 18.39999999999999900, 2.253350110431130000E-015 ) ) ;
#335 = CARTESIAN_POINT ( 'NONE',  ( 35.86999999999999700, 1.250000000000002000, -12.05000000000000100 ) ) ;
#336 =( LENGTH_UNIT ( ) NAMED_UNIT ( * ) SI_UNIT ( .MILLI., .METRE. ) );
#337 = FACE_BOUND ( 'NONE', #986, .T. ) ;
#338 = CARTESIAN_POINT ( 'NONE',  ( -1020.034069856211800, -6.999999999999998200, 0.0000000000000000000 ) ) ;
#339 = ORIENTED_EDGE ( 'NONE', *, *, #609, .T. ) ;
#340 = AXIS2_PLACEMENT_3D ( 'NONE', #2526, #7400, #7836 ) ;
#341 = DIRECTION ( 'NONE',  ( -0.0000000000000000000, -1.000000000000000000, -0.0000000000000000000 ) ) ;
#342 = CIRCLE ( 'NONE', #4419, 1.249999999999988900 ) ;
#343 = VERTEX_POINT ( 'NONE', #2261 ) ;
#344 = EDGE_CURVE ( 'NONE', #3375, #4230, #574, .T. ) ;
#345 = EDGE_CURVE ( 'NONE', #1122, #829, #7687, .T. ) ;
#346 = DIRECTION ( 'NONE',  ( -1.000000000000000000, -7.703719777548944800E-033, -0.0000000000000000000 ) ) ;
#347 = COLOUR_RGB ( '',0.2862745098039215500, 0.6627450980392156600, 0.3294117647058823500 ) ;
#348 = CARTESIAN_POINT ( 'NONE',  ( 0.0000000000000000000, 0.0000000000000000000, 0.0000000000000000000 ) ) ;
#349 = VECTOR ( 'NONE', #3704, 1000.000000000000000 ) ;
#350 = LINE ( 'NONE', #1904, #4035 ) ;
#351 = PLANE ( 'NONE',  #7345 ) ;
#352 = ORIENTED_EDGE ( 'NONE', *, *, #6207, .F. ) ;
#353 = CIRCLE ( 'NONE', #5615, 7.999999999999998200 ) ;
#354 = AXIS2_PLACEMENT_3D ( 'NONE', #3123, #8191, #6143 ) ;
#355 = CARTESIAN_POINT ( 'NONE',  ( -2.985558167919581100, -0.3310655969615544100, 3.616301364512006300 ) ) ;
#356 = FACE_BOUND ( 'NONE', #5673, .T. ) ;
#357 = CIRCLE ( 'NONE', #7909, 1.574999999999998200 ) ;
#358 = ORIENTED_EDGE ( 'NONE', *, *, #4459, .T. ) ;
#359 = STYLED_ITEM ( 'NONE', ( #2935 ), #3569 ) ;
#360 = PRESENTATION_LAYER_ASSIGNMENT (  '', '', ( #7194 ) ) ;
#361 = EDGE_LOOP ( 'NONE', ( #5878, #3151, #3767, #7516 ) ) ;
#362 = EDGE_CURVE ( 'NONE', #8450, #4969, #3606, .T. ) ;
#363 = DIRECTION ( 'NONE',  ( 1.219727444046192700E-016, -1.000000000000000000, -0.0000000000000000000 ) ) ;
#364 = DIRECTION ( 'NONE',  ( 1.000000000000000000, -0.0000000000000000000, -0.0000000000000000000 ) ) ;
#365 = VECTOR ( 'NONE', #3558, 1000.000000000000000 ) ;
#366 = ORIENTED_EDGE ( 'NONE', *, *, #8530, .F. ) ;
#367 = AXIS2_PLACEMENT_3D ( 'NONE', #5148, #887, #6147 ) ;
#368 = SURFACE_STYLE_FILL_AREA ( #1623 ) ;
#369 = EDGE_CURVE ( 'NONE', #107, #6107, #1432, .T. ) ;
#370 = EDGE_LOOP ( 'NONE', ( #4445, #8641, #4129, #8583 ) ) ;
#371 = SURFACE_STYLE_FILL_AREA ( #3037 ) ;
#372 = FACE_BOUND ( 'NONE', #760, .T. ) ;
#373 = EDGE_CURVE ( 'NONE', #6394, #6114, #7910, .T. ) ;
#374 = PRODUCT_DEFINITION_CONTEXT ( 'detailed design', #6031, 'design' ) ;
#375 = ORIENTED_EDGE ( 'NONE', *, *, #964, .F. ) ;
#376 = AXIS2_PLACEMENT_3D ( 'NONE', #5159, #2162, #6458 ) ;
#377 = DIRECTION ( 'NONE',  ( -0.0000000000000000000, -0.0000000000000000000, -1.000000000000000000 ) ) ;
#378 = EDGE_CURVE ( 'NONE', #5858, #6266, #7738, .T. ) ;
#379 = DIRECTION ( 'NONE',  ( -0.5150380749100541600, 1.049727191138618700E-016, -0.8571673007021122200 ) ) ;
#380 = ORIENTED_EDGE ( 'NONE', *, *, #7148, .T. ) ;
#381 = PRODUCT_RELATED_PRODUCT_CATEGORY ( 'part', '', ( #3473 ) ) ;
#382 = CARTESIAN_POINT ( 'NONE',  ( 1.053355855920124400, 0.0000000000000000000, 2.440000000000000400 ) ) ;
#383 = CIRCLE ( 'NONE', #6166, 1.599999999999999000 ) ;
#384 = VERTEX_POINT ( 'NONE', #1564 ) ;
#385 = ORIENTED_EDGE ( 'NONE', *, *, #2820, .F. ) ;
#386 =( GEOMETRIC_REPRESENTATION_CONTEXT ( 3 ) GLOBAL_UNCERTAINTY_ASSIGNED_CONTEXT ( ( #8100 ) ) GLOBAL_UNIT_ASSIGNED_CONTEXT ( ( #3527, #7285, #7852 ) ) REPRESENTATION_CONTEXT ( 'NONE', 'WORKASPACE' ) );
#387 = CARTESIAN_POINT ( 'NONE',  ( 0.3550635713580538300, 1.655387236307475500, -0.8271992938495996700 ) ) ;
#388 = AXIS2_PLACEMENT_3D ( 'NONE', #7405, #6245, #4242 ) ;
#389 = CARTESIAN_POINT ( 'NONE',  ( -25.00000000000000000, -7.000000000000001800, -8.579999999999996500 ) ) ;
#390 = CARTESIAN_POINT ( 'NONE',  ( 12.00000000000000000, 1.828133820953756300, 2.250000000000000000 ) ) ;
#391 = ORIENTED_EDGE ( 'NONE', *, *, #2415, .F. ) ;
#392 = ORIENTED_EDGE ( 'NONE', *, *, #3972, .F. ) ;
#393 = ORIENTED_EDGE ( 'NONE', *, *, #4081, .T. ) ;
#394 = FACE_OUTER_BOUND ( 'NONE', #8234, .T. ) ;
#395 = EDGE_CURVE ( 'NONE', #8720, #3218, #6654, .T. ) ;
#396 = ADVANCED_FACE ( 'NONE', ( #3547 ), #1354, .F. ) ;
#397 = CARTESIAN_POINT ( 'NONE',  ( 2.399999999999999500, 1.499999999999999600, 0.0000000000000000000 ) ) ;
#398 = STYLED_ITEM ( 'NONE', ( #6426 ), #3765 ) ;
#399 = ORIENTED_EDGE ( 'NONE', *, *, #7379, .F. ) ;
#400 = FACE_OUTER_BOUND ( 'NONE', #8511, .T. ) ;
#401 = ORIENTED_EDGE ( 'NONE', *, *, #3338, .T. ) ;
#402 = VECTOR ( 'NONE', #781, 1000.000000000000000 ) ;
#403 = ORIENTED_EDGE ( 'NONE', *, *, #7828, .F. ) ;
#404 = SURFACE_STYLE_FILL_AREA ( #2240 ) ;
#405 = CARTESIAN_POINT ( 'NONE',  ( 17.00000000000000000, 1.828133820953756800, -3.750000000000000000 ) ) ;
#406 =( NAMED_UNIT ( * ) PLANE_ANGLE_UNIT ( ) SI_UNIT ( $, .RADIAN. ) );
#407 = ORIENTED_EDGE ( 'NONE', *, *, #597, .F. ) ;
#408 = CARTESIAN_POINT ( 'NONE',  ( -4.994316035918896700, 2.623561654730006700, 1.264649425420030400 ) ) ;
#409 = ORIENTED_EDGE ( 'NONE', *, *, #3627, .F. ) ;
#410 = EDGE_LOOP ( 'NONE', ( #8424, #553, #1075, #4374 ) ) ;
#411 = UNCERTAINTY_MEASURE_WITH_UNIT (LENGTH_MEASURE( 1.000000000000000100E-005 ), #5656, 'distance_accuracy_value', 'NONE');
#412 = AXIS2_PLACEMENT_3D ( 'NONE', #8631, #8200, #6886 ) ;
#413 = LINE ( 'NONE', #7553, #4042 ) ;
#414 = STYLED_ITEM ( 'NONE', ( #2703 ), #92 ) ;
#415 = DIRECTION ( 'NONE',  ( -1.000000000000000000, -0.0000000000000000000, -0.0000000000000000000 ) ) ;
#416 = CIRCLE ( 'NONE', #5694, 1.249999999999988900 ) ;
#417 = VERTEX_POINT ( 'NONE', #8180 ) ;
#418 = DIRECTION ( 'NONE',  ( -1.000000000000000000, -0.0000000000000000000, -0.0000000000000000000 ) ) ;
#419 = ORIENTED_EDGE ( 'NONE', *, *, #742, .F. ) ;
#420 = ADVANCED_FACE ( 'NONE', ( #739 ), #6135, .T. ) ;
#421 = FILL_AREA_STYLE ('',( #2391 ) ) ;
#422 = LINE ( 'NONE', #2819, #2275 ) ;
#423 = ORIENTED_EDGE ( 'NONE', *, *, #671, .F. ) ;
#424 = ITEM_DEFINED_TRANSFORMATION ( 'NONE', 'NONE', #2554,  #3481 ) ;
#425 = DIRECTION ( 'NONE',  ( -1.000000000000000000, -0.0000000000000000000, -0.0000000000000000000 ) ) ;
#426 = VERTEX_POINT ( 'NONE', #7593 ) ;
#427 = ADVANCED_FACE ( 'NONE', ( #154 ), #19, .F. ) ;
#428 =( GEOMETRIC_REPRESENTATION_CONTEXT ( 3 ) GLOBAL_UNCERTAINTY_ASSIGNED_CONTEXT ( ( #8648 ) ) GLOBAL_UNIT_ASSIGNED_CONTEXT ( ( #867, #7579, #4552 ) ) REPRESENTATION_CONTEXT ( 'NONE', 'WORKASPACE' ) );
#429 = MANIFOLD_SOLID_BREP ( 'CirPattern1', #6347 ) ;
#430 = DIRECTION ( 'NONE',  ( -1.000000000000000000, -0.0000000000000000000, -0.0000000000000000000 ) ) ;
#431 = ORIENTED_EDGE ( 'NONE', *, *, #8432, .F. ) ;
#432 = EDGE_LOOP ( 'NONE', ( #692, #1067, #1101, #7199 ) ) ;
#433 = CARTESIAN_POINT ( 'NONE',  ( 12.00000000000000000, 1.828133820953756300, -0.7500000000000006700 ) ) ;
#434 = CARTESIAN_POINT ( 'NONE',  ( 7.347880794884118800E-016, -6.000000000000000000, 4.799999999999998900 ) ) ;
#435 = ORIENTED_EDGE ( 'NONE', *, *, #8747, .F. ) ;
#436 = PLANE ( 'NONE',  #4498 ) ;
#437 =( NAMED_UNIT ( * ) SI_UNIT ( $, .STERADIAN. ) SOLID_ANGLE_UNIT ( ) );
#438 = ORIENTED_EDGE ( 'NONE', *, *, #1167, .F. ) ;
#439 =( GEOMETRIC_REPRESENTATION_CONTEXT ( 3 ) GLOBAL_UNCERTAINTY_ASSIGNED_CONTEXT ( ( #8838 ) ) GLOBAL_UNIT_ASSIGNED_CONTEXT ( ( #2621, #4494, #1236 ) ) REPRESENTATION_CONTEXT ( 'NONE', 'WORKASPACE' ) );
#440 = DIRECTION ( 'NONE',  ( -1.000000000000000000, 0.0000000000000000000, 0.0000000000000000000 ) ) ;
#441 = EDGE_CURVE ( 'NONE', #6265, #3381, #7648, .T. ) ;
#442 = DIRECTION ( 'NONE',  ( -1.000000000000000000, -0.0000000000000000000, -0.0000000000000000000 ) ) ;
#443 = AXIS2_PLACEMENT_3D ( 'NONE', #7136, #4247, #3224 ) ;
#444 = FACE_OUTER_BOUND ( 'NONE', #1455, .T. ) ;
#445 = PLANE ( 'NONE',  #3458 ) ;
#446 = DIRECTION ( 'NONE',  ( -1.219727444046192700E-016, 1.000000000000000000, -0.0000000000000000000 ) ) ;
#447 = CIRCLE ( 'NONE', #7722, 17.75000000000000400 ) ;
#448 =( NAMED_UNIT ( * ) SI_UNIT ( $, .STERADIAN. ) SOLID_ANGLE_UNIT ( ) );
#449 = ADVANCED_FACE ( 'NONE', ( #744 ), #2952, .F. ) ;
#450 = CARTESIAN_POINT ( 'NONE',  ( 17.00000000000000000, 2.328133820953756800, -2.250000000000000400 ) ) ;
#451 = COLOUR_RGB ( '',0.6941176470588235100, 0.09803921568627450800, 0.09803921568627450800 ) ;
#452 = PRESENTATION_LAYER_ASSIGNMENT (  '', '', ( #3587 ) ) ;
#453 = CARTESIAN_POINT ( 'NONE',  ( 17.00000000000000000, 2.328133820953756800, -3.750000000000000000 ) ) ;
#454 = PLANE ( 'NONE',  #7920 ) ;
#455 = LINE ( 'NONE', #5705, #8223 ) ;
#456 = CIRCLE ( 'NONE', #114, 1.600000000000004100 ) ;
#457 = STYLED_ITEM ( 'NONE', ( #1388 ), #8627 ) ;
#458 = SURFACE_SIDE_STYLE ('',( #5995 ) ) ;
#459 = DIRECTION ( 'NONE',  ( -1.219727444046192700E-016, 1.000000000000000000, -0.0000000000000000000 ) ) ;
#460 = FILL_AREA_STYLE_COLOUR ( '', #6289 ) ;
#461 = CIRCLE ( 'NONE', #6905, 1.650000000000003900 ) ;
#462 = VECTOR ( 'NONE', #446, 1000.000000000000000 ) ;
#463 = DIRECTION ( 'NONE',  ( 0.0000000000000000000, -1.000000000000000000, 0.0000000000000000000 ) ) ;
#464 = DIRECTION ( 'NONE',  ( 0.0000000000000000000, 0.0000000000000000000, 1.000000000000000000 ) ) ;
#465 = VERTEX_POINT ( 'NONE', #5561 ) ;
#466 = CARTESIAN_POINT ( 'NONE',  ( -6.600000000000000500, 7.000000000000000000, 2.000000000000001800 ) ) ;
#467 = ADVANCED_FACE ( 'NONE', ( #1732 ), #1303, .F. ) ;
#468 = DIRECTION ( 'NONE',  ( -1.000000000000000000, -0.0000000000000000000, -0.0000000000000000000 ) ) ;
#469 = CARTESIAN_POINT ( 'NONE',  ( 8.227241335952197000, 4.749999999999955600, 8.673617379884035500E-016 ) ) ;
#470 = SHAPE_REPRESENTATION ( 'Motor axis', ( #3481 ), #8678 ) ;
#471 = SURFACE_STYLE_USAGE ( .BOTH. , #4712 ) ;
#472 = ORIENTED_EDGE ( 'NONE', *, *, #1977, .T. ) ;
#473 = CIRCLE ( 'NONE', #3322, 1.249999999999999300 ) ;
#474 = AXIS2_PLACEMENT_3D ( 'NONE', #8587, #5805, #2660 ) ;
#475 =( GEOMETRIC_REPRESENTATION_CONTEXT ( 3 ) GLOBAL_UNCERTAINTY_ASSIGNED_CONTEXT ( ( #4120 ) ) GLOBAL_UNIT_ASSIGNED_CONTEXT ( ( #336, #7045, #1462 ) ) REPRESENTATION_CONTEXT ( 'NONE', 'WORKASPACE' ) );
#476 = DIRECTION ( 'NONE',  ( 0.0000000000000000000, -1.000000000000000000, 0.0000000000000000000 ) ) ;
#477 = CIRCLE ( 'NONE', #6955, 1.599999999999997200 ) ;
#478 = DIRECTION ( 'NONE',  ( 0.0000000000000000000, 1.224646799147353200E-016, -1.000000000000000000 ) ) ;
#479 = ORIENTED_EDGE ( 'NONE', *, *, #104, .T. ) ;
#480 = FACE_OUTER_BOUND ( 'NONE', #4811, .T. ) ;
#481 = CARTESIAN_POINT ( 'NONE',  ( 15.60000000000015100, -20.80000000000000100, 39.89999999999999900 ) ) ;
#482 = CARTESIAN_POINT ( 'NONE',  ( 1.760000000000000000, -0.4599999999999999100, -0.4600000000000000200 ) ) ;
#483 = ORIENTED_EDGE ( 'NONE', *, *, #2342, .F. ) ;
#484 = EDGE_CURVE ( 'NONE', #6864, #8585, #6314, .T. ) ;
#485 = CARTESIAN_POINT ( 'NONE',  ( 0.3079608434051260300, 0.06801423876176657100, 1.726308957372963700 ) ) ;
#486 = EDGE_LOOP ( 'NONE', ( #770, #7843, #8343, #2414 ) ) ;
#487 = CARTESIAN_POINT ( 'NONE',  ( -2.798057190654502400, 1.083131656273818500, 3.029163561067975700 ) ) ;
#488 = CARTESIAN_POINT ( 'NONE',  ( -18.79999999999984800, -18.79999999999999700, 0.0000000000000000000 ) ) ;
#489 = LINE ( 'NONE', #1607, #8580 ) ;
#490 = ORIENTED_EDGE ( 'NONE', *, *, #1491, .F. ) ;
#491 = DIRECTION ( 'NONE',  ( 1.000000000000000000, -0.0000000000000000000, -0.0000000000000000000 ) ) ;
#492 = PRODUCT_DEFINITION_SHAPE ( 'NONE', 'NONE',  #8881 ) ;
#493 =( NAMED_UNIT ( * ) SI_UNIT ( $, .STERADIAN. ) SOLID_ANGLE_UNIT ( ) );
#494 = CARTESIAN_POINT ( 'NONE',  ( -2.973288958262355400, -0.4067034063949266900, 1.215182199476052800 ) ) ;
#495 = CIRCLE ( 'NONE', #2436, 1.574999999999998200 ) ;
#496 = EDGE_LOOP ( 'NONE', ( #272, #1254, #6969, #8128 ) ) ;
#497 =( LENGTH_UNIT ( ) NAMED_UNIT ( * ) SI_UNIT ( .MILLI., .METRE. ) );
#498 = ORIENTED_EDGE ( 'NONE', *, *, #942, .T. ) ;
#499 = DIRECTION ( 'NONE',  ( 1.219727444046192700E-016, -1.000000000000000000, 0.0000000000000000000 ) ) ;
#500 = FILL_AREA_STYLE_COLOUR ( '', #3076 ) ;
#501 = CARTESIAN_POINT ( 'NONE',  ( -15.50000000000000000, 0.0000000000000000000, 51.20100000000000100 ) ) ;
#502 = DIRECTION ( 'NONE',  ( -1.000000000000000000, -0.0000000000000000000, -0.0000000000000000000 ) ) ;
#503 =( GEOMETRIC_REPRESENTATION_CONTEXT ( 3 ) GLOBAL_UNCERTAINTY_ASSIGNED_CONTEXT ( ( #3252 ) ) GLOBAL_UNIT_ASSIGNED_CONTEXT ( ( #7530, #4226, #2222 ) ) REPRESENTATION_CONTEXT ( 'NONE', 'WORKASPACE' ) );
#504 = DIRECTION ( 'NONE',  ( -0.0000000000000000000, -1.000000000000000000, -0.0000000000000000000 ) ) ;
#505 = EDGE_CURVE ( 'NONE', #7418, #8224, #7094, .T. ) ;
#506 =( NAMED_UNIT ( * ) SI_UNIT ( $, .STERADIAN. ) SOLID_ANGLE_UNIT ( ) );
#507 = CARTESIAN_POINT ( 'NONE',  ( -24.00000000000000000, -1.423940491903678500E-015, -16.74999999999999600 ) ) ;
#508 = FACE_OUTER_BOUND ( 'NONE', #4907, .T. ) ;
#510 = ORIENTED_EDGE ( 'NONE', *, *, #6051, .F. ) ;
#509 = PRESENTATION_LAYER_ASSIGNMENT (  '', '', ( #2451 ) ) ;
#511 = UNCERTAINTY_MEASURE_WITH_UNIT (LENGTH_MEASURE( 1.000000000000000100E-005 ), #6061, 'distance_accuracy_value', 'NONE');
#512 = COLOUR_RGB ( '',0.7803921568627451000, 0.7607843137254901600, 0.7411764705882353300 ) ;
#513 =( NAMED_UNIT ( * ) PLANE_ANGLE_UNIT ( ) SI_UNIT ( $, .RADIAN. ) );
#514 = PRESENTATION_LAYER_ASSIGNMENT (  '', '', ( #4320 ) ) ;
#515 = AXIS2_PLACEMENT_3D ( 'NONE', #3495, #240, #957 ) ;
#516 = CARTESIAN_POINT ( 'NONE',  ( -24.00000000000000000, 9.743183742525703300E-013, 14.25000000000056700 ) ) ;
#517 = ORIENTED_EDGE ( 'NONE', *, *, #4346, .F. ) ;
#518 = DIRECTION ( 'NONE',  ( -0.0000000000000000000, 1.000000000000000000, -0.0000000000000000000 ) ) ;
#519 = CYLINDRICAL_SURFACE ( 'NONE', #2753, 8.000000000000000000 ) ;
#520 = CARTESIAN_POINT ( 'NONE',  ( -6.600000000000001400, -7.000000000000000900, 51.20100000000000100 ) ) ;
#521 = AXIS2_PLACEMENT_3D ( 'NONE', #621, #5168, #5583 ) ;
#522 = EDGE_CURVE ( 'NONE', #4729, #8702, #3110, .T. ) ;
#523 = ADVANCED_FACE ( 'NONE', ( #5002 ), #2007, .T. ) ;
#524 = ORIENTED_EDGE ( 'NONE', *, *, #6277, .T. ) ;
#525 =( NAMED_UNIT ( * ) PLANE_ANGLE_UNIT ( ) SI_UNIT ( $, .RADIAN. ) );
#526 = CIRCLE ( 'NONE', #6181, 1.649999999999997900 ) ;
#527 = VERTEX_POINT ( 'NONE', #8179 ) ;
#528 = LINE ( 'NONE', #8108, #1697 ) ;
#529 = FILL_AREA_STYLE ('',( #5359 ) ) ;
#530 = ORIENTED_EDGE ( 'NONE', *, *, #2272, .T. ) ;
#531 = CARTESIAN_POINT ( 'NONE',  ( 15.60000000000015100, -20.80000000000000100, 25.49999999999999600 ) ) ;
#532 = DIRECTION ( 'NONE',  ( -1.000000000000000000, -0.0000000000000000000, -0.0000000000000000000 ) ) ;
#533 = EDGE_CURVE ( 'NONE', #6798, #1094, #3176, .T. ) ;
#534 = EDGE_LOOP ( 'NONE', ( #1855, #5105, #1296, #4178 ) ) ;
#535 = ORIENTED_EDGE ( 'NONE', *, *, #597, .T. ) ;
#536 = ORIENTED_EDGE ( 'NONE', *, *, #4078, .F. ) ;
#537 = SURFACE_STYLE_FILL_AREA ( #6817 ) ;
#538 =( NAMED_UNIT ( * ) SI_UNIT ( $, .STERADIAN. ) SOLID_ANGLE_UNIT ( ) );
#539 = STYLED_ITEM ( 'NONE', ( #2989 ), #1924 ) ;
#540 = EDGE_CURVE ( 'NONE', #2121, #1963, #8506, .T. ) ;
#541 = ORIENTED_EDGE ( 'NONE', *, *, #7093, .F. ) ;
#542 = SURFACE_STYLE_USAGE ( .BOTH. , #4373 ) ;
#543 = CARTESIAN_POINT ( 'NONE',  ( 15.80000000000015300, -20.80000000000000100, 48.20000000000000300 ) ) ;
#544 = EDGE_LOOP ( 'NONE', ( #4546, #5832, #130, #7321 ) ) ;
#545 = VERTEX_POINT ( 'NONE', #1717 ) ;
#546 = AXIS2_PLACEMENT_3D ( 'NONE', #7937, #5047, #4888 ) ;
#547 = CARTESIAN_POINT ( 'NONE',  ( 0.03012971658237860800, 1.078133820953754800, 0.0000000000000000000 ) ) ;
#548 = CARTESIAN_POINT ( 'NONE',  ( 2.399999999999999500, 3.429011037612589300E-016, -2.800000000000000300 ) ) ;
#549 = DIRECTION ( 'NONE',  ( 0.0000000000000000000, 0.0000000000000000000, -1.000000000000000000 ) ) ;
#550 = ORIENTED_EDGE ( 'NONE', *, *, #1845, .F. ) ;
#551 = SURFACE_STYLE_USAGE ( .BOTH. , #6090 ) ;
#552 = ORIENTED_EDGE ( 'NONE', *, *, #6395, .T. ) ;
#553 = ORIENTED_EDGE ( 'NONE', *, *, #1255, .T. ) ;
#554 = DIRECTION ( 'NONE',  ( -1.000000000000000000, -0.0000000000000000000, -0.0000000000000000000 ) ) ;
#555 = CIRCLE ( 'NONE', #5445, 3.000000000000002700 ) ;
#556 = AXIS2_PLACEMENT_3D ( 'NONE', #8, #6125, #464 ) ;
#557 = CARTESIAN_POINT ( 'NONE',  ( -2.831708547879880900, -0.9978600834227998600, 7.369982695082549100 ) ) ;
#558 = ORIENTED_EDGE ( 'NONE', *, *, #8015, .T. ) ;
#559 = DIRECTION ( 'NONE',  ( 0.0000000000000000000, 0.0000000000000000000, 1.000000000000000000 ) ) ;
#560 = CARTESIAN_POINT ( 'NONE',  ( -2.727158964201195500, 1.250041593737812900, 6.435520393789375700 ) ) ;
#561 = ORIENTED_EDGE ( 'NONE', *, *, #1879, .T. ) ;
#562 = DIRECTION ( 'NONE',  ( 0.9675004150201614900, -0.2528694266529967800, 0.0000000000000000000 ) ) ;
#563 = CARTESIAN_POINT ( 'NONE',  ( -2.996512839193698600, -0.1656643325582514400, 5.358304724171596000 ) ) ;
#564 = EDGE_CURVE ( 'NONE', #3004, #6864, #4280, .T. ) ;
#565 = ORIENTED_EDGE ( 'NONE', *, *, #6942, .T. ) ;
#566 = SHAPE_DEFINITION_REPRESENTATION ( #3113, #4393 ) ;
#567 = VERTEX_POINT ( 'NONE', #5288 ) ;
#568 = CARTESIAN_POINT ( 'NONE',  ( -1.742014973993182900, -0.4218661790462451300, -13.04999999999999900 ) ) ;
#569 = CARTESIAN_POINT ( 'NONE',  ( -5.999999999999999100, 0.0000000000000000000, 5.349999999999999600 ) ) ;
#570 = DIRECTION ( 'NONE',  ( -1.000000000000000000, -1.219727444046192700E-016, -0.0000000000000000000 ) ) ;
#571 = EDGE_LOOP ( 'NONE', ( #1758, #997, #8365, #7783 ) ) ;
#572 = ORIENTED_EDGE ( 'NONE', *, *, #1478, .T. ) ;
#573 = B_SPLINE_CURVE_WITH_KNOTS ( 'NONE', 3,
 ( #5833, #4274, #1710, #2831 ),
 .UNSPECIFIED., .F., .F.,
 ( 4, 4 ),
 ( 0.0007831570420454625300, 0.001020245728294656300 ),
 .UNSPECIFIED. ) ;
#574 = LINE ( 'NONE', #7728, #6345 ) ;
#575 = FACE_OUTER_BOUND ( 'NONE', #4163, .T. ) ;
#576 = DIRECTION ( 'NONE',  ( -1.219727444046192700E-016, 1.000000000000000000, 0.0000000000000000000 ) ) ;
#577 = DIRECTION ( 'NONE',  ( 0.0000000000000000000, 1.000000000000000000, 1.149055390210327300E-016 ) ) ;
#578 = AXIS2_PLACEMENT_3D ( 'NONE', #1077, #81, #5052 ) ;
#579 = ADVANCED_FACE ( 'NONE', ( #3698 ), #1866, .F. ) ;
#580 = CARTESIAN_POINT ( 'NONE',  ( 30.00000000000000000, 1.250000000000002000, -12.05000000000000100 ) ) ;
#581 = DIRECTION ( 'NONE',  ( 1.000000000000000000, 7.703719777548944800E-033, 0.0000000000000000000 ) ) ;
#582 = EDGE_CURVE ( 'NONE', #632, #7255, #2905, .T. ) ;
#583 = AXIS2_PLACEMENT_3D ( 'NONE', #2008, #1022, #874 ) ;
#584 = ORIENTED_EDGE ( 'NONE', *, *, #2257, .T. ) ;
#585 = LINE ( 'NONE', #6726, #2248 ) ;
#586 = VECTOR ( 'NONE', #3927, 1000.000000000000000 ) ;
#587 = CARTESIAN_POINT ( 'NONE',  ( -24.00000000000000000, -7.987769275717525400, 8.659297907259988500 ) ) ;
#588 = FACE_OUTER_BOUND ( 'NONE', #8247, .T. ) ;
#589 = FILL_AREA_STYLE_COLOUR ( '', #6985 ) ;
#590 = DIRECTION ( 'NONE',  ( 1.000000000000000000, 1.219727444046192700E-016, 0.0000000000000000000 ) ) ;
#591 = FACE_OUTER_BOUND ( 'NONE', #7835, .T. ) ;
#592 = LINE ( 'NONE', #1714, #8225 ) ;
#593 = DIRECTION ( 'NONE',  ( 1.836261660062137100E-015, 1.000000000000000000, 7.266555438632111800E-016 ) ) ;
#594 = DIRECTION ( 'NONE',  ( 0.0000000000000000000, 0.0000000000000000000, 1.000000000000000000 ) ) ;
#595 = PLANE ( 'NONE',  #7095 ) ;
#596 = DIRECTION ( 'NONE',  ( 1.000000000000000000, 1.219727444046192700E-016, 0.0000000000000000000 ) ) ;
#597 = EDGE_CURVE ( 'NONE', #7418, #1191, #2425, .T. ) ;
#598 = FACE_OUTER_BOUND ( 'NONE', #2896, .T. ) ;
#599 = DIRECTION ( 'NONE',  ( 0.0000000000000000000, 0.0000000000000000000, -1.000000000000000000 ) ) ;
#600 =( NAMED_UNIT ( * ) PLANE_ANGLE_UNIT ( ) SI_UNIT ( $, .RADIAN. ) );
#601 = ORIENTED_EDGE ( 'NONE', *, *, #2612, .F. ) ;
#602 = AXIS2_PLACEMENT_3D ( 'NONE', #3926, #5490, #6948 ) ;
#603 = DIRECTION ( 'NONE',  ( 0.0000000000000000000, 0.0000000000000000000, -1.000000000000000000 ) ) ;
#604 = CARTESIAN_POINT ( 'NONE',  ( -24.00000000000000000, -7.000000000000003600, -9.685169074414748300 ) ) ;
#605 =( LENGTH_UNIT ( ) NAMED_UNIT ( * ) SI_UNIT ( .MILLI., .METRE. ) );
#606 = PRESENTATION_LAYER_ASSIGNMENT (  '', '', ( #7216 ) ) ;
#607 = DIRECTION ( 'NONE',  ( 1.000000000000000000, 1.807003620809161800E-016, 0.0000000000000000000 ) ) ;
#608 = LINE ( 'NONE', #758, #6202 ) ;
#609 = EDGE_CURVE ( 'NONE', #3685, #647, #3478, .T. ) ;
#610 = ORIENTED_EDGE ( 'NONE', *, *, #1412, .T. ) ;
#611 = PRESENTATION_LAYER_ASSIGNMENT (  '', '', ( #7612 ) ) ;
#612 =( LENGTH_UNIT ( ) NAMED_UNIT ( * ) SI_UNIT ( .MILLI., .METRE. ) );
#613 = DIRECTION ( 'NONE',  ( -0.0000000000000000000, -1.149055390210327300E-016, 1.000000000000000000 ) ) ;
#614 = CARTESIAN_POINT ( 'NONE',  ( 30.00000000000000000, 1.250000000000002000, 13.04999999999999900 ) ) ;
#615 = AXIS2_PLACEMENT_3D ( 'NONE', #6324, #7063, #6624 ) ;
#616 = ORIENTED_EDGE ( 'NONE', *, *, #8106, .F. ) ;
#617 = STYLED_ITEM ( 'NONE', ( #2151 ), #4134 ) ;
#618 = AXIS2_PLACEMENT_3D ( 'NONE', #4383, #4790, #549 ) ;
#619 = SURFACE_STYLE_FILL_AREA ( #3443 ) ;
#620 = DIRECTION ( 'NONE',  ( -1.000000000000000000, -0.0000000000000000000, -0.0000000000000000000 ) ) ;
#621 = CARTESIAN_POINT ( 'NONE',  ( 0.0000000000000000000, 5.000000000000000000, 0.0000000000000000000 ) ) ;
#622 = VERTEX_POINT ( 'NONE', #4567 ) ;
#623 = EDGE_CURVE ( 'NONE', #7621, #2253, #4558, .T. ) ;
#624 = UNCERTAINTY_MEASURE_WITH_UNIT (LENGTH_MEASURE( 1.000000000000000100E-005 ), #7176, 'distance_accuracy_value', 'NONE');
#625 = CARTESIAN_POINT ( 'NONE',  ( 8.227241335952197000, 6.324999999999952200, 4.799999999999999800 ) ) ;
#626 = CARTESIAN_POINT ( 'NONE',  ( 15.60000000000015100, 18.80100000000015100, 27.09999999999999800 ) ) ;
#627 = CARTESIAN_POINT ( 'NONE',  ( 1.592040838891559300E-015, -13.00000000000000200, -1.493772007273425800E-015 ) ) ;
#628 = CARTESIAN_POINT ( 'NONE',  ( -12.94305295687463600, 1.217085727786583000, 2.071802999276748400 ) ) ;
#629 = CARTESIAN_POINT ( 'NONE',  ( 17.00000000000000000, 2.828133820953756800, -2.250000000000000400 ) ) ;
#630 = ADVANCED_FACE ( 'NONE', ( #1436 ), #750, .F. ) ;
#631 = EDGE_CURVE ( 'NONE', #5465, #7979, #8183, .T. ) ;
#632 = VERTEX_POINT ( 'NONE', #4705 ) ;
#633 = CIRCLE ( 'NONE', #5351, 1.000000000000007800 ) ;
#634 = PRESENTATION_STYLE_ASSIGNMENT (( #1763 ) ) ;
#635 = FACE_BOUND ( 'NONE', #6863, .T. ) ;
#636 = VECTOR ( 'NONE', #5146, 1000.000000000000000 ) ;
#637 = ORIENTED_EDGE ( 'NONE', *, *, #6277, .F. ) ;
#638 = CYLINDRICAL_SURFACE ( 'NONE', #7798, 1.574999999999997500 ) ;
#639 = CARTESIAN_POINT ( 'NONE',  ( 6.399999999999995900, 0.0000000000000000000, 0.0000000000000000000 ) ) ;
#640 = ORIENTED_EDGE ( 'NONE', *, *, #4789, .T. ) ;
#641 = ADVANCED_FACE ( 'NONE', ( #8325, #1580, #6877, #1738 ), #1174, .F. ) ;
#642 = ADVANCED_FACE ( 'NONE', ( #2298 ), #2983, .T. ) ;
#643 = FACE_OUTER_BOUND ( 'NONE', #665, .T. ) ;
#644 =( GEOMETRIC_REPRESENTATION_CONTEXT ( 3 ) GLOBAL_UNCERTAINTY_ASSIGNED_CONTEXT ( ( #2084 ) ) GLOBAL_UNIT_ASSIGNED_CONTEXT ( ( #4004, #1439, #743 ) ) REPRESENTATION_CONTEXT ( 'NONE', 'WORKASPACE' ) );
#645 = FACE_OUTER_BOUND ( 'NONE', #2939, .T. ) ;
#646 = CIRCLE ( 'NONE', #6587, 3.000000000000000000 ) ;
#647 = VERTEX_POINT ( 'NONE', #3439 ) ;
#648 = CARTESIAN_POINT ( 'NONE',  ( -13.00000000000000200, 1.530808409109832400E-016, 3.649999999999998600 ) ) ;
#649 = AXIS2_PLACEMENT_3D ( 'NONE', #3349, #3770, #5497 ) ;
#650 = ORIENTED_EDGE ( 'NONE', *, *, #8863, .T. ) ;
#651 = CIRCLE ( 'NONE', #3000, 1.574999999999997500 ) ;
#652 = CARTESIAN_POINT ( 'NONE',  ( 17.00000000000000000, 2.328133820953756800, 3.750000000000000000 ) ) ;
#653 = CYLINDRICAL_SURFACE ( 'NONE', #5801, 1.650000000000003000 ) ;
#654 = ORIENTED_EDGE ( 'NONE', *, *, #2212, .T. ) ;
#655 = EDGE_CURVE ( 'NONE', #7369, #3636, #1039, .T. ) ;
#656 = EDGE_LOOP ( 'NONE', ( #3931, #8703 ) ) ;
#657 = LINE ( 'NONE', #8385, #27 ) ;
#658 = EDGE_CURVE ( 'NONE', #6600, #6450, #5572, .T. ) ;
#659 =( GEOMETRIC_REPRESENTATION_CONTEXT ( 3 ) GLOBAL_UNCERTAINTY_ASSIGNED_CONTEXT ( ( #7226 ) ) GLOBAL_UNIT_ASSIGNED_CONTEXT ( ( #5209, #6646, #1486 ) ) REPRESENTATION_CONTEXT ( 'NONE', 'WORKASPACE' ) );
#660 = CARTESIAN_POINT ( 'NONE',  ( 0.8861523977870063900, 2.338087061785999900E-012, 2.758814999003500500 ) ) ;
#661 = SURFACE_STYLE_USAGE ( .BOTH. , #3622 ) ;
#662 = DIRECTION ( 'NONE',  ( -0.0000000000000000000, 0.0000000000000000000, 1.000000000000000000 ) ) ;
#663 = MECHANICAL_DESIGN_GEOMETRIC_PRESENTATION_REPRESENTATION (  '', ( #7663 ), #6452 ) ;
#664 = COLOUR_RGB ( '',0.6509803921568627600, 0.6196078431372549200, 0.5882352941176470800 ) ;
#665 = EDGE_LOOP ( 'NONE', ( #784, #7258, #3639, #252 ) ) ;
#666 = CARTESIAN_POINT ( 'NONE',  ( -12.95424839220117600, -1.091525166205855800, 3.030786458270144000 ) ) ;
#667 = CIRCLE ( 'NONE', #4734, 1.600000000000004100 ) ;
#668 = ORIENTED_EDGE ( 'NONE', *, *, #6305, .T. ) ;
#669 = DIRECTION ( 'NONE',  ( -1.000000000000000000, 0.0000000000000000000, 0.0000000000000000000 ) ) ;
#670 = STYLED_ITEM ( 'NONE', ( #3442 ), #2901 ) ;
#671 = EDGE_CURVE ( 'NONE', #7108, #7899, #2489, .T. ) ;
#672 = EDGE_CURVE ( 'NONE', #5309, #673, #1425, .T. ) ;
#673 = VERTEX_POINT ( 'NONE', #3285 ) ;
#674 = EDGE_CURVE ( 'NONE', #2615, #6232, #5660, .T. ) ;
#675 = DIRECTION ( 'NONE',  ( -1.000000000000000000, 0.0000000000000000000, 0.0000000000000000000 ) ) ;
#676 = ORIENTED_EDGE ( 'NONE', *, *, #4262, .T. ) ;
#677 = CARTESIAN_POINT ( 'NONE',  ( 12.00000000000000000, 2.328133820953756300, -2.250000000000000400 ) ) ;
#678 = CARTESIAN_POINT ( 'NONE',  ( 17.00000000000000000, 2.328133820953756800, 0.7499999999999997800 ) ) ;
#679 = ORIENTED_EDGE ( 'NONE', *, *, #5543, .F. ) ;
#680 = SURFACE_SIDE_STYLE ('',( #2919 ) ) ;
#681 =( LENGTH_UNIT ( ) NAMED_UNIT ( * ) SI_UNIT ( .MILLI., .METRE. ) );
#682 = VERTEX_POINT ( 'NONE', #8640 ) ;
#683 = EDGE_LOOP ( 'NONE', ( #2259, #7761 ) ) ;
#684 = PRESENTATION_LAYER_ASSIGNMENT (  '', '', ( #7193 ) ) ;
#685 = VECTOR ( 'NONE', #2997, 1000.000000000000000 ) ;
#686 = AXIS2_PLACEMENT_3D ( 'NONE', #4493, #662, #1793 ) ;
#687 = FACE_OUTER_BOUND ( 'NONE', #4897, .T. ) ;
#688 =( NAMED_UNIT ( * ) PLANE_ANGLE_UNIT ( ) SI_UNIT ( $, .RADIAN. ) );
#689 = ORIENTED_EDGE ( 'NONE', *, *, #8272, .T. ) ;
#690 =( NAMED_UNIT ( * ) SI_UNIT ( $, .STERADIAN. ) SOLID_ANGLE_UNIT ( ) );
#691 = ORIENTED_EDGE ( 'NONE', *, *, #4328, .T. ) ;
#692 = ORIENTED_EDGE ( 'NONE', *, *, #8529, .T. ) ;
#693 = EDGE_CURVE ( 'NONE', #4294, #4483, #8143, .T. ) ;
#694 = LINE ( 'NONE', #8854, #4371 ) ;
#695 = DIRECTION ( 'NONE',  ( 0.0000000000000000000, 0.0000000000000000000, 1.000000000000000000 ) ) ;
#696 =( NAMED_UNIT ( * ) SI_UNIT ( $, .STERADIAN. ) SOLID_ANGLE_UNIT ( ) );
#697 = ORIENTED_EDGE ( 'NONE', *, *, #306, .T. ) ;
#698 = CARTESIAN_POINT ( 'NONE',  ( 6.100000000000060000, -13.42339375865876500, 2.000000000000001800 ) ) ;
#699 = VERTEX_POINT ( 'NONE', #2384 ) ;
#700 = DIRECTION ( 'NONE',  ( 0.0000000000000000000, 0.0000000000000000000, 1.000000000000000000 ) ) ;
#701 = ORIENTED_EDGE ( 'NONE', *, *, #7086, .T. ) ;
#702 = APPLICATION_PROTOCOL_DEFINITION ( 'draft international standard', 'automotive_design', 1998, #6567 ) ;
#703 = CARTESIAN_POINT ( 'NONE',  ( -3.000000000000000000, 0.1646041220039580500, 7.849999999999999600 ) ) ;
#704 = EDGE_LOOP ( 'NONE', ( #5790, #5092, #3900, #3507 ) ) ;
#705 = PRESENTATION_STYLE_ASSIGNMENT (( #4973 ) ) ;
#706 = CIRCLE ( 'NONE', #2265, 1.599999999999997200 ) ;
#707 = CARTESIAN_POINT ( 'NONE',  ( -8.227241335952163200, 3.175000000000009100, 6.863855140302772700E-016 ) ) ;
#708 = VECTOR ( 'NONE', #4854, 1000.000000000000000 ) ;
#709 = ORIENTED_EDGE ( 'NONE', *, *, #906, .F. ) ;
#710 = SHAPE_DEFINITION_REPRESENTATION ( #1529, #1465 ) ;
#711 = CARTESIAN_POINT ( 'NONE',  ( -15.59999999999984900, -18.79999999999999700, 6.299999999999998000 ) ) ;
#712 = ORIENTED_EDGE ( 'NONE', *, *, #3805, .F. ) ;
#713 = EDGE_CURVE ( 'NONE', #829, #1122, #5132, .T. ) ;
#714 = DIRECTION ( 'NONE',  ( 0.0000000000000000000, 0.0000000000000000000, -1.000000000000000000 ) ) ;
#715 = PRODUCT ( 'Fiz rod', 'Fiz rod', '', ( #7708 ) ) ;
#716 = DIRECTION ( 'NONE',  ( -1.387778780781444400E-014, 1.000000000000000000, 0.0000000000000000000 ) ) ;
#717 = PRESENTATION_STYLE_ASSIGNMENT (( #6986 ) ) ;
#718 =( GEOMETRIC_REPRESENTATION_CONTEXT ( 3 ) GLOBAL_UNCERTAINTY_ASSIGNED_CONTEXT ( ( #6160 ) ) GLOBAL_UNIT_ASSIGNED_CONTEXT ( ( #3960, #3654, #7123 ) ) REPRESENTATION_CONTEXT ( 'NONE', 'WORKASPACE' ) );
#719 = DIRECTION ( 'NONE',  ( 6.308085367188390000E-017, -1.000000000000000000, 0.0000000000000000000 ) ) ;
#720 = COLOUR_RGB ( '',0.7686274509803920900, 0.7686274509803920900, 0.7686274509803920900 ) ;
#721 = EDGE_LOOP ( 'NONE', ( #282, #5068 ) ) ;
#722 = ORIENTED_EDGE ( 'NONE', *, *, #3119, .F. ) ;
#723 = EDGE_CURVE ( 'NONE', #4034, #3636, #8579, .T. ) ;
#724 = DIRECTION ( 'NONE',  ( -0.0000000000000000000, -1.000000000000000000, -0.0000000000000000000 ) ) ;
#725 = CARTESIAN_POINT ( 'NONE',  ( -5.999999999999999100, 0.0000000000000000000, 5.349999999999999600 ) ) ;
#726 = AXIS2_PLACEMENT_3D ( 'NONE', #1790, #5348, #8092 ) ;
#727 = PRESENTATION_LAYER_ASSIGNMENT (  '', '', ( #6664 ) ) ;
#728 = PRESENTATION_STYLE_ASSIGNMENT (( #4819 ) ) ;
#729 = DIRECTION ( 'NONE',  ( 0.0000000000000000000, -1.000000000000000000, 0.0000000000000000000 ) ) ;
#730 = EDGE_LOOP ( 'NONE', ( #8211, #1259, #8016, #4530 ) ) ;
#731 = DIRECTION ( 'NONE',  ( 1.000000000000000000, 0.0000000000000000000, 0.0000000000000000000 ) ) ;
#732 = DIRECTION ( 'NONE',  ( 1.000000000000000000, 1.219727444046192700E-016, 0.0000000000000000000 ) ) ;
#733 = DIRECTION ( 'NONE',  ( 0.0000000000000000000, 0.0000000000000000000, 1.000000000000000000 ) ) ;
#734 = AXIS2_PLACEMENT_3D ( 'NONE', #5428, #3710, #4431 ) ;
#735 = DIRECTION ( 'NONE',  ( 0.0000000000000000000, 0.0000000000000000000, -1.000000000000000000 ) ) ;
#736 = DIRECTION ( 'NONE',  ( -1.219727444046192700E-016, 1.000000000000000000, -0.0000000000000000000 ) ) ;
#737 = CARTESIAN_POINT ( 'NONE',  ( -6.099999999999965900, -13.42339375865881700, 51.20100000000000100 ) ) ;
#738 = CYLINDRICAL_SURFACE ( 'NONE', #8245, 1.249999999999994200 ) ;
#739 = FACE_OUTER_BOUND ( 'NONE', #1085, .T. ) ;
#740 = FILL_AREA_STYLE ('',( #6282 ) ) ;
#741 = CARTESIAN_POINT ( 'NONE',  ( -5.999999999999999100, 1.530806135563399800E-016, 7.849999999999999600 ) ) ;
#742 = EDGE_CURVE ( 'NONE', #829, #8700, #3384, .T. ) ;
#743 =( NAMED_UNIT ( * ) SI_UNIT ( $, .STERADIAN. ) SOLID_ANGLE_UNIT ( ) );
#744 = FACE_OUTER_BOUND ( 'NONE', #4865, .T. ) ;
#745 = ADVANCED_FACE ( 'NONE', ( #2246 ), #4796, .F. ) ;
#746 = EDGE_CURVE ( 'NONE', #8265, #7570, #3793, .T. ) ;
#747 = DIRECTION ( 'NONE',  ( -0.5150380749100544900, 1.049727191138618400E-016, -0.8571673007021121100 ) ) ;
#748 = APPLICATION_CONTEXT ( 'automotive_design' ) ;
#749 = DIRECTION ( 'NONE',  ( 1.000000000000000000, -0.0000000000000000000, -0.0000000000000000000 ) ) ;
#750 = PLANE ( 'NONE',  #6111 ) ;
#751 = FILL_AREA_STYLE ('',( #3272 ) ) ;
#752 = VERTEX_POINT ( 'NONE', #6850 ) ;
#753 = SURFACE_STYLE_USAGE ( .BOTH. , #184 ) ;
#754 = DIRECTION ( 'NONE',  ( -1.000000000000000000, -7.703719777548944800E-033, -0.0000000000000000000 ) ) ;
#755 = VECTOR ( 'NONE', #8025, 1000.000000000000000 ) ;
#756 = CARTESIAN_POINT ( 'NONE',  ( -26.50000000000000000, -6.999999999999998200, -2.999999999999997300 ) ) ;
#757 =( LENGTH_UNIT ( ) NAMED_UNIT ( * ) SI_UNIT ( .MILLI., .METRE. ) );
#758 = CARTESIAN_POINT ( 'NONE',  ( 9.500000000000000000, 1.078133820953755700, -5.000000000000000000 ) ) ;
#759 = DIRECTION ( 'NONE',  ( -1.000000000000000000, -1.219727444046192700E-016, -0.0000000000000000000 ) ) ;
#760 = EDGE_LOOP ( 'NONE', ( #8300, #8344 ) ) ;
#761 = AXIS2_PLACEMENT_3D ( 'NONE', #3823, #3542, #1293 ) ;
#762 = EDGE_CURVE ( 'NONE', #7941, #2043, #3087, .T. ) ;
#763 = CARTESIAN_POINT ( 'NONE',  ( -25.00000000000000000, -3.469446951953614200E-015, 0.0000000000000000000 ) ) ;
#764 = LINE ( 'NONE', #8209, #1370 ) ;
#765 =( NAMED_UNIT ( * ) SI_UNIT ( $, .STERADIAN. ) SOLID_ANGLE_UNIT ( ) );
#766 = CARTESIAN_POINT ( 'NONE',  ( -17.15000000000000200, 0.0000000000000000000, 2.000000000000001800 ) ) ;
#767 = VECTOR ( 'NONE', #1641, 1000.000000000000000 ) ;
#768 = DIRECTION ( 'NONE',  ( 1.000000000000000000, 1.219727444046192700E-016, 0.0000000000000000000 ) ) ;
#769 = CARTESIAN_POINT ( 'NONE',  ( -26.50000000000000000, -6.999999999999998200, 0.0000000000000000000 ) ) ;
#770 = ORIENTED_EDGE ( 'NONE', *, *, #3947, .F. ) ;
#771 = DIRECTION ( 'NONE',  ( -0.0000000000000000000, -1.149055390210327300E-016, 1.000000000000000000 ) ) ;
#772 = ORIENTED_EDGE ( 'NONE', *, *, #6891, .T. ) ;
#773 = DIRECTION ( 'NONE',  ( 0.0000000000000000000, -1.000000000000000000, 0.0000000000000000000 ) ) ;
#774 = CARTESIAN_POINT ( 'NONE',  ( -2.985691635112557300, 0.3303861670773014500, 3.616652467050014000 ) ) ;
#775 = ADVANCED_FACE ( 'NONE', ( #3670 ), #8721, .T. ) ;
#776 = AXIS2_PLACEMENT_3D ( 'NONE', #2366, #7546, #7388 ) ;
#777 = CARTESIAN_POINT ( 'NONE',  ( 1.592040838891559300E-015, -13.00000000000000200, 6.173195309819860200 ) ) ;
#778 = FACE_BOUND ( 'NONE', #7105, .T. ) ;
#779 = EDGE_LOOP ( 'NONE', ( #3050, #6811 ) ) ;
#780 = CIRCLE ( 'NONE', #1154, 1.249999999999997600 ) ;
#781 = DIRECTION ( 'NONE',  ( -1.000000000000000000, -7.703719777548944800E-033, -0.0000000000000000000 ) ) ;
#782 = ADVANCED_FACE ( 'NONE', ( #273 ), #3392, .F. ) ;
#783 = CIRCLE ( 'NONE', #8054, 1.574999999999998200 ) ;
#784 = ORIENTED_EDGE ( 'NONE', *, *, #1185, .F. ) ;
#785 = DIRECTION ( 'NONE',  ( 1.219727444046192700E-016, -1.000000000000000000, -0.0000000000000000000 ) ) ;
#786 =( REPRESENTATION_RELATIONSHIP ('NONE','NONE', #4393, #1221 ) REPRESENTATION_RELATIONSHIP_WITH_TRANSFORMATION ( #6405 )SHAPE_REPRESENTATION_RELATIONSHIP( ) );
#787 =( GEOMETRIC_REPRESENTATION_CONTEXT ( 3 ) GLOBAL_UNCERTAINTY_ASSIGNED_CONTEXT ( ( #4859 ) ) GLOBAL_UNIT_ASSIGNED_CONTEXT ( ( #8175, #2963, #6425 ) ) REPRESENTATION_CONTEXT ( 'NONE', 'WORKASPACE' ) );
#788 = ORIENTED_EDGE ( 'NONE', *, *, #5331, .T. ) ;
#789 = VECTOR ( 'NONE', #6561, 1000.000000000000000 ) ;
#790 = VECTOR ( 'NONE', #4206, 1000.000000000000000 ) ;
#791 =( NAMED_UNIT ( * ) PLANE_ANGLE_UNIT ( ) SI_UNIT ( $, .RADIAN. ) );
#792 = DIRECTION ( 'NONE',  ( -1.000000000000000000, -0.0000000000000000000, -0.0000000000000000000 ) ) ;
#793 = FILL_AREA_STYLE ('',( #1355 ) ) ;
#794 = EDGE_CURVE ( 'NONE', #7570, #1517, #7174, .T. ) ;
#795 = ORIENTED_EDGE ( 'NONE', *, *, #5042, .F. ) ;
#796 = CARTESIAN_POINT ( 'NONE',  ( 0.0000000000000000000, -1.123233931208116200E-015, 8.400000000000000400 ) ) ;
#797 = ADVANCED_FACE ( 'NONE', ( #6984 ), #5115, .T. ) ;
#798 = EDGE_CURVE ( 'NONE', #752, #2622, #3677, .T. ) ;
#799 =( NAMED_UNIT ( * ) SI_UNIT ( $, .STERADIAN. ) SOLID_ANGLE_UNIT ( ) );
#800 = CIRCLE ( 'NONE', #4863, 3.000000000000000000 ) ;
#801 = ORIENTED_EDGE ( 'NONE', *, *, #7758, .T. ) ;
#802 = AXIS2_PLACEMENT_3D ( 'NONE', #8465, #5984, #7019 ) ;
#803 = CARTESIAN_POINT ( 'NONE',  ( -24.00000000000000000, -7.749999999999427100, 13.42339375865978600 ) ) ;
#804 = CARTESIAN_POINT ( 'NONE',  ( -5.999999999999999100, 1.530806135563399800E-016, 7.849999999999999600 ) ) ;
#805 = CARTESIAN_POINT ( 'NONE',  ( -15.59999999999984900, 18.80100000000015100, 25.50000000000000000 ) ) ;
#806 = PRODUCT_DEFINITION_CONTEXT ( 'detailed design', #7351, 'design' ) ;
#807 = DIRECTION ( 'NONE',  ( 0.0000000000000000000, 0.0000000000000000000, 1.000000000000000000 ) ) ;
#808 = ORIENTED_EDGE ( 'NONE', *, *, #7510, .T. ) ;
#809 = EDGE_CURVE ( 'NONE', #4451, #4230, #1280, .T. ) ;
#810 = CIRCLE ( 'NONE', #5804, 1.000000000000007800 ) ;
#811 = EDGE_LOOP ( 'NONE', ( #2743, #5240 ) ) ;
#812 = CARTESIAN_POINT ( 'NONE',  ( -12.96210610067944000, -0.9985801026594577400, 3.169344864218434300 ) ) ;
#813 = VERTEX_POINT ( 'NONE', #4401 ) ;
#814 = ORIENTED_EDGE ( 'NONE', *, *, #7361, .F. ) ;
#815 = DIRECTION ( 'NONE',  ( -0.0000000000000000000, 1.000000000000000000, -0.0000000000000000000 ) ) ;
#816 = VECTOR ( 'NONE', #3134, 1000.000000000000000 ) ;
#817 = MECHANICAL_DESIGN_GEOMETRIC_PRESENTATION_REPRESENTATION (  '', ( #1051 ), #3694 ) ;
#818 = ORIENTED_EDGE ( 'NONE', *, *, #8311, .F. ) ;
#819 = ORIENTED_EDGE ( 'NONE', *, *, #3835, .T. ) ;
#820 = ORIENTED_EDGE ( 'NONE', *, *, #4602, .T. ) ;
#821 = DIRECTION ( 'NONE',  ( 0.0000000000000000000, 0.0000000000000000000, 1.000000000000000000 ) ) ;
#822 = PRESENTATION_LAYER_ASSIGNMENT (  '', '', ( #2176 ) ) ;
#823 = DIRECTION ( 'NONE',  ( -1.000000000000000000, -0.0000000000000000000, -0.0000000000000000000 ) ) ;
#824 = AXIS2_PLACEMENT_3D ( 'NONE', #6101, #4119, #1273 ) ;
#825 = VERTEX_POINT ( 'NONE', #6109 ) ;
#826 = CARTESIAN_POINT ( 'NONE',  ( -25.00000000000000000, 13.42339375865977000, 9.000000000000556000 ) ) ;
#827 = AXIS2_PLACEMENT_3D ( 'NONE', #5390, #418, #6542 ) ;
#828 = CARTESIAN_POINT ( 'NONE',  ( -25.00000000000000000, 13.42339375865879700, -7.750000000000000000 ) ) ;
#829 = VERTEX_POINT ( 'NONE', #5401 ) ;
#830 = SURFACE_STYLE_FILL_AREA ( #6971 ) ;
#831 =( NAMED_UNIT ( * ) SI_UNIT ( $, .STERADIAN. ) SOLID_ANGLE_UNIT ( ) );
#832 = FACE_OUTER_BOUND ( 'NONE', #779, .T. ) ;
#833 = AXIS2_PLACEMENT_3D ( 'NONE', #6884, #7611, #7182 ) ;
#834 = CARTESIAN_POINT ( 'NONE',  ( -25.00000000000000000, -7.987769275717528900, -8.659297907259983200 ) ) ;
#835 = EDGE_CURVE ( 'NONE', #2592, #4034, #3236, .T. ) ;
#836 =( NAMED_UNIT ( * ) SI_UNIT ( $, .STERADIAN. ) SOLID_ANGLE_UNIT ( ) );
#837 = ORIENTED_EDGE ( 'NONE', *, *, #8646, .F. ) ;
#838 = CARTESIAN_POINT ( 'NONE',  ( 8.905683964081104500, -4.760212805587796600, 0.7748793577775359200 ) ) ;
#839 = CARTESIAN_POINT ( 'NONE',  ( 18.80000000000015300, -18.79999999999999700, 48.20000000000000300 ) ) ;
#840 = ORIENTED_EDGE ( 'NONE', *, *, #5894, .T. ) ;
#841 = ORIENTED_EDGE ( 'NONE', *, *, #8063, .F. ) ;
#842 = CARTESIAN_POINT ( 'NONE',  ( 15.60000000000015100, -18.79999999999999700, 35.10000000000000900 ) ) ;
#843 = VERTEX_POINT ( 'NONE', #3309 ) ;
#844 = APPLICATION_PROTOCOL_DEFINITION ( 'draft international standard', 'automotive_design', 1998, #5219 ) ;
#845 = CARTESIAN_POINT ( 'NONE',  ( -15.59999999999984900, -18.79999999999999700, 38.29999999999999700 ) ) ;
#846 = FACE_OUTER_BOUND ( 'NONE', #8556, .T. ) ;
#847 = ORIENTED_EDGE ( 'NONE', *, *, #6518, .T. ) ;
#848 = CARTESIAN_POINT ( 'NONE',  ( 2.539714034446300100, 5.003359583517469200E-016, -1.634001245046986100 ) ) ;
#849 = CIRCLE ( 'NONE', #8133, 1.249999999999988900 ) ;
#850 = EDGE_CURVE ( 'NONE', #4771, #3529, #6108, .T. ) ;
#851 = ORIENTED_EDGE ( 'NONE', *, *, #3213, .F. ) ;
#852 = ITEM_DEFINED_TRANSFORMATION ( 'NONE', 'NONE', #3070,  #3481 ) ;
#853 = VERTEX_POINT ( 'NONE', #7929 ) ;
#854 = DIRECTION ( 'NONE',  ( 0.0000000000000000000, -1.000000000000000000, 0.0000000000000000000 ) ) ;
#855 = DIRECTION ( 'NONE',  ( 0.0000000000000000000, 0.0000000000000000000, 1.000000000000000000 ) ) ;
#856 = DIRECTION ( 'NONE',  ( 0.0000000000000000000, -1.000000000000000000, 0.0000000000000000000 ) ) ;
#857 = EDGE_CURVE ( 'NONE', #8779, #2220, #1204, .T. ) ;
#858 = CARTESIAN_POINT ( 'NONE',  ( -9.434954756987027400E-014, -7.924999999999999800, 4.799999999999999800 ) ) ;
#859 = ORIENTED_EDGE ( 'NONE', *, *, #835, .F. ) ;
#860 = ORIENTED_EDGE ( 'NONE', *, *, #8646, .T. ) ;
#861 = DIRECTION ( 'NONE',  ( -1.000000000000000000, -7.703719777548944800E-033, -0.0000000000000000000 ) ) ;
#862 = CIRCLE ( 'NONE', #5585, 11.94999999999999600 ) ;
#863 = DIRECTION ( 'NONE',  ( 6.308085367188390000E-017, -1.000000000000000000, 0.0000000000000000000 ) ) ;
#864 = DIRECTION ( 'NONE',  ( -1.000000000000000000, -0.0000000000000000000, -0.0000000000000000000 ) ) ;
#865 = CARTESIAN_POINT ( 'NONE',  ( -15.59999999999984900, -18.79999999999999700, 9.499999999999996400 ) ) ;
#866 = EDGE_LOOP ( 'NONE', ( #5780, #67, #3211, #6073 ) ) ;
#867 =( LENGTH_UNIT ( ) NAMED_UNIT ( * ) SI_UNIT ( .MILLI., .METRE. ) );
#868 = ORIENTED_EDGE ( 'NONE', *, *, #7289, .F. ) ;
#869 = CARTESIAN_POINT ( 'NONE',  ( -25.00000000000000000, -1.423940491903679100E-015, -16.74999999999999300 ) ) ;
#870 =( NAMED_UNIT ( * ) SI_UNIT ( $, .STERADIAN. ) SOLID_ANGLE_UNIT ( ) );
#871 = DIRECTION ( 'NONE',  ( -1.000000000000000000, -0.0000000000000000000, -0.0000000000000000000 ) ) ;
#872 = CARTESIAN_POINT ( 'NONE',  ( 15.60000000000015100, -18.79999999999999700, 7.899999999999997700 ) ) ;
#873 = EDGE_CURVE ( 'NONE', #4080, #7328, #4779, .T. ) ;
#874 = DIRECTION ( 'NONE',  ( 0.0000000000000000000, 0.0000000000000000000, 1.000000000000000000 ) ) ;
#875 = DIRECTION ( 'NONE',  ( -1.219727444046192700E-016, 1.000000000000000000, -0.0000000000000000000 ) ) ;
#876 = AXIS2_PLACEMENT_3D ( 'NONE', #3427, #749, #2149 ) ;
#877 = CARTESIAN_POINT ( 'NONE',  ( 15.60000000000015100, 18.80100000000015100, 7.899999999999997700 ) ) ;
#878 = CARTESIAN_POINT ( 'NONE',  ( -23.24892422621555000, -7.749999999999427100, 13.42339375865978600 ) ) ;
#879 = FACE_OUTER_BOUND ( 'NONE', #216, .T. ) ;
#880 = TOROIDAL_SURFACE ( 'NONE', #6158, 2.440000000000000400, 0.3600000000000002100 ) ;
#881 = CARTESIAN_POINT ( 'NONE',  ( -25.00000000000000000, 13.42339375865977000, 7.750000000000561300 ) ) ;
#882 = CARTESIAN_POINT ( 'NONE',  ( 0.0000000000000000000, -8.673617379884035500E-016, 6.173195309819862000 ) ) ;
#883 = B_SPLINE_CURVE_WITH_KNOTS ( 'NONE', 3,
 ( #569, #5539, #3533, #6550, #7858, #1553, #139, #8594, #4671, #5823, #6995, #3094, #8157, #4261, #1558, #2949, #1846, #3403, #288, #4677 ),
 .UNSPECIFIED., .F., .F.,
 ( 4, 2, 2, 2, 2, 2, 2, 2, 2, 4 ),
 ( 0.0000000000000000000, 0.0004898527925187315600, 0.0009797055850374631200, 0.001469558377556194600, 0.001959411170074926200, 0.002204337566334292200, 0.002449263962593657700, 0.002939116755112391300, 0.003428969547631124900, 0.003918822340149860300 ),
 .UNSPECIFIED. ) ;
#884 = DIRECTION ( 'NONE',  ( 0.0000000000000000000, 1.000000000000000000, 0.0000000000000000000 ) ) ;
#885 = VECTOR ( 'NONE', #7859, 1000.000000000000000 ) ;
#886 =( NAMED_UNIT ( * ) SI_UNIT ( $, .STERADIAN. ) SOLID_ANGLE_UNIT ( ) );
#887 = DIRECTION ( 'NONE',  ( -1.219727444046192700E-016, 1.000000000000000000, -0.0000000000000000000 ) ) ;
#888 = AXIS2_PLACEMENT_3D ( 'NONE', #6275, #4140, #2142 ) ;
#889 = DIRECTION ( 'NONE',  ( -1.000000000000000000, -1.734723475976807100E-016, 0.0000000000000000000 ) ) ;
#890 =( GEOMETRIC_REPRESENTATION_CONTEXT ( 3 ) GLOBAL_UNCERTAINTY_ASSIGNED_CONTEXT ( ( #3583 ) ) GLOBAL_UNIT_ASSIGNED_CONTEXT ( ( #3948, #688, #260 ) ) REPRESENTATION_CONTEXT ( 'NONE', 'WORKASPACE' ) );
#891 = DIRECTION ( 'NONE',  ( -1.000000000000000000, 0.0000000000000000000, 0.0000000000000000000 ) ) ;
#892 = VERTEX_POINT ( 'NONE', #4883 ) ;
#893 = CARTESIAN_POINT ( 'NONE',  ( -24.00000000000000000, 13.42339375865977000, 6.500000000000561300 ) ) ;
#894 =( GEOMETRIC_REPRESENTATION_CONTEXT ( 3 ) GLOBAL_UNCERTAINTY_ASSIGNED_CONTEXT ( ( #7484 ) ) GLOBAL_UNIT_ASSIGNED_CONTEXT ( ( #5609, #4476, #506 ) ) REPRESENTATION_CONTEXT ( 'NONE', 'WORKASPACE' ) );
#895 = EDGE_CURVE ( 'NONE', #6327, #133, #7622, .T. ) ;
#896 =( NAMED_UNIT ( * ) SI_UNIT ( $, .STERADIAN. ) SOLID_ANGLE_UNIT ( ) );
#897 = ORIENTED_EDGE ( 'NONE', *, *, #1968, .F. ) ;
#898 = CARTESIAN_POINT ( 'NONE',  ( 2.968318096247142700E-014, 11.07499999999999900, 1.915699699934933200E-015 ) ) ;
#899 = DIRECTION ( 'NONE',  ( 0.0000000000000000000, 1.000000000000000000, 1.149055390210327300E-016 ) ) ;
#900 = CARTESIAN_POINT ( 'NONE',  ( 15.60000000000015100, 18.80100000000015100, 14.30000000000000100 ) ) ;
#901 = ADVANCED_FACE ( 'NONE', ( #6491 ), #1910, .F. ) ;
#902 = VECTOR ( 'NONE', #8660, 1000.000000000000000 ) ;
#903 = EDGE_LOOP ( 'NONE', ( #7073, #3468, #6528, #961 ) ) ;
#904 = PLANE ( 'NONE',  #3025 ) ;
#905 = FACE_BOUND ( 'NONE', #4212, .T. ) ;
#906 = EDGE_CURVE ( 'NONE', #6219, #6349, #3476, .T. ) ;
#907 = CIRCLE ( 'NONE', #6584, 1.574999999999998200 ) ;
#908 = DIRECTION ( 'NONE',  ( -1.000000000000000000, -1.734723475976807100E-016, 0.0000000000000000000 ) ) ;
#909 = DIRECTION ( 'NONE',  ( -1.000000000000000000, -0.0000000000000000000, -0.0000000000000000000 ) ) ;
#910 = CARTESIAN_POINT ( 'NONE',  ( 12.00000000000000000, 2.328133820953756300, 3.750000000000000000 ) ) ;
#911 = DIRECTION ( 'NONE',  ( 0.0000000000000000000, -0.0000000000000000000, 1.000000000000000000 ) ) ;
#912 = ADVANCED_FACE ( 'NONE', ( #4049, #4469, #4742, #5603, #2879, #5043 ), #7499, .F. ) ;
#913 = VERTEX_POINT ( 'NONE', #5473 ) ;
#914 = CARTESIAN_POINT ( 'NONE',  ( -8.227241335952159700, -3.175000000000014000, 1.809762239581263100E-016 ) ) ;
#915 = PRODUCT_DEFINITION_SHAPE ( 'NONE', 'NONE',  #5605 ) ;
#916 = VECTOR ( 'NONE', #7050, 1000.000000000000000 ) ;
#917 = CYLINDRICAL_SURFACE ( 'NONE', #2172, 1.574999999999998200 ) ;
#918 = ORIENTED_EDGE ( 'NONE', *, *, #2587, .T. ) ;
#919 = VECTOR ( 'NONE', #8027, 1000.000000000000000 ) ;
#920 = CARTESIAN_POINT ( 'NONE',  ( 15.50000000000000000, 1.082359215041371300E-013, 0.0000000000000000000 ) ) ;
#921 = SURFACE_SIDE_STYLE ('',( #2468 ) ) ;
#922 = DIRECTION ( 'NONE',  ( 0.0000000000000000000, 1.000000000000000000, 0.0000000000000000000 ) ) ;
#923 = AXIS2_PLACEMENT_3D ( 'NONE', #5849, #6284, #8620 ) ;
#924 = ORIENTED_EDGE ( 'NONE', *, *, #4190, .T. ) ;
#925 = EDGE_CURVE ( 'NONE', #5463, #3459, #8559, .T. ) ;
#926 = AXIS2_PLACEMENT_3D ( 'NONE', #2143, #15, #4990 ) ;
#927 = CARTESIAN_POINT ( 'NONE',  ( -24.00000000000000000, -7.750000000000578200, -13.42339375865780900 ) ) ;
#928 = DIRECTION ( 'NONE',  ( -0.8330162471543056700, -0.5532485264119162400, 0.0000000000000000000 ) ) ;
#929 = CARTESIAN_POINT ( 'NONE',  ( -25.00000000000000000, -7.750000000000578200, -12.17339375865781500 ) ) ;
#930 = PRESENTATION_LAYER_ASSIGNMENT (  '', '', ( #3299 ) ) ;
#931 = VECTOR ( 'NONE', #82, 1000.000000000000000 ) ;
#932 = VERTEX_POINT ( 'NONE', #1211 ) ;
#933 = UNCERTAINTY_MEASURE_WITH_UNIT (LENGTH_MEASURE( 1.000000000000000100E-005 ), #5553, 'distance_accuracy_value', 'NONE');
#934 =( NAMED_UNIT ( * ) PLANE_ANGLE_UNIT ( ) SI_UNIT ( $, .RADIAN. ) );
#935 = DIRECTION ( 'NONE',  ( 1.000000000000000000, 1.219727444046192700E-016, 0.0000000000000000000 ) ) ;
#936 = DIRECTION ( 'NONE',  ( -1.000000000000000000, -0.0000000000000000000, -0.0000000000000000000 ) ) ;
#937 = VERTEX_POINT ( 'NONE', #648 ) ;
#938 = MECHANICAL_DESIGN_GEOMETRIC_PRESENTATION_REPRESENTATION (  '', ( #14 ), #6617 ) ;
#939 = DIRECTION ( 'NONE',  ( 0.0000000000000000000, 0.0000000000000000000, -1.000000000000000000 ) ) ;
#940 = FILL_AREA_STYLE_COLOUR ( '', #6185 ) ;
#941 = ADVANCED_FACE ( 'NONE', ( #4889 ), #4747, .F. ) ;
#942 = EDGE_CURVE ( 'NONE', #4080, #4342, #6785, .T. ) ;
#943 = ORIENTED_EDGE ( 'NONE', *, *, #2020, .F. ) ;
#944 = SURFACE_STYLE_USAGE ( .BOTH. , #7234 ) ;
#945 = CARTESIAN_POINT ( 'NONE',  ( -20.50000000000000000, 2.399999999999999500, 1.800000000000000700 ) ) ;
#946 = STYLED_ITEM ( 'NONE', ( #8798 ), #8184 ) ;
#947 = FACE_OUTER_BOUND ( 'NONE', #316, .T. ) ;
#948 = EDGE_CURVE ( 'NONE', #6688, #7586, #1628, .T. ) ;
#949 = FILL_AREA_STYLE ('',( #7665 ) ) ;
#950 = EDGE_LOOP ( 'NONE', ( #550, #5411, #6054, #7578 ) ) ;
#951 = CARTESIAN_POINT ( 'NONE',  ( -12.95417523321101600, -1.092383519349241100, 1.770664607869928600 ) ) ;
#952 = AXIS2_PLACEMENT_3D ( 'NONE', #677, #4087, #2914 ) ;
#953 = AXIS2_PLACEMENT_3D ( 'NONE', #769, #3870, #5588 ) ;
#954 = ORIENTED_EDGE ( 'NONE', *, *, #5697, .T. ) ;
#955 = DIRECTION ( 'NONE',  ( 0.0000000000000000000, 0.0000000000000000000, 1.000000000000000000 ) ) ;
#956 = CARTESIAN_POINT ( 'NONE',  ( 6.100000000000060000, -13.42339375865876500, -0.0000000000000000000 ) ) ;
#957 = DIRECTION ( 'NONE',  ( 0.0000000000000000000, -1.000000000000000000, -1.149055390210327300E-016 ) ) ;
#958 = EDGE_LOOP ( 'NONE', ( #403, #6661 ) ) ;
#959 =( NAMED_UNIT ( * ) SI_UNIT ( $, .STERADIAN. ) SOLID_ANGLE_UNIT ( ) );
#960 = CARTESIAN_POINT ( 'NONE',  ( 35.86999999999999700, 4.522083509421231100E-032, 0.0000000000000000000 ) ) ;
#961 = ORIENTED_EDGE ( 'NONE', *, *, #6028, .T. ) ;
#962 = ORIENTED_EDGE ( 'NONE', *, *, #7082, .F. ) ;
#963 = DIRECTION ( 'NONE',  ( 0.0000000000000000000, 1.000000000000000000, 0.0000000000000000000 ) ) ;
#964 = EDGE_CURVE ( 'NONE', #7265, #3304, #3030, .T. ) ;
#965 = DIRECTION ( 'NONE',  ( 0.0000000000000000000, 0.0000000000000000000, -1.000000000000000000 ) ) ;
#966 = DIRECTION ( 'NONE',  ( 0.0000000000000000000, -1.000000000000000000, 0.0000000000000000000 ) ) ;
#967 = DIRECTION ( 'NONE',  ( -1.000000000000000000, -0.0000000000000000000, -0.0000000000000000000 ) ) ;
#968 = AXIS2_PLACEMENT_3D ( 'NONE', #4539, #6712, #3974 ) ;
#969 = DIRECTION ( 'NONE',  ( -0.0000000000000000000, -1.000000000000000000, -0.0000000000000000000 ) ) ;
#970 = ORIENTED_EDGE ( 'NONE', *, *, #4501, .T. ) ;
#971 = SURFACE_SIDE_STYLE ('',( #4936 ) ) ;
#972 = EDGE_CURVE ( 'NONE', #4894, #3361, #1856, .T. ) ;
#973 = VERTEX_POINT ( 'NONE', #1488 ) ;
#974 = ORIENTED_EDGE ( 'NONE', *, *, #8342, .F. ) ;
#975 = DIRECTION ( 'NONE',  ( -1.000000000000000000, 0.0000000000000000000, 0.0000000000000000000 ) ) ;
#976 = DIRECTION ( 'NONE',  ( 0.0000000000000000000, 0.0000000000000000000, -1.000000000000000000 ) ) ;
#977 = CIRCLE ( 'NONE', #322, 1.249999999999988900 ) ;
#978 = VERTEX_POINT ( 'NONE', #2479 ) ;
#979 = FILL_AREA_STYLE_COLOUR ( '', #5712 ) ;
#980 = EDGE_LOOP ( 'NONE', ( #6412, #8289, #7726 ) ) ;
#981 = EDGE_LOOP ( 'NONE', ( #4407, #7701, #7617, #5277, #3802 ) ) ;
#982 = CONICAL_SURFACE ( 'NONE', #4926, 1.249999999999997600, 1.029744258676654100 ) ;
#983 = CARTESIAN_POINT ( 'NONE',  ( 15.60000000000015100, -20.80000000000000100, 46.30000000000000400 ) ) ;
#984 = DIRECTION ( 'NONE',  ( 0.0000000000000000000, 0.0000000000000000000, 1.000000000000000000 ) ) ;
#985 = ORIENTED_EDGE ( 'NONE', *, *, #2041, .T. ) ;
#986 = EDGE_LOOP ( 'NONE', ( #241, #7506 ) ) ;
#987 = FACE_OUTER_BOUND ( 'NONE', #2688, .T. ) ;
#988 = EDGE_CURVE ( 'NONE', #8480, #8129, #6041, .T. ) ;
#989 = LINE ( 'NONE', #8869, #6559 ) ;
#990 = LINE ( 'NONE', #3671, #3738 ) ;
#991 = CIRCLE ( 'NONE', #615, 2.999999999999997300 ) ;
#992 = ORIENTED_EDGE ( 'NONE', *, *, #1737, .T. ) ;
#993 = PRODUCT_DEFINITION_FORMATION_WITH_SPECIFIED_SOURCE ( 'ANY', '', #5883, .NOT_KNOWN. ) ;
#994 = SURFACE_STYLE_USAGE ( .BOTH. , #3976 ) ;
#995 = VECTOR ( 'NONE', #6221, 1000.000000000000000 ) ;
#996 = FACE_BOUND ( 'NONE', #5429, .T. ) ;
#997 = ORIENTED_EDGE ( 'NONE', *, *, #1363, .T. ) ;
#998 = ITEM_DEFINED_TRANSFORMATION ( 'NONE', 'NONE', #1514,  #3481 ) ;
#999 = LINE ( 'NONE', #4979, #8169 ) ;
#1000 = DIRECTION ( 'NONE',  ( 0.9675004150201613800, -0.2528694266529966600, -8.828888843229004100E-016 ) ) ;
#1001 = EDGE_LOOP ( 'NONE', ( #7812, #6767, #3180, #1979 ) ) ;
#1002 = CIRCLE ( 'NONE', #4676, 17.75000000000000400 ) ;
#1003 = STYLED_ITEM ( 'NONE', ( #3132 ), #642 ) ;
#1004 = VECTOR ( 'NONE', #4111, 1000.000000000000000 ) ;
#1005 = CARTESIAN_POINT ( 'NONE',  ( -25.39999999999996300, 3.429011037612589300E-016, -2.800000000000000300 ) ) ;
#1006 = SURFACE_STYLE_FILL_AREA ( #8603 ) ;
#1007 = COLOUR_RGB ( '',0.1019607843137254900, 0.1019607843137254900, 0.1019607843137254900 ) ;
#1008 = ORIENTED_EDGE ( 'NONE', *, *, #5662, .F. ) ;
#1009 = DIRECTION ( 'NONE',  ( 0.0000000000000000000, -1.000000000000000000, 0.0000000000000000000 ) ) ;
#1010 = VECTOR ( 'NONE', #7166, 1000.000000000000000 ) ;
#1011 = FACE_OUTER_BOUND ( 'NONE', #5665, .T. ) ;
#1012 = CARTESIAN_POINT ( 'NONE',  ( -1.742014973993183600, 5.079133820953757100, -13.04999999999999900 ) ) ;
#1013 = CARTESIAN_POINT ( 'NONE',  ( 8.227241335952131300, -3.175000000000068200, 4.799999999999999800 ) ) ;
#1014 = VECTOR ( 'NONE', #823, 1000.000000000000000 ) ;
#1015 =( NAMED_UNIT ( * ) SI_UNIT ( $, .STERADIAN. ) SOLID_ANGLE_UNIT ( ) );
#1016 = EDGE_CURVE ( 'NONE', #3304, #1313, #5932, .T. ) ;
#1017 = CARTESIAN_POINT ( 'NONE',  ( -31.50000000000000000, -6.999999999999998200, -2.999999999999998200 ) ) ;
#1018 = SURFACE_STYLE_USAGE ( .BOTH. , #1859 ) ;
#1019 = CARTESIAN_POINT ( 'NONE',  ( -15.59999999999984900, -18.79999999999999700, 46.30000000000000400 ) ) ;
#1020 = CARTESIAN_POINT ( 'NONE',  ( 8.227241335952197000, 6.324999999999953100, 4.799999999999999800 ) ) ;
#1021 = DIRECTION ( 'NONE',  ( -1.000000000000000000, -0.0000000000000000000, -0.0000000000000000000 ) ) ;
#1022 = DIRECTION ( 'NONE',  ( -1.000000000000000000, -0.0000000000000000000, -0.0000000000000000000 ) ) ;
#1023 = CARTESIAN_POINT ( 'NONE',  ( -13.00100000000000100, 0.0000000000000000000, 5.349999999999999600 ) ) ;
#1024 = AXIS2_PLACEMENT_3D ( 'NONE', #8011, #284, #5273 ) ;
#1025 = CARTESIAN_POINT ( 'NONE',  ( -24.00000000000000000, -7.750000000000578200, -14.67339375865780600 ) ) ;
#1026 = DIRECTION ( 'NONE',  ( 1.858632295689435900E-016, -1.000000000000000000, -0.0000000000000000000 ) ) ;
#1027 = COLOUR_RGB ( '',0.9490196078431372100, 0.7607843137254901600, 0.1803921568627451000 ) ;
#1028 = FACE_OUTER_BOUND ( 'NONE', #6167, .T. ) ;
#1029 = FILL_AREA_STYLE ('',( #1725 ) ) ;
#1030 = FILL_AREA_STYLE ('',( #168 ) ) ;
#1031 = SURFACE_STYLE_FILL_AREA ( #4568 ) ;
#1032 = DIRECTION ( 'NONE',  ( -1.000000000000000000, -0.0000000000000000000, -0.0000000000000000000 ) ) ;
#1033 =( LENGTH_UNIT ( ) NAMED_UNIT ( * ) SI_UNIT ( .MILLI., .METRE. ) );
#1034 = EDGE_CURVE ( 'NONE', #237, #3085, #6204, .T. ) ;
#1035 = ADVANCED_FACE ( 'NONE', ( #1923 ), #5911, .T. ) ;
#1036 = DIRECTION ( 'NONE',  ( 0.0000000000000000000, 0.0000000000000000000, 1.000000000000000000 ) ) ;
#1037 = PRESENTATION_LAYER_ASSIGNMENT (  '', '', ( #4183 ) ) ;
#1038 = CYLINDRICAL_SURFACE ( 'NONE', #376, 1.250000000000000000 ) ;
#1039 = LINE ( 'NONE', #8038, #6743 ) ;
#1040 = EDGE_LOOP ( 'NONE', ( #4653, #1431, #4791, #189 ) ) ;
#1041 = COLOUR_RGB ( '',0.007843137254901960700, 0.2392156862745097900, 0.8235294117647058400 ) ;
#1042 = FACE_OUTER_BOUND ( 'NONE', #6240, .T. ) ;
#1043 =( GEOMETRIC_REPRESENTATION_CONTEXT ( 3 ) GLOBAL_UNCERTAINTY_ASSIGNED_CONTEXT ( ( #2416 ) ) GLOBAL_UNIT_ASSIGNED_CONTEXT ( ( #7834, #406, #4007 ) ) REPRESENTATION_CONTEXT ( 'NONE', 'WORKASPACE' ) );
#1044 = PLANE ( 'NONE',  #8056 ) ;
#1045 = EDGE_LOOP ( 'NONE', ( #1664, #3567, #7830, #572 ) ) ;
#1046 = DIRECTION ( 'NONE',  ( 1.000000000000000000, -0.0000000000000000000, -0.0000000000000000000 ) ) ;
#1047 = CARTESIAN_POINT ( 'NONE',  ( 2.949029909160572100E-014, 9.500000000000001800, 4.799999999999999800 ) ) ;
#1048 = AXIS2_PLACEMENT_3D ( 'NONE', #2692, #3418, #5291 ) ;
#1049 = CYLINDRICAL_SURFACE ( 'NONE', #7409, 5.999999999999996400 ) ;
#1050 = ORIENTED_EDGE ( 'NONE', *, *, #3748, .T. ) ;
#1051 = STYLED_ITEM ( 'NONE', ( #4053 ), #5371 ) ;
#1052 = EDGE_CURVE ( 'NONE', #7795, #5388, #8243, .T. ) ;
#1053 = DIRECTION ( 'NONE',  ( -1.000000000000000000, -1.219727444046192700E-016, -0.0000000000000000000 ) ) ;
#1054 = CARTESIAN_POINT ( 'NONE',  ( -12.96195303437525400, 1.000727695151616400, 3.167001395862310000 ) ) ;
#1055 = CARTESIAN_POINT ( 'NONE',  ( 30.00000000000000000, -1.249999999999998200, -12.05000000000000100 ) ) ;
#1056 = AXIS2_PLACEMENT_3D ( 'NONE', #4088, #5085, #1249 ) ;
#1057 = ORIENTED_EDGE ( 'NONE', *, *, #2082, .F. ) ;
#1058 = DIRECTION ( 'NONE',  ( -0.0000000000000000000, -1.000000000000000000, -0.0000000000000000000 ) ) ;
#1059 = EDGE_CURVE ( 'NONE', #7364, #3463, #4085, .T. ) ;
#1060 = DIRECTION ( 'NONE',  ( 0.0000000000000000000, 0.0000000000000000000, 1.000000000000000000 ) ) ;
#1061 = DIRECTION ( 'NONE',  ( 1.000000000000000000, 0.0000000000000000000, -0.0000000000000000000 ) ) ;
#1062 = EDGE_LOOP ( 'NONE', ( #4655, #3669, #6936, #8110, #6201, #6513, #5779 ) ) ;
#1063 = CARTESIAN_POINT ( 'NONE',  ( -2.727153556335731600, -1.250053392319361700, 2.481814059948090000 ) ) ;
#1064 = DIRECTION ( 'NONE',  ( -0.0000000000000000000, -0.0000000000000000000, -1.000000000000000000 ) ) ;
#1065 = CARTESIAN_POINT ( 'NONE',  ( 0.0000000000000000000, 5.999999999999998200, 6.173195309819862900 ) ) ;
#1066 = ORIENTED_EDGE ( 'NONE', *, *, #3168, .F. ) ;
#1067 = ORIENTED_EDGE ( 'NONE', *, *, #3066, .T. ) ;
#1068 = VECTOR ( 'NONE', #2517, 1000.000000000000000 ) ;
#1069 =( LENGTH_UNIT ( ) NAMED_UNIT ( * ) SI_UNIT ( .MILLI., .METRE. ) );
#1070 = CIRCLE ( 'NONE', #7147, 1.249999999999988000 ) ;
#1071 = AXIS2_PLACEMENT_3D ( 'NONE', #4409, #3102, #8164 ) ;
#1072 = ADVANCED_FACE ( 'NONE', ( #7229 ), #7509, .F. ) ;
#1073 = VERTEX_POINT ( 'NONE', #5066 ) ;
#1074 = UNCERTAINTY_MEASURE_WITH_UNIT (LENGTH_MEASURE( 1.000000000000000100E-005 ), #8290, 'distance_accuracy_value', 'NONE');
#1075 = ORIENTED_EDGE ( 'NONE', *, *, #8188, .T. ) ;
#1076 = AXIS2_PLACEMENT_3D ( 'NONE', #2165, #2023, #4016 ) ;
#1077 = CARTESIAN_POINT ( 'NONE',  ( -25.00000000000000000, 13.42339375865879700, -7.750000000000000000 ) ) ;
#1078 = AXIS2_PLACEMENT_3D ( 'NONE', #8599, #7296, #1289 ) ;
#1079 = CARTESIAN_POINT ( 'NONE',  ( -5.868363929124338800, -1.249921918242510300, 6.765619519227382000 ) ) ;
#1080 = EDGE_CURVE ( 'NONE', #4433, #8265, #78, .T. ) ;
#1081 = ADVANCED_FACE ( 'NONE', ( #2767 ), #5217, .F. ) ;
#1082 = ORIENTED_EDGE ( 'NONE', *, *, #6194, .T. ) ;
#1083 =( GEOMETRIC_REPRESENTATION_CONTEXT ( 3 ) GLOBAL_UNCERTAINTY_ASSIGNED_CONTEXT ( ( #2287 ) ) GLOBAL_UNIT_ASSIGNED_CONTEXT ( ( #7875, #8616, #3118 ) ) REPRESENTATION_CONTEXT ( 'NONE', 'WORKASPACE' ) );
#1084 = FACE_BOUND ( 'NONE', #8681, .T. ) ;
#1085 = EDGE_LOOP ( 'NONE', ( #3232, #5397, #5352, #52 ) ) ;
#1086 = SURFACE_SIDE_STYLE ('',( #4496 ) ) ;
#1087 = VERTEX_POINT ( 'NONE', #3922 ) ;
#1088 = CIRCLE ( 'NONE', #3431, 8.579999999999998300 ) ;
#1089 = CARTESIAN_POINT ( 'NONE',  ( -18.79999999999984800, -18.79999999999999700, 51.20000000000000300 ) ) ;
#1090 = EDGE_CURVE ( 'NONE', #853, #5081, #8387, .T. ) ;
#1091 = VECTOR ( 'NONE', #379, 1000.000000000000100 ) ;
#1092 = ORIENTED_EDGE ( 'NONE', *, *, #5595, .T. ) ;
#1093 = SURFACE_STYLE_USAGE ( .BOTH. , #4082 ) ;
#1094 = VERTEX_POINT ( 'NONE', #2071 ) ;
#1095 = PRESENTATION_STYLE_ASSIGNMENT (( #3204 ) ) ;
#1096 = VECTOR ( 'NONE', #2666, 1000.000000000000000 ) ;
#1097 = ADVANCED_FACE ( 'NONE', ( #947 ), #6802, .T. ) ;
#1098 = DIRECTION ( 'NONE',  ( 0.0000000000000000000, 1.000000000000000000, 0.0000000000000000000 ) ) ;
#1099 = ORIENTED_EDGE ( 'NONE', *, *, #5672, .T. ) ;
#1100 = FACE_OUTER_BOUND ( 'NONE', #3676, .T. ) ;
#1101 = ORIENTED_EDGE ( 'NONE', *, *, #5822, .T. ) ;
#1102 = ORIENTED_EDGE ( 'NONE', *, *, #7741, .F. ) ;
#1103 = DIRECTION ( 'NONE',  ( -1.000000000000000000, -1.219727444046192700E-016, -0.0000000000000000000 ) ) ;
#1104 = CARTESIAN_POINT ( 'NONE',  ( 15.60000000000015100, -18.79999999999999700, 39.89999999999999900 ) ) ;
#1105 = ORIENTED_EDGE ( 'NONE', *, *, #5971, .F. ) ;
#1106 = EDGE_LOOP ( 'NONE', ( #2090, #2048 ) ) ;
#1107 = ORIENTED_EDGE ( 'NONE', *, *, #68, .T. ) ;
#1108 = MECHANICAL_DESIGN_GEOMETRIC_PRESENTATION_REPRESENTATION (  '', ( #7342 ), #8795 ) ;
#1109 = DIRECTION ( 'NONE',  ( 0.0000000000000000000, 0.0000000000000000000, 1.000000000000000000 ) ) ;
#1110 = ORIENTED_EDGE ( 'NONE', *, *, #5483, .T. ) ;
#1111 = CARTESIAN_POINT ( 'NONE',  ( 35.40568396408110600, 2.239787194412201600, 0.7748793577775359200 ) ) ;
#1112 = VERTEX_POINT ( 'NONE', #5487 ) ;
#1113 = EDGE_LOOP ( 'NONE', ( #6510, #5233, #4267, #2867 ) ) ;
#1114 = FACE_OUTER_BOUND ( 'NONE', #2299, .T. ) ;
#1115 = CARTESIAN_POINT ( 'NONE',  ( -25.00000000000000000, -7.749999999999427100, 13.42339375865978600 ) ) ;
#1116 = EDGE_CURVE ( 'NONE', #8039, #2603, #7650, .T. ) ;
#1117 = STYLED_ITEM ( 'NONE', ( #1420 ), #6293 ) ;
#1118 = ORIENTED_EDGE ( 'NONE', *, *, #5757, .T. ) ;
#1119 = CIRCLE ( 'NONE', #7353, 0.5000000000000000000 ) ;
#1120 = APPLICATION_PROTOCOL_DEFINITION ( 'draft international standard', 'automotive_design', 1998, #6031 ) ;
#1121 = PRESENTATION_STYLE_ASSIGNMENT (( #1831 ) ) ;
#1122 = VERTEX_POINT ( 'NONE', #3024 ) ;
#1123 = VECTOR ( 'NONE', #5136, 1000.000000000000000 ) ;
#1124 = CARTESIAN_POINT ( 'NONE',  ( -25.39999999999996300, 0.0000000000000000000, 0.0000000000000000000 ) ) ;
#1125 = CARTESIAN_POINT ( 'NONE',  ( -15.59999999999984900, -18.79999999999999700, 33.50000000000000000 ) ) ;
#1126 = ORIENTED_EDGE ( 'NONE', *, *, #7826, .T. ) ;
#1127 = FILL_AREA_STYLE_COLOUR ( '', #2357 ) ;
#1128 = ORIENTED_EDGE ( 'NONE', *, *, #3499, .F. ) ;
#1129 = AXIS2_PLACEMENT_3D ( 'NONE', #4891, #5341, #1218 ) ;
#1130 = DIRECTION ( 'NONE',  ( -0.1961161351381839600, -0.9805806756909201100, 2.401729971581269200E-017 ) ) ;
#1131 = UNCERTAINTY_MEASURE_WITH_UNIT (LENGTH_MEASURE( 1.000000000000000100E-005 ), #2426, 'distance_accuracy_value', 'NONE');
#1132 = CARTESIAN_POINT ( 'NONE',  ( -7.750000000000157200, 13.42339375865871200, 0.0000000000000000000 ) ) ;
#1133 =( NAMED_UNIT ( * ) PLANE_ANGLE_UNIT ( ) SI_UNIT ( $, .RADIAN. ) );
#1134 =( GEOMETRIC_REPRESENTATION_CONTEXT ( 3 ) GLOBAL_UNCERTAINTY_ASSIGNED_CONTEXT ( ( #4841 ) ) GLOBAL_UNIT_ASSIGNED_CONTEXT ( ( #1229, #525, #5485 ) ) REPRESENTATION_CONTEXT ( 'NONE', 'WORKASPACE' ) );
#1135 = PRESENTATION_LAYER_ASSIGNMENT (  '', '', ( #7323 ) ) ;
#1136 = EDGE_CURVE ( 'NONE', #7941, #3331, #3052, .T. ) ;
#1137 = AXIS2_PLACEMENT_3D ( 'NONE', #4390, #4382, #4522 ) ;
#1138 = ADVANCED_FACE ( 'NONE', ( #1784 ), #2757, .T. ) ;
#1139 = EDGE_LOOP ( 'NONE', ( #3824, #4681, #1175, #144 ) ) ;
#1140 = CARTESIAN_POINT ( 'NONE',  ( 18.80000000000015300, -20.80000000000000100, 2.000000000000000000 ) ) ;
#1141 = EDGE_LOOP ( 'NONE', ( #4905, #4321, #5457, #7626 ) ) ;
#1142 = CARTESIAN_POINT ( 'NONE',  ( 1.760000000000000000, 0.4600000000000000200, 0.4600000000000000200 ) ) ;
#1143 = AXIS2_PLACEMENT_3D ( 'NONE', #7585, #4829, #7440 ) ;
#1144 = ORIENTED_EDGE ( 'NONE', *, *, #1330, .F. ) ;
#1145 = DIRECTION ( 'NONE',  ( 0.0000000000000000000, 0.0000000000000000000, 1.000000000000000000 ) ) ;
#1146 = PRODUCT_DEFINITION_FORMATION_WITH_SPECIFIED_SOURCE ( 'ANY', '', #715, .NOT_KNOWN. ) ;
#1147 = CARTESIAN_POINT ( 'NONE',  ( -15.50000000000000000, 0.0000000000000000000, 2.000000000000001800 ) ) ;
#1148 =( NAMED_UNIT ( * ) SI_UNIT ( $, .STERADIAN. ) SOLID_ANGLE_UNIT ( ) );
#1149 = DIRECTION ( 'NONE',  ( -1.000000000000000000, 0.0000000000000000000, 0.0000000000000000000 ) ) ;
#1150 = PRESENTATION_LAYER_ASSIGNMENT (  '', '', ( #7112 ) ) ;
#1151 = FILL_AREA_STYLE_COLOUR ( '', #1027 ) ;
#1152 = CYLINDRICAL_SURFACE ( 'NONE', #8264, 1.574999999999997700 ) ;
#1153 = CARTESIAN_POINT ( 'NONE',  ( 17.00000000000000000, 2.328133820953756800, 0.7499999999999997800 ) ) ;
#1154 = AXIS2_PLACEMENT_3D ( 'NONE', #3792, #4941, #1109 ) ;
#1155 = CYLINDRICAL_SURFACE ( 'NONE', #7504, 18.80000000000015300 ) ;
#1156 = AXIS2_PLACEMENT_3D ( 'NONE', #5197, #6638, #1483 ) ;
#1157 = DIRECTION ( 'NONE',  ( -1.219727444046192700E-016, 1.000000000000000000, -0.0000000000000000000 ) ) ;
#1158 = AXIS2_PLACEMENT_3D ( 'NONE', #1115, #7272, #8714 ) ;
#1159 = EDGE_CURVE ( 'NONE', #5657, #7956, #6818, .T. ) ;
#1160 = CARTESIAN_POINT ( 'NONE',  ( -13.84999999999999800, 2.020667218593135700E-016, 51.20100000000000100 ) ) ;
#1161 = DIRECTION ( 'NONE',  ( -1.000000000000000000, -0.0000000000000000000, -0.0000000000000000000 ) ) ;
#1162 = PRESENTATION_LAYER_ASSIGNMENT (  '', '', ( #6745 ) ) ;
#1163 = CIRCLE ( 'NONE', #1583, 5.999999999999999100 ) ;
#1164 = CYLINDRICAL_SURFACE ( 'NONE', #5009, 18.40000000000000200 ) ;
#1165 = FILL_AREA_STYLE_COLOUR ( '', #2942 ) ;
#1166 = STYLED_ITEM ( 'NONE', ( #2140 ), #2706 ) ;
#1167 = EDGE_CURVE ( 'NONE', #6688, #3775, #4062, .T. ) ;
#1168 = SURFACE_STYLE_USAGE ( .BOTH. , #6738 ) ;
#1169 = CIRCLE ( 'NONE', #4851, 1.600000000000004100 ) ;
#1170 = ORIENTED_EDGE ( 'NONE', *, *, #4077, .T. ) ;
#1171 = STYLED_ITEM ( 'NONE', ( #31 ), #6933 ) ;
#1172 = DIRECTION ( 'NONE',  ( 0.0000000000000000000, -1.000000000000000000, 0.0000000000000000000 ) ) ;
#1173 =( NAMED_UNIT ( * ) SI_UNIT ( $, .STERADIAN. ) SOLID_ANGLE_UNIT ( ) );
#1174 = PLANE ( 'NONE',  #7071 ) ;
#1175 = ORIENTED_EDGE ( 'NONE', *, *, #2304, .F. ) ;
#1176 = DIRECTION ( 'NONE',  ( 1.000000000000000000, 1.445602896647339700E-016, 0.0000000000000000000 ) ) ;
#1177 = CIRCLE ( 'NONE', #7406, 2.000000000000000000 ) ;
#1178 = FACE_OUTER_BOUND ( 'NONE', #4793, .T. ) ;
#1179 = LINE ( 'NONE', #5164, #3486 ) ;
#1180 = AXIS2_PLACEMENT_3D ( 'NONE', #4504, #6516, #3630 ) ;
#1181 = AXIS2_PLACEMENT_3D ( 'NONE', #1312, #3432, #6588 ) ;
#1182 = VERTEX_POINT ( 'NONE', #7228 ) ;
#1183 = VECTOR ( 'NONE', #1851, 1000.000000000000000 ) ;
#1184 = LINE ( 'NONE', #482, #2094 ) ;
#1185 = EDGE_CURVE ( 'NONE', #2754, #8709, #2341, .T. ) ;
#1186 = VERTEX_POINT ( 'NONE', #3480 ) ;
#1187 = CARTESIAN_POINT ( 'NONE',  ( 15.60000000000015100, 18.80100000000015100, 44.69999999999999600 ) ) ;
#1188 = CARTESIAN_POINT ( 'NONE',  ( 9.500000000000000000, 1.078133820953755700, 5.000000000000000000 ) ) ;
#1189 = CARTESIAN_POINT ( 'NONE',  ( 2.968318096247142700E-014, 11.07499999999999900, 4.799999999999999800 ) ) ;
#1190 =( LENGTH_UNIT ( ) NAMED_UNIT ( * ) SI_UNIT ( .MILLI., .METRE. ) );
#1191 = VERTEX_POINT ( 'NONE', #5758 ) ;
#1192 = VERTEX_POINT ( 'NONE', #4626 ) ;
#1193 = EDGE_CURVE ( 'NONE', #6713, #7389, #2690, .T. ) ;
#1194 = CIRCLE ( 'NONE', #6443, 1.600000000000004100 ) ;
#1195 = EDGE_CURVE ( 'NONE', #2754, #2657, #6548, .T. ) ;
#1196 = CARTESIAN_POINT ( 'NONE',  ( 0.7579850260068175000, 1.078133820953754500, -13.04999999999999900 ) ) ;
#1197 = LINE ( 'NONE', #7632, #3386 ) ;
#1198 = CIRCLE ( 'NONE', #1572, 5.999999999999999100 ) ;
#1199 = CARTESIAN_POINT ( 'NONE',  ( -2.745526627751752700, -1.209296722407086300, 2.726897995938054400 ) ) ;
#1200 = FACE_BOUND ( 'NONE', #5939, .T. ) ;
#1201 = ORIENTED_EDGE ( 'NONE', *, *, #1304, .F. ) ;
#1202 = TOROIDAL_SURFACE ( 'NONE', #4141, 3.350000000000000500, 0.9000000000000000200 ) ;
#1203 = AXIS2_PLACEMENT_3D ( 'NONE', #2401, #5675, #4668 ) ;
#1204 = B_SPLINE_CURVE_WITH_KNOTS ( 'NONE', 3,
 ( #3892, #6024, #2876, #3011, #494, #3604, #5888, #4463, #1770, #5185, #8659, #1063, #3156, #1199, #8067, #4738, #7339, #2187, #7633, #355, #6179, #3736 ),
 .UNSPECIFIED., .F., .F.,
 ( 4, 2, 2, 2, 2, 2, 2, 2, 2, 2, 4 ),
 ( 0.0000000000000000000, 0.0002471067332572776300, 0.0004942134665145552500, 0.0009884269330291105000, 0.001482640399543665400, 0.001976853866058220600, 0.002223960599315498800, 0.002471067332572776600, 0.002965280799087333900, 0.003459494265601891600, 0.003953707732116448900 ),
 .UNSPECIFIED. ) ;
#1205 = ORIENTED_EDGE ( 'NONE', *, *, #4950, .F. ) ;
#1206 = MECHANICAL_DESIGN_GEOMETRIC_PRESENTATION_REPRESENTATION (  '', ( #3587 ), #1473 ) ;
#1207 = DIRECTION ( 'NONE',  ( -1.000000000000000000, -1.219727444046192700E-016, 0.0000000000000000000 ) ) ;
#1208 = VECTOR ( 'NONE', #1684, 1000.000000000000000 ) ;
#1209 = DIRECTION ( 'NONE',  ( 0.0000000000000000000, 0.0000000000000000000, 1.000000000000000000 ) ) ;
#1210 = CARTESIAN_POINT ( 'NONE',  ( 0.7471507068104800100, 0.7247219743563427800, 2.527459386281493800 ) ) ;
#1211 = CARTESIAN_POINT ( 'NONE',  ( -1.742014973993183200, 1.078133820953756500, 13.04999999999999900 ) ) ;
#1212 = LINE ( 'NONE', #3166, #6019 ) ;
#1213 = DIRECTION ( 'NONE',  ( -1.000000000000000000, -0.0000000000000000000, -0.0000000000000000000 ) ) ;
#1214 = STYLED_ITEM ( 'NONE', ( #8198 ), #2848 ) ;
#1215 = ORIENTED_EDGE ( 'NONE', *, *, #4563, .F. ) ;
#1216 = VECTOR ( 'NONE', #2544, 1000.000000000000000 ) ;
#1217 = EDGE_CURVE ( 'NONE', #3673, #6450, #5916, .T. ) ;
#1218 = DIRECTION ( 'NONE',  ( 0.0000000000000000000, 1.000000000000000000, 1.149055390210327500E-016 ) ) ;
#1219 = CARTESIAN_POINT ( 'NONE',  ( 12.00000000000000000, 2.328133820953756300, 2.250000000000000000 ) ) ;
#1220 = ORIENTED_EDGE ( 'NONE', *, *, #713, .F. ) ;
#1221 = SHAPE_REPRESENTATION ( 'Fiz rod', ( #3481 ), #3799 ) ;
#1222 = ADVANCED_FACE ( 'NONE', ( #2618 ), #1230, .T. ) ;
#1223 = CARTESIAN_POINT ( 'NONE',  ( -25.39999999999996300, 0.0000000000000000000, 0.0000000000000000000 ) ) ;
#1224 = CARTESIAN_POINT ( 'NONE',  ( -20.50000000000000000, 0.0000000000000000000, 0.0000000000000000000 ) ) ;
#1225 = DIRECTION ( 'NONE',  ( 0.0000000000000000000, -1.000000000000000000, 0.0000000000000000000 ) ) ;
#1226 = FACE_BOUND ( 'NONE', #2310, .T. ) ;
#1227 = AXIS2_PLACEMENT_3D ( 'NONE', #4208, #5349, #1494 ) ;
#1228 = VERTEX_POINT ( 'NONE', #6945 ) ;
#1229 =( LENGTH_UNIT ( ) NAMED_UNIT ( * ) SI_UNIT ( .MILLI., .METRE. ) );
#1230 = PLANE ( 'NONE',  #2610 ) ;
#1231 =( LENGTH_UNIT ( ) NAMED_UNIT ( * ) SI_UNIT ( .MILLI., .METRE. ) );
#1232 = ORIENTED_EDGE ( 'NONE', *, *, #164, .F. ) ;
#1233 = VECTOR ( 'NONE', #2179, 1000.000000000000000 ) ;
#1234 = CARTESIAN_POINT ( 'NONE',  ( -13.00000000000000200, 0.0000000000000000000, 1.149999999999998400 ) ) ;
#1235 = EDGE_CURVE ( 'NONE', #1380, #1248, #2898, .T. ) ;
#1236 =( NAMED_UNIT ( * ) SI_UNIT ( $, .STERADIAN. ) SOLID_ANGLE_UNIT ( ) );
#1237 = VERTEX_POINT ( 'NONE', #660 ) ;
#1238 =( LENGTH_UNIT ( ) NAMED_UNIT ( * ) SI_UNIT ( .MILLI., .METRE. ) );
#1239 = CARTESIAN_POINT ( 'NONE',  ( 30.00000000000000000, -1.249999999999998200, -12.05000000000000100 ) ) ;
#1240 = VECTOR ( 'NONE', #2701, 1000.000000000000000 ) ;
#1241 = UNCERTAINTY_MEASURE_WITH_UNIT (LENGTH_MEASURE( 1.000000000000000100E-005 ), #6220, 'distance_accuracy_value', 'NONE');
#1242 = CONICAL_SURFACE ( 'NONE', #5815, 1.249999999999997600, 1.029744258676654100 ) ;
#1243 = EDGE_LOOP ( 'NONE', ( #5926, #2505, #3741 ) ) ;
#1244 = FILL_AREA_STYLE_COLOUR ( '', #512 ) ;
#1245 = PRESENTATION_STYLE_ASSIGNMENT (( #1093 ) ) ;
#1246 = ORIENTED_EDGE ( 'NONE', *, *, #6029, .T. ) ;
#1247 = CIRCLE ( 'NONE', #3508, 1.249999999999999300 ) ;
#1248 = VERTEX_POINT ( 'NONE', #6509 ) ;
#1249 = DIRECTION ( 'NONE',  ( 0.0000000000000000000, 0.0000000000000000000, -1.000000000000000000 ) ) ;
#1250 = DIRECTION ( 'NONE',  ( 0.0000000000000000000, 1.000000000000000000, 0.0000000000000000000 ) ) ;
#1251 = CIRCLE ( 'NONE', #7876, 3.000000000000002700 ) ;
#1252 = ORIENTED_EDGE ( 'NONE', *, *, #7482, .F. ) ;
#1253 = ORIENTED_EDGE ( 'NONE', *, *, #7060, .F. ) ;
#1254 = ORIENTED_EDGE ( 'NONE', *, *, #6770, .T. ) ;
#1255 = EDGE_CURVE ( 'NONE', #3390, #5179, #8539, .T. ) ;
#1256 = ADVANCED_FACE ( 'NONE', ( #4769 ), #100, .F. ) ;
#1257 = VERTEX_POINT ( 'NONE', #1017 ) ;
#1258 = AXIS2_PLACEMENT_3D ( 'NONE', #4549, #2684, #3251 ) ;
#1259 = ORIENTED_EDGE ( 'NONE', *, *, #3139, .T. ) ;
#1260 = LINE ( 'NONE', #2930, #1361 ) ;
#1261 = ORIENTED_EDGE ( 'NONE', *, *, #6354, .T. ) ;
#1262 = ORIENTED_EDGE ( 'NONE', *, *, #5677, .F. ) ;
#1263 = UNCERTAINTY_MEASURE_WITH_UNIT (LENGTH_MEASURE( 1.000000000000000100E-005 ), #6190, 'distance_accuracy_value', 'NONE');
#1264 = CARTESIAN_POINT ( 'NONE',  ( -15.59999999999984900, -18.79999999999999700, 7.899999999999997700 ) ) ;
#1265 = VECTOR ( 'NONE', #7056, 1000.000000000000000 ) ;
#1266 = CARTESIAN_POINT ( 'NONE',  ( 0.7579850260068169400, 1.078133820953754800, -13.04999999999999900 ) ) ;
#1267 = AXIS2_PLACEMENT_3D ( 'NONE', #8205, #759, #8488 ) ;
#1268 = DIRECTION ( 'NONE',  ( 1.000000000000000000, 0.0000000000000000000, -0.0000000000000000000 ) ) ;
#1269 = ORIENTED_EDGE ( 'NONE', *, *, #6321, .T. ) ;
#1270 = PLANE ( 'NONE',  #443 ) ;
#1271 = ORIENTED_EDGE ( 'NONE', *, *, #2650, .T. ) ;
#1272 = SURFACE_STYLE_USAGE ( .BOTH. , #1964 ) ;
#1273 = DIRECTION ( 'NONE',  ( 0.0000000000000000000, 0.0000000000000000000, 1.000000000000000000 ) ) ;
#1274 = DIRECTION ( 'NONE',  ( -1.000000000000000000, -0.0000000000000000000, -0.0000000000000000000 ) ) ;
#1275 = DIRECTION ( 'NONE',  ( -1.000000000000000000, -0.0000000000000000000, -0.0000000000000000000 ) ) ;
#1276 = SURFACE_SIDE_STYLE ('',( #1689 ) ) ;
#1277 = ORIENTED_EDGE ( 'NONE', *, *, #7200, .F. ) ;
#1278 = CYLINDRICAL_SURFACE ( 'NONE', #7043, 1.249999999999994200 ) ;
#1279 = ORIENTED_EDGE ( 'NONE', *, *, #6790, .T. ) ;
#1280 = LINE ( 'NONE', #2123, #4620 ) ;
#1281 = EDGE_CURVE ( 'NONE', #2608, #7184, #235, .T. ) ;
#1282 = AXIS2_PLACEMENT_3D ( 'NONE', #7863, #4135, #8166 ) ;
#1283 =( LENGTH_UNIT ( ) NAMED_UNIT ( * ) SI_UNIT ( .MILLI., .METRE. ) );
#1284 = DIRECTION ( 'NONE',  ( -1.000000000000000000, -1.467842941211163900E-014, 0.0000000000000000000 ) ) ;
#1285 = SURFACE_STYLE_FILL_AREA ( #5117 ) ;
#1286 = VECTOR ( 'NONE', #1573, 1000.000000000000000 ) ;
#1287 = ORIENTED_EDGE ( 'NONE', *, *, #1898, .T. ) ;
#1288 = LINE ( 'NONE', #1140, #5876 ) ;
#1289 = DIRECTION ( 'NONE',  ( 0.0000000000000000000, 0.0000000000000000000, -1.000000000000000000 ) ) ;
#1290 = ORIENTED_EDGE ( 'NONE', *, *, #3394, .F. ) ;
#1291 = CARTESIAN_POINT ( 'NONE',  ( -1.742014973993182900, -0.4218661790462451300, 13.04999999999999900 ) ) ;
#1292 = EDGE_CURVE ( 'NONE', #5972, #4034, #4355, .T. ) ;
#1293 = DIRECTION ( 'NONE',  ( 0.0000000000000000000, 1.000000000000000000, 0.0000000000000000000 ) ) ;
#1294 = FILL_AREA_STYLE ('',( #3543 ) ) ;
#1295 = PRESENTATION_LAYER_ASSIGNMENT (  '', '', ( #7349 ) ) ;
#1296 = ORIENTED_EDGE ( 'NONE', *, *, #1052, .T. ) ;
#1297 = CARTESIAN_POINT ( 'NONE',  ( 2.949029909160572100E-014, 9.500000000000001800, 4.799999999999999800 ) ) ;
#1298 = VECTOR ( 'NONE', #4992, 1000.000000000000000 ) ;
#1299 = DIRECTION ( 'NONE',  ( 0.0000000000000000000, 0.0000000000000000000, -1.000000000000000000 ) ) ;
#1300 =( LENGTH_UNIT ( ) NAMED_UNIT ( * ) SI_UNIT ( .MILLI., .METRE. ) );
#1301 = EDGE_CURVE ( 'NONE', #426, #682, #6424, .T. ) ;
#1302 = CARTESIAN_POINT ( 'NONE',  ( 0.0000000000000000000, 5.089999999999999900, -0.9200000000000000400 ) ) ;
#1303 = CYLINDRICAL_SURFACE ( 'NONE', #1937, 6.600000000000001400 ) ;
#1304 = EDGE_CURVE ( 'NONE', #1627, #8520, #6979, .T. ) ;
#1305 = EDGE_CURVE ( 'NONE', #1192, #3090, #1504, .T. ) ;
#1306 = DIRECTION ( 'NONE',  ( 0.5532485264119162400, -0.8330162471543055600, 0.0000000000000000000 ) ) ;
#1307 = ORIENTED_EDGE ( 'NONE', *, *, #6958, .T. ) ;
#1308 = LINE ( 'NONE', #4701, #7132 ) ;
#1309 = CARTESIAN_POINT ( 'NONE',  ( -25.00000000000000000, -1.577021341797097400E-015, -14.25000000000000500 ) ) ;
#1310 = DIRECTION ( 'NONE',  ( -1.000000000000000000, -0.0000000000000000000, -0.0000000000000000000 ) ) ;
#1311 = AXIS2_PLACEMENT_3D ( 'NONE', #7075, #1213, #2330 ) ;
#1312 = CARTESIAN_POINT ( 'NONE',  ( 7.750000000000063100, -13.42339375865876500, 2.000000000000001800 ) ) ;
#1313 = VERTEX_POINT ( 'NONE', #2215 ) ;
#1314 = DIRECTION ( 'NONE',  ( 0.0000000000000000000, -1.000000000000000000, 0.0000000000000000000 ) ) ;
#1315 = CARTESIAN_POINT ( 'NONE',  ( -1.742014973993183600, 5.079133820953757100, -13.04999999999999900 ) ) ;
#1316 = EDGE_CURVE ( 'NONE', #1963, #2121, #1394, .T. ) ;
#1317 = CARTESIAN_POINT ( 'NONE',  ( 17.00000000000000000, 2.328133820953756800, 0.7499999999999997800 ) ) ;
#1318 = MECHANICAL_DESIGN_GEOMETRIC_PRESENTATION_REPRESENTATION (  '', ( #3136 ), #386 ) ;
#1319 = CARTESIAN_POINT ( 'NONE',  ( 4.905364438534994600, -5.204748896376250900E-015, 0.3620838873443734100 ) ) ;
#1320 = COLOUR_RGB ( '',0.7921568627450980000, 0.8196078431372548800, 0.9333333333333333500 ) ;
#1321 = FILL_AREA_STYLE ('',( #3581 ) ) ;
#1322 = CARTESIAN_POINT ( 'NONE',  ( -24.00000000000000000, 13.42339375865879700, -9.000000000000000000 ) ) ;
#1323 = PRESENTATION_LAYER_ASSIGNMENT (  '', '', ( #1965 ) ) ;
#1324 = PLANE ( 'NONE',  #8293 ) ;
#1325 = CARTESIAN_POINT ( 'NONE',  ( 18.80000000000015300, 0.0000000000000000000, 2.000000000000000000 ) ) ;
#1326 = CARTESIAN_POINT ( 'NONE',  ( 12.00000000000000000, 2.328133820953756300, 3.750000000000000000 ) ) ;
#1327 = COLOUR_RGB ( '',1.000000000000000000, 1.000000000000000000, 1.000000000000000000 ) ;
#1328 = CARTESIAN_POINT ( 'NONE',  ( -12.94300119033184700, 1.217652506197351800, 2.726605406734391200 ) ) ;
#1329 = VERTEX_POINT ( 'NONE', #956 ) ;
#1330 = EDGE_CURVE ( 'NONE', #5930, #3291, #2500, .T. ) ;
#1331 = CARTESIAN_POINT ( 'NONE',  ( 15.80000000000015700, -20.80000000000000100, 51.20000000000000300 ) ) ;
#1332 = ORIENTED_EDGE ( 'NONE', *, *, #8360, .T. ) ;
#1333 = MECHANICAL_DESIGN_GEOMETRIC_PRESENTATION_REPRESENTATION (  '', ( #7193 ), #3041 ) ;
#1334 = AXIS2_PLACEMENT_3D ( 'NONE', #4813, #8602, #2957 ) ;
#1335 = AXIS2_PLACEMENT_3D ( 'NONE', #338, #8778, #4031 ) ;
#1336 = CYLINDRICAL_SURFACE ( 'NONE', #11, 1.250000000000000200 ) ;
#1337 = CARTESIAN_POINT ( 'NONE',  ( -2.902060811317963600, 0.7697416801320600100, 3.398221891884357900 ) ) ;
#1338 = ADVANCED_FACE ( 'NONE', ( #5636 ), #2083, .F. ) ;
#1339 = DIRECTION ( 'NONE',  ( -0.0000000000000000000, 1.149055390210327300E-016, -1.000000000000000000 ) ) ;
#1340 = ORIENTED_EDGE ( 'NONE', *, *, #762, .T. ) ;
#1341 = FILL_AREA_STYLE_COLOUR ( '', #347 ) ;
#1342 = AXIS2_PLACEMENT_3D ( 'NONE', #4828, #6565, #4983 ) ;
#1343 = AXIS2_PLACEMENT_3D ( 'NONE', #5905, #8239, #5054 ) ;
#1344 = ORIENTED_EDGE ( 'NONE', *, *, #5970, .T. ) ;
#1345 =( GEOMETRIC_REPRESENTATION_CONTEXT ( 3 ) GLOBAL_UNCERTAINTY_ASSIGNED_CONTEXT ( ( #2197 ) ) GLOBAL_UNIT_ASSIGNED_CONTEXT ( ( #4839, #20, #4561 ) ) REPRESENTATION_CONTEXT ( 'NONE', 'WORKASPACE' ) );
#1346 = FACE_BOUND ( 'NONE', #8402, .T. ) ;
#1347 = CARTESIAN_POINT ( 'NONE',  ( 12.00000000000000000, 2.328133820953756300, 2.250000000000000000 ) ) ;
#1348 = CARTESIAN_POINT ( 'NONE',  ( 2.539714034446302300, -1.634001245046990100, 0.0000000000000000000 ) ) ;
#1349 = CIRCLE ( 'NONE', #3462, 0.5000000000000000000 ) ;
#1350 = ORIENTED_EDGE ( 'NONE', *, *, #373, .T. ) ;
#1351 = CIRCLE ( 'NONE', #5923, 1.574999999999998200 ) ;
#1352 = UNCERTAINTY_MEASURE_WITH_UNIT (LENGTH_MEASURE( 1.000000000000000100E-005 ), #309, 'distance_accuracy_value', 'NONE');
#1353 = EDGE_CURVE ( 'NONE', #1248, #6231, #3059, .T. ) ;
#1354 = CONICAL_SURFACE ( 'NONE', #3841, 1.249999999999997600, 1.029744258676654100 ) ;
#1355 = FILL_AREA_STYLE_COLOUR ( '', #7869 ) ;
#1356 = ADVANCED_FACE ( 'NONE', ( #8558 ), #6670, .T. ) ;
#1357 = ORIENTED_EDGE ( 'NONE', *, *, #857, .F. ) ;
#1358 = SURFACE_STYLE_USAGE ( .BOTH. , #7654 ) ;
#1359 = EDGE_LOOP ( 'NONE', ( #7403, #8149, #654, #8279 ) ) ;
#1360 = ORIENTED_EDGE ( 'NONE', *, *, #4368, .F. ) ;
#1361 = VECTOR ( 'NONE', #7124, 1000.000000000000000 ) ;
#1362 = DIRECTION ( 'NONE',  ( 1.000000000000000000, -0.0000000000000000000, -0.0000000000000000000 ) ) ;
#1363 = EDGE_CURVE ( 'NONE', #7347, #5640, #3526, .T. ) ;
#1364 = AXIS2_PLACEMENT_3D ( 'NONE', #6318, #7485, #6904 ) ;
#1365 = ORIENTED_EDGE ( 'NONE', *, *, #6954, .T. ) ;
#1366 = AXIS2_PLACEMENT_3D ( 'NONE', #1347, #4892, #6337 ) ;
#1367 = CARTESIAN_POINT ( 'NONE',  ( -12.96202062255812700, -0.9996740465642727200, 1.632068290125846100 ) ) ;
#1368 = DIRECTION ( 'NONE',  ( -1.000000000000000000, 0.0000000000000000000, 0.0000000000000000000 ) ) ;
#1369 = DIRECTION ( 'NONE',  ( -0.0000000000000000000, -1.000000000000000000, -0.0000000000000000000 ) ) ;
#1370 = VECTOR ( 'NONE', #1594, 1000.000000000000000 ) ;
#1371 = EDGE_LOOP ( 'NONE', ( #962, #8844, #358, #2922 ) ) ;
#1372 = LINE ( 'NONE', #7675, #8273 ) ;
#1373 = ORIENTED_EDGE ( 'NONE', *, *, #5004, .F. ) ;
#1374 = VECTOR ( 'NONE', #2040, 1000.000000000000000 ) ;
#1375 = EDGE_LOOP ( 'NONE', ( #7196, #8162, #2766, #6104, #200, #6544, #4182 ) ) ;
#1376 = DIRECTION ( 'NONE',  ( 0.0000000000000000000, 1.000000000000000000, 1.149055390210327500E-016 ) ) ;
#1377 = DIRECTION ( 'NONE',  ( 1.000000000000000000, 7.703719777548944800E-033, 0.0000000000000000000 ) ) ;
#1378 = EDGE_CURVE ( 'NONE', #7436, #2255, #2488, .T. ) ;
#1379 = DIRECTION ( 'NONE',  ( 0.0000000000000000000, 0.0000000000000000000, 1.000000000000000000 ) ) ;
#1380 = VERTEX_POINT ( 'NONE', #4651 ) ;
#1381 =( NAMED_UNIT ( * ) SI_UNIT ( $, .STERADIAN. ) SOLID_ANGLE_UNIT ( ) );
#1382 = DIRECTION ( 'NONE',  ( 1.000000000000000000, 7.703719777548944800E-033, 0.0000000000000000000 ) ) ;
#1383 = CYLINDRICAL_SURFACE ( 'NONE', #3842, 1.249999999999994200 ) ;
#1384 = VERTEX_POINT ( 'NONE', #6529 ) ;
#1385 = VERTEX_POINT ( 'NONE', #5649 ) ;
#1386 = CARTESIAN_POINT ( 'NONE',  ( -25.00000000000000000, -7.750000000000578200, -13.42339375865780900 ) ) ;
#1387 = CARTESIAN_POINT ( 'NONE',  ( 0.0000000000000000000, 13.00000000000000200, 6.173195309819863800 ) ) ;
#1388 = PRESENTATION_STYLE_ASSIGNMENT (( #8135 ) ) ;
#1389 = EDGE_CURVE ( 'NONE', #7956, #5657, #383, .T. ) ;
#1390 = ORIENTED_EDGE ( 'NONE', *, *, #4808, .T. ) ;
#1391 = SURFACE_STYLE_USAGE ( .BOTH. , #3950 ) ;
#1392 = ORIENTED_EDGE ( 'NONE', *, *, #104, .F. ) ;
#1393 = EDGE_LOOP ( 'NONE', ( #3523, #5834, #3666, #897 ) ) ;
#1394 = CIRCLE ( 'NONE', #649, 1.599999999999997200 ) ;
#1395 = LINE ( 'NONE', #7398, #7497 ) ;
#1396 = ORIENTED_EDGE ( 'NONE', *, *, #8409, .T. ) ;
#1397 =( NAMED_UNIT ( * ) SI_UNIT ( $, .STERADIAN. ) SOLID_ANGLE_UNIT ( ) );
#1398 = CARTESIAN_POINT ( 'NONE',  ( -3.000000000000000000, 1.530757073826680800E-016, 7.849999999999999600 ) ) ;
#1399 = CYLINDRICAL_SURFACE ( 'NONE', #7065, 17.75000000000000400 ) ;
#1400 = ORIENTED_EDGE ( 'NONE', *, *, #4764, .F. ) ;
#1401 = CIRCLE ( 'NONE', #8705, 1.600000000000004100 ) ;
#1402 = CARTESIAN_POINT ( 'NONE',  ( -2.743299853866906400, -1.216103671979466900, 6.268327277581084500 ) ) ;
#1403 = EDGE_CURVE ( 'NONE', #3673, #2780, #8417, .T. ) ;
#1404 = EDGE_LOOP ( 'NONE', ( #4246, #5589 ) ) ;
#1405 = DIRECTION ( 'NONE',  ( -0.0000000000000000000, -1.149055390210327300E-016, 1.000000000000000000 ) ) ;
#1406 = ORIENTED_EDGE ( 'NONE', *, *, #3748, .F. ) ;
#1407 = CARTESIAN_POINT ( 'NONE',  ( -7.749999999999968900, -13.42339375865881700, 2.000000000000001800 ) ) ;
#1408 = COLOUR_RGB ( '',0.6509803921568627600, 0.6196078431372549200, 0.5882352941176470800 ) ;
#1409 = SURFACE_SIDE_STYLE ('',( #1981 ) ) ;
#1410 = FACE_OUTER_BOUND ( 'NONE', #115, .T. ) ;
#1411 = ADVANCED_FACE ( 'NONE', ( #8568 ), #6827, .T. ) ;
#1412 = EDGE_CURVE ( 'NONE', #892, #5328, #780, .T. ) ;
#1413 = VERTEX_POINT ( 'NONE', #5157 ) ;
#1414 = CONTEXT_DEPENDENT_SHAPE_REPRESENTATION ( #4244, #4719 ) ;
#1415 = DIRECTION ( 'NONE',  ( -1.000000000000000000, -7.703719777548944800E-033, -0.0000000000000000000 ) ) ;
#1416 = FACE_OUTER_BOUND ( 'NONE', #5489, .T. ) ;
#1417 = EDGE_LOOP ( 'NONE', ( #2529, #1837, #650, #3049 ) ) ;
#1418 = CYLINDRICAL_SURFACE ( 'NONE', #7104, 4.250000000000000900 ) ;
#1419 = PRESENTATION_STYLE_ASSIGNMENT (( #4678 ) ) ;
#1420 = PRESENTATION_STYLE_ASSIGNMENT (( #6264 ) ) ;
#1421 = ORIENTED_EDGE ( 'NONE', *, *, #1090, .T. ) ;
#1422 = ORIENTED_EDGE ( 'NONE', *, *, #3139, .F. ) ;
#1423 = AXIS2_PLACEMENT_3D ( 'NONE', #1224, #2064, #4207 ) ;
#1424 = AXIS2_PLACEMENT_3D ( 'NONE', #501, #8801, #2056 ) ;
#1425 = CIRCLE ( 'NONE', #6454, 1.000000000000008000 ) ;
#1426 = DIRECTION ( 'NONE',  ( 0.7071067811865464600, 8.659560562354947600E-017, 0.7071067811865486800 ) ) ;
#1427 = FACE_BOUND ( 'NONE', #361, .T. ) ;
#1428 = CYLINDRICAL_SURFACE ( 'NONE', #5236, 0.5000000000000000000 ) ;
#1429 = ADVANCED_FACE ( 'NONE', ( #3714, #6751, #3278, #4436, #1742, #176, #1587, #8332 ), #3430, .F. ) ;
#1430 = DIRECTION ( 'NONE',  ( -1.000000000000000000, 0.0000000000000000000, 0.0000000000000000000 ) ) ;
#1431 = ORIENTED_EDGE ( 'NONE', *, *, #1389, .T. ) ;
#1432 = LINE ( 'NONE', #2689, #6692 ) ;
#1433 =( NAMED_UNIT ( * ) PLANE_ANGLE_UNIT ( ) SI_UNIT ( $, .RADIAN. ) );
#1434 = AXIS2_PLACEMENT_3D ( 'NONE', #877, #5845, #7016 ) ;
#1435 = PRESENTATION_STYLE_ASSIGNMENT (( #4143 ) ) ;
#1436 = FACE_OUTER_BOUND ( 'NONE', #6297, .T. ) ;
#1437 = CARTESIAN_POINT ( 'NONE',  ( 2.399999999999999500, 1.836970198721029400E-016, -1.499999999999999600 ) ) ;
#1438 = DIRECTION ( 'NONE',  ( 0.0000000000000000000, -1.000000000000000000, 0.0000000000000000000 ) ) ;
#1439 =( NAMED_UNIT ( * ) PLANE_ANGLE_UNIT ( ) SI_UNIT ( $, .RADIAN. ) );
#1440 =( NAMED_UNIT ( * ) PLANE_ANGLE_UNIT ( ) SI_UNIT ( $, .RADIAN. ) );
#1441 = CIRCLE ( 'NONE', #6478, 15.00000000000000200 ) ;
#1442 = VECTOR ( 'NONE', #4302, 1000.000000000000100 ) ;
#1443 =( REPRESENTATION_RELATIONSHIP ('NONE','NONE', #4393, #5719 ) REPRESENTATION_RELATIONSHIP_WITH_TRANSFORMATION ( #852 )SHAPE_REPRESENTATION_RELATIONSHIP( ) );
#1444 = SURFACE_STYLE_USAGE ( .BOTH. , #4008 ) ;
#1445 = VECTOR ( 'NONE', #1053, 1000.000000000000000 ) ;
#1446 = ADVANCED_FACE ( 'NONE', ( #5999 ), #7178, .F. ) ;
#1447 = UNCERTAINTY_MEASURE_WITH_UNIT (LENGTH_MEASURE( 1.000000000000000100E-005 ), #1713, 'distance_accuracy_value', 'NONE');
#1448 = SURFACE_STYLE_FILL_AREA ( #7897 ) ;
#1449 = ORIENTED_EDGE ( 'NONE', *, *, #2784, .F. ) ;
#1450 = CARTESIAN_POINT ( 'NONE',  ( -24.99999999999999600, -18.40000000000000600, 0.0000000000000000000 ) ) ;
#1451 = CYLINDRICAL_SURFACE ( 'NONE', #4026, 0.5000000000000000000 ) ;
#1452 = SURFACE_SIDE_STYLE ('',( #2018 ) ) ;
#1453 = CARTESIAN_POINT ( 'NONE',  ( 18.80000000000015300, -20.80000000000000100, 0.0000000000000000000 ) ) ;
#1454 = EDGE_LOOP ( 'NONE', ( #7547, #1464, #4384, #6421 ) ) ;
#1455 = EDGE_LOOP ( 'NONE', ( #7919, #1287 ) ) ;
#1456 = DIRECTION ( 'NONE',  ( -1.000000000000000000, -0.0000000000000000000, -0.0000000000000000000 ) ) ;
#1457 = FILL_AREA_STYLE_COLOUR ( '', #7604 ) ;
#1458 = VECTOR ( 'NONE', #5413, 1000.000000000000100 ) ;
#1459 = SURFACE_SIDE_STYLE ('',( #5320 ) ) ;
#1460 = EDGE_LOOP ( 'NONE', ( #3227, #510 ) ) ;
#1461 = FACE_OUTER_BOUND ( 'NONE', #3398, .T. ) ;
#1462 =( NAMED_UNIT ( * ) SI_UNIT ( $, .STERADIAN. ) SOLID_ANGLE_UNIT ( ) );
#1463 = LINE ( 'NONE', #2309, #7575 ) ;
#1464 = ORIENTED_EDGE ( 'NONE', *, *, #108, .T. ) ;
#1465 = SHAPE_REPRESENTATION ( 'Motor base', ( #3481 ), #2722 ) ;
#1466 = CARTESIAN_POINT ( 'NONE',  ( 35.86999999999999700, -1.249999999999998000, 13.04999999999999900 ) ) ;
#1467 = DIRECTION ( 'NONE',  ( -1.000000000000000000, 0.0000000000000000000, -0.0000000000000000000 ) ) ;
#1468 = PLANE ( 'NONE',  #5523 ) ;
#1469 = AXIS2_PLACEMENT_3D ( 'NONE', #8276, #3075, #8860 ) ;
#1470 = EDGE_CURVE ( 'NONE', #6787, #4093, #6447, .T. ) ;
#1471 = ORIENTED_EDGE ( 'NONE', *, *, #6623, .T. ) ;
#1472 = CARTESIAN_POINT ( 'NONE',  ( 6.099999999999870900, 13.42339375865887000, 0.0000000000000000000 ) ) ;
#1473 =( GEOMETRIC_REPRESENTATION_CONTEXT ( 3 ) GLOBAL_UNCERTAINTY_ASSIGNED_CONTEXT ( ( #7862 ) ) GLOBAL_UNIT_ASSIGNED_CONTEXT ( ( #2368, #1954, #1397 ) ) REPRESENTATION_CONTEXT ( 'NONE', 'WORKASPACE' ) );
#1474 = VERTEX_POINT ( 'NONE', #6146 ) ;
#1475 = LINE ( 'NONE', #3009, #6731 ) ;
#1476 = CARTESIAN_POINT ( 'NONE',  ( 1.760000000000000000, 0.4599999999999984100, 0.4600000000000018500 ) ) ;
#1477 = ORIENTED_EDGE ( 'NONE', *, *, #5740, .T. ) ;
#1478 = EDGE_CURVE ( 'NONE', #7230, #5272, #8622, .T. ) ;
#1479 = LINE ( 'NONE', #2883, #7889 ) ;
#1480 = VERTEX_POINT ( 'NONE', #7257 ) ;
#1481 = AXIS2_PLACEMENT_3D ( 'NONE', #6269, #7583, #5281 ) ;
#1482 = VECTOR ( 'NONE', #6634, 1000.000000000000000 ) ;
#1483 = DIRECTION ( 'NONE',  ( 1.000000000000000000, 1.219727444046192700E-016, 0.0000000000000000000 ) ) ;
#1484 = DIRECTION ( 'NONE',  ( -1.000000000000000000, 0.0000000000000000000, 0.0000000000000000000 ) ) ;
#1485 = VERTEX_POINT ( 'NONE', #3789 ) ;
#1486 =( NAMED_UNIT ( * ) SI_UNIT ( $, .STERADIAN. ) SOLID_ANGLE_UNIT ( ) );
#1487 = CARTESIAN_POINT ( 'NONE',  ( -31.50000000000000000, -6.999999999999998200, 0.0000000000000000000 ) ) ;
#1488 = CARTESIAN_POINT ( 'NONE',  ( -24.00000000000000000, -6.999999999999998200, 8.579999999999996500 ) ) ;
#1489 = DIRECTION ( 'NONE',  ( 1.000000000000000000, 1.219727444046192700E-016, 0.0000000000000000000 ) ) ;
#1490 = ORIENTED_EDGE ( 'NONE', *, *, #1353, .T. ) ;
#1491 = EDGE_CURVE ( 'NONE', #3810, #2592, #6967, .T. ) ;
#1492 = CARTESIAN_POINT ( 'NONE',  ( 12.00000000000000000, 3.578133820953756300, -5.000000000000000000 ) ) ;
#1493 = STYLED_ITEM ( 'NONE', ( #1435 ), #4717 ) ;
#1494 = DIRECTION ( 'NONE',  ( 0.0000000000000000000, 0.0000000000000000000, 1.000000000000000000 ) ) ;
#1495 = EDGE_CURVE ( 'NONE', #8089, #2902, #5373, .T. ) ;
#1496 = ORIENTED_EDGE ( 'NONE', *, *, #7811, .F. ) ;
#1497 = AXIS2_PLACEMENT_3D ( 'NONE', #5622, #7359, #5210 ) ;
#1498 = CARTESIAN_POINT ( 'NONE',  ( -12.94304654027130000, -1.217179054896461400, 2.728319802508271800 ) ) ;
#1499 = CARTESIAN_POINT ( 'NONE',  ( 2.949029909160572100E-014, 9.500000000000001800, 1.734723475976807100E-015 ) ) ;
#1500 = CIRCLE ( 'NONE', #1661, 1.200000000000000000 ) ;
#1501 = VECTOR ( 'NONE', #8369, 1000.000000000000000 ) ;
#1502 = EDGE_LOOP ( 'NONE', ( #6176, #2624, #8286, #6997 ) ) ;
#1503 = CYLINDRICAL_SURFACE ( 'NONE', #8158, 1.599999999999999000 ) ;
#1504 = LINE ( 'NONE', #1089, #2205 ) ;
#1505 = CARTESIAN_POINT ( 'NONE',  ( 12.00000000000000000, 1.828133820953756300, -2.250000000000000400 ) ) ;
#1506 = AXIS2_PLACEMENT_3D ( 'NONE', #6970, #2933, #2803 ) ;
#1507 = ORIENTED_EDGE ( 'NONE', *, *, #4077, .F. ) ;
#1508 = LINE ( 'NONE', #7525, #995 ) ;
#1509 = ORIENTED_EDGE ( 'NONE', *, *, #723, .F. ) ;
#1510 = DIRECTION ( 'NONE',  ( -1.000000000000000000, -1.156482317317871200E-016, 0.0000000000000000000 ) ) ;
#1511 = LINE ( 'NONE', #5084, #7679 ) ;
#1512 = ADVANCED_FACE ( 'NONE', ( #400 ), #1202, .T. ) ;
#1513 = PLANE ( 'NONE',  #5887 ) ;
#1514 = AXIS2_PLACEMENT_3D ( 'NONE', #2243, #4799, #7557 ) ;
#1515 = STYLED_ITEM ( 'NONE', ( #3549 ), #4106 ) ;
#1516 = EDGE_CURVE ( 'NONE', #6363, #6266, #555, .T. ) ;
#1517 = VERTEX_POINT ( 'NONE', #4238 ) ;
#1518 =( NAMED_UNIT ( * ) PLANE_ANGLE_UNIT ( ) SI_UNIT ( $, .RADIAN. ) );
#1519 = ADVANCED_FACE ( 'NONE', ( #7267 ), #5381, .T. ) ;
#1520 = DIRECTION ( 'NONE',  ( 0.0000000000000000000, 0.0000000000000000000, 1.000000000000000000 ) ) ;
#1521 = ORIENTED_EDGE ( 'NONE', *, *, #5456, .F. ) ;
#1522 = ORIENTED_EDGE ( 'NONE', *, *, #3722, .F. ) ;
#1523 = CARTESIAN_POINT ( 'NONE',  ( 0.7471507068104803500, 2.627711098936531100, 0.09169116611290159500 ) ) ;
#1524 =( GEOMETRIC_REPRESENTATION_CONTEXT ( 3 ) GLOBAL_UNCERTAINTY_ASSIGNED_CONTEXT ( ( #2003 ) ) GLOBAL_UNIT_ASSIGNED_CONTEXT ( ( #7931, #2050, #3888 ) ) REPRESENTATION_CONTEXT ( 'NONE', 'WORKASPACE' ) );
#1525 = ORIENTED_EDGE ( 'NONE', *, *, #2882, .F. ) ;
#1526 = DIRECTION ( 'NONE',  ( 0.0000000000000000000, 0.0000000000000000000, -1.000000000000000000 ) ) ;
#1527 = EDGE_LOOP ( 'NONE', ( #1253, #1676, #5384, #1621 ) ) ;
#1528 = VERTEX_POINT ( 'NONE', #2105 ) ;
#1529 = PRODUCT_DEFINITION_SHAPE ( 'NONE', 'NONE',  #2423 ) ;
#1530 = SURFACE_SIDE_STYLE ('',( #2111 ) ) ;
#1531 = AXIS2_PLACEMENT_3D ( 'NONE', #3266, #2009, #2422 ) ;
#1532 = DIRECTION ( 'NONE',  ( -0.0000000000000000000, -0.0000000000000000000, -1.000000000000000000 ) ) ;
#1533 = ORIENTED_EDGE ( 'NONE', *, *, #850, .F. ) ;
#1534 = CARTESIAN_POINT ( 'NONE',  ( 6.005683964081104200, -11.18360656424621200, 8.524879357777582100 ) ) ;
#1535 = CARTESIAN_POINT ( 'NONE',  ( 0.8873228869518060600, -0.1426628679824845100, 2.755735814439283200 ) ) ;
#1536 = EDGE_LOOP ( 'NONE', ( #7967, #2091, #3203, #536 ) ) ;
#1537 = EDGE_LOOP ( 'NONE', ( #4707, #3243, #7890, #6462, #6148, #5510 ) ) ;
#1538 = CARTESIAN_POINT ( 'NONE',  ( -25.00000000000000000, 13.42339375865977000, 7.750000000000561300 ) ) ;
#1539 = AXIS2_PLACEMENT_3D ( 'NONE', #8309, #1299, #440 ) ;
#1540 = ADVANCED_FACE ( 'NONE', ( #7548 ), #1270, .T. ) ;
#1541 = CARTESIAN_POINT ( 'NONE',  ( -2.731025738224641200, -1.241697806905120300, 6.765672625680446500 ) ) ;
#1542 = ORIENTED_EDGE ( 'NONE', *, *, #8412, .F. ) ;
#1543 = DIRECTION ( 'NONE',  ( -1.000000000000000000, -1.219727444046192700E-016, -0.0000000000000000000 ) ) ;
#1544 = ORIENTED_EDGE ( 'NONE', *, *, #7454, .F. ) ;
#1545 = FACE_OUTER_BOUND ( 'NONE', #6696, .T. ) ;
#1546 = CARTESIAN_POINT ( 'NONE',  ( 15.60000000000015100, -20.80000000000000100, 7.899999999999997700 ) ) ;
#1547 = CIRCLE ( 'NONE', #1024, 1.650000000000003000 ) ;
#1548 = STYLED_ITEM ( 'NONE', ( #4012 ), #6490 ) ;
#1549 = VERTEX_POINT ( 'NONE', #845 ) ;
#1550 = EDGE_LOOP ( 'NONE', ( #4785, #2369, #2611, #7704 ) ) ;
#1551 = UNCERTAINTY_MEASURE_WITH_UNIT (LENGTH_MEASURE( 1.000000000000000100E-005 ), #1231, 'distance_accuracy_value', 'NONE');
#1552 = LINE ( 'NONE', #1703, #8781 ) ;
#1553 = CARTESIAN_POINT ( 'NONE',  ( -5.917380509007152500, 0.9990562021281860200, 5.831348794313735000 ) ) ;
#1554 = VERTEX_POINT ( 'NONE', #5808 ) ;
#1555 = ORIENTED_EDGE ( 'NONE', *, *, #8790, .T. ) ;
#1556 = ADVANCED_FACE ( 'NONE', ( #3967 ), #6541, .T. ) ;
#1557 = DIRECTION ( 'NONE',  ( -1.000000000000000000, -6.308085367188390000E-017, 0.0000000000000000000 ) ) ;
#1558 = CARTESIAN_POINT ( 'NONE',  ( -5.917257064483838900, 0.9999280223985098600, 7.367863525102584400 ) ) ;
#1559 = CYLINDRICAL_SURFACE ( 'NONE', #7641, 1.600000000000004100 ) ;
#1560 =( NAMED_UNIT ( * ) SI_UNIT ( $, .STERADIAN. ) SOLID_ANGLE_UNIT ( ) );
#1561 = VERTEX_POINT ( 'NONE', #3083 ) ;
#1562 = EDGE_LOOP ( 'NONE', ( #4132, #4372, #860 ) ) ;
#1563 = CARTESIAN_POINT ( 'NONE',  ( 0.03012971658237811900, 5.078133820953754100, 0.0000000000000000000 ) ) ;
#1564 = CARTESIAN_POINT ( 'NONE',  ( 9.399999999999879600, 13.42339375865887000, 0.0000000000000000000 ) ) ;
#1565 = EDGE_CURVE ( 'NONE', #6232, #2615, #1852, .T. ) ;
#1566 = CARTESIAN_POINT ( 'NONE',  ( 0.0000000000000000000, -1.580274034314412000E-016, 0.0000000000000000000 ) ) ;
#1567 = LINE ( 'NONE', #7879, #1298 ) ;
#1568 = DIRECTION ( 'NONE',  ( 0.0000000000000000000, -1.000000000000000000, 0.0000000000000000000 ) ) ;
#1569 = DIRECTION ( 'NONE',  ( 0.0000000000000000000, -1.000000000000000000, 0.0000000000000000000 ) ) ;
#1570 = AXIS2_PLACEMENT_3D ( 'NONE', #900, #7038, #7765 ) ;
#1571 = DIRECTION ( 'NONE',  ( 0.0000000000000000000, 0.0000000000000000000, -1.000000000000000000 ) ) ;
#1572 = AXIS2_PLACEMENT_3D ( 'NONE', #796, #5619, #1629 ) ;
#1573 = DIRECTION ( 'NONE',  ( 0.0000000000000000000, -1.000000000000000000, 0.0000000000000000000 ) ) ;
#1574 = PRESENTATION_STYLE_ASSIGNMENT (( #5421 ) ) ;
#1575 = VECTOR ( 'NONE', #4788, 1000.000000000000000 ) ;
#1576 = VECTOR ( 'NONE', #3672, 1000.000000000000000 ) ;
#1577 = VECTOR ( 'NONE', #180, 1000.000000000000000 ) ;
#1578 = ADVANCED_FACE ( 'NONE', ( #6258 ), #6105, .F. ) ;
#1579 = SURFACE_SIDE_STYLE ('',( #5425 ) ) ;
#1580 = FACE_BOUND ( 'NONE', #3201, .T. ) ;
#1581 = ORIENTED_EDGE ( 'NONE', *, *, #7434, .F. ) ;
#1582 = EDGE_CURVE ( 'NONE', #4109, #2713, #2672, .T. ) ;
#1583 = AXIS2_PLACEMENT_3D ( 'NONE', #8764, #6298, #7322 ) ;
#1584 = FACE_OUTER_BOUND ( 'NONE', #4387, .T. ) ;
#1585 = UNCERTAINTY_MEASURE_WITH_UNIT (LENGTH_MEASURE( 1.000000000000000100E-005 ), #1727, 'distance_accuracy_value', 'NONE');
#1586 = DIRECTION ( 'NONE',  ( 0.0000000000000000000, 1.000000000000000000, 1.149055390210326800E-016 ) ) ;
#1587 = FACE_BOUND ( 'NONE', #3733, .T. ) ;
#1588 = AXIS2_PLACEMENT_3D ( 'NONE', #1591, #6463, #6308 ) ;
#1589 = SURFACE_STYLE_FILL_AREA ( #2019 ) ;
#1590 = ORIENTED_EDGE ( 'NONE', *, *, #1090, .F. ) ;
#1591 = CARTESIAN_POINT ( 'NONE',  ( -15.59999999999984900, 18.80100000000015100, 39.89999999999999900 ) ) ;
#1592 = DIRECTION ( 'NONE',  ( -0.0000000000000000000, -1.149055390210327300E-016, 1.000000000000000000 ) ) ;
#1593 = DIRECTION ( 'NONE',  ( -1.000000000000000000, -6.308085367188390000E-017, -0.0000000000000000000 ) ) ;
#1594 = DIRECTION ( 'NONE',  ( -0.0000000000000000000, -0.0000000000000000000, -1.000000000000000000 ) ) ;
#1595 = LINE ( 'NONE', #5872, #4378 ) ;
#1596 = EDGE_CURVE ( 'NONE', #2646, #3586, #5178, .T. ) ;
#1597 = CARTESIAN_POINT ( 'NONE',  ( -15.59999999999984900, -20.80000000000000100, 44.70000000000000300 ) ) ;
#1598 = FACE_BOUND ( 'NONE', #6656, .T. ) ;
#1599 = CARTESIAN_POINT ( 'NONE',  ( -31.50000000000000000, -6.999999999999998200, -4.349999999999989000 ) ) ;
#1601 = ORIENTED_EDGE ( 'NONE', *, *, #7811, .T. ) ;
#1600 = COLOUR_RGB ( '',0.7803921568627451000, 0.7607843137254901600, 0.7411764705882353300 ) ;
#1602 = DIRECTION ( 'NONE',  ( 1.000000000000000000, 1.734723475976806800E-016, 0.0000000000000000000 ) ) ;
#1603 = CARTESIAN_POINT ( 'NONE',  ( 17.00000000000000000, 2.828133820953756800, -0.7500000000000005600 ) ) ;
#1604 = DIRECTION ( 'NONE',  ( -0.5150380749100541600, 0.0000000000000000000, 0.8571673007021122200 ) ) ;
#1605 = VERTEX_POINT ( 'NONE', #6990 ) ;
#1606 = DIRECTION ( 'NONE',  ( -0.0000000000000000000, 1.000000000000000000, -0.0000000000000000000 ) ) ;
#1607 = CARTESIAN_POINT ( 'NONE',  ( -25.00000000000000000, -13.42339375865879900, 9.000000000001124400 ) ) ;
#1608 = PRESENTATION_LAYER_ASSIGNMENT (  '', '', ( #5699 ) ) ;
#1609 = ORIENTED_EDGE ( 'NONE', *, *, #362, .F. ) ;
#1610 =( REPRESENTATION_RELATIONSHIP ('NONE','NONE', #4393, #7928 ) REPRESENTATION_RELATIONSHIP_WITH_TRANSFORMATION ( #3091 )SHAPE_REPRESENTATION_RELATIONSHIP( ) );
#1611 = ORIENTED_EDGE ( 'NONE', *, *, #5274, .T. ) ;
#1612 = FACE_BOUND ( 'NONE', #1685, .T. ) ;
#1613 = DIRECTION ( 'NONE',  ( -1.000000000000000000, -0.0000000000000000000, -0.0000000000000000000 ) ) ;
#1614 = CARTESIAN_POINT ( 'NONE',  ( 0.0000000000000000000, -1.892425610156516600E-015, 0.0000000000000000000 ) ) ;
#1615 = MECHANICAL_DESIGN_GEOMETRIC_PRESENTATION_REPRESENTATION (  '', ( #7216 ), #8260 ) ;
#1616 = EDGE_CURVE ( 'NONE', #1691, #6782, #7878, .T. ) ;
#1617 = ORIENTED_EDGE ( 'NONE', *, *, #7894, .F. ) ;
#1618 =( GEOMETRIC_REPRESENTATION_CONTEXT ( 3 ) GLOBAL_UNCERTAINTY_ASSIGNED_CONTEXT ( ( #2523 ) ) GLOBAL_UNIT_ASSIGNED_CONTEXT ( ( #8866, #7413, #270 ) ) REPRESENTATION_CONTEXT ( 'NONE', 'WORKASPACE' ) );
#1619 = CARTESIAN_POINT ( 'NONE',  ( -1.742014973993183200, 1.078133820953754800, 12.04999999999999900 ) ) ;
#1620 = AXIS2_PLACEMENT_3D ( 'NONE', #2595, #3306, #2870 ) ;
#1621 = ORIENTED_EDGE ( 'NONE', *, *, #3811, .F. ) ;
#1622 = AXIS2_PLACEMENT_3D ( 'NONE', #6660, #5769, #5925 ) ;
#1623 = FILL_AREA_STYLE ('',( #8813 ) ) ;
#1624 = CARTESIAN_POINT ( 'NONE',  ( -24.00000000000000000, -13.42339375865879900, 7.750000000001130700 ) ) ;
#1625 = VECTOR ( 'NONE', #7048, 1000.000000000000000 ) ;
#1626 = ADVANCED_FACE ( 'NONE', ( #7143 ), #3684, .F. ) ;
#1627 = VERTEX_POINT ( 'NONE', #2948 ) ;
#1628 = CIRCLE ( 'NONE', #4160, 6.600000000000001400 ) ;
#1629 = DIRECTION ( 'NONE',  ( 0.0000000000000000000, 1.000000000000000000, 0.0000000000000000000 ) ) ;
#1630 = DIRECTION ( 'NONE',  ( 0.0000000000000000000, 0.0000000000000000000, 1.000000000000000000 ) ) ;
#1631 = CARTESIAN_POINT ( 'NONE',  ( -5.875563839680871100, -1.217298626417387100, 6.272298323937842900 ) ) ;
#1632 = EDGE_CURVE ( 'NONE', #5107, #1485, #1288, .T. ) ;
#1633 = CARTESIAN_POINT ( 'NONE',  ( 0.7579850260068169400, 1.078133820953754800, 12.04999999999999900 ) ) ;
#1634 = CYLINDRICAL_SURFACE ( 'NONE', #6525, 13.00000000000000200 ) ;
#1635 = PRODUCT_DEFINITION_SHAPE ( 'NONE', 'NONE',  #7699 ) ;
#1636 = ORIENTED_EDGE ( 'NONE', *, *, #4199, .T. ) ;
#1637 = CARTESIAN_POINT ( 'NONE',  ( -25.39999999999996300, 0.0000000000000000000, 2.800000000000000300 ) ) ;
#1638 = AXIS2_PLACEMENT_3D ( 'NONE', #5255, #7554, #3661 ) ;
#1639 = VECTOR ( 'NONE', #6020, 1000.000000000000000 ) ;
#1640 = ORIENTED_EDGE ( 'NONE', *, *, #857, .T. ) ;
#1641 = DIRECTION ( 'NONE',  ( 1.219727444046192700E-016, -1.000000000000000000, -0.0000000000000000000 ) ) ;
#1642 = ADVANCED_FACE ( 'NONE', ( #7295 ), #5122, .T. ) ;
#1643 = VECTOR ( 'NONE', #3560, 1000.000000000000000 ) ;
#1644 = ORIENTED_EDGE ( 'NONE', *, *, #7916, .F. ) ;
#1645 =( LENGTH_UNIT ( ) NAMED_UNIT ( * ) SI_UNIT ( .MILLI., .METRE. ) );
#1646 = LINE ( 'NONE', #6662, #3038 ) ;
#1647 = DIRECTION ( 'NONE',  ( -1.000000000000000000, 0.0000000000000000000, 0.0000000000000000000 ) ) ;
#1648 = PRESENTATION_LAYER_ASSIGNMENT (  '', '', ( #1548 ) ) ;
#1649 = LINE ( 'NONE', #1804, #7870 ) ;
#1650 = UNCERTAINTY_MEASURE_WITH_UNIT (LENGTH_MEASURE( 1.000000000000000100E-005 ), #7096, 'distance_accuracy_value', 'NONE');
#1651 = EDGE_LOOP ( 'NONE', ( #7942, #4240, #5669, #1406 ) ) ;
#1652 =( LENGTH_UNIT ( ) NAMED_UNIT ( * ) SI_UNIT ( .MILLI., .METRE. ) );
#1653 = ORIENTED_EDGE ( 'NONE', *, *, #8083, .F. ) ;
#1654 = ORIENTED_EDGE ( 'NONE', *, *, #8704, .F. ) ;
#1655 = CARTESIAN_POINT ( 'NONE',  ( -1.169870283417629600, 1.078133820953754500, 1.469576158976833900E-016 ) ) ;
#1656 = FACE_OUTER_BOUND ( 'NONE', #6858, .T. ) ;
#1657 = DIRECTION ( 'NONE',  ( -1.000000000000000000, -1.228762462150238300E-016, 0.0000000000000000000 ) ) ;
#1658 = DIRECTION ( 'NONE',  ( 0.0000000000000000000, 0.0000000000000000000, -1.000000000000000000 ) ) ;
#1659 = AXIS2_PLACEMENT_3D ( 'NONE', #7521, #8548, #4640 ) ;
#1660 = DIRECTION ( 'NONE',  ( 0.0000000000000000000, 1.000000000000000000, 0.0000000000000000000 ) ) ;
#1661 = AXIS2_PLACEMENT_3D ( 'NONE', #3198, #7101, #7247 ) ;
#1662 = CARTESIAN_POINT ( 'NONE',  ( -24.00000000000000000, -7.000000000000003600, -8.579999999999998300 ) ) ;
#1663 =( GEOMETRIC_REPRESENTATION_CONTEXT ( 3 ) GLOBAL_UNCERTAINTY_ASSIGNED_CONTEXT ( ( #3492 ) ) GLOBAL_UNIT_ASSIGNED_CONTEXT ( ( #8756, #4843, #8621 ) ) REPRESENTATION_CONTEXT ( 'NONE', 'WORKASPACE' ) );
#1664 = ORIENTED_EDGE ( 'NONE', *, *, #3985, .F. ) ;
#1665 = SURFACE_SIDE_STYLE ('',( #6959 ) ) ;
#1666 = ORIENTED_EDGE ( 'NONE', *, *, #106, .F. ) ;
#1667 = EDGE_LOOP ( 'NONE', ( #8248, #772, #7250, #1985 ) ) ;
#1668 = DIRECTION ( 'NONE',  ( -1.000000000000000000, -6.308085367188390000E-017, -0.0000000000000000000 ) ) ;
#1669 = DIRECTION ( 'NONE',  ( 1.000000000000000000, 1.219727444046192700E-016, 0.0000000000000000000 ) ) ;
#1670 = VECTOR ( 'NONE', #266, 1000.000000000000100 ) ;
#1671 = DIRECTION ( 'NONE',  ( 0.0000000000000000000, 0.0000000000000000000, -1.000000000000000000 ) ) ;
#1672 = CONICAL_SURFACE ( 'NONE', #4030, 1.249999999999999300, 1.029744258676654100 ) ;
#1673 = ORIENTED_EDGE ( 'NONE', *, *, #895, .F. ) ;
#1674 =( NAMED_UNIT ( * ) PLANE_ANGLE_UNIT ( ) SI_UNIT ( $, .RADIAN. ) );
#1675 = ORIENTED_EDGE ( 'NONE', *, *, #540, .F. ) ;
#1676 = ORIENTED_EDGE ( 'NONE', *, *, #4435, .F. ) ;
#1677 = CARTESIAN_POINT ( 'NONE',  ( 35.86999999999999700, 1.250000000000001800, -13.04999999999999900 ) ) ;
#1678 = CIRCLE ( 'NONE', #2323, 2.999999999999998200 ) ;
#1679 = EDGE_CURVE ( 'NONE', #3636, #3810, #999, .T. ) ;
#1680 = PRESENTATION_LAYER_ASSIGNMENT (  '', '', ( #617 ) ) ;
#1681 = SURFACE_STYLE_FILL_AREA ( #6239 ) ;
#1682 = ORIENTED_EDGE ( 'NONE', *, *, #2920, .F. ) ;
#1683 = DIRECTION ( 'NONE',  ( 0.0000000000000000000, 0.0000000000000000000, 1.000000000000000000 ) ) ;
#1684 = DIRECTION ( 'NONE',  ( -1.219727444046192700E-016, 1.000000000000000000, -0.0000000000000000000 ) ) ;
#1685 = EDGE_LOOP ( 'NONE', ( #2673, #1877 ) ) ;
#1686 =( NAMED_UNIT ( * ) PLANE_ANGLE_UNIT ( ) SI_UNIT ( $, .RADIAN. ) );
#1687 = CARTESIAN_POINT ( 'NONE',  ( 1.053355855920124400, 2.988138189919542100E-016, -2.440000000000000400 ) ) ;
#1688 = COLOUR_RGB ( '',0.8980392156862745400, 0.9215686274509803400, 0.9294117647058823800 ) ;
#1689 = SURFACE_STYLE_FILL_AREA ( #8006 ) ;
#1690 = COLOUR_RGB ( '',0.1019607843137254900, 0.1019607843137254900, 0.1019607843137254900 ) ;
#1691 = VERTEX_POINT ( 'NONE', #3979 ) ;
#1692 = PRODUCT_CONTEXT ( 'NONE', #748, 'mechanical' ) ;
#1693 = DIRECTION ( 'NONE',  ( 0.0000000000000000000, 1.000000000000000000, 1.149055390210327300E-016 ) ) ;
#1694 = VERTEX_POINT ( 'NONE', #711 ) ;
#1695 = MECHANICAL_DESIGN_GEOMETRIC_PRESENTATION_REPRESENTATION (  '', ( #4471 ), #7793 ) ;
#1696 = CIRCLE ( 'NONE', #3637, 13.00000000000000200 ) ;
#1697 = VECTOR ( 'NONE', #7544, 1000.000000000000000 ) ;
#1698 = ADVANCED_FACE ( 'NONE', ( #1843 ), #880, .T. ) ;
#1699 = EDGE_CURVE ( 'NONE', #1485, #2503, #7220, .T. ) ;
#1700 = ORIENTED_EDGE ( 'NONE', *, *, #1403, .F. ) ;
#1701 = APPLICATION_PROTOCOL_DEFINITION ( 'draft international standard', 'automotive_design', 1998, #4684 ) ;
#1702 = ORIENTED_EDGE ( 'NONE', *, *, #8597, .F. ) ;
#1703 = CARTESIAN_POINT ( 'NONE',  ( 3.673940397442059900E-016, -3.000000000000000900, 6.173195309819862000 ) ) ;
#1704 = CARTESIAN_POINT ( 'NONE',  ( 2.399999999999999500, 0.0000000000000000000, 0.0000000000000000000 ) ) ;
#1705 = CARTESIAN_POINT ( 'NONE',  ( -25.00000000000000000, -7.987769275717525400, 8.659297907259988500 ) ) ;
#1706 = COLOUR_RGB ( '',0.2862745098039215500, 0.6627450980392156600, 0.3294117647058823500 ) ;
#1707 = VECTOR ( 'NONE', #4464, 1000.000000000000000 ) ;
#1708 = MECHANICAL_DESIGN_GEOMETRIC_PRESENTATION_REPRESENTATION (  '', ( #4196 ), #3262 ) ;
#1709 = ORIENTED_EDGE ( 'NONE', *, *, #5324, .F. ) ;
#1710 = CARTESIAN_POINT ( 'NONE',  ( 0.8447173747686157500, 2.652238846007557900, -0.6992215952309299700 ) ) ;
#1711 = DIRECTION ( 'NONE',  ( -0.0000000000000000000, -1.149055390210327300E-016, 1.000000000000000000 ) ) ;
#1712 = DIRECTION ( 'NONE',  ( -1.000000000000000000, -6.308085367188390000E-017, -0.0000000000000000000 ) ) ;
#1713 =( LENGTH_UNIT ( ) NAMED_UNIT ( * ) SI_UNIT ( .MILLI., .METRE. ) );
#1714 = CARTESIAN_POINT ( 'NONE',  ( -25.00000000000000000, 13.42339375865879700, -8.999999999999994700 ) ) ;
#1715 = AXIS2_PLACEMENT_3D ( 'NONE', #28, #5420, #7748 ) ;
#1716 = CARTESIAN_POINT ( 'NONE',  ( -15.59999999999984900, -18.79999999999999700, 44.70000000000000300 ) ) ;
#1717 = CARTESIAN_POINT ( 'NONE',  ( 15.60000000000015100, -18.79999999999999700, 9.500000000000001800 ) ) ;
#1718 = DIRECTION ( 'NONE',  ( 1.000000000000000000, -0.0000000000000000000, -0.0000000000000000000 ) ) ;
#1719 = PRESENTATION_STYLE_ASSIGNMENT (( #9 ) ) ;
#1720 = AXIS2_PLACEMENT_3D ( 'NONE', #4009, #1310, #8485 ) ;
#1721 = CARTESIAN_POINT ( 'NONE',  ( -24.00000000000000000, 9.741652934026770300E-013, 15.50000000000056500 ) ) ;
#1722 = VECTOR ( 'NONE', #6899, 1000.000000000000000 ) ;
#1723 = DIRECTION ( 'NONE',  ( 1.000000000000000000, 0.0000000000000000000, 0.0000000000000000000 ) ) ;
#1724 = DIRECTION ( 'NONE',  ( 0.0000000000000000000, 1.000000000000000000, 1.149055390210327300E-016 ) ) ;
#1725 = FILL_AREA_STYLE_COLOUR ( '', #4404 ) ;
#1726 = EDGE_CURVE ( 'NONE', #1186, #7218, #7735, .T. ) ;
#1727 =( LENGTH_UNIT ( ) NAMED_UNIT ( * ) SI_UNIT ( .MILLI., .METRE. ) );
#1728 = FILL_AREA_STYLE ('',( #2693 ) ) ;
#1729 = DIRECTION ( 'NONE',  ( 0.0000000000000000000, -1.000000000000000000, 0.0000000000000000000 ) ) ;
#1730 = SURFACE_STYLE_FILL_AREA ( #5558 ) ;
#1731 = FILL_AREA_STYLE_COLOUR ( '', #1984 ) ;
#1732 = FACE_OUTER_BOUND ( 'NONE', #2761, .T. ) ;
#1733 = FACE_OUTER_BOUND ( 'NONE', #7502, .T. ) ;
#1734 = CARTESIAN_POINT ( 'NONE',  ( 35.86999999999999700, 1.250000000000002000, -12.05000000000000100 ) ) ;
#1735 = CARTESIAN_POINT ( 'NONE',  ( -25.00000000000000000, 15.49999999999999800, -1.249999999999996200 ) ) ;
#1736 = PLANE ( 'NONE',  #2625 ) ;
#1737 = EDGE_CURVE ( 'NONE', #7674, #3346, #573, .T. ) ;
#1738 = FACE_BOUND ( 'NONE', #6383, .T. ) ;
#1739 = DIRECTION ( 'NONE',  ( -1.219727444046192700E-016, 1.000000000000000000, -0.0000000000000000000 ) ) ;
#1740 = EDGE_LOOP ( 'NONE', ( #8285, #409 ) ) ;
#1741 = LINE ( 'NONE', #318, #708 ) ;
#1742 = FACE_BOUND ( 'NONE', #6968, .T. ) ;
#1743 = FACE_OUTER_BOUND ( 'NONE', #4258, .T. ) ;
#1744 = ORIENTED_EDGE ( 'NONE', *, *, #7379, .T. ) ;
#1745 = CARTESIAN_POINT ( 'NONE',  ( 2.949029909160572100E-014, 9.500000000000001800, 4.799999999999999800 ) ) ;
#1746 = FACE_OUTER_BOUND ( 'NONE', #5035, .T. ) ;
#1747 = CIRCLE ( 'NONE', #4612, 2.629310344827586700 ) ;
#1748 = PRESENTATION_LAYER_ASSIGNMENT (  '', '', ( #2120 ) ) ;
#1749 = FACE_OUTER_BOUND ( 'NONE', #209, .T. ) ;
#1750 = STYLED_ITEM ( 'NONE', ( #5518 ), #1519 ) ;
#1751 = FACE_OUTER_BOUND ( 'NONE', #3448, .T. ) ;
#1752 = AXIS2_PLACEMENT_3D ( 'NONE', #5676, #8736, #6270 ) ;
#1753 = EDGE_CURVE ( 'NONE', #8450, #8068, #1994, .T. ) ;
#1754 = ORIENTED_EDGE ( 'NONE', *, *, #7797, .T. ) ;
#1755 = CYLINDRICAL_SURFACE ( 'NONE', #3067, 1.574999999999998200 ) ;
#1756 = MECHANICAL_DESIGN_GEOMETRIC_PRESENTATION_REPRESENTATION (  '', ( #457 ), #5941 ) ;
#1757 = CARTESIAN_POINT ( 'NONE',  ( 0.3550635713580529400, 0.8271992938495940100, 1.655387236307480400 ) ) ;
#1758 = ORIENTED_EDGE ( 'NONE', *, *, #4489, .F. ) ;
#1759 = COLOUR_RGB ( '',0.7921568627450980000, 0.8196078431372548800, 0.9333333333333333500 ) ;
#1760 = CARTESIAN_POINT ( 'NONE',  ( 18.80000000000015300, -20.80000000000000100, 2.000000000000000000 ) ) ;
#1761 = DIRECTION ( 'NONE',  ( 1.000000000000000000, 1.734723475976806800E-016, 0.0000000000000000000 ) ) ;
#1762 = CARTESIAN_POINT ( 'NONE',  ( -24.00000000000000000, 13.42339375865977000, 9.000000000000559600 ) ) ;
#1763 = SURFACE_STYLE_USAGE ( .BOTH. , #2037 ) ;
#1764 = FACE_OUTER_BOUND ( 'NONE', #3747, .T. ) ;
#1765 = ORIENTED_EDGE ( 'NONE', *, *, #5502, .T. ) ;
#1766 = ADVANCED_FACE ( 'NONE', ( #5412 ), #1672, .F. ) ;
#1767 = ADVANCED_FACE ( 'NONE', ( #8304 ), #1152, .F. ) ;
#1768 = AXIS2_PLACEMENT_3D ( 'NONE', #7754, #2570, #603 ) ;
#1769 = CARTESIAN_POINT ( 'NONE',  ( -2.727187588314025300, 1.249979143294123200, 2.482713499884449800 ) ) ;
#1770 = CARTESIAN_POINT ( 'NONE',  ( -2.795467654412649300, -1.090854170987477100, 1.768373438305556700 ) ) ;
#1771 = ORIENTED_EDGE ( 'NONE', *, *, #7082, .T. ) ;
#1772 = COLOUR_RGB ( '',0.1019607843137254900, 0.1019607843137254900, 0.1019607843137254900 ) ;
#1773 = VECTOR ( 'NONE', #7767, 1000.000000000000000 ) ;
#1774 = SURFACE_STYLE_USAGE ( .BOTH. , #7789 ) ;
#1775 = CARTESIAN_POINT ( 'NONE',  ( 30.09999999999999800, -6.999999999999998200, 0.0000000000000000000 ) ) ;
#1776 = EDGE_LOOP ( 'NONE', ( #2099, #109 ) ) ;
#1777 = CARTESIAN_POINT ( 'NONE',  ( -15.59999999999984900, -18.79999999999999700, 27.09999999999999800 ) ) ;
#1778 = CARTESIAN_POINT ( 'NONE',  ( -25.00000000000000000, 15.49999999999999800, -1.951563910473908000E-015 ) ) ;
#1779 = MECHANICAL_DESIGN_GEOMETRIC_PRESENTATION_REPRESENTATION (  '', ( #1117 ), #4909 ) ;
#1780 = EDGE_LOOP ( 'NONE', ( #4553, #8206, #5128, #2661, #5317 ) ) ;
#1781 = ADVANCED_FACE ( 'NONE', ( #3420 ), #4061, .F. ) ;
#1782 = UNCERTAINTY_MEASURE_WITH_UNIT (LENGTH_MEASURE( 1.000000000000000100E-005 ), #612, 'distance_accuracy_value', 'NONE');
#1783 = STYLED_ITEM ( 'NONE', ( #3109 ), #4698 ) ;
#1784 = FACE_OUTER_BOUND ( 'NONE', #4107, .T. ) ;
#1785 = ORIENTED_EDGE ( 'NONE', *, *, #8733, .F. ) ;
#1786 = DIRECTION ( 'NONE',  ( 0.5423812514816863700, -0.8166535888786752300, 0.1972295459933405800 ) ) ;
#1787 = EDGE_CURVE ( 'NONE', #3390, #5520, #6271, .T. ) ;
#1788 = EDGE_LOOP ( 'NONE', ( #4050, #7694 ) ) ;
#1789 = DIRECTION ( 'NONE',  ( 1.000000000000000000, -0.0000000000000000000, -0.0000000000000000000 ) ) ;
#1790 = CARTESIAN_POINT ( 'NONE',  ( -15.59999999999984900, 18.80100000000015100, 20.69999999999999900 ) ) ;
#1791 =( NAMED_UNIT ( * ) SI_UNIT ( $, .STERADIAN. ) SOLID_ANGLE_UNIT ( ) );
#1792 = COLOUR_RGB ( '',0.2862745098039215500, 0.6627450980392156600, 0.3294117647058823500 ) ;
#1793 = DIRECTION ( 'NONE',  ( 1.000000000000000000, 0.0000000000000000000, 0.0000000000000000000 ) ) ;
#1794 = DIRECTION ( 'NONE',  ( 0.0000000000000000000, 1.000000000000000000, 1.149055390210326800E-016 ) ) ;
#1795 = EDGE_LOOP ( 'NONE', ( #6920, #3605, #1373, #4605 ) ) ;
#1796 = PRODUCT_DEFINITION_FORMATION_WITH_SPECIFIED_SOURCE ( 'ANY', '', #6727, .NOT_KNOWN. ) ;
#1797 = DIRECTION ( 'NONE',  ( 1.000000000000000000, 1.219727444046192700E-016, 0.0000000000000000000 ) ) ;
#1798 = CARTESIAN_POINT ( 'NONE',  ( 30.00000000000000000, 1.250000000000002000, -12.05000000000000100 ) ) ;
#1799 = ADVANCED_FACE ( 'NONE', ( #5287 ), #2837, .F. ) ;
#1800 = DIRECTION ( 'NONE',  ( -1.219727444046192700E-016, 1.000000000000000000, -0.0000000000000000000 ) ) ;
#1801 = EDGE_LOOP ( 'NONE', ( #6467, #6847, #4629, #6807 ) ) ;
#1802 = COLOUR_RGB ( '',0.8980392156862745400, 0.9215686274509803400, 0.9294117647058823800 ) ;
#1803 = DIRECTION ( 'NONE',  ( -0.0000000000000000000, -1.149055390210327300E-016, 1.000000000000000000 ) ) ;
#1804 = CARTESIAN_POINT ( 'NONE',  ( 30.00000000000000000, 1.250000000000001800, -13.04999999999999900 ) ) ;
#1805 = AXIS2_PLACEMENT_3D ( 'NONE', #1124, #1274, #5394 ) ;
#1806 = PRODUCT_DEFINITION_FORMATION_WITH_SPECIFIED_SOURCE ( 'ANY', '', #8676, .NOT_KNOWN. ) ;
#1807 = EDGE_LOOP ( 'NONE', ( #4948, #7800 ) ) ;
#1808 =( NAMED_UNIT ( * ) PLANE_ANGLE_UNIT ( ) SI_UNIT ( $, .RADIAN. ) );
#1809 = ORIENTED_EDGE ( 'NONE', *, *, #4529, .F. ) ;
#1810 = DIRECTION ( 'NONE',  ( 0.0000000000000000000, 0.0000000000000000000, 1.000000000000000000 ) ) ;
#1811 = SURFACE_SIDE_STYLE ('',( #4776 ) ) ;
#1812 = CARTESIAN_POINT ( 'NONE',  ( -15.59999999999984900, -18.79999999999999700, 39.89999999999999900 ) ) ;
#1813 = AXIS2_PLACEMENT_3D ( 'NONE', #450, #8321, #4690 ) ;
#1814 = MECHANICAL_DESIGN_GEOMETRIC_PRESENTATION_REPRESENTATION (  '', ( #8269 ), #7673 ) ;
#1815 = ORIENTED_EDGE ( 'NONE', *, *, #2362, .F. ) ;
#1816 =( LENGTH_UNIT ( ) NAMED_UNIT ( * ) SI_UNIT ( .MILLI., .METRE. ) );
#1817 = ORIENTED_EDGE ( 'NONE', *, *, #5562, .T. ) ;
#1818 = PRESENTATION_LAYER_ASSIGNMENT (  '', '', ( #8581 ) ) ;
#1819 = VERTEX_POINT ( 'NONE', #1716 ) ;
#1820 = CYLINDRICAL_SURFACE ( 'NONE', #8152, 1.599999999999997200 ) ;
#1821 = EDGE_CURVE ( 'NONE', #1228, #2801, #4999, .T. ) ;
#1822 = DIRECTION ( 'NONE',  ( 0.0000000000000000000, 0.0000000000000000000, 1.000000000000000000 ) ) ;
#1823 = EDGE_CURVE ( 'NONE', #5624, #3673, #455, .T. ) ;
#1824 = EDGE_LOOP ( 'NONE', ( #1841, #4066, #7776, #6022 ) ) ;
#1825 = ORIENTED_EDGE ( 'NONE', *, *, #7009, .T. ) ;
#1826 = ORIENTED_EDGE ( 'NONE', *, *, #8262, .T. ) ;
#1827 = AXIS2_PLACEMENT_3D ( 'NONE', #8103, #3768, #669 ) ;
#1828 = CIRCLE ( 'NONE', #8075, 1.249999999999990700 ) ;
#1829 = AXIS2_PLACEMENT_3D ( 'NONE', #299, #5285, #1430 ) ;
#1830 = ORIENTED_EDGE ( 'NONE', *, *, #5181, .T. ) ;
#1831 = SURFACE_STYLE_USAGE ( .BOTH. , #7844 ) ;
#1832 = ORIENTED_EDGE ( 'NONE', *, *, #8052, .F. ) ;
#1833 = CARTESIAN_POINT ( 'NONE',  ( -24.00000000000000000, -7.750000000000578200, -13.42339375865780900 ) ) ;
#1834 = ORIENTED_EDGE ( 'NONE', *, *, #5142, .T. ) ;
#1835 = APPLICATION_PROTOCOL_DEFINITION ( 'draft international standard', 'automotive_design', 1998, #8623 ) ;
#1836 = DIRECTION ( 'NONE',  ( 0.0000000000000000000, 0.0000000000000000000, -1.000000000000000000 ) ) ;
#1837 = ORIENTED_EDGE ( 'NONE', *, *, #171, .T. ) ;
#1838 = ADVANCED_FACE ( 'NONE', ( #7880 ), #2748, .F. ) ;
#1839 = CARTESIAN_POINT ( 'NONE',  ( -3.000000000000000000, 0.0000000000000000000, 1.149999999999998400 ) ) ;
#1840 = CARTESIAN_POINT ( 'NONE',  ( 17.00000000000000000, 2.328133820953756800, -2.250000000000000400 ) ) ;
#1841 = ORIENTED_EDGE ( 'NONE', *, *, #7826, .F. ) ;
#1842 = CONTEXT_DEPENDENT_SHAPE_REPRESENTATION ( #8314, #6887 ) ;
#1843 = FACE_OUTER_BOUND ( 'NONE', #7716, .T. ) ;
#1844 = VERTEX_POINT ( 'NONE', #1020 ) ;
#1845 = EDGE_CURVE ( 'NONE', #4805, #1474, #4995, .T. ) ;
#1846 = CARTESIAN_POINT ( 'NONE',  ( -5.968761835731642800, 0.6299628033887906300, 7.691969684348563900 ) ) ;
#1847 = EDGE_LOOP ( 'NONE', ( #7966, #3537, #5738, #8537 ) ) ;
#1848 = ORIENTED_EDGE ( 'NONE', *, *, #4669, .T. ) ;
#1849 = CARTESIAN_POINT ( 'NONE',  ( 15.60000000000015100, -20.80000000000000100, 15.90000000000000400 ) ) ;
#1850 = LINE ( 'NONE', #8176, #8195 ) ;
#1851 = DIRECTION ( 'NONE',  ( -0.0000000000000000000, -1.000000000000000000, -0.0000000000000000000 ) ) ;
#1852 = CIRCLE ( 'NONE', #4351, 1.574999999999997500 ) ;
#1853 = FACE_OUTER_BOUND ( 'NONE', #3133, .T. ) ;
#1854 = FACE_OUTER_BOUND ( 'NONE', #903, .T. ) ;
#1855 = ORIENTED_EDGE ( 'NONE', *, *, #522, .F. ) ;
#1856 = CIRCLE ( 'NONE', #7664, 0.5000000000000000000 ) ;
#1857 = AXIS2_PLACEMENT_3D ( 'NONE', #7344, #8070, #8521 ) ;
#1858 = ADVANCED_FACE ( 'NONE', ( #2561 ), #5557, .T. ) ;
#1859 = SURFACE_SIDE_STYLE ('',( #6274 ) ) ;
#1860 = AXIS2_PLACEMENT_3D ( 'NONE', #327, #4715, #5014 ) ;
#1861 = SURFACE_STYLE_FILL_AREA ( #6427 ) ;
#1862 = STYLED_ITEM ( 'NONE', ( #3782 ), #186 ) ;
#1863 = CARTESIAN_POINT ( 'NONE',  ( -25.00000000000000000, -6.999999999999998200, 8.579999999999996500 ) ) ;
#1864 = FACE_OUTER_BOUND ( 'NONE', #6893, .T. ) ;
#1865 =( GEOMETRIC_REPRESENTATION_CONTEXT ( 3 ) GLOBAL_UNCERTAINTY_ASSIGNED_CONTEXT ( ( #7669 ) ) GLOBAL_UNIT_ASSIGNED_CONTEXT ( ( #8042, #2987, #765 ) ) REPRESENTATION_CONTEXT ( 'NONE', 'WORKASPACE' ) );
#1866 = CYLINDRICAL_SURFACE ( 'NONE', #8828, 3.000000000000000000 ) ;
#1867 = FACE_OUTER_BOUND ( 'NONE', #293, .T. ) ;
#1868 = ADVANCED_FACE ( 'NONE', ( #2982 ), #5992, .F. ) ;
#1869 = FACE_OUTER_BOUND ( 'NONE', #410, .T. ) ;
#1870 = CARTESIAN_POINT ( 'NONE',  ( -24.00000000000000000, -13.42339375865879900, 7.750000000001130700 ) ) ;
#1871 = LINE ( 'NONE', #2974, #7362 ) ;
#1872 = LINE ( 'NONE', #8474, #1010 ) ;
#1873 = CARTESIAN_POINT ( 'NONE',  ( 0.8873228869518060600, -0.1426628679824845100, 2.755735814439283200 ) ) ;
#1874 = PRESENTATION_STYLE_ASSIGNMENT (( #1444 ) ) ;
#1875 = UNCERTAINTY_MEASURE_WITH_UNIT (LENGTH_MEASURE( 1.000000000000000100E-005 ), #8087, 'distance_accuracy_value', 'NONE');
#1876 =( LENGTH_UNIT ( ) NAMED_UNIT ( * ) SI_UNIT ( .MILLI., .METRE. ) );
#1877 = ORIENTED_EDGE ( 'NONE', *, *, #7041, .F. ) ;
#1878 = CARTESIAN_POINT ( 'NONE',  ( -24.00000000000000000, 9.741652934026770300E-013, 15.50000000000056500 ) ) ;
#1879 = EDGE_CURVE ( 'NONE', #6114, #6394, #3417, .T. ) ;
#1880 = DIRECTION ( 'NONE',  ( 1.219727444046192700E-016, -1.000000000000000000, -0.0000000000000000000 ) ) ;
#1881 = DIRECTION ( 'NONE',  ( 0.0000000000000000000, 0.0000000000000000000, 1.000000000000000000 ) ) ;
#1882 = EDGE_CURVE ( 'NONE', #699, #283, #6881, .T. ) ;
#1883 = FILL_AREA_STYLE_COLOUR ( '', #3010 ) ;
#1884 = DIRECTION ( 'NONE',  ( 0.0000000000000000000, -1.000000000000000000, 0.0000000000000000000 ) ) ;
#1885 = CARTESIAN_POINT ( 'NONE',  ( -20.50000000000000000, 2.400000000000000400, 3.001000000000000300 ) ) ;
#1886 = LINE ( 'NONE', #2164, #2492 ) ;
#1887 = DIRECTION ( 'NONE',  ( 0.0000000000000000000, -1.000000000000000000, 0.0000000000000000000 ) ) ;
#1888 = DIRECTION ( 'NONE',  ( -0.9126647072210137800, 0.2385373666600387700, -0.3318780753530961600 ) ) ;
#1889 = FILL_AREA_STYLE ('',( #6465 ) ) ;
#1890 = CIRCLE ( 'NONE', #686, 5.000000000000000900 ) ;
#1891 = AXIS2_PLACEMENT_3D ( 'NONE', #7505, #6793, #3474 ) ;
#1892 = CARTESIAN_POINT ( 'NONE',  ( -8.227241335952163200, 6.325000000000004600, 4.799999999999999800 ) ) ;
#1893 = DIRECTION ( 'NONE',  ( -0.0000000000000000000, 1.149055390210327300E-016, -1.000000000000000000 ) ) ;
#1894 = DIRECTION ( 'NONE',  ( 0.0000000000000000000, 0.0000000000000000000, 1.000000000000000000 ) ) ;
#1895 = ORIENTED_EDGE ( 'NONE', *, *, #2940, .T. ) ;
#1896 = CIRCLE ( 'NONE', #6254, 1.249999999999999300 ) ;
#1897 = LINE ( 'NONE', #4458, #1265 ) ;
#1898 = EDGE_CURVE ( 'NONE', #5915, #3351, #3964, .T. ) ;
#1899 = DIRECTION ( 'NONE',  ( -0.0000000000000000000, -1.149055390210327300E-016, 1.000000000000000000 ) ) ;
#1900 = FACE_BOUND ( 'NONE', #2936, .T. ) ;
#1901 = VERTEX_POINT ( 'NONE', #8755 ) ;
#1902 = FACE_OUTER_BOUND ( 'NONE', #6180, .T. ) ;
#1903 = CARTESIAN_POINT ( 'NONE',  ( -2.727158964201195500, 1.250041593737812700, 2.235520393789374600 ) ) ;
#1904 = CARTESIAN_POINT ( 'NONE',  ( 35.86999999999999700, -1.249999999999998000, 12.05000000000000100 ) ) ;
#1905 = CARTESIAN_POINT ( 'NONE',  ( 6.555757927839308200E-016, 6.999999999999999100, 51.20100000000000100 ) ) ;
#1906 = FACE_BOUND ( 'NONE', #1460, .T. ) ;
#1907 = ORIENTED_EDGE ( 'NONE', *, *, #191, .F. ) ;
#1908 = LINE ( 'NONE', #4735, #2340 ) ;
#1909 = ORIENTED_EDGE ( 'NONE', *, *, #7770, .T. ) ;
#1910 = CYLINDRICAL_SURFACE ( 'NONE', #4953, 1.599999999999997200 ) ;
#1911 = PRESENTATION_LAYER_ASSIGNMENT (  '', '', ( #5070 ) ) ;
#1912 = ORIENTED_EDGE ( 'NONE', *, *, #4190, .F. ) ;
#1913 = CARTESIAN_POINT ( 'NONE',  ( 9.500000000000000000, 3.578133820953755900, -5.000000000000000000 ) ) ;
#1914 = ADVANCED_FACE ( 'NONE', ( #598 ), #8487, .F. ) ;
#1915 = CARTESIAN_POINT ( 'NONE',  ( 1.530808498934191600E-016, 5.000000000000000000, 1.250000000000000000 ) ) ;
#1916 = FACE_OUTER_BOUND ( 'NONE', #8335, .T. ) ;
#1917 = EDGE_LOOP ( 'NONE', ( #7666, #558, #808, #2119 ) ) ;
#1918 = CIRCLE ( 'NONE', #4900, 1.600000000000004100 ) ;
#1919 = COLOUR_RGB ( '',0.2000000000000000100, 0.2000000000000000100, 0.2000000000000000100 ) ;
#1920 = DIRECTION ( 'NONE',  ( -0.0000000000000000000, 1.149055390210327300E-016, -1.000000000000000000 ) ) ;
#1921 = ORIENTED_EDGE ( 'NONE', *, *, #4563, .T. ) ;
#1922 = FACE_OUTER_BOUND ( 'NONE', #7005, .T. ) ;
#1923 = FACE_OUTER_BOUND ( 'NONE', #7, .T. ) ;
#1924 = ADVANCED_FACE ( 'NONE', ( #6890 ), #1038, .T. ) ;
#1925 = EDGE_CURVE ( 'NONE', #8656, #6675, #608, .T. ) ;
#1926 = AXIS2_PLACEMENT_3D ( 'NONE', #6792, #364, #219 ) ;
#1927 = CARTESIAN_POINT ( 'NONE',  ( 13.84999999999999800, 1.082359215041371300E-013, 2.000000000000001800 ) ) ;
#1928 =( GEOMETRIC_REPRESENTATION_CONTEXT ( 3 ) GLOBAL_UNCERTAINTY_ASSIGNED_CONTEXT ( ( #5176 ) ) GLOBAL_UNIT_ASSIGNED_CONTEXT ( ( #8088, #3616, #3033 ) ) REPRESENTATION_CONTEXT ( 'NONE', 'WORKASPACE' ) );
#1929 = ORIENTED_EDGE ( 'NONE', *, *, #5971, .T. ) ;
#1930 = AXIS2_PLACEMENT_3D ( 'NONE', #8471, #3707, #7751 ) ;
#1931 = CARTESIAN_POINT ( 'NONE',  ( 9.500000000000000000, 3.578133820953755900, 5.000000000000000000 ) ) ;
#1932 = CYLINDRICAL_SURFACE ( 'NONE', #5469, 5.000000000000000000 ) ;
#1933 = VERTEX_POINT ( 'NONE', #7607 ) ;
#1934 = DIRECTION ( 'NONE',  ( 0.0000000000000000000, 0.0000000000000000000, -1.000000000000000000 ) ) ;
#1935 = CARTESIAN_POINT ( 'NONE',  ( -9.500000000000000000, 6.078133820953754100, 2.000000000000000000 ) ) ;
#1936 = VECTOR ( 'NONE', #6505, 1000.000000000000000 ) ;
#1937 = AXIS2_PLACEMENT_3D ( 'NONE', #4696, #6140, #891 ) ;
#1938 = ORIENTED_EDGE ( 'NONE', *, *, #1195, .F. ) ;
#1939 = ORIENTED_EDGE ( 'NONE', *, *, #8582, .F. ) ;
#1940 = DIRECTION ( 'NONE',  ( -0.0000000000000000000, -0.0000000000000000000, 1.000000000000000000 ) ) ;
#1941 = FACE_OUTER_BOUND ( 'NONE', #5744, .T. ) ;
#1942 = FACE_OUTER_BOUND ( 'NONE', #325, .T. ) ;
#1943 = FACE_BOUND ( 'NONE', #7115, .T. ) ;
#1944 = ADVANCED_FACE ( 'NONE', ( #1743 ), #3556, .T. ) ;
#1945 = ORIENTED_EDGE ( 'NONE', *, *, #6476, .F. ) ;
#1946 =( LENGTH_UNIT ( ) NAMED_UNIT ( * ) SI_UNIT ( .MILLI., .METRE. ) );
#1947 = ORIENTED_EDGE ( 'NONE', *, *, #8514, .T. ) ;
#1948 = ORIENTED_EDGE ( 'NONE', *, *, #164, .T. ) ;
#1949 = DIRECTION ( 'NONE',  ( 0.0000000000000000000, -1.000000000000000000, 0.0000000000000000000 ) ) ;
#1950 = CARTESIAN_POINT ( 'NONE',  ( 31.00000000000000000, -6.999999999999998200, 0.0000000000000000000 ) ) ;
#1951 =( GEOMETRIC_REPRESENTATION_CONTEXT ( 3 ) GLOBAL_UNCERTAINTY_ASSIGNED_CONTEXT ( ( #1782 ) ) GLOBAL_UNIT_ASSIGNED_CONTEXT ( ( #612, #7319, #4710 ) ) REPRESENTATION_CONTEXT ( 'NONE', 'WORKASPACE' ) );
#1952 = EDGE_CURVE ( 'NONE', #3685, #2361, #4692, .T. ) ;
#1953 = ORIENTED_EDGE ( 'NONE', *, *, #4781, .F. ) ;
#1954 =( NAMED_UNIT ( * ) PLANE_ANGLE_UNIT ( ) SI_UNIT ( $, .RADIAN. ) );
#1955 = PRESENTATION_STYLE_ASSIGNMENT (( #3363 ) ) ;
#1956 = EDGE_LOOP ( 'NONE', ( #5750, #5040, #1948, #2353 ) ) ;
#1957 = ORIENTED_EDGE ( 'NONE', *, *, #4475, .T. ) ;
#1958 = FILL_AREA_STYLE_COLOUR ( '', #2022 ) ;
#1959 = FACE_OUTER_BOUND ( 'NONE', #8396, .T. ) ;
#1960 = ORIENTED_EDGE ( 'NONE', *, *, #1978, .T. ) ;
#1961 = FILL_AREA_STYLE ('',( #979 ) ) ;
#1962 = EDGE_LOOP ( 'NONE', ( #7860, #3598, #4767, #8505 ) ) ;
#1963 = VERTEX_POINT ( 'NONE', #3579 ) ;
#1964 = SURFACE_SIDE_STYLE ('',( #7991 ) ) ;
#1965 = STYLED_ITEM ( 'NONE', ( #4169 ), #5078 ) ;
#1966 = CIRCLE ( 'NONE', #5253, 1.600000000000004100 ) ;
#1967 = CARTESIAN_POINT ( 'NONE',  ( -2.727153556335732100, -1.250053392319362600, 6.681814059948090200 ) ) ;
#1968 = EDGE_CURVE ( 'NONE', #7586, #5368, #4444, .T. ) ;
#1969 = ORIENTED_EDGE ( 'NONE', *, *, #6444, .T. ) ;
#1970 = APPLICATION_PROTOCOL_DEFINITION ( 'draft international standard', 'automotive_design', 1998, #2604 ) ;
#1971 = CARTESIAN_POINT ( 'NONE',  ( 17.15000000000000200, 1.084379882259964400E-013, 0.0000000000000000000 ) ) ;
#1972 = CARTESIAN_POINT ( 'NONE',  ( 30.00000000000000000, 1.250000000000002000, 12.05000000000000100 ) ) ;
#1973 = ORIENTED_EDGE ( 'NONE', *, *, #7386, .F. ) ;
#1974 = FILL_AREA_STYLE ('',( #5811 ) ) ;
#1975 = CARTESIAN_POINT ( 'NONE',  ( 4.905364438534995500, -0.3620838873443737400, -1.264209135758642100E-015 ) ) ;
#1976 = CARTESIAN_POINT ( 'NONE',  ( -11.00000000000000000, 1.078133820953753400, 2.000000000000000000 ) ) ;
#1977 = EDGE_CURVE ( 'NONE', #7674, #170, #2793, .T. ) ;
#1978 = EDGE_CURVE ( 'NONE', #5289, #6716, #2026, .T. ) ;
#1979 = ORIENTED_EDGE ( 'NONE', *, *, #4003, .F. ) ;
#1980 = ORIENTED_EDGE ( 'NONE', *, *, #5180, .T. ) ;
#1981 = SURFACE_STYLE_FILL_AREA ( #1974 ) ;
#1982 = CARTESIAN_POINT ( 'NONE',  ( 18.80000000000015300, -20.80000000000000100, 2.000000000000000000 ) ) ;
#1983 = LINE ( 'NONE', #3246, #5861 ) ;
#1984 = COLOUR_RGB ( '',0.6509803921568627600, 0.6196078431372549200, 0.5882352941176470800 ) ;
#1985 = ORIENTED_EDGE ( 'NONE', *, *, #5223, .F. ) ;
#1986 = VERTEX_POINT ( 'NONE', #5300 ) ;
#1987 = CARTESIAN_POINT ( 'NONE',  ( -24.00000000000000000, -7.000000000000002700, 9.685169074414750100 ) ) ;
#1988 = DIRECTION ( 'NONE',  ( 0.0000000000000000000, -1.178480622266852700E-016, 1.000000000000000000 ) ) ;
#1989 = FACE_OUTER_BOUND ( 'NONE', #5807, .T. ) ;
#1990 = EDGE_CURVE ( 'NONE', #825, #8117, #7455, .T. ) ;
#1991 = DIRECTION ( 'NONE',  ( -1.000000000000000000, -0.0000000000000000000, -0.0000000000000000000 ) ) ;
#1992 = EDGE_CURVE ( 'NONE', #4525, #813, #1349, .T. ) ;
#1993 = ORIENTED_EDGE ( 'NONE', *, *, #6321, .F. ) ;
#1994 = LINE ( 'NONE', #6724, #6437 ) ;
#1995 = SURFACE_STYLE_FILL_AREA ( #751 ) ;
#1996 = B_SPLINE_CURVE_WITH_KNOTS ( 'NONE', 3,
 ( #90, #3334, #6344, #7810 ),
 .UNSPECIFIED., .F., .F.,
 ( 4, 4 ),
 ( 0.0007831570420454643700, 0.001020245728294656100 ),
 .UNSPECIFIED. ) ;
#1997 = SURFACE_STYLE_USAGE ( .BOTH. , #8745 ) ;
#1998 = VECTOR ( 'NONE', #8649, 1000.000000000000000 ) ;
#1999 = CIRCLE ( 'NONE', #1343, 1.600000000000000800 ) ;
#2000 = CARTESIAN_POINT ( 'NONE',  ( -25.00000000000000000, -13.42339375865880800, -7.749999999998868500 ) ) ;
#2001 = CARTESIAN_POINT ( 'NONE',  ( -8.500000000000000000, 2.400000000000000400, 3.001000000000000300 ) ) ;
#2002 = MECHANICAL_DESIGN_GEOMETRIC_PRESENTATION_REPRESENTATION (  '', ( #3162 ), #1928 ) ;
#2003 = UNCERTAINTY_MEASURE_WITH_UNIT (LENGTH_MEASURE( 1.000000000000000100E-005 ), #7931, 'distance_accuracy_value', 'NONE');
#2004 = DIRECTION ( 'NONE',  ( 0.0000000000000000000, 0.0000000000000000000, -1.000000000000000000 ) ) ;
#2005 = COLOUR_RGB ( '',0.6509803921568627600, 0.6196078431372549200, 0.5882352941176470800 ) ;
#2006 = CARTESIAN_POINT ( 'NONE',  ( -25.00000000000000000, -6.999999999999998200, 9.685169074414760700 ) ) ;
#2007 = CYLINDRICAL_SURFACE ( 'NONE', #7993, 0.5000000000000000000 ) ;
#2008 = CARTESIAN_POINT ( 'NONE',  ( -25.00000000000000000, -7.750000000000578200, -13.42339375865780900 ) ) ;
#2009 = DIRECTION ( 'NONE',  ( -0.0000000000000000000, 1.000000000000000000, -0.0000000000000000000 ) ) ;
#2010 =( GEOMETRIC_REPRESENTATION_CONTEXT ( 3 ) GLOBAL_UNCERTAINTY_ASSIGNED_CONTEXT ( ( #1585 ) ) GLOBAL_UNIT_ASSIGNED_CONTEXT ( ( #1727, #7877, #4427 ) ) REPRESENTATION_CONTEXT ( 'NONE', 'WORKASPACE' ) );
#2011 = FACE_OUTER_BOUND ( 'NONE', #5214, .T. ) ;
#2012 = FACE_OUTER_BOUND ( 'NONE', #7492, .T. ) ;
#2013 = CONICAL_SURFACE ( 'NONE', #1311, 1.249999999999997600, 1.029744258676654100 ) ;
#2014 = ADVANCED_FACE ( 'NONE', ( #4564 ), #1736, .F. ) ;
#2015 =( NAMED_UNIT ( * ) PLANE_ANGLE_UNIT ( ) SI_UNIT ( $, .RADIAN. ) );
#2016 = ORIENTED_EDGE ( 'NONE', *, *, #5169, .F. ) ;
#2017 = STYLED_ITEM ( 'NONE', ( #5710 ), #523 ) ;
#2018 = SURFACE_STYLE_FILL_AREA ( #7756 ) ;
#2019 = FILL_AREA_STYLE ('',( #5862 ) ) ;
#2020 = EDGE_CURVE ( 'NONE', #4771, #7718, #2710, .T. ) ;
#2021 = ORIENTED_EDGE ( 'NONE', *, *, #3359, .T. ) ;
#2022 = COLOUR_RGB ( '',0.6509803921568627600, 0.6196078431372549200, 0.5882352941176470800 ) ;
#2023 = DIRECTION ( 'NONE',  ( -1.000000000000000000, 0.0000000000000000000, 0.0000000000000000000 ) ) ;
#2024 = DIRECTION ( 'NONE',  ( -1.000000000000000000, -1.734723475976807100E-016, 0.0000000000000000000 ) ) ;
#2025 = CARTESIAN_POINT ( 'NONE',  ( 0.0000000000000000000, -7.095739907323981700E-016, 4.799999999999998900 ) ) ;
#2026 = LINE ( 'NONE', #7040, #2534 ) ;
#2027 = AXIS2_PLACEMENT_3D ( 'NONE', #5343, #6192, #6036 ) ;
#2028 = AXIS2_PLACEMENT_3D ( 'NONE', #5985, #7310, #7163 ) ;
#2029 = CARTESIAN_POINT ( 'NONE',  ( 0.8873228869518060600, 2.755735814439283600, 0.1426628679824749100 ) ) ;
#2030 = CARTESIAN_POINT ( 'NONE',  ( 0.0000000000000000000, 2.999999999999998700, 8.400000000000000400 ) ) ;
#2031 = DIRECTION ( 'NONE',  ( -1.000000000000000000, -0.0000000000000000000, -0.0000000000000000000 ) ) ;
#2032 = FACE_OUTER_BOUND ( 'NONE', #2097, .T. ) ;
#2033 = EDGE_LOOP ( 'NONE', ( #8563, #2016, #2428, #1307 ) ) ;
#2034 = ADVANCED_FACE ( 'NONE', ( #1869 ), #7598, .F. ) ;
#2035 = LINE ( 'NONE', #3589, #6481 ) ;
#2036 = VECTOR ( 'NONE', #3791, 1000.000000000000000 ) ;
#2037 = SURFACE_SIDE_STYLE ('',( #4591 ) ) ;
#2038 = CIRCLE ( 'NONE', #474, 1.600000000000004100 ) ;
#2039 = VECTOR ( 'NONE', #1888, 1000.000000000000200 ) ;
#2040 = DIRECTION ( 'NONE',  ( -0.0000000000000000000, -1.000000000000000000, -0.0000000000000000000 ) ) ;
#2041 = EDGE_CURVE ( 'NONE', #4884, #3218, #8803, .T. ) ;
#2042 = EDGE_CURVE ( 'NONE', #2603, #4406, #1896, .T. ) ;
#2043 = VERTEX_POINT ( 'NONE', #2638 ) ;
#2044 = DIRECTION ( 'NONE',  ( -1.219727444046192700E-016, 1.000000000000000000, -0.0000000000000000000 ) ) ;
#2045 = EDGE_LOOP ( 'NONE', ( #6100, #123, #5347, #6976 ) ) ;
#2046 =( LENGTH_UNIT ( ) NAMED_UNIT ( * ) SI_UNIT ( .MILLI., .METRE. ) );
#2047 = FILL_AREA_STYLE ('',( #4599 ) ) ;
#2048 = ORIENTED_EDGE ( 'NONE', *, *, #5672, .F. ) ;
#2049 = EDGE_CURVE ( 'NONE', #4969, #6356, #3212, .T. ) ;
#2050 =( NAMED_UNIT ( * ) PLANE_ANGLE_UNIT ( ) SI_UNIT ( $, .RADIAN. ) );
#2051 = DIRECTION ( 'NONE',  ( -0.0000000000000000000, 1.000000000000000000, -0.0000000000000000000 ) ) ;
#2052 = ORIENTED_EDGE ( 'NONE', *, *, #8657, .T. ) ;
#2053 = PRESENTATION_LAYER_ASSIGNMENT (  '', '', ( #4295 ) ) ;
#2054 = FILL_AREA_STYLE ('',( #7221 ) ) ;
#2055 = CARTESIAN_POINT ( 'NONE',  ( 6.600000000000001400, -7.000000000000000000, -0.0000000000000000000 ) ) ;
#2056 = DIRECTION ( 'NONE',  ( -1.000000000000000000, 0.0000000000000000000, 0.0000000000000000000 ) ) ;
#2057 = CARTESIAN_POINT ( 'NONE',  ( 1.053355855920125300, 3.429011037612588800E-016, -2.800000000000000300 ) ) ;
#2058 = EDGE_LOOP ( 'NONE', ( #517, #7420, #5618, #3172 ) ) ;
#2059 =( NAMED_UNIT ( * ) SI_UNIT ( $, .STERADIAN. ) SOLID_ANGLE_UNIT ( ) );
#2060 = FACE_OUTER_BOUND ( 'NONE', #7647, .T. ) ;
#2061 = EDGE_CURVE ( 'NONE', #1385, #4820, #977, .T. ) ;
#2062 = PRESENTATION_LAYER_ASSIGNMENT (  '', '', ( #1515 ) ) ;
#2063 = CYLINDRICAL_SURFACE ( 'NONE', #53, 1.499999999999999600 ) ;
#2064 = DIRECTION ( 'NONE',  ( -1.000000000000000000, -0.0000000000000000000, -0.0000000000000000000 ) ) ;
#2065 = FACE_BOUND ( 'NONE', #4223, .T. ) ;
#2066 = AXIS2_PLACEMENT_3D ( 'NONE', #3907, #2619, #7662 ) ;
#2067 = CIRCLE ( 'NONE', #8013, 1.649999999999997900 ) ;
#2068 = ADVANCED_FACE ( 'NONE', ( #4787 ), #1820, .F. ) ;
#2069 = CARTESIAN_POINT ( 'NONE',  ( 1.053355855920124400, 0.0000000000000000000, 0.0000000000000000000 ) ) ;
#2070 = ORIENTED_EDGE ( 'NONE', *, *, #4060, .T. ) ;
#2071 = CARTESIAN_POINT ( 'NONE',  ( -8.227241335952159700, -3.175000000000014500, 4.799999999999999800 ) ) ;
#2072 =( GEOMETRIC_REPRESENTATION_CONTEXT ( 3 ) GLOBAL_UNCERTAINTY_ASSIGNED_CONTEXT ( ( #1650 ) ) GLOBAL_UNIT_ASSIGNED_CONTEXT ( ( #7096, #3498, #1381 ) ) REPRESENTATION_CONTEXT ( 'NONE', 'WORKASPACE' ) );
#2073 = CIRCLE ( 'NONE', #6335, 3.350000000000000500 ) ;
#2074 = SURFACE_STYLE_FILL_AREA ( #949 ) ;
#2075 = ORIENTED_EDGE ( 'NONE', *, *, #2294, .T. ) ;
#2076 = LINE ( 'NONE', #2770, #586 ) ;
#2077 = DIRECTION ( 'NONE',  ( -1.000000000000000000, -1.219727444046192700E-016, 0.0000000000000000000 ) ) ;
#2078 = VECTOR ( 'NONE', #8477, 999.9999999999998900 ) ;
#2079 = AXIS2_PLACEMENT_3D ( 'NONE', #3148, #4323, #5458 ) ;
#2080 = DIRECTION ( 'NONE',  ( -1.000000000000000000, 0.0000000000000000000, 0.0000000000000000000 ) ) ;
#2081 = CARTESIAN_POINT ( 'NONE',  ( 2.399999999999999500, 0.0000000000000000000, 0.0000000000000000000 ) ) ;
#2082 = EDGE_CURVE ( 'NONE', #1073, #8089, #5806, .T. ) ;
#2083 = CYLINDRICAL_SURFACE ( 'NONE', #7646, 1.600000000000004100 ) ;
#2084 = UNCERTAINTY_MEASURE_WITH_UNIT (LENGTH_MEASURE( 1.000000000000000100E-005 ), #4004, 'distance_accuracy_value', 'NONE');
#2085 = ADVANCED_FACE ( 'NONE', ( #4939 ), #5377, .F. ) ;
#2086 = CIRCLE ( 'NONE', #1715, 1.650000000000003900 ) ;
#2087 = ORIENTED_EDGE ( 'NONE', *, *, #8342, .T. ) ;
#2088 = EDGE_CURVE ( 'NONE', #7328, #4080, #7491, .T. ) ;
#2089 = FACE_OUTER_BOUND ( 'NONE', #5690, .T. ) ;
#2090 = ORIENTED_EDGE ( 'NONE', *, *, #32, .F. ) ;
#2091 = ORIENTED_EDGE ( 'NONE', *, *, #5072, .T. ) ;
#2092 = COLOUR_RGB ( '',0.6509803921568627600, 0.6196078431372549200, 0.5882352941176470800 ) ;
#2093 = CARTESIAN_POINT ( 'NONE',  ( -24.00000000000000000, -7.000000000000001800, -9.685169074414758900 ) ) ;
#2094 = VECTOR ( 'NONE', #3297, 1000.000000000000000 ) ;
#2095 = AXIS2_PLACEMENT_3D ( 'NONE', #1326, #6313, #4727 ) ;
#2096 = FACE_OUTER_BOUND ( 'NONE', #4091, .T. ) ;
#2097 = EDGE_LOOP ( 'NONE', ( #8282, #3726, #2535, #1360 ) ) ;
#2098 = ORIENTED_EDGE ( 'NONE', *, *, #4255, .F. ) ;
#2099 = ORIENTED_EDGE ( 'NONE', *, *, #2739, .T. ) ;
#2100 = DIRECTION ( 'NONE',  ( -1.000000000000000000, -0.0000000000000000000, -0.0000000000000000000 ) ) ;
#2101 = DIRECTION ( 'NONE',  ( 1.000000000000000000, -0.0000000000000000000, -0.0000000000000000000 ) ) ;
#2102 = CARTESIAN_POINT ( 'NONE',  ( -15.50000000000000000, 0.0000000000000000000, 0.0000000000000000000 ) ) ;
#2103 = DIRECTION ( 'NONE',  ( 1.000000000000000000, 1.445602896647339700E-016, 0.0000000000000000000 ) ) ;
#2104 = ORIENTED_EDGE ( 'NONE', *, *, #623, .F. ) ;
#2105 = CARTESIAN_POINT ( 'NONE',  ( -15.59999999999984900, -20.80000000000000100, 22.30000000000000100 ) ) ;
#2106 = DIRECTION ( 'NONE',  ( 0.0000000000000000000, -1.000000000000000000, 0.0000000000000000000 ) ) ;
#2107 = VERTEX_POINT ( 'NONE', #6244 ) ;
#2108 = ORIENTED_EDGE ( 'NONE', *, *, #1879, .F. ) ;
#2109 = LINE ( 'NONE', #4915, #6915 ) ;
#2110 = DIRECTION ( 'NONE',  ( -0.0000000000000000000, -1.000000000000000000, -0.0000000000000000000 ) ) ;
#2111 = SURFACE_STYLE_FILL_AREA ( #8281 ) ;
#2112 = ORIENTED_EDGE ( 'NONE', *, *, #4529, .T. ) ;
#2113 = DIRECTION ( 'NONE',  ( 1.000000000000000000, 0.0000000000000000000, 0.0000000000000000000 ) ) ;
#2114 = LINE ( 'NONE', #5258, #6506 ) ;
#2115 = ORIENTED_EDGE ( 'NONE', *, *, #8870, .F. ) ;
#2116 = LINE ( 'NONE', #7994, #1004 ) ;
#2117 = DIRECTION ( 'NONE',  ( 0.0000000000000000000, 0.0000000000000000000, 1.000000000000000000 ) ) ;
#2118 = CIRCLE ( 'NONE', #7001, 1.249999999999988900 ) ;
#2119 = ORIENTED_EDGE ( 'NONE', *, *, #5331, .F. ) ;
#2120 = STYLED_ITEM ( 'NONE', ( #2333 ), #5437 ) ;
#2121 = VERTEX_POINT ( 'NONE', #2647 ) ;
#2122 = CARTESIAN_POINT ( 'NONE',  ( -0.9698702834176297100, 5.078133820953754100, 0.0000000000000000000 ) ) ;
#2123 = CARTESIAN_POINT ( 'NONE',  ( 0.0000000000000000000, 0.1799999999999822600, 5.090000000000000700 ) ) ;
#2124 = AXIS2_PLACEMENT_3D ( 'NONE', #3092, #5265, #6711 ) ;
#2125 = SURFACE_STYLE_FILL_AREA ( #2393 ) ;
#2126 = VERTEX_POINT ( 'NONE', #8852 ) ;
#2127 = VERTEX_POINT ( 'NONE', #6082 ) ;
#2128 = DIRECTION ( 'NONE',  ( 0.0000000000000000000, -1.000000000000000000, 0.0000000000000000000 ) ) ;
#2129 = EDGE_CURVE ( 'NONE', #913, #1528, #3376, .T. ) ;
#2130 = AXIS2_PLACEMENT_3D ( 'NONE', #2444, #8215, #3585 ) ;
#2131 = DIRECTION ( 'NONE',  ( -1.000000000000000000, 0.0000000000000000000, 0.0000000000000000000 ) ) ;
#2132 = EDGE_LOOP ( 'NONE', ( #6243, #640 ) ) ;
#2133 = DIRECTION ( 'NONE',  ( 0.0000000000000000000, 0.0000000000000000000, 1.000000000000000000 ) ) ;
#2134 = ADVANCED_FACE ( 'NONE', ( #1114 ), #2245, .F. ) ;
#2135 = STYLED_ITEM ( 'NONE', ( #5961 ), #3899 ) ;
#2136 = DIRECTION ( 'NONE',  ( -0.0000000000000000000, 1.000000000000000000, -0.0000000000000000000 ) ) ;
#2137 = SURFACE_STYLE_USAGE ( .BOTH. , #2694 ) ;
#2138 = DIRECTION ( 'NONE',  ( -1.000000000000000000, -0.0000000000000000000, -0.0000000000000000000 ) ) ;
#2139 = LINE ( 'NONE', #155, #919 ) ;
#2140 = PRESENTATION_STYLE_ASSIGNMENT (( #1018 ) ) ;
#2141 = SURFACE_STYLE_USAGE ( .BOTH. , #8029 ) ;
#2142 = DIRECTION ( 'NONE',  ( -1.000000000000000000, -1.355252715606879800E-016, 0.0000000000000000000 ) ) ;
#2143 = CARTESIAN_POINT ( 'NONE',  ( -15.50000000000000000, 0.0000000000000000000, 0.0000000000000000000 ) ) ;
#2144 = FACE_BOUND ( 'NONE', #7964, .T. ) ;
#2145 =( GEOMETRIC_REPRESENTATION_CONTEXT ( 3 ) GLOBAL_UNCERTAINTY_ASSIGNED_CONTEXT ( ( #3021 ) ) GLOBAL_UNIT_ASSIGNED_CONTEXT ( ( #1238, #3777, #4086 ) ) REPRESENTATION_CONTEXT ( 'NONE', 'WORKASPACE' ) );
#2146 = EDGE_CURVE ( 'NONE', #5173, #5644, #7608, .T. ) ;
#2147 = FACE_OUTER_BOUND ( 'NONE', #3788, .T. ) ;
#2148 = AXIS2_PLACEMENT_3D ( 'NONE', #8687, #4770, #8107 ) ;
#2149 = DIRECTION ( 'NONE',  ( 0.0000000000000000000, 3.552713678800500500E-015, 1.000000000000000000 ) ) ;
#2150 = ADVANCED_FACE ( 'NONE', ( #987 ), #7277, .F. ) ;
#2151 = PRESENTATION_STYLE_ASSIGNMENT (( #5563 ) ) ;
#2152 = SURFACE_SIDE_STYLE ('',( #3419 ) ) ;
#2153 = CARTESIAN_POINT ( 'NONE',  ( 0.0000000000000000000, 2.189999999999999900, -0.9200000000000000400 ) ) ;
#2154 = PRESENTATION_STYLE_ASSIGNMENT (( #4577 ) ) ;
#2155 =( NAMED_UNIT ( * ) SI_UNIT ( $, .STERADIAN. ) SOLID_ANGLE_UNIT ( ) );
#2156 = EDGE_CURVE ( 'NONE', #2448, #5124, #1251, .T. ) ;
#2157 = EDGE_CURVE ( 'NONE', #1087, #7621, #8167, .T. ) ;
#2158 = CARTESIAN_POINT ( 'NONE',  ( 29.99999999999999600, 0.0000000000000000000, 0.0000000000000000000 ) ) ;
#2159 =( GEOMETRIC_REPRESENTATION_CONTEXT ( 3 ) GLOBAL_UNCERTAINTY_ASSIGNED_CONTEXT ( ( #4430 ) ) GLOBAL_UNIT_ASSIGNED_CONTEXT ( ( #1300, #8613, #3115 ) ) REPRESENTATION_CONTEXT ( 'NONE', 'WORKASPACE' ) );
#2160 = CARTESIAN_POINT ( 'NONE',  ( -24.00000000000000000, -13.42339375865880800, -7.749999999998868500 ) ) ;
#2161 = AXIS2_PLACEMENT_3D ( 'NONE', #7355, #6926, #3171 ) ;
#2162 = DIRECTION ( 'NONE',  ( -0.0000000000000000000, -1.000000000000000000, -0.0000000000000000000 ) ) ;
#2163 = ORIENTED_EDGE ( 'NONE', *, *, #5595, .F. ) ;
#2164 = CARTESIAN_POINT ( 'NONE',  ( -1.742014973993183200, 1.078133820953754800, -13.04999999999999900 ) ) ;
#2165 = CARTESIAN_POINT ( 'NONE',  ( -31.50000000000000000, -1.000000000000001600, 0.0000000000000000000 ) ) ;
#2166 =( NAMED_UNIT ( * ) PLANE_ANGLE_UNIT ( ) SI_UNIT ( $, .RADIAN. ) );
#2167 = DIRECTION ( 'NONE',  ( 0.0000000000000000000, -1.000000000000000000, 1.224646799147352700E-016 ) ) ;
#2168 = ORIENTED_EDGE ( 'NONE', *, *, #1737, .F. ) ;
#2169 = AXIS2_PLACEMENT_3D ( 'NONE', #2899, #1362, #6352 ) ;
#2170 = ORIENTED_EDGE ( 'NONE', *, *, #7816, .T. ) ;
#2171 = PLANE ( 'NONE',  #64 ) ;
#2172 = AXIS2_PLACEMENT_3D ( 'NONE', #204, #6775, #8229 ) ;
#2173 = CIRCLE ( 'NONE', #876, 3.000000000000000000 ) ;
#2174 = VERTEX_POINT ( 'NONE', #8725 ) ;
#2175 = CARTESIAN_POINT ( 'NONE',  ( 8.227241335952131300, -6.325000000000064100, 4.799999999999999800 ) ) ;
#2176 = STYLED_ITEM ( 'NONE', ( #717 ), #3681 ) ;
#2177 = VERTEX_POINT ( 'NONE', #8586 ) ;
#2178 = CIRCLE ( 'NONE', #888, 1.200000000000000600 ) ;
#2179 = DIRECTION ( 'NONE',  ( -0.0000000000000000000, 1.000000000000000000, -0.0000000000000000000 ) ) ;
#2180 = ORIENTED_EDGE ( 'NONE', *, *, #6227, .T. ) ;
#2181 = VECTOR ( 'NONE', #3445, 1000.000000000000000 ) ;
#2182 = CARTESIAN_POINT ( 'NONE',  ( -2.743122632985813200, 1.216512258352755000, 2.069538560474976800 ) ) ;
#2183 = EDGE_CURVE ( 'NONE', #752, #5309, #5960, .T. ) ;
#2184 = PRODUCT_DEFINITION_SHAPE ( 'NONE', 'NONE',  #8877 ) ;
#2185 = DIRECTION ( 'NONE',  ( -1.858632295689435900E-016, 1.000000000000000000, 0.0000000000000000000 ) ) ;
#2186 =( GEOMETRIC_REPRESENTATION_CONTEXT ( 3 ) GLOBAL_UNCERTAINTY_ASSIGNED_CONTEXT ( ( #5060 ) ) GLOBAL_UNIT_ASSIGNED_CONTEXT ( ( #1283, #1133, #2818 ) ) REPRESENTATION_CONTEXT ( 'NONE', 'WORKASPACE' ) );
#2187 = CARTESIAN_POINT ( 'NONE',  ( -2.902145042149945700, -0.7693193098766082400, 3.398371622326135100 ) ) ;
#2188 = B_SPLINE_CURVE_WITH_KNOTS ( 'NONE', 3,
 ( #7624, #4448, #2306, #8496 ),
 .UNSPECIFIED., .F., .F.,
 ( 4, 4 ),
 ( 0.0004610763480997493700, 0.001146348594128113200 ),
 .UNSPECIFIED. ) ;
#2189 = CARTESIAN_POINT ( 'NONE',  ( 8.227241335952197000, 4.749999999999954700, 4.799999999999999800 ) ) ;
#2190 = ORIENTED_EDGE ( 'NONE', *, *, #6395, .F. ) ;
#2191 = CARTESIAN_POINT ( 'NONE',  ( -2.902071841370307000, 0.7696667953585709700, 1.401774788570138600 ) ) ;
#2192 = CARTESIAN_POINT ( 'NONE',  ( 1.592040838891559300E-015, -13.00000000000000200, 4.799999999999997200 ) ) ;
#2193 = VECTOR ( 'NONE', #1157, 1000.000000000000000 ) ;
#2194 = AXIS2_PLACEMENT_3D ( 'NONE', #8192, #4847, #607 ) ;
#2195 = CARTESIAN_POINT ( 'NONE',  ( 1.230129716582386800, 1.078133820953755000, 0.0000000000000000000 ) ) ;
#2196 = ORIENTED_EDGE ( 'NONE', *, *, #6423, .F. ) ;
#2197 = UNCERTAINTY_MEASURE_WITH_UNIT (LENGTH_MEASURE( 1.000000000000000100E-005 ), #4839, 'distance_accuracy_value', 'NONE');
#2198 = CARTESIAN_POINT ( 'NONE',  ( -15.59999999999984900, -20.80000000000000100, 25.50000000000000000 ) ) ;
#2199 = STYLED_ITEM ( 'NONE', ( #5149 ), #6413 ) ;
#2200 = ADVANCED_FACE ( 'NONE', ( #2400 ), #3086, .F. ) ;
#2201 = VERTEX_POINT ( 'NONE', #4251 ) ;
#2202 = LINE ( 'NONE', #7084, #931 ) ;
#2203 = ADVANCED_FACE ( 'NONE', ( #1545 ), #1418, .T. ) ;
#2204 = ORIENTED_EDGE ( 'NONE', *, *, #8111, .F. ) ;
#2205 = VECTOR ( 'NONE', #3633, 1000.000000000000000 ) ;
#2206 = FILL_AREA_STYLE_COLOUR ( '', #5576 ) ;
#2207 = AXIS2_PLACEMENT_3D ( 'NONE', #4276, #875, #3827 ) ;
#2208 = PRESENTATION_STYLE_ASSIGNMENT (( #6355 ) ) ;
#2209 = ORIENTED_EDGE ( 'NONE', *, *, #7656, .T. ) ;
#2210 = CARTESIAN_POINT ( 'NONE',  ( -12.93975201377457100, -1.250127128905430100, 2.235839618776715100 ) ) ;
#2211 = AXIS2_PLACEMENT_3D ( 'NONE', #382, #3771, #8830 ) ;
#2212 = EDGE_CURVE ( 'NONE', #1986, #7288, #495, .T. ) ;
#2213 = ORIENTED_EDGE ( 'NONE', *, *, #1726, .T. ) ;
#2214 = DIRECTION ( 'NONE',  ( -1.000000000000000000, -0.0000000000000000000, -0.0000000000000000000 ) ) ;
#2215 = CARTESIAN_POINT ( 'NONE',  ( -24.99999999999999600, -6.999999999999998200, 5.999999999999997300 ) ) ;
#2216 = CONICAL_SURFACE ( 'NONE', #7168, 1.249999999999997600, 1.029744258676654100 ) ;
#2217 = CARTESIAN_POINT ( 'NONE',  ( 15.60000000000015100, -20.80000000000000100, 33.50000000000000000 ) ) ;
#2218 = EDGE_LOOP ( 'NONE', ( #4329, #820, #5658, #5232 ) ) ;
#2219 =( LENGTH_UNIT ( ) NAMED_UNIT ( * ) SI_UNIT ( .MILLI., .METRE. ) );
#2220 = VERTEX_POINT ( 'NONE', #4408 ) ;
#2221 = AXIS2_PLACEMENT_3D ( 'NONE', #4388, #554, #5101 ) ;
#2222 =( NAMED_UNIT ( * ) SI_UNIT ( $, .STERADIAN. ) SOLID_ANGLE_UNIT ( ) );
#2223 = FILL_AREA_STYLE ('',( #3641 ) ) ;
#2224 = AXIS2_PLACEMENT_3D ( 'NONE', #1315, #7037, #3864 ) ;
#2225 =( GEOMETRIC_REPRESENTATION_CONTEXT ( 3 ) GLOBAL_UNCERTAINTY_ASSIGNED_CONTEXT ( ( #3678 ) ) GLOBAL_UNIT_ASSIGNED_CONTEXT ( ( #6364, #7965, #8833 ) ) REPRESENTATION_CONTEXT ( 'NONE', 'WORKASPACE' ) );
#2226 = ORIENTED_EDGE ( 'NONE', *, *, #207, .T. ) ;
#2227 =( NAMED_UNIT ( * ) SI_UNIT ( $, .STERADIAN. ) SOLID_ANGLE_UNIT ( ) );
#2228 = FILL_AREA_STYLE ('',( #7692 ) ) ;
#2229 = ORIENTED_EDGE ( 'NONE', *, *, #6062, .F. ) ;
#2230 = ORIENTED_EDGE ( 'NONE', *, *, #1116, .T. ) ;
#2231 =( REPRESENTATION_RELATIONSHIP ('NONE','NONE', #4393, #7928 ) REPRESENTATION_RELATIONSHIP_WITH_TRANSFORMATION ( #998 )SHAPE_REPRESENTATION_RELATIONSHIP( ) );
#2232 = DIRECTION ( 'NONE',  ( 0.0000000000000000000, 0.0000000000000000000, 1.000000000000000000 ) ) ;
#2233 = CARTESIAN_POINT ( 'NONE',  ( -24.00000000000000000, -13.42339375865880800, -6.499999999998869300 ) ) ;
#2234 = COLOUR_RGB ( '',0.1019607843137254900, 0.1019607843137254900, 0.1019607843137254900 ) ;
#2235 = SURFACE_STYLE_FILL_AREA ( #8124 ) ;
#2236 = ORIENTED_EDGE ( 'NONE', *, *, #1059, .T. ) ;
#2237 = CARTESIAN_POINT ( 'NONE',  ( -1.742014973993182900, -0.4218661790462451300, 12.04999999999999900 ) ) ;
#2238 = ORIENTED_EDGE ( 'NONE', *, *, #3725, .F. ) ;
#2239 = ORIENTED_EDGE ( 'NONE', *, *, #3562, .F. ) ;
#2240 = FILL_AREA_STYLE ('',( #8853 ) ) ;
#2241 = ADVANCED_FACE ( 'NONE', ( #5542 ), #7571, .T. ) ;
#2242 = EDGE_LOOP ( 'NONE', ( #3592, #8651, #7959, #2404 ) ) ;
#2243 = CARTESIAN_POINT ( 'NONE',  ( 6.005683964081111300, 15.66318095307147800, -6.975120642222260700 ) ) ;
#2244 = EDGE_LOOP ( 'NONE', ( #5683, #4675, #8017, #970 ) ) ;
#2245 = CYLINDRICAL_SURFACE ( 'NONE', #217, 1.249999999999995100 ) ;
#2246 = FACE_OUTER_BOUND ( 'NONE', #1062, .T. ) ;
#2247 = VECTOR ( 'NONE', #6217, 1000.000000000000000 ) ;
#2248 = VECTOR ( 'NONE', #7437, 1000.000000000000000 ) ;
#2249 = CARTESIAN_POINT ( 'NONE',  ( -2.936390374677990700, -0.6332701855372164800, 5.509920921696833700 ) ) ;
#2250 = EDGE_LOOP ( 'NONE', ( #2598, #8695, #5634, #4074 ) ) ;
#2251 = ORIENTED_EDGE ( 'NONE', *, *, #3237, .T. ) ;
#2252 = EDGE_CURVE ( 'NONE', #5521, #4103, #5125, .T. ) ;
#2253 = VERTEX_POINT ( 'NONE', #2674 ) ;
#2254 = ITEM_DEFINED_TRANSFORMATION ( 'NONE', 'NONE', #2709,  #3481 ) ;
#2255 = VERTEX_POINT ( 'NONE', #6273 ) ;
#2256 = AXIS2_PLACEMENT_3D ( 'NONE', #6116, #5689, #3546 ) ;
#2257 = EDGE_CURVE ( 'NONE', #5663, #5121, #1547, .T. ) ;
#2258 = EDGE_LOOP ( 'NONE', ( #3281, #1848, #1279 ) ) ;
#2259 = ORIENTED_EDGE ( 'NONE', *, *, #1159, .F. ) ;
#2260 = DIRECTION ( 'NONE',  ( -0.5150380749100544900, 1.049727191138618400E-016, -0.8571673007021121100 ) ) ;
#2261 = CARTESIAN_POINT ( 'NONE',  ( 15.60000000000015100, -20.80000000000000100, 31.89999999999999900 ) ) ;
#2262 = DIRECTION ( 'NONE',  ( 0.0000000000000000000, 5.892403111334263500E-017, -1.000000000000000000 ) ) ;
#2263 = CARTESIAN_POINT ( 'NONE',  ( -15.59999999999984900, 18.80100000000015100, 14.30000000000000100 ) ) ;
#2264 = FACE_OUTER_BOUND ( 'NONE', #3382, .T. ) ;
#2265 = AXIS2_PLACEMENT_3D ( 'NONE', #4341, #8522, #8236 ) ;
#2266 = CARTESIAN_POINT ( 'NONE',  ( 1.267841945288753000, -0.4599999999999988500, 0.2810334346504555500 ) ) ;
#2267 = DIRECTION ( 'NONE',  ( 0.0000000000000000000, 0.0000000000000000000, 1.000000000000000000 ) ) ;
#2268 = CARTESIAN_POINT ( 'NONE',  ( 0.03012971658237927800, -4.421866179046244100, 0.0000000000000000000 ) ) ;
#2269 = AXIS2_PLACEMENT_3D ( 'NONE', #4880, #1339, #7791 ) ;
#2270 = CARTESIAN_POINT ( 'NONE',  ( -29.84999999999999800, -6.999999999999998200, -5.999999999999996400 ) ) ;
#2271 = CARTESIAN_POINT ( 'NONE',  ( -18.79999999999984800, -20.80000000000000100, 51.20000000000000300 ) ) ;
#2272 = EDGE_CURVE ( 'NONE', #4231, #8690, #3248, .T. ) ;
#2273 = COLOUR_RGB ( '',0.8980392156862745400, 0.9215686274509803400, 0.9294117647058823800 ) ;
#2274 = FILL_AREA_STYLE ('',( #1151 ) ) ;
#2275 = VECTOR ( 'NONE', #6102, 1000.000000000000000 ) ;
#2276 = DIRECTION ( 'NONE',  ( -0.0000000000000000000, -0.0000000000000000000, -1.000000000000000000 ) ) ;
#2277 = CARTESIAN_POINT ( 'NONE',  ( -25.00000000000000000, -13.42339375865880800, -7.749999999998868500 ) ) ;
#2278 = AXIS2_PLACEMENT_3D ( 'NONE', #4029, #4726, #3145 ) ;
#2279 = DIRECTION ( 'NONE',  ( 0.0000000000000000000, 0.0000000000000000000, -1.000000000000000000 ) ) ;
#2280 = SURFACE_STYLE_USAGE ( .BOTH. , #2152 ) ;
#2281 = VECTOR ( 'NONE', #3345, 1000.000000000000000 ) ;
#2282 =( NAMED_UNIT ( * ) SI_UNIT ( $, .STERADIAN. ) SOLID_ANGLE_UNIT ( ) );
#2283 = DIRECTION ( 'NONE',  ( 1.000000000000000000, 1.219727444046192700E-016, -0.0000000000000000000 ) ) ;
#2284 = PRESENTATION_LAYER_ASSIGNMENT (  '', '', ( #5190 ) ) ;
#2285 = PRESENTATION_LAYER_ASSIGNMENT (  '', '', ( #1003 ) ) ;
#2286 = CARTESIAN_POINT ( 'NONE',  ( 0.0000000000000000000, 0.9199999999999923800, 2.190000000000003100 ) ) ;
#2287 = UNCERTAINTY_MEASURE_WITH_UNIT (LENGTH_MEASURE( 1.000000000000000100E-005 ), #7875, 'distance_accuracy_value', 'NONE');
#2288 = CARTESIAN_POINT ( 'NONE',  ( -25.00000000000000000, -1.577021341797097400E-015, -15.50000000000000000 ) ) ;
#2289 = EDGE_LOOP ( 'NONE', ( #7259, #2229 ) ) ;
#2290 = FACE_OUTER_BOUND ( 'NONE', #6519, .T. ) ;
#2291 = CIRCLE ( 'NONE', #3089, 1.650000000000002100 ) ;
#2292 =( NAMED_UNIT ( * ) PLANE_ANGLE_UNIT ( ) SI_UNIT ( $, .RADIAN. ) );
#2293 =( NAMED_UNIT ( * ) SI_UNIT ( $, .STERADIAN. ) SOLID_ANGLE_UNIT ( ) );
#2294 = EDGE_CURVE ( 'NONE', #4648, #2127, #4699, .T. ) ;
#2295 = AXIS2_PLACEMENT_3D ( 'NONE', #6742, #5147, #7594 ) ;
#2296 = EDGE_CURVE ( 'NONE', #5940, #4980, #4683, .T. ) ;
#2297 = DIRECTION ( 'NONE',  ( 1.000000000000000000, 7.703719777548944800E-033, 0.0000000000000000000 ) ) ;
#2298 = FACE_OUTER_BOUND ( 'NONE', #6535, .T. ) ;
#2299 = EDGE_LOOP ( 'NONE', ( #1057, #668, #7059, #2823 ) ) ;
#2300 = DIRECTION ( 'NONE',  ( -1.000000000000000000, -0.0000000000000000000, -0.0000000000000000000 ) ) ;
#2301 = AXIS2_PLACEMENT_3D ( 'NONE', #5870, #2031, #3141 ) ;
#2302 = CARTESIAN_POINT ( 'NONE',  ( -24.99999999999999600, -6.999999999999998200, 0.0000000000000000000 ) ) ;
#2303 = LINE ( 'NONE', #4017, #197 ) ;
#2304 = EDGE_CURVE ( 'NONE', #973, #7561, #3820, .T. ) ;
#2305 = ORIENTED_EDGE ( 'NONE', *, *, #1316, .T. ) ;
#2306 = CARTESIAN_POINT ( 'NONE',  ( 0.8951358320379201300, 0.4585449144803298600, 2.735182441854791400 ) ) ;
#2307 = CARTESIAN_POINT ( 'NONE',  ( -24.00000000000000000, -13.42339375865879900, 7.750000000001130700 ) ) ;
#2308 =( NAMED_UNIT ( * ) SI_UNIT ( $, .STERADIAN. ) SOLID_ANGLE_UNIT ( ) );
#2309 = CARTESIAN_POINT ( 'NONE',  ( 1.760000000000000000, 0.4600000000000000200, 0.4600000000000000200 ) ) ;
#2310 = EDGE_LOOP ( 'NONE', ( #7274, #1105 ) ) ;
#2311 = AXIS2_PLACEMENT_3D ( 'NONE', #5405, #4265, #1729 ) ;
#2312 = LINE ( 'NONE', #6611, #1639 ) ;
#2313 = VERTEX_POINT ( 'NONE', #433 ) ;
#2314 = ADVANCED_FACE ( 'NONE', ( #4415 ), #4554, .T. ) ;
#2315 = CARTESIAN_POINT ( 'NONE',  ( -2.936450280665206900, 0.6330634317020297200, 3.490242604385173300 ) ) ;
#2316 = STYLED_ITEM ( 'NONE', ( #4210 ), #7784 ) ;
#2317 = FACE_BOUND ( 'NONE', #3910, .T. ) ;
#2318 = ADVANCED_FACE ( 'NONE', ( #5979 ), #8461, .F. ) ;
#2319 = VERTEX_POINT ( 'NONE', #2270 ) ;
#2320 = CARTESIAN_POINT ( 'NONE',  ( 6.099999999999870900, 13.42339375865887000, 2.000000000000001800 ) ) ;
#2321 = ORIENTED_EDGE ( 'NONE', *, *, #1195, .T. ) ;
#2322 = DIRECTION ( 'NONE',  ( 0.0000000000000000000, 0.0000000000000000000, -1.000000000000000000 ) ) ;
#2323 = AXIS2_PLACEMENT_3D ( 'NONE', #4411, #4, #7864 ) ;
#2324 =( NAMED_UNIT ( * ) SI_UNIT ( $, .STERADIAN. ) SOLID_ANGLE_UNIT ( ) );
#2325 = CARTESIAN_POINT ( 'NONE',  ( -24.00000000000000000, 13.42339375865879700, -7.750000000000000000 ) ) ;
#2326 = ORIENTED_EDGE ( 'NONE', *, *, #988, .T. ) ;
#2327 = EDGE_CURVE ( 'NONE', #6531, #3351, #6867, .T. ) ;
#2328 = CARTESIAN_POINT ( 'NONE',  ( -24.00000000000000000, -7.749999999999427100, 13.42339375865978600 ) ) ;
#2329 = VECTOR ( 'NONE', #4657, 1000.000000000000000 ) ;
#2330 = DIRECTION ( 'NONE',  ( 0.0000000000000000000, 0.0000000000000000000, 1.000000000000000000 ) ) ;
#2331 = EDGE_LOOP ( 'NONE', ( #5527, #1471, #5765, #4256 ) ) ;
#2332 = LINE ( 'NONE', #4750, #2516 ) ;
#2333 = PRESENTATION_STYLE_ASSIGNMENT (( #1358 ) ) ;
#2334 = SURFACE_STYLE_USAGE ( .BOTH. , #4752 ) ;
#2335 = VECTOR ( 'NONE', #3859, 1000.000000000000000 ) ;
#2336 = DIRECTION ( 'NONE',  ( 0.0000000000000000000, 0.0000000000000000000, 1.000000000000000000 ) ) ;
#2337 =( NAMED_UNIT ( * ) SI_UNIT ( $, .STERADIAN. ) SOLID_ANGLE_UNIT ( ) );
#2338 = COLOUR_RGB ( '',0.6509803921568627600, 0.6196078431372549200, 0.5882352941176470800 ) ;
#2339 = CARTESIAN_POINT ( 'NONE',  ( 0.03012971658237842400, 2.578133820953755400, 0.0000000000000000000 ) ) ;
#2340 = VECTOR ( 'NONE', #202, 1000.000000000000000 ) ;
#2341 = LINE ( 'NONE', #89, #5867 ) ;
#2342 = EDGE_CURVE ( 'NONE', #1257, #4220, #2558, .T. ) ;
#2343 = ORIENTED_EDGE ( 'NONE', *, *, #7741, .T. ) ;
#2344 = FILL_AREA_STYLE_COLOUR ( '', #5869 ) ;
#2345 = AXIS2_PLACEMENT_3D ( 'NONE', #4837, #1718, #4688 ) ;
#2346 = EDGE_CURVE ( 'NONE', #2657, #8722, #310, .T. ) ;
#2347 = ORIENTED_EDGE ( 'NONE', *, *, #7698, .F. ) ;
#2348 = PRODUCT_DEFINITION ( 'UNKNOWN', '', #1806, #8064 ) ;
#2349 = AXIS2_PLACEMENT_3D ( 'NONE', #6586, #8033, #5427 ) ;
#2350 = LINE ( 'NONE', #2904, #2670 ) ;
#2351 = CARTESIAN_POINT ( 'NONE',  ( -1.742014973993183200, 1.078133820953754800, 12.04999999999999900 ) ) ;
#2352 = ORIENTED_EDGE ( 'NONE', *, *, #2745, .T. ) ;
#2353 = ORIENTED_EDGE ( 'NONE', *, *, #7828, .T. ) ;
#2354 = FACE_BOUND ( 'NONE', #7825, .T. ) ;
#2355 = CARTESIAN_POINT ( 'NONE',  ( 15.80000000000015700, -18.79999999999999700, 51.20000000000000300 ) ) ;
#2356 = CONICAL_SURFACE ( 'NONE', #8084, 1.249999999999999300, 1.029744258676654500 ) ;
#2357 = COLOUR_RGB ( '',0.6509803921568627600, 0.6196078431372549200, 0.5882352941176470800 ) ;
#2358 = ORIENTED_EDGE ( 'NONE', *, *, #2257, .F. ) ;
#2359 = FILL_AREA_STYLE_COLOUR ( '', #5524 ) ;
#2360 = ORIENTED_EDGE ( 'NONE', *, *, #6554, .F. ) ;
#2361 = VERTEX_POINT ( 'NONE', #5560 ) ;
#2362 = EDGE_CURVE ( 'NONE', #3816, #6951, #1177, .T. ) ;
#2363 = DIRECTION ( 'NONE',  ( -1.000000000000000000, 0.0000000000000000000, -0.0000000000000000000 ) ) ;
#2364 = PRESENTATION_STYLE_ASSIGNMENT (( #8698 ) ) ;
#2365 = AXIS2_PLACEMENT_3D ( 'NONE', #4850, #6598, #5718 ) ;
#2366 = CARTESIAN_POINT ( 'NONE',  ( -25.00000000000000000, -13.42339375865880800, -7.749999999998868500 ) ) ;
#2367 = ORIENTED_EDGE ( 'NONE', *, *, #441, .T. ) ;
#2368 =( LENGTH_UNIT ( ) NAMED_UNIT ( * ) SI_UNIT ( .MILLI., .METRE. ) );
#2369 = ORIENTED_EDGE ( 'NONE', *, *, #1845, .T. ) ;
#2370 = ORIENTED_EDGE ( 'NONE', *, *, #5072, .F. ) ;
#2371 = FILL_AREA_STYLE_COLOUR ( '', #2092 ) ;
#2372 = CARTESIAN_POINT ( 'NONE',  ( -9.500000000000000000, 6.078133820953754100, 2.000000000000000000 ) ) ;
#2373 = AXIS2_PLACEMENT_3D ( 'NONE', #3269, #596, #25 ) ;
#2374 = DIRECTION ( 'NONE',  ( -0.0000000000000000000, 1.000000000000000000, -0.0000000000000000000 ) ) ;
#2375 = LINE ( 'NONE', #7395, #4959 ) ;
#2376 = UNCERTAINTY_MEASURE_WITH_UNIT (LENGTH_MEASURE( 1.000000000000000100E-005 ), #4515, 'distance_accuracy_value', 'NONE');
#2377 = PRESENTATION_LAYER_ASSIGNMENT (  '', '', ( #5651 ) ) ;
#2378 = LINE ( 'NONE', #7133, #5993 ) ;
#2379 = VERTEX_POINT ( 'NONE', #1437 ) ;
#2380 = CARTESIAN_POINT ( 'NONE',  ( 6.005683964081111300, 15.66318095307131800, 8.524879357777772200 ) ) ;
#2381 = ORIENTED_EDGE ( 'NONE', *, *, #4737, .T. ) ;
#2382 = ORIENTED_EDGE ( 'NONE', *, *, #5297, .T. ) ;
#2383 = DIRECTION ( 'NONE',  ( 0.0000000000000000000, 0.0000000000000000000, 1.000000000000000000 ) ) ;
#2384 = CARTESIAN_POINT ( 'NONE',  ( 15.60000000000015100, -20.80000000000000100, 28.70000000000000300 ) ) ;
#2385 =( GEOMETRIC_REPRESENTATION_CONTEXT ( 3 ) GLOBAL_UNCERTAINTY_ASSIGNED_CONTEXT ( ( #7576 ) ) GLOBAL_UNIT_ASSIGNED_CONTEXT ( ( #681, #5645, #6071 ) ) REPRESENTATION_CONTEXT ( 'NONE', 'WORKASPACE' ) );
#2386 = DIRECTION ( 'NONE',  ( 0.0000000000000000000, 0.0000000000000000000, -1.000000000000000000 ) ) ;
#2387 = VECTOR ( 'NONE', #3289, 1000.000000000000000 ) ;
#2388 = ORIENTED_EDGE ( 'NONE', *, *, #6263, .T. ) ;
#2389 = ORIENTED_EDGE ( 'NONE', *, *, #5522, .T. ) ;
#2390 = DIRECTION ( 'NONE',  ( -1.000000000000000000, -0.0000000000000000000, -0.0000000000000000000 ) ) ;
#2391 = FILL_AREA_STYLE_COLOUR ( '', #7299 ) ;
#2392 = DIRECTION ( 'NONE',  ( 1.000000000000000000, 7.703719777548944800E-033, -0.0000000000000000000 ) ) ;
#2393 = FILL_AREA_STYLE ('',( #5963 ) ) ;
#2394 = CONICAL_SURFACE ( 'NONE', #23, 1.249999999999997600, 1.029744258676654100 ) ;
#2395 = VERTEX_POINT ( 'NONE', #4282 ) ;
#2396 = ITEM_DEFINED_TRANSFORMATION ( 'NONE', 'NONE', #4044,  #3481 ) ;
#2397 = DIRECTION ( 'NONE',  ( 1.219727444046192700E-016, -1.000000000000000000, -0.0000000000000000000 ) ) ;
#2398 = SURFACE_SIDE_STYLE ('',( #7717 ) ) ;
#2399 = ORIENTED_EDGE ( 'NONE', *, *, #7971, .T. ) ;
#2400 = FACE_OUTER_BOUND ( 'NONE', #1780, .T. ) ;
#2401 = CARTESIAN_POINT ( 'NONE',  ( 0.03012971658237811900, 5.078133820953754100, 0.0000000000000000000 ) ) ;
#2402 = ADVANCED_FACE ( 'NONE', ( #4429 ), #3997, .T. ) ;
#2403 = DIRECTION ( 'NONE',  ( 1.000000000000000000, 1.219727444046192700E-016, 0.0000000000000000000 ) ) ;
#2404 = ORIENTED_EDGE ( 'NONE', *, *, #3369, .F. ) ;
#2405 = CARTESIAN_POINT ( 'NONE',  ( 1.053355855920124400, 0.0000000000000000000, 0.0000000000000000000 ) ) ;
#2406 = CARTESIAN_POINT ( 'NONE',  ( 0.0000000000000000000, 2.999999999999998700, 8.400000000000000400 ) ) ;
#2407 = VERTEX_POINT ( 'NONE', #2970 ) ;
#2408 = CARTESIAN_POINT ( 'NONE',  ( 15.60000000000015100, 18.80100000000015100, 41.50000000000000000 ) ) ;
#2409 =( NAMED_UNIT ( * ) SI_UNIT ( $, .STERADIAN. ) SOLID_ANGLE_UNIT ( ) );
#2410 =( NAMED_UNIT ( * ) SI_UNIT ( $, .STERADIAN. ) SOLID_ANGLE_UNIT ( ) );
#2411 = AXIS2_PLACEMENT_3D ( 'NONE', #1264, #3222, #3068 ) ;
#2412 = ORIENTED_EDGE ( 'NONE', *, *, #5365, .F. ) ;
#2413 = SURFACE_STYLE_FILL_AREA ( #6725 ) ;
#2414 = ORIENTED_EDGE ( 'NONE', *, *, #2976, .T. ) ;
#2415 = EDGE_CURVE ( 'NONE', #3035, #384, #2086, .T. ) ;
#2416 = UNCERTAINTY_MEASURE_WITH_UNIT (LENGTH_MEASURE( 1.000000000000000100E-005 ), #7834, 'distance_accuracy_value', 'NONE');
#2417 = FILL_AREA_STYLE_COLOUR ( '', #5476 ) ;
#2418 = CARTESIAN_POINT ( 'NONE',  ( -25.00000000000000000, -1.577021341797097400E-015, -15.50000000000000000 ) ) ;
#2419 = DIRECTION ( 'NONE',  ( -0.0000000000000000000, -1.000000000000000000, -0.0000000000000000000 ) ) ;
#2420 = DIRECTION ( 'NONE',  ( 0.0000000000000000000, -1.000000000000000000, 0.0000000000000000000 ) ) ;
#2421 = EDGE_CURVE ( 'NONE', #7184, #2990, #526, .T. ) ;
#2422 = DIRECTION ( 'NONE',  ( 0.0000000000000000000, 0.0000000000000000000, -1.000000000000000000 ) ) ;
#2423 = PRODUCT_DEFINITION ( 'UNKNOWN', '', #8174, #374 ) ;
#2424 = CARTESIAN_POINT ( 'NONE',  ( -9.454242944073598700E-014, -9.499999999999998200, 4.799999999999999800 ) ) ;
#2425 = LINE ( 'NONE', #7450, #2450 ) ;
#2426 =( LENGTH_UNIT ( ) NAMED_UNIT ( * ) SI_UNIT ( .MILLI., .METRE. ) );
#2427 = VECTOR ( 'NONE', #4756, 1000.000000000000000 ) ;
#2428 = ORIENTED_EDGE ( 'NONE', *, *, #1495, .T. ) ;
#2429 = AXIS2_PLACEMENT_3D ( 'NONE', #4205, #8093, #5766 ) ;
#2430 =( GEOMETRIC_REPRESENTATION_CONTEXT ( 3 ) GLOBAL_UNCERTAINTY_ASSIGNED_CONTEXT ( ( #112 ) ) GLOBAL_UNIT_ASSIGNED_CONTEXT ( ( #8468, #2696, #448 ) ) REPRESENTATION_CONTEXT ( 'NONE', 'WORKASPACE' ) );
#2431 = CARTESIAN_POINT ( 'NONE',  ( -25.00000000000000000, -7.000000000000002700, 9.685169074414750100 ) ) ;
#2432 = EDGE_CURVE ( 'NONE', #8700, #1248, #7804, .T. ) ;
#2433 = AXIS2_PLACEMENT_3D ( 'NONE', #2302, #1046, #7764 ) ;
#2434 = EDGE_CURVE ( 'NONE', #6643, #7950, #7100, .T. ) ;
#2435 = CARTESIAN_POINT ( 'NONE',  ( 29.99999999999999600, 0.0000000000000000000, 0.0000000000000000000 ) ) ;
#2436 = AXIS2_PLACEMENT_3D ( 'NONE', #6991, #5400, #2128 ) ;
#2437 = ORIENTED_EDGE ( 'NONE', *, *, #7411, .F. ) ;
#2438 = DIRECTION ( 'NONE',  ( 0.0000000000000000000, 0.0000000000000000000, 1.000000000000000000 ) ) ;
#2439 = DIRECTION ( 'NONE',  ( 0.0000000000000000000, 1.000000000000000000, 0.0000000000000000000 ) ) ;
#2440 = ORIENTED_EDGE ( 'NONE', *, *, #2599, .F. ) ;
#2441 = VECTOR ( 'NONE', #2103, 1000.000000000000000 ) ;
#2442 = PLANE ( 'NONE',  #3845 ) ;
#2443 = LINE ( 'NONE', #3724, #5165 ) ;
#2444 = CARTESIAN_POINT ( 'NONE',  ( 8.227241335952197000, 4.749999999999954700, 4.799999999999999800 ) ) ;
#2445 = FACE_OUTER_BOUND ( 'NONE', #6614, .T. ) ;
#2446 = CYLINDRICAL_SURFACE ( 'NONE', #4490, 2.999999999999997800 ) ;
#2447 = CIRCLE ( 'NONE', #8823, 1.600000000000004100 ) ;
#2448 = VERTEX_POINT ( 'NONE', #2355 ) ;
#2449 = AXIS2_PLACEMENT_3D ( 'NONE', #4054, #213, #6630 ) ;
#2450 = VECTOR ( 'NONE', #1021, 1000.000000000000000 ) ;
#2451 = STYLED_ITEM ( 'NONE', ( #4844 ), #8237 ) ;
#2452 = ADVANCED_FACE ( 'NONE', ( #1942 ), #8104, .T. ) ;
#2453 = AXIS2_PLACEMENT_3D ( 'NONE', #1111, #6241, #6089 ) ;
#2454 = CARTESIAN_POINT ( 'NONE',  ( 35.86999999999999700, 1.250000000000002000, 13.04999999999999900 ) ) ;
#2455 = FACE_BOUND ( 'NONE', #1740, .T. ) ;
#2456 = VERTEX_POINT ( 'NONE', #3769 ) ;
#2457 = AXIS2_PLACEMENT_3D ( 'NONE', #7750, #5423, #8320 ) ;
#2458 = COLOUR_RGB ( '',0.6509803921568627600, 0.6196078431372549200, 0.5882352941176470800 ) ;
#2459 = ADVANCED_FACE ( 'NONE', ( #7962 ), #3348, .F. ) ;
#2460 = DIRECTION ( 'NONE',  ( 1.000000000000000000, 1.219727444046192700E-016, 0.0000000000000000000 ) ) ;
#2461 = FACE_BOUND ( 'NONE', #3961, .T. ) ;
#2462 = ORIENTED_EDGE ( 'NONE', *, *, #7482, .T. ) ;
#2463 = CARTESIAN_POINT ( 'NONE',  ( -3.000000000000000000, 0.1646041220039583000, 3.649999999999998600 ) ) ;
#2464 = CARTESIAN_POINT ( 'NONE',  ( -8.227241335952159700, -3.175000000000014900, 4.799999999999999800 ) ) ;
#2465 = ORIENTED_EDGE ( 'NONE', *, *, #6741, .T. ) ;
#2466 = STYLED_ITEM ( 'NONE', ( #7672 ), #257 ) ;
#2467 = CIRCLE ( 'NONE', #6973, 1.249999999999988000 ) ;
#2468 = SURFACE_STYLE_FILL_AREA ( #6329 ) ;
#2469 = ORIENTED_EDGE ( 'NONE', *, *, #1301, .F. ) ;
#2470 =( NAMED_UNIT ( * ) SI_UNIT ( $, .STERADIAN. ) SOLID_ANGLE_UNIT ( ) );
#2471 = CARTESIAN_POINT ( 'NONE',  ( -25.00000000000000000, -13.42339375865879900, 6.500000000001136900 ) ) ;
#2472 = B_SPLINE_CURVE_WITH_KNOTS ( 'NONE', 3,
 ( #5069, #4070, #7092, #2903, #3624, #812, #666, #1498, #5222, #2210, #7370, #951, #1367, #8686, #99, #4768, #6211, #1234 ),
 .UNSPECIFIED., .F., .F.,
 ( 4, 2, 2, 2, 2, 2, 2, 2, 4 ),
 ( 0.003910327343534527100, 0.004399003948567890300, 0.004887680553601253500, 0.005376357158634616700, 0.005865033763667979900, 0.006353710368701342300, 0.006842386973734706400, 0.007331063578768068700, 0.007819740183801431000 ),
 .UNSPECIFIED. ) ;
#2473 = EDGE_CURVE ( 'NONE', #2448, #8592, #1511, .T. ) ;
#2474 = B_SPLINE_CURVE_WITH_KNOTS ( 'NONE', 3,
 ( #8221, #2463, #774, #2315, #1337, #5596, #4324, #487, #3455, #6023, #8507, #5741, #1769, #1903, #2182, #7337, #6030, #2191, #5470, #5464, #8372, #5333 ),
 .UNSPECIFIED., .F., .F.,
 ( 4, 2, 2, 2, 2, 2, 2, 2, 2, 2, 4 ),
 ( 0.003953707732116448900, 0.004447523194763866600, 0.004941338657411284200, 0.005188246388734994400, 0.005435154120058703600, 0.005682061851382412900, 0.005928969582706122100, 0.006422785045353541500, 0.006916600508000960100, 0.007410415970648377700, 0.007904231433295796200 ),
 .UNSPECIFIED. ) ;
#2475 = VERTEX_POINT ( 'NONE', #3058 ) ;
#2476 = VECTOR ( 'NONE', #4477, 1000.000000000000000 ) ;
#2477 = DIRECTION ( 'NONE',  ( -1.000000000000000000, -1.156482317317871200E-016, 0.0000000000000000000 ) ) ;
#2478 = CIRCLE ( 'NONE', #2207, 8.000000000000000000 ) ;
#2479 = CARTESIAN_POINT ( 'NONE',  ( 15.60000000000015100, -20.80000000000000100, 22.30000000000000400 ) ) ;
#2480 = ORIENTED_EDGE ( 'NONE', *, *, #4396, .T. ) ;
#2481 = AXIS2_PLACEMENT_3D ( 'NONE', #2153, #2845, #1306 ) ;
#2482 = CARTESIAN_POINT ( 'NONE',  ( -25.00000000000000000, 13.42339375865879700, -8.999999999999989300 ) ) ;
#2483 = ADVANCED_FACE ( 'NONE', ( #1656 ), #4121, .F. ) ;
#2484 = FACE_BOUND ( 'NONE', #7276, .T. ) ;
#2485 = EDGE_CURVE ( 'NONE', #5640, #7347, #1441, .T. ) ;
#2486 = UNCERTAINTY_MEASURE_WITH_UNIT (LENGTH_MEASURE( 1.000000000000000100E-005 ), #6384, 'distance_accuracy_value', 'NONE');
#2487 = EDGE_LOOP ( 'NONE', ( #3804, #5759, #4056, #1082 ) ) ;
#2488 = CIRCLE ( 'NONE', #1056, 1.600000000000004100 ) ;
#2489 = CIRCLE ( 'NONE', #7377, 5.000000000000000900 ) ;
#2490 = EDGE_LOOP ( 'NONE', ( #472, #4584, #8871, #261, #2168 ) ) ;
#2491 =( NAMED_UNIT ( * ) PLANE_ANGLE_UNIT ( ) SI_UNIT ( $, .RADIAN. ) );
#2492 = VECTOR ( 'NONE', #2438, 1000.000000000000000 ) ;
#2493 = CARTESIAN_POINT ( 'NONE',  ( -1.742014973993183600, 5.079133820953757100, -13.04999999999999900 ) ) ;
#2494 = MECHANICAL_DESIGN_GEOMETRIC_PRESENTATION_REPRESENTATION (  '', ( #5134 ), #6851 ) ;
#2495 = CYLINDRICAL_SURFACE ( 'NONE', #8134, 1.600000000000004100 ) ;
#2496 = DIRECTION ( 'NONE',  ( -1.219727444046192700E-016, 1.000000000000000000, -0.0000000000000000000 ) ) ;
#2497 = VERTEX_POINT ( 'NONE', #8408 ) ;
#2498 = CARTESIAN_POINT ( 'NONE',  ( -15.59999999999984900, -18.79999999999999700, 25.50000000000000000 ) ) ;
#2499 = CIRCLE ( 'NONE', #3801, 1.249999999999999300 ) ;
#2500 = LINE ( 'NONE', #5077, #7927 ) ;
#2501 = EDGE_CURVE ( 'NONE', #6831, #8517, #2511, .T. ) ;
#2502 = UNCERTAINTY_MEASURE_WITH_UNIT (LENGTH_MEASURE( 1.000000000000000100E-005 ), #4680, 'distance_accuracy_value', 'NONE');
#2503 = VERTEX_POINT ( 'NONE', #4778 ) ;
#2504 = SHAPE_REPRESENTATION_RELATIONSHIP ( 'NONE' , 'NONE' ,  #1465, #5626 ) ;
#2505 = ORIENTED_EDGE ( 'NONE', *, *, #4751, .T. ) ;
#2506 = ORIENTED_EDGE ( 'NONE', *, *, #2252, .T. ) ;
#2507 = CARTESIAN_POINT ( 'NONE',  ( 0.03012971658237811900, 5.078133820953754100, 0.0000000000000000000 ) ) ;
#2508 = CARTESIAN_POINT ( 'NONE',  ( 1.053355855920125300, 0.0000000000000000000, 2.800000000000000300 ) ) ;
#2509 = CARTESIAN_POINT ( 'NONE',  ( -8.227241335952163200, 3.175000000000007800, 4.799999999999999800 ) ) ;
#2510 = EDGE_CURVE ( 'NONE', #2201, #3613, #2735, .T. ) ;
#2511 = CIRCLE ( 'NONE', #952, 0.5000000000000000000 ) ;
#2512 = ORIENTED_EDGE ( 'NONE', *, *, #3484, .F. ) ;
#2513 = PRESENTATION_STYLE_ASSIGNMENT (( #5238 ) ) ;
#2514 = EDGE_LOOP ( 'NONE', ( #4495, #8217, #4317, #3341 ) ) ;
#2515 = ORIENTED_EDGE ( 'NONE', *, *, #8706, .T. ) ;
#2516 = VECTOR ( 'NONE', #7077, 1000.000000000000000 ) ;
#2517 = DIRECTION ( 'NONE',  ( 0.0000000000000000000, 0.0000000000000000000, -1.000000000000000000 ) ) ;
#2518 = VECTOR ( 'NONE', #1604, 1000.000000000000100 ) ;
#2519 =( LENGTH_UNIT ( ) NAMED_UNIT ( * ) SI_UNIT ( .MILLI., .METRE. ) );
#2520 = EDGE_LOOP ( 'NONE', ( #4881, #7286, #6351, #943 ) ) ;
#2521 = VERTEX_POINT ( 'NONE', #6523 ) ;
#2522 = ORIENTED_EDGE ( 'NONE', *, *, #6354, .F. ) ;
#2523 = UNCERTAINTY_MEASURE_WITH_UNIT (LENGTH_MEASURE( 1.000000000000000100E-005 ), #8866, 'distance_accuracy_value', 'NONE');
#2524 = COLOUR_RGB ( '',0.7686274509803920900, 0.7686274509803920900, 0.7686274509803920900 ) ;
#2525 = ORIENTED_EDGE ( 'NONE', *, *, #1016, .F. ) ;
#2526 = CARTESIAN_POINT ( 'NONE',  ( -11.59431603591889700, -4.760212805587796600, 0.7748793577775359200 ) ) ;
#2527 = CARTESIAN_POINT ( 'NONE',  ( -2.936450280665206400, 0.6330634317020297200, 7.690242604385176200 ) ) ;
#2528 = DIRECTION ( 'NONE',  ( 0.0000000000000000000, 0.0000000000000000000, 1.000000000000000000 ) ) ;
#2529 = ORIENTED_EDGE ( 'NONE', *, *, #3394, .T. ) ;
#2530 = DIRECTION ( 'NONE',  ( -0.2528694266529967200, -0.9675004150201614900, -3.378009644365880800E-015 ) ) ;
#2531 = CARTESIAN_POINT ( 'NONE',  ( -25.00000000000000000, 15.49999999999999800, 1.249999999999987100 ) ) ;
#2532 = CARTESIAN_POINT ( 'NONE',  ( -2.936726770424065600, -0.6315044571477516100, 7.690960842288947500 ) ) ;
#2533 = EDGE_CURVE ( 'NONE', #8480, #2456, #2924, .T. ) ;
#2534 = VECTOR ( 'NONE', #3138, 1000.000000000000000 ) ;
#2535 = ORIENTED_EDGE ( 'NONE', *, *, #6911, .T. ) ;
#2536 = APPLICATION_PROTOCOL_DEFINITION ( 'draft international standard', 'automotive_design', 1998, #7208 ) ;
#2537 = CARTESIAN_POINT ( 'NONE',  ( -15.59999999999984900, -20.80000000000000100, 14.30000000000000100 ) ) ;
#2538 = ORIENTED_EDGE ( 'NONE', *, *, #4396, .F. ) ;
#2539 = LINE ( 'NONE', #7564, #4165 ) ;
#2540 = CARTESIAN_POINT ( 'NONE',  ( 15.60000000000015100, -18.79999999999999700, 47.90000000000000600 ) ) ;
#2541 = ORIENTED_EDGE ( 'NONE', *, *, #5395, .F. ) ;
#2542 = CONTEXT_DEPENDENT_SHAPE_REPRESENTATION ( #3521, #2594 ) ;
#2543 = EDGE_LOOP ( 'NONE', ( #2075, #7817 ) ) ;
#2544 = DIRECTION ( 'NONE',  ( 0.0000000000000000000, -1.000000000000000000, 0.0000000000000000000 ) ) ;
#2545 =( LENGTH_UNIT ( ) NAMED_UNIT ( * ) SI_UNIT ( .MILLI., .METRE. ) );
#2546 = CARTESIAN_POINT ( 'NONE',  ( -1.742014973993182900, -0.4218661790462451300, -13.04999999999999900 ) ) ;
#2547 = AXIS2_PLACEMENT_3D ( 'NONE', #4966, #4253, #856 ) ;
#2548 = EDGE_CURVE ( 'NONE', #8414, #1933, #6235, .T. ) ;
#2549 = EDGE_CURVE ( 'NONE', #8520, #1627, #4272, .T. ) ;
#2550 = ORIENTED_EDGE ( 'NONE', *, *, #8747, .T. ) ;
#2551 = VERTEX_POINT ( 'NONE', #8271 ) ;
#2552 = CARTESIAN_POINT ( 'NONE',  ( -24.00000000000000000, -6.999999999999998200, 8.579999999999996500 ) ) ;
#2553 = B_SPLINE_CURVE_WITH_KNOTS ( 'NONE', 3,
 ( #7782, #8356, #6768, #4869, #3877, #5454, #3730, #628, #4592, #7052, #1328, #3591, #1054, #6016, #7917, #198, #2586, #3146, #54, #8502 ),
 .UNSPECIFIED., .F., .F.,
 ( 4, 2, 2, 2, 2, 2, 2, 2, 2, 4 ),
 ( 0.0000000000000000000, 0.0004887909179418153500, 0.0009775818358836306900, 0.001466372753825445900, 0.001955163671767262300, 0.002443954589709078400, 0.002932745507650894500, 0.003421536425592710600, 0.003665931884563619300, 0.003910327343534527100 ),
 .UNSPECIFIED. ) ;
#2554 = AXIS2_PLACEMENT_3D ( 'NONE', #2380, #6687, #3074 ) ;
#2555 = CARTESIAN_POINT ( 'NONE',  ( 15.60000000000015100, 18.80100000000015100, 25.49999999999999600 ) ) ;
#2556 = CIRCLE ( 'NONE', #183, 1.249999999999997600 ) ;
#2557 = ORIENTED_EDGE ( 'NONE', *, *, #5894, .F. ) ;
#2558 = LINE ( 'NONE', #7587, #1643 ) ;
#2559 = VECTOR ( 'NONE', #4741, 1000.000000000000000 ) ;
#2560 = FILL_AREA_STYLE_COLOUR ( '', #2607 ) ;
#2561 = FACE_OUTER_BOUND ( 'NONE', #2520, .T. ) ;
#2562 = FILL_AREA_STYLE_COLOUR ( '', #6056 ) ;
#2563 = SURFACE_STYLE_USAGE ( .BOTH. , #7015 ) ;
#2564 = CARTESIAN_POINT ( 'NONE',  ( -1.742014973993183200, 1.078133820953754800, -13.04999999999999900 ) ) ;
#2565 = CIRCLE ( 'NONE', #6005, 1.650000000000002100 ) ;
#2566 = EDGE_CURVE ( 'NONE', #2578, #7975, #2567, .T. ) ;
#2567 = CIRCLE ( 'NONE', #4172, 18.80000000000015300 ) ;
#2568 = FILL_AREA_STYLE ('',( #5707 ) ) ;
#2569 = COLOUR_RGB ( '',1.000000000000000000, 1.000000000000000000, 1.000000000000000000 ) ;
#2570 = DIRECTION ( 'NONE',  ( -0.0000000000000000000, -1.000000000000000000, -0.0000000000000000000 ) ) ;
#2571 = EDGE_CURVE ( 'NONE', #7718, #2379, #8682, .T. ) ;
#2572 = ORIENTED_EDGE ( 'NONE', *, *, #3452, .T. ) ;
#2573 = CARTESIAN_POINT ( 'NONE',  ( 15.03012971658238000, 1.078133820953755700, 1.836970198721030000E-015 ) ) ;
#2574 = DIRECTION ( 'NONE',  ( -0.0000000000000000000, -0.0000000000000000000, -1.000000000000000000 ) ) ;
#2575 = CARTESIAN_POINT ( 'NONE',  ( 18.80000000000015300, -18.79999999999999700, 0.0000000000000000000 ) ) ;
#2576 = SURFACE_SIDE_STYLE ('',( #6303 ) ) ;
#2577 = DIRECTION ( 'NONE',  ( -0.0000000000000000000, 1.149055390210327300E-016, -1.000000000000000000 ) ) ;
#2578 = VERTEX_POINT ( 'NONE', #3220 ) ;
#2579 = AXIS2_PLACEMENT_3D ( 'NONE', #6418, #4827, #2004 ) ;
#2580 = CARTESIAN_POINT ( 'NONE',  ( -24.00000000000000000, 13.42339375865879700, -7.750000000000000000 ) ) ;
#2581 = SURFACE_STYLE_FILL_AREA ( #5871 ) ;
#2582 = ORIENTED_EDGE ( 'NONE', *, *, #6142, .F. ) ;
#2583 = CIRCLE ( 'NONE', #4918, 8.000000000000000000 ) ;
#2584 = LINE ( 'NONE', #333, #2387 ) ;
#2585 = SURFACE_SIDE_STYLE ('',( #7913 ) ) ;
#2586 = CARTESIAN_POINT ( 'NONE',  ( -12.99618977684093000, 0.3247700361379651200, 3.609835610933448200 ) ) ;
#2587 = EDGE_CURVE ( 'NONE', #2769, #5800, #694, .T. ) ;
#2588 = VERTEX_POINT ( 'NONE', #4359 ) ;
#2589 = LINE ( 'NONE', #1187, #8007 ) ;
#2590 = FACE_OUTER_BOUND ( 'NONE', #8256, .T. ) ;
#2591 = DIRECTION ( 'NONE',  ( 0.0000000000000000000, 0.0000000000000000000, -1.000000000000000000 ) ) ;
#2592 = VERTEX_POINT ( 'NONE', #3196 ) ;
#2593 = PRESENTATION_STYLE_ASSIGNMENT (( #7061 ) ) ;
#2594 = PRODUCT_DEFINITION_SHAPE ( 'NONE', 'NONE',  #8878 ) ;
#2595 = CARTESIAN_POINT ( 'NONE',  ( -24.00000000000000000, -7.493884637858765400, -8.895941222233682700 ) ) ;
#2596 = DIRECTION ( 'NONE',  ( 1.000000000000000000, 1.858632295689435900E-016, -0.0000000000000000000 ) ) ;
#2597 = STYLED_ITEM ( 'NONE', ( #7829 ), #5312 ) ;
#2598 = ORIENTED_EDGE ( 'NONE', *, *, #7244, .F. ) ;
#2599 = EDGE_CURVE ( 'NONE', #107, #3491, #1646, .T. ) ;
#2600 = EDGE_CURVE ( 'NONE', #3491, #6643, #3659, .T. ) ;
#2601 = CARTESIAN_POINT ( 'NONE',  ( -18.79999999999984800, -18.79999999999999700, 2.000000000000000000 ) ) ;
#2602 = FILL_AREA_STYLE_COLOUR ( '', #4482 ) ;
#2603 = VERTEX_POINT ( 'NONE', #7961 ) ;
#2604 = APPLICATION_CONTEXT ( 'automotive_design' ) ;
#2605 =( NAMED_UNIT ( * ) PLANE_ANGLE_UNIT ( ) SI_UNIT ( $, .RADIAN. ) );
#2606 = DIRECTION ( 'NONE',  ( -1.000000000000000000, 0.0000000000000000000, 0.0000000000000000000 ) ) ;
#2607 = COLOUR_RGB ( '',0.6509803921568627600, 0.6196078431372549200, 0.5882352941176470800 ) ;
#2608 = VERTEX_POINT ( 'NONE', #6084 ) ;
#2609 = UNCERTAINTY_MEASURE_WITH_UNIT (LENGTH_MEASURE( 1.000000000000000100E-005 ), #6530, 'distance_accuracy_value', 'NONE');
#2610 = AXIS2_PLACEMENT_3D ( 'NONE', #1931, #3759, #7235 ) ;
#2611 = ORIENTED_EDGE ( 'NONE', *, *, #7435, .T. ) ;
#2612 = EDGE_CURVE ( 'NONE', #3798, #5800, #473, .T. ) ;
#2613 = CARTESIAN_POINT ( 'NONE',  ( 3.673940397442059400E-016, -2.999999999999999600, -3.447166170630981900E-016 ) ) ;
#2614 = DIRECTION ( 'NONE',  ( 0.0000000000000000000, 1.000000000000000000, 0.0000000000000000000 ) ) ;
#2615 = VERTEX_POINT ( 'NONE', #8713 ) ;
#2616 = EDGE_CURVE ( 'NONE', #6590, #2319, #2109, .T. ) ;
#2617 = DIRECTION ( 'NONE',  ( -1.000000000000000000, -0.0000000000000000000, -0.0000000000000000000 ) ) ;
#2618 = FACE_OUTER_BOUND ( 'NONE', #7822, .T. ) ;
#2619 = DIRECTION ( 'NONE',  ( 1.000000000000000000, -0.0000000000000000000, -0.0000000000000000000 ) ) ;
#2620 = FACE_BOUND ( 'NONE', #6483, .T. ) ;
#2621 =( LENGTH_UNIT ( ) NAMED_UNIT ( * ) SI_UNIT ( .MILLI., .METRE. ) );
#2622 = VERTEX_POINT ( 'NONE', #1655 ) ;
#2623 = CARTESIAN_POINT ( 'NONE',  ( -20.50000000000000000, 3.000000000000000000, 0.0000000000000000000 ) ) ;
#2624 = ORIENTED_EDGE ( 'NONE', *, *, #7698, .T. ) ;
#2625 = AXIS2_PLACEMENT_3D ( 'NONE', #33, #26, #7887 ) ;
#2626 = CIRCLE ( 'NONE', #3126, 3.000000000000000000 ) ;
#2627 = ADVANCED_FACE ( 'NONE', ( #5361 ), #2782, .T. ) ;
#2628 = ORIENTED_EDGE ( 'NONE', *, *, #4857, .F. ) ;
#2629 = ADVANCED_FACE ( 'NONE', ( #7528, #3355, #2354, #7968, #246, #8406, #5234, #3640, #2632, #1941, #8114 ), #7566, .F. ) ;
#2630 = ORIENTED_EDGE ( 'NONE', *, *, #533, .F. ) ;
#2631 = LINE ( 'NONE', #3776, #6868 ) ;
#2632 = FACE_BOUND ( 'NONE', #6259, .T. ) ;
#2633 = AXIS2_PLACEMENT_3D ( 'NONE', #3863, #5013, #899 ) ;
#2634 = DIRECTION ( 'NONE',  ( 0.0000000000000000000, 0.0000000000000000000, -1.000000000000000000 ) ) ;
#2635 = EDGE_LOOP ( 'NONE', ( #1785, #5358 ) ) ;
#2636 = ORIENTED_EDGE ( 'NONE', *, *, #32, .T. ) ;
#2637 = ORIENTED_EDGE ( 'NONE', *, *, #7086, .F. ) ;
#2638 = CARTESIAN_POINT ( 'NONE',  ( -9.454242944073598700E-014, -11.07499999999999600, 4.799999999999999800 ) ) ;
#2639 = AXIS2_PLACEMENT_3D ( 'NONE', #6113, #6861, #6409 ) ;
#2640 = SURFACE_STYLE_FILL_AREA ( #4930 ) ;
#2641 =( LENGTH_UNIT ( ) NAMED_UNIT ( * ) SI_UNIT ( .MILLI., .METRE. ) );
#2642 = MECHANICAL_DESIGN_GEOMETRIC_PRESENTATION_REPRESENTATION (  '', ( #1862 ), #8776 ) ;
#2643 = EDGE_LOOP ( 'NONE', ( #6306, #584, #1110, #3965 ) ) ;
#2644 = AXIS2_PLACEMENT_3D ( 'NONE', #7113, #1098, #1379 ) ;
#2645 = ORIENTED_EDGE ( 'NONE', *, *, #7307, .F. ) ;
#2646 = VERTEX_POINT ( 'NONE', #6706 ) ;
#2647 = CARTESIAN_POINT ( 'NONE',  ( -15.59999999999984900, -20.80000000000000100, 35.10000000000000100 ) ) ;
#2648 = CONICAL_SURFACE ( 'NONE', #7732, 1.200000000000008200, 0.1973955598498808000 ) ;
#2649 = CARTESIAN_POINT ( 'NONE',  ( -24.99999999999999600, -3.469446951953614200E-015, 0.0000000000000000000 ) ) ;
#2650 = EDGE_CURVE ( 'NONE', #6064, #4810, #5848, .T. ) ;
#2651 = EDGE_CURVE ( 'NONE', #5114, #2361, #7190, .T. ) ;
#2652 = CARTESIAN_POINT ( 'NONE',  ( -11.00000000000000000, 1.078133820953753400, 2.000000000000000000 ) ) ;
#2653 = CARTESIAN_POINT ( 'NONE',  ( 0.8461400254337174700, 0.9159823480685508300, 0.9159823480685535000 ) ) ;
#2654 = ORIENTED_EDGE ( 'NONE', *, *, #3338, .F. ) ;
#2655 = DIRECTION ( 'NONE',  ( 1.000000000000000000, 0.0000000000000000000, 0.0000000000000000000 ) ) ;
#2656 = SURFACE_STYLE_FILL_AREA ( #1961 ) ;
#2657 = VERTEX_POINT ( 'NONE', #725 ) ;
#2658 = ORIENTED_EDGE ( 'NONE', *, *, #3619, .F. ) ;
#2659 = PRESENTATION_LAYER_ASSIGNMENT (  '', '', ( #76 ) ) ;
#2660 = DIRECTION ( 'NONE',  ( 0.0000000000000000000, 0.0000000000000000000, -1.000000000000000000 ) ) ;
#2661 = ORIENTED_EDGE ( 'NONE', *, *, #6641, .T. ) ;
#2662 = DIRECTION ( 'NONE',  ( 0.0000000000000000000, -1.000000000000000000, 0.0000000000000000000 ) ) ;
#2663 = CARTESIAN_POINT ( 'NONE',  ( -25.00000000000000000, -7.749999999999427100, 14.67339375865977600 ) ) ;
#2664 = ORIENTED_EDGE ( 'NONE', *, *, #4753, .F. ) ;
#2665 = DIRECTION ( 'NONE',  ( -0.3553236068676327600, -3.263638970665466600E-015, 0.9347433521574656200 ) ) ;
#2666 = DIRECTION ( 'NONE',  ( -0.0000000000000000000, -1.149055390210327300E-016, 1.000000000000000000 ) ) ;
#2667 = PRESENTATION_LAYER_ASSIGNMENT (  '', '', ( #2926 ) ) ;
#2668 = VECTOR ( 'NONE', #3197, 1000.000000000000000 ) ;
#2669 =( LENGTH_UNIT ( ) NAMED_UNIT ( * ) SI_UNIT ( .MILLI., .METRE. ) );
#2670 = VECTOR ( 'NONE', #4356, 1000.000000000000000 ) ;
#2671 = ORIENTED_EDGE ( 'NONE', *, *, #8765, .F. ) ;
#2672 = LINE ( 'NONE', #6944, #6208 ) ;
#2673 = ORIENTED_EDGE ( 'NONE', *, *, #8272, .F. ) ;
#2674 = CARTESIAN_POINT ( 'NONE',  ( -6.099999999999965900, -13.42339375865881700, 0.0000000000000000000 ) ) ;
#2675 = ADVANCED_FACE ( 'NONE', ( #1989 ), #4823, .F. ) ;
#2676 = CARTESIAN_POINT ( 'NONE',  ( 15.60000000000015100, -20.80000000000000100, 38.29999999999999700 ) ) ;
#2677 = SURFACE_STYLE_FILL_AREA ( #8596 ) ;
#2678 = EDGE_LOOP ( 'NONE', ( #7832, #6493 ) ) ;
#2679 = ORIENTED_EDGE ( 'NONE', *, *, #6720, .T. ) ;
#2680 = FILL_AREA_STYLE_COLOUR ( '', #6810 ) ;
#2681 = CARTESIAN_POINT ( 'NONE',  ( -25.00000000000000000, -18.40000000000000600, 0.0000000000000000000 ) ) ;
#2682 = AXIS2_PLACEMENT_3D ( 'NONE', #6477, #2742, #2591 ) ;
#2683 = EDGE_CURVE ( 'NONE', #1094, #6798, #357, .T. ) ;
#2684 = DIRECTION ( 'NONE',  ( -1.000000000000000000, -0.0000000000000000000, -0.0000000000000000000 ) ) ;
#2685 = CARTESIAN_POINT ( 'NONE',  ( -23.24892422621555000, 9.737364035343910800E-013, 15.50000000000056500 ) ) ;
#2686 = LINE ( 'NONE', #2266, #7313 ) ;
#2687 = ORIENTED_EDGE ( 'NONE', *, *, #6942, .F. ) ;
#2688 = EDGE_LOOP ( 'NONE', ( #4613, #552, #1357, #79 ) ) ;
#2689 = CARTESIAN_POINT ( 'NONE',  ( 35.86999999999999700, 1.250000000000002000, -12.05000000000000100 ) ) ;
#2690 = CIRCLE ( 'NONE', #4762, 1.599999999999997200 ) ;
#2691 = SURFACE_STYLE_USAGE ( .BOTH. , #4425 ) ;
#2692 = CARTESIAN_POINT ( 'NONE',  ( -15.59999999999984900, -20.80000000000000100, 27.09999999999999800 ) ) ;
#2693 = FILL_AREA_STYLE_COLOUR ( '', #4128 ) ;
#2694 = SURFACE_SIDE_STYLE ('',( #5841 ) ) ;
#2695 = CIRCLE ( 'NONE', #6086, 4.250000000000000000 ) ;
#2696 =( NAMED_UNIT ( * ) PLANE_ANGLE_UNIT ( ) SI_UNIT ( $, .RADIAN. ) );
#2697 = VECTOR ( 'NONE', #8181, 1000.000000000000000 ) ;
#2698 =( NAMED_UNIT ( * ) SI_UNIT ( $, .STERADIAN. ) SOLID_ANGLE_UNIT ( ) );
#2699 = ADVANCED_FACE ( 'NONE', ( #3404 ), #8022, .F. ) ;
#2700 = PRESENTATION_STYLE_ASSIGNMENT (( #6735 ) ) ;
#2701 = DIRECTION ( 'NONE',  ( -0.0000000000000000000, -0.0000000000000000000, -1.000000000000000000 ) ) ;
#2702 = CYLINDRICAL_SURFACE ( 'NONE', #2311, 4.250000000000000900 ) ;
#2703 = PRESENTATION_STYLE_ASSIGNMENT (( #3840 ) ) ;
#2704 = CARTESIAN_POINT ( 'NONE',  ( -25.00000000000000000, 13.42339375865879700, -7.750000000000000000 ) ) ;
#2705 = ADVANCED_FACE ( 'NONE', ( #7303 ), #6732, .F. ) ;
#2706 = ADVANCED_FACE ( 'NONE', ( #5290 ), #3828, .F. ) ;
#2707 = PLANE ( 'NONE',  #7279 ) ;
#2708 = PRESENTATION_LAYER_ASSIGNMENT (  '', '', ( #3911 ) ) ;
#2709 = AXIS2_PLACEMENT_3D ( 'NONE', #838, #4237, #2113 ) ;
#2710 = LINE ( 'NONE', #8470, #7047 ) ;
#2711 = UNCERTAINTY_MEASURE_WITH_UNIT (LENGTH_MEASURE( 1.000000000000000100E-005 ), #6896, 'distance_accuracy_value', 'NONE');
#2712 = AXIS2_PLACEMENT_3D ( 'NONE', #2927, #8419, #5652 ) ;
#2713 = VERTEX_POINT ( 'NONE', #5703 ) ;
#2714 = VECTOR ( 'NONE', #3895, 1000.000000000000000 ) ;
#2715 = DIRECTION ( 'NONE',  ( 1.000000000000000000, 1.219727444046192700E-016, 0.0000000000000000000 ) ) ;
#2716 = DIRECTION ( 'NONE',  ( -9.434335767103475300E-049, 1.224646799147353200E-016, 1.000000000000000000 ) ) ;
#2717 =( LENGTH_UNIT ( ) NAMED_UNIT ( * ) SI_UNIT ( .MILLI., .METRE. ) );
#2718 = CIRCLE ( 'NONE', #1158, 1.249999999999988900 ) ;
#2719 = VECTOR ( 'NONE', #8410, 1000.000000000000000 ) ;
#2720 = ORIENTED_EDGE ( 'NONE', *, *, #8233, .T. ) ;
#2721 = CARTESIAN_POINT ( 'NONE',  ( -9.500000000000000000, 6.078133820953754100, 2.000000000000000000 ) ) ;
#2722 =( GEOMETRIC_REPRESENTATION_CONTEXT ( 3 ) GLOBAL_UNCERTAINTY_ASSIGNED_CONTEXT ( ( #933 ) ) GLOBAL_UNIT_ASSIGNED_CONTEXT ( ( #5553, #5844, #6578 ) ) REPRESENTATION_CONTEXT ( 'NONE', 'WORKASPACE' ) );
#2723 = EDGE_CURVE ( 'NONE', #2361, #5368, #7595, .T. ) ;
#2724 = CARTESIAN_POINT ( 'NONE',  ( -11.00000000000000000, 1.078133820953753400, -2.000000000000000000 ) ) ;
#2725 = DIRECTION ( 'NONE',  ( -1.219727444046192700E-016, 1.000000000000000000, -0.0000000000000000000 ) ) ;
#2726 = CARTESIAN_POINT ( 'NONE',  ( 0.03012971658237879200, -0.4218661790462439100, 0.0000000000000000000 ) ) ;
#2727 = DIRECTION ( 'NONE',  ( 0.0000000000000000000, 1.000000000000000000, 1.445602896647339400E-016 ) ) ;
#2728 = AXIS2_PLACEMENT_3D ( 'NONE', #4757, #4344, #7799 ) ;
#2729 = PRESENTATION_LAYER_ASSIGNMENT (  '', '', ( #3929 ) ) ;
#2730 = SURFACE_STYLE_USAGE ( .BOTH. , #5025 ) ;
#2731 = VERTEX_POINT ( 'NONE', #5298 ) ;
#2732 = FILL_AREA_STYLE_COLOUR ( '', #6669 ) ;
#2733 = FACE_OUTER_BOUND ( 'NONE', #1667, .T. ) ;
#2734 = DIRECTION ( 'NONE',  ( 0.0000000000000000000, 1.000000000000000000, 1.149055390210328000E-016 ) ) ;
#2735 = CIRCLE ( 'NONE', #6633, 1.249999999999988900 ) ;
#2736 = EDGE_LOOP ( 'NONE', ( #5152, #8847 ) ) ;
#2737 = CIRCLE ( 'NONE', #3664, 4.034480499256926800 ) ;
#2738 = LINE ( 'NONE', #5182, #3593 ) ;
#2739 = EDGE_CURVE ( 'NONE', #7391, #5050, #4972, .T. ) ;
#2740 = CARTESIAN_POINT ( 'NONE',  ( 8.227241335952197000, 3.174999999999958100, 6.863855140302772700E-016 ) ) ;
#2741 = CIRCLE ( 'NONE', #367, 1.200000000000008200 ) ;
#2742 = DIRECTION ( 'NONE',  ( -0.0000000000000000000, -1.000000000000000000, -0.0000000000000000000 ) ) ;
#2743 = ORIENTED_EDGE ( 'NONE', *, *, #5970, .F. ) ;
#2744 = CARTESIAN_POINT ( 'NONE',  ( -1.169870283417620700, -4.421866179046244100, 0.0000000000000000000 ) ) ;
#2745 = EDGE_CURVE ( 'NONE', #7269, #913, #2981, .T. ) ;
#2746 = DIRECTION ( 'NONE',  ( 0.0000000000000000000, 0.0000000000000000000, 1.000000000000000000 ) ) ;
#2747 = EDGE_LOOP ( 'NONE', ( #6069, #5711 ) ) ;
#2748 = CONICAL_SURFACE ( 'NONE', #4609, 1.249999999999999300, 1.029744258676654500 ) ;
#2749 = EDGE_LOOP ( 'NONE', ( #58, #2462, #7091, #7488 ) ) ;
#2750 = VECTOR ( 'NONE', #2386, 1000.000000000000000 ) ;
#2751 = CARTESIAN_POINT ( 'NONE',  ( -1.742014973993183600, 5.079133820953757100, 12.04999999999999900 ) ) ;
#2752 = ADVANCED_FACE ( 'NONE', ( #8182 ), #4147, .F. ) ;
#2753 = AXIS2_PLACEMENT_3D ( 'NONE', #3754, #5480, #3333 ) ;
#2754 = VERTEX_POINT ( 'NONE', #741 ) ;
#2755 = CARTESIAN_POINT ( 'NONE',  ( 30.00000000000000000, 1.250000000000001800, -13.04999999999999900 ) ) ;
#2756 = EDGE_CURVE ( 'NONE', #8125, #4063, #7309, .T. ) ;
#2757 = PLANE ( 'NONE',  #2796 ) ;
#2758 = EDGE_CURVE ( 'NONE', #4451, #1237, #3609, .T. ) ;
#2759 = CARTESIAN_POINT ( 'NONE',  ( 17.00000000000000000, 2.328133820953756800, -3.750000000000000000 ) ) ;
#2760 = AXIS2_PLACEMENT_3D ( 'NONE', #1687, #6702, #2808 ) ;
#2761 = EDGE_LOOP ( 'NONE', ( #8864, #3073, #1118, #438 ) ) ;
#2762 = CARTESIAN_POINT ( 'NONE',  ( -5.917348716280392800, -0.9992252543351196600, 5.831604851894952400 ) ) ;
#2763 = AXIS2_PLACEMENT_3D ( 'NONE', #5229, #4772, #7103 ) ;
#2764 =( NAMED_UNIT ( * ) PLANE_ANGLE_UNIT ( ) SI_UNIT ( $, .RADIAN. ) );
#2765 = LINE ( 'NONE', #8244, #8306 ) ;
#2766 = ORIENTED_EDGE ( 'NONE', *, *, #6371, .F. ) ;
#2767 = FACE_OUTER_BOUND ( 'NONE', #534, .T. ) ;
#2768 = CARTESIAN_POINT ( 'NONE',  ( 0.03012971658237927800, -4.421866179046244100, 0.0000000000000000000 ) ) ;
#2769 = VERTEX_POINT ( 'NONE', #175 ) ;
#2770 = CARTESIAN_POINT ( 'NONE',  ( -15.59999999999984900, 18.80100000000015100, 38.29999999999999700 ) ) ;
#2771 = DIRECTION ( 'NONE',  ( 1.219727444046192700E-016, -1.000000000000000000, -0.0000000000000000000 ) ) ;
#2772 = LINE ( 'NONE', #7373, #2281 ) ;
#2773 = VERTEX_POINT ( 'NONE', #4997 ) ;
#2774 = AXIS2_PLACEMENT_3D ( 'NONE', #5218, #6653, #3184 ) ;
#2775 = CARTESIAN_POINT ( 'NONE',  ( -7.750000000000157200, 13.42339375865871200, 0.0000000000000000000 ) ) ;
#2776 = CARTESIAN_POINT ( 'NONE',  ( 0.7471507068104801300, 0.0000000000000000000, 0.0000000000000000000 ) ) ;
#2777 = EDGE_LOOP ( 'NONE', ( #1521, #1817, #5338 ) ) ;
#2778 =( NAMED_UNIT ( * ) SI_UNIT ( $, .STERADIAN. ) SOLID_ANGLE_UNIT ( ) );
#2779 =( NAMED_UNIT ( * ) SI_UNIT ( $, .STERADIAN. ) SOLID_ANGLE_UNIT ( ) );
#2780 = VERTEX_POINT ( 'NONE', #7891 ) ;
#2781 = ORIENTED_EDGE ( 'NONE', *, *, #8382, .T. ) ;
#2782 = CYLINDRICAL_SURFACE ( 'NONE', #8291, 15.00000000000000200 ) ;
#2783 = SURFACE_STYLE_FILL_AREA ( #2223 ) ;
#2784 = EDGE_CURVE ( 'NONE', #6002, #4358, #1308, .T. ) ;
#2785 = VECTOR ( 'NONE', #8160, 1000.000000000000000 ) ;
#2786 = ORIENTED_EDGE ( 'NONE', *, *, #3283, .F. ) ;
#2787 = ORIENTED_EDGE ( 'NONE', *, *, #7411, .T. ) ;
#2788 = ORIENTED_EDGE ( 'NONE', *, *, #7720, .T. ) ;
#2789 = CARTESIAN_POINT ( 'NONE',  ( -25.00000000000000000, 15.49999999999999800, -1.951563910473908000E-015 ) ) ;
#2790 = FILL_AREA_STYLE_COLOUR ( '', #3917 ) ;
#2791 = DIRECTION ( 'NONE',  ( -0.0000000000000000000, 1.000000000000000000, -0.0000000000000000000 ) ) ;
#2792 = SURFACE_STYLE_FILL_AREA ( #4380 ) ;
#2793 = CIRCLE ( 'NONE', #6077, 4.985974264778328700 ) ;
#2794 = SURFACE_STYLE_USAGE ( .BOTH. , #8571 ) ;
#2795 = EDGE_CURVE ( 'NONE', #8842, #5289, #4191, .T. ) ;
#2796 = AXIS2_PLACEMENT_3D ( 'NONE', #1913, #7805, #8079 ) ;
#2797 = ORIENTED_EDGE ( 'NONE', *, *, #5913, .F. ) ;
#2798 =( NAMED_UNIT ( * ) PLANE_ANGLE_UNIT ( ) SI_UNIT ( $, .RADIAN. ) );
#2799 = CARTESIAN_POINT ( 'NONE',  ( -6.600000000000000500, 7.000000000000000000, 0.0000000000000000000 ) ) ;
#2800 = CARTESIAN_POINT ( 'NONE',  ( 15.60000000000015100, 18.80100000000015100, 38.29999999999999700 ) ) ;
#2801 = VERTEX_POINT ( 'NONE', #2431 ) ;
#2802 = EDGE_LOOP ( 'NONE', ( #8843, #3893 ) ) ;
#2803 = DIRECTION ( 'NONE',  ( 0.0000000000000000000, 0.0000000000000000000, 1.000000000000000000 ) ) ;
#2804 = ORIENTED_EDGE ( 'NONE', *, *, #5055, .T. ) ;
#2805 = DIRECTION ( 'NONE',  ( 1.000000000000000000, 0.0000000000000000000, 0.0000000000000000000 ) ) ;
#2806 = FILL_AREA_STYLE_COLOUR ( '', #4627 ) ;
#2807 = ORIENTED_EDGE ( 'NONE', *, *, #68, .F. ) ;
#2808 = DIRECTION ( 'NONE',  ( 0.0000000000000000000, -1.224646799147353000E-016, 1.000000000000000000 ) ) ;
#2809 = ADVANCED_FACE ( 'NONE', ( #7459 ), #5708, .F. ) ;
#2810 = SURFACE_SIDE_STYLE ('',( #2125 ) ) ;
#2811 = ADVANCED_FACE ( 'NONE', ( #8624 ), #2394, .F. ) ;
#2812 = VERTEX_POINT ( 'NONE', #2573 ) ;
#2813 = VERTEX_POINT ( 'NONE', #6757 ) ;
#2814 = DIRECTION ( 'NONE',  ( 0.0000000000000000000, 0.0000000000000000000, -1.000000000000000000 ) ) ;
#2815 =( NAMED_UNIT ( * ) SI_UNIT ( $, .STERADIAN. ) SOLID_ANGLE_UNIT ( ) );
#2816 = UNCERTAINTY_MEASURE_WITH_UNIT (LENGTH_MEASURE( 1.000000000000000100E-005 ), #1652, 'distance_accuracy_value', 'NONE');
#2817 = MECHANICAL_DESIGN_GEOMETRIC_PRESENTATION_REPRESENTATION (  '', ( #4307 ), #8552 ) ;
#2818 =( NAMED_UNIT ( * ) SI_UNIT ( $, .STERADIAN. ) SOLID_ANGLE_UNIT ( ) );
#2819 = CARTESIAN_POINT ( 'NONE',  ( 17.00000000000000000, 1.828133820953756800, 0.7499999999999997800 ) ) ;
#2820 = EDGE_CURVE ( 'NONE', #2313, #2126, #6338, .T. ) ;
#2821 = CARTESIAN_POINT ( 'NONE',  ( -24.00000000000000000, -6.999999999999998200, 8.579999999999996500 ) ) ;
#2822 = EDGE_CURVE ( 'NONE', #4109, #4470, #8629, .T. ) ;
#2823 = ORIENTED_EDGE ( 'NONE', *, *, #1495, .F. ) ;
#2824 = DIRECTION ( 'NONE',  ( -1.000000000000000000, -0.0000000000000000000, -0.0000000000000000000 ) ) ;
#2825 = VERTEX_POINT ( 'NONE', #7316 ) ;
#2826 = FACE_OUTER_BOUND ( 'NONE', #4364, .T. ) ;
#2827 = CARTESIAN_POINT ( 'NONE',  ( 6.599999999999998800, 7.000000000000000900, 2.000000000000001800 ) ) ;
#2828 = CARTESIAN_POINT ( 'NONE',  ( -15.59999999999984900, 18.80100000000015100, 27.09999999999999800 ) ) ;
#2829 = DIRECTION ( 'NONE',  ( -0.0000000000000000000, 2.168404344971010600E-016, 1.000000000000000000 ) ) ;
#2830 = EDGE_LOOP ( 'NONE', ( #4241, #3969, #3167, #7806 ) ) ;
#2831 = CARTESIAN_POINT ( 'NONE',  ( 0.9135550145826626400, 2.686727433228564000, -0.6812299393704405200 ) ) ;
#2832 = DIRECTION ( 'NONE',  ( 0.0000000000000000000, 1.000000000000000000, 0.0000000000000000000 ) ) ;
#2833 = PRESENTATION_LAYER_ASSIGNMENT (  '', '', ( #359 ) ) ;
#2834 =( GEOMETRIC_REPRESENTATION_CONTEXT ( 3 ) GLOBAL_UNCERTAINTY_ASSIGNED_CONTEXT ( ( #1131 ) ) GLOBAL_UNIT_ASSIGNED_CONTEXT ( ( #2426, #8330, #886 ) ) REPRESENTATION_CONTEXT ( 'NONE', 'WORKASPACE' ) );
#2835 = UNCERTAINTY_MEASURE_WITH_UNIT (LENGTH_MEASURE( 1.000000000000000100E-005 ), #13, 'distance_accuracy_value', 'NONE');
#2836 = SURFACE_SIDE_STYLE ('',( #5286 ) ) ;
#2837 = CYLINDRICAL_SURFACE ( 'NONE', #1143, 1.600000000000000800 ) ;
#2838 = DIRECTION ( 'NONE',  ( -1.000000000000000000, 0.0000000000000000000, -0.0000000000000000000 ) ) ;
#2839 = CARTESIAN_POINT ( 'NONE',  ( -8.227241335952159700, -4.750000000000013300, 4.799999999999999800 ) ) ;
#2840 = MECHANICAL_DESIGN_GEOMETRIC_PRESENTATION_REPRESENTATION (  '', ( #3929 ), #8197 ) ;
#2841 = CARTESIAN_POINT ( 'NONE',  ( 1.267841945288755000, 0.5886322188449832900, 0.2810334346504559900 ) ) ;
#2842 = DIRECTION ( 'NONE',  ( -0.0000000000000000000, -0.0000000000000000000, -1.000000000000000000 ) ) ;
#2843 = LINE ( 'NONE', #7882, #636 ) ;
#2844 = SURFACE_STYLE_USAGE ( .BOTH. , #6739 ) ;
#2845 = DIRECTION ( 'NONE',  ( -0.8330162471543056700, -0.5532485264119163500, 0.0000000000000000000 ) ) ;
#2846 = ORIENTED_EDGE ( 'NONE', *, *, #8188, .F. ) ;
#2847 = CARTESIAN_POINT ( 'NONE',  ( 15.03012971658238000, 5.078133820953755900, 1.836970198721030000E-015 ) ) ;
#2848 = MANIFOLD_SOLID_BREP ( 'Boss-Extrude4', #5322 ) ;
#2849 = SURFACE_STYLE_USAGE ( .BOTH. , #42 ) ;
#2850 =( NAMED_UNIT ( * ) SI_UNIT ( $, .STERADIAN. ) SOLID_ANGLE_UNIT ( ) );
#2851 = ORIENTED_EDGE ( 'NONE', *, *, #369, .T. ) ;
#2852 = CIRCLE ( 'NONE', #6536, 2.629310344827586700 ) ;
#2853 = STYLED_ITEM ( 'NONE', ( #3834 ), #420 ) ;
#2854 = DIRECTION ( 'NONE',  ( -1.000000000000000000, -0.0000000000000000000, -0.0000000000000000000 ) ) ;
#2855 = FACE_OUTER_BOUND ( 'NONE', #7475, .T. ) ;
#2856 = FACE_OUTER_BOUND ( 'NONE', #2490, .T. ) ;
#2857 = DIRECTION ( 'NONE',  ( -1.000000000000000000, -1.219727444046192700E-016, -0.0000000000000000000 ) ) ;
#2858 = ADVANCED_FACE ( 'NONE', ( #7755 ), #8769, .F. ) ;
#2859 = DIRECTION ( 'NONE',  ( -7.703719777548944800E-033, 1.000000000000000000, 0.0000000000000000000 ) ) ;
#2860 = CARTESIAN_POINT ( 'NONE',  ( 5.030129716582378000, 5.078133820953755000, 6.123233995736766300E-016 ) ) ;
#2861 = AXIS2_PLACEMENT_3D ( 'NONE', #6780, #7932, #2878 ) ;
#2862 = PRESENTATION_STYLE_ASSIGNMENT (( #2730 ) ) ;
#2863 = ORIENTED_EDGE ( 'NONE', *, *, #2873, .F. ) ;
#2864 = DIRECTION ( 'NONE',  ( -0.0000000000000000000, -0.0000000000000000000, -1.000000000000000000 ) ) ;
#2865 = LINE ( 'NONE', #7053, #7032 ) ;
#2866 = AXIS2_PLACEMENT_3D ( 'NONE', #7464, #2980, #5307 ) ;
#2867 = ORIENTED_EDGE ( 'NONE', *, *, #4524, .F. ) ;
#2868 = CIRCLE ( 'NONE', #119, 1.600000000000000800 ) ;
#2869 = EDGE_CURVE ( 'NONE', #6600, #1933, #8047, .T. ) ;
#2870 = DIRECTION ( 'NONE',  ( -0.0000000000000000000, 0.0000000000000000000, -1.000000000000000000 ) ) ;
#2871 = CARTESIAN_POINT ( 'NONE',  ( -25.00000000000000000, 13.42339375865879700, -6.500000000000010700 ) ) ;
#2872 = DIRECTION ( 'NONE',  ( -1.000000000000000000, -0.0000000000000000000, -0.0000000000000000000 ) ) ;
#2873 = EDGE_CURVE ( 'NONE', #4894, #117, #3288, .T. ) ;
#2874 = EDGE_CURVE ( 'NONE', #4406, #3613, #5723, .T. ) ;
#2875 = EDGE_LOOP ( 'NONE', ( #8489, #5797, #5246, #7280 ) ) ;
#2876 = CARTESIAN_POINT ( 'NONE',  ( -2.996512839193698600, -0.1656643325582514700, 1.158304724171595100 ) ) ;
#2877 = VERTEX_POINT ( 'NONE', #6601 ) ;
#2878 = DIRECTION ( 'NONE',  ( 0.0000000000000000000, 0.0000000000000000000, -1.000000000000000000 ) ) ;
#2879 = FACE_BOUND ( 'NONE', #7983, .T. ) ;
#2880 = DIRECTION ( 'NONE',  ( 0.0000000000000000000, 1.000000000000000000, 0.0000000000000000000 ) ) ;
#2881 = ORIENTED_EDGE ( 'NONE', *, *, #8363, .F. ) ;
#2882 = EDGE_CURVE ( 'NONE', #8224, #7418, #2499, .T. ) ;
#2883 = CARTESIAN_POINT ( 'NONE',  ( 15.60000000000015100, 18.80100000000015100, 35.10000000000000900 ) ) ;
#2884 = VECTOR ( 'NONE', #1786, 1000.000000000000100 ) ;
#2885 = CONICAL_SURFACE ( 'NONE', #1335, 1208.232863989273300, 0.8794185559660870900 ) ;
#2886 = DIRECTION ( 'NONE',  ( 0.0000000000000000000, 0.0000000000000000000, 1.000000000000000000 ) ) ;
#2887 = ORIENTED_EDGE ( 'NONE', *, *, #8733, .T. ) ;
#2888 = FACE_OUTER_BOUND ( 'NONE', #2643, .T. ) ;
#2889 = ORIENTED_EDGE ( 'NONE', *, *, #5912, .F. ) ;
#2890 = COLOUR_RGB ( '',1.000000000000000000, 1.000000000000000000, 1.000000000000000000 ) ;
#2891 = FACE_OUTER_BOUND ( 'NONE', #1847, .T. ) ;
#2892 = EDGE_LOOP ( 'NONE', ( #8001, #5594, #7567, #1232 ) ) ;
#2893 = PRODUCT_DEFINITION_SHAPE ( 'NONE', 'NONE',  #4989 ) ;
#2894 = SURFACE_SIDE_STYLE ('',( #7952 ) ) ;
#2895 = DIRECTION ( 'NONE',  ( -1.000000000000000000, -1.219727444046192700E-016, -0.0000000000000000000 ) ) ;
#2896 = EDGE_LOOP ( 'NONE', ( #5828, #3795, #3574, #2572 ) ) ;
#2897 = COLOUR_RGB ( '',1.000000000000000000, 0.9372549019607843100, 0.1372549019607843300 ) ;
#2898 = LINE ( 'NONE', #945, #5262 ) ;
#2899 = CARTESIAN_POINT ( 'NONE',  ( 30.09999999999999800, -6.999999999999998200, 0.0000000000000000000 ) ) ;
#2900 = AXIS2_PLACEMENT_3D ( 'NONE', #163, #6878, #3844 ) ;
#2901 = ADVANCED_FACE ( 'NONE', ( #1749 ), #904, .F. ) ;
#2902 = VERTEX_POINT ( 'NONE', #6312 ) ;
#2903 = CARTESIAN_POINT ( 'NONE',  ( -12.98566822060015700, -0.6285555466335650500, 3.492669591843763600 ) ) ;
#2904 = CARTESIAN_POINT ( 'NONE',  ( 15.60000000000015100, 18.80100000000015100, 15.90000000000000400 ) ) ;
#2905 = CIRCLE ( 'NONE', #6894, 1.599999999999999000 ) ;
#2906 = LINE ( 'NONE', #8101, #1091 ) ;
#2907 = ORIENTED_EDGE ( 'NONE', *, *, #5522, .F. ) ;
#2908 = DIRECTION ( 'NONE',  ( -0.5150380749100541600, 1.049727191138618700E-016, -0.8571673007021122200 ) ) ;
#2909 =( GEOMETRIC_REPRESENTATION_CONTEXT ( 3 ) GLOBAL_UNCERTAINTY_ASSIGNED_CONTEXT ( ( #7637 ) ) GLOBAL_UNIT_ASSIGNED_CONTEXT ( ( #7266, #8126, #3372 ) ) REPRESENTATION_CONTEXT ( 'NONE', 'WORKASPACE' ) );
#2910 = CIRCLE ( 'NONE', #3861, 1.600000000000004100 ) ;
#2911 = EDGE_LOOP ( 'NONE', ( #1509, #859, #490, #4124 ) ) ;
#2912 = PLANE ( 'NONE',  #5225 ) ;
#2913 = ORIENTED_EDGE ( 'NONE', *, *, #7510, .F. ) ;
#2914 = DIRECTION ( 'NONE',  ( 0.0000000000000000000, -1.000000000000000000, 0.0000000000000000000 ) ) ;
#2915 = EDGE_CURVE ( 'NONE', #1112, #4063, #7560, .T. ) ;
#2916 = DIRECTION ( 'NONE',  ( -1.000000000000000000, -0.0000000000000000000, -0.0000000000000000000 ) ) ;
#2917 = CARTESIAN_POINT ( 'NONE',  ( 15.60000000000015100, -18.79999999999999700, 46.30000000000000400 ) ) ;
#2918 = EDGE_LOOP ( 'NONE', ( #2104, #4438, #5379, #689 ) ) ;
#2919 = SURFACE_STYLE_FILL_AREA ( #7535 ) ;
#2920 = EDGE_CURVE ( 'NONE', #4884, #3346, #4478, .T. ) ;
#2921 = ORIENTED_EDGE ( 'NONE', *, *, #4475, .F. ) ;
#2922 = ORIENTED_EDGE ( 'NONE', *, *, #6879, .F. ) ;
#2923 = DIRECTION ( 'NONE',  ( 0.0000000000000000000, 0.0000000000000000000, -1.000000000000000000 ) ) ;
#2924 = LINE ( 'NONE', #405, #3936 ) ;
#2925 = CARTESIAN_POINT ( 'NONE',  ( 35.86999999999999700, 4.522083509421231100E-032, 0.0000000000000000000 ) ) ;
#2926 = STYLED_ITEM ( 'NONE', ( #1095 ), #2627 ) ;
#2927 = CARTESIAN_POINT ( 'NONE',  ( 30.00000000000000000, -6.999999999999998200, 0.0000000000000000000 ) ) ;
#2928 = ORIENTED_EDGE ( 'NONE', *, *, #4202, .T. ) ;
#2929 =( LENGTH_UNIT ( ) NAMED_UNIT ( * ) SI_UNIT ( .MILLI., .METRE. ) );
#2930 = CARTESIAN_POINT ( 'NONE',  ( -15.59999999999984900, 18.80100000000015100, 6.299999999999998000 ) ) ;
#2931 = ORIENTED_EDGE ( 'NONE', *, *, #373, .F. ) ;
#2932 = ORIENTED_EDGE ( 'NONE', *, *, #2873, .T. ) ;
#2933 = DIRECTION ( 'NONE',  ( -1.000000000000000000, -0.0000000000000000000, -0.0000000000000000000 ) ) ;
#2934 = CARTESIAN_POINT ( 'NONE',  ( 9.500000000000000000, 1.078133820953755700, -5.000000000000000000 ) ) ;
#2935 = PRESENTATION_STYLE_ASSIGNMENT (( #5795 ) ) ;
#2936 = EDGE_LOOP ( 'NONE', ( #3757, #5392 ) ) ;
#2937 = DIRECTION ( 'NONE',  ( -0.0000000000000000000, 1.149055390210327300E-016, -1.000000000000000000 ) ) ;
#2938 = SURFACE_STYLE_FILL_AREA ( #7845 ) ;
#2939 = EDGE_LOOP ( 'NONE', ( #6013, #6479, #2343, #3223 ) ) ;
#2940 = EDGE_CURVE ( 'NONE', #4294, #7950, #8352, .T. ) ;
#2941 = DIRECTION ( 'NONE',  ( 0.0000000000000000000, 1.000000000000000000, 0.0000000000000000000 ) ) ;
#2942 = COLOUR_RGB ( '',0.6509803921568627600, 0.6196078431372549200, 0.5882352941176470800 ) ;
#2943 = VERTEX_POINT ( 'NONE', #1892 ) ;
#2944 = EDGE_LOOP ( 'NONE', ( #1449, #8413, #3539, #3818 ) ) ;
#2945 = CIRCLE ( 'NONE', #7762, 1.600000000000004100 ) ;
#2946 = EDGE_LOOP ( 'NONE', ( #245, #7116, #1107, #3202 ) ) ;
#2947 = PRODUCT_CONTEXT ( 'NONE', #4684, 'mechanical' ) ;
#2948 = CARTESIAN_POINT ( 'NONE',  ( 12.00000000000000000, 2.828133820953756300, 0.7499999999999998900 ) ) ;
#2949 = CARTESIAN_POINT ( 'NONE',  ( -5.951848298472882000, 0.7676516456877629000, 7.600090692904213800 ) ) ;
#2950 = LINE ( 'NONE', #1005, #7070 ) ;
#2951 =( NAMED_UNIT ( * ) PLANE_ANGLE_UNIT ( ) SI_UNIT ( $, .RADIAN. ) );
#2952 = CONICAL_SURFACE ( 'NONE', #8433, 1.249999999999999300, 1.029744258676654500 ) ;
#2953 = CIRCLE ( 'NONE', #4068, 0.5000000000000000000 ) ;
#2954 = ORIENTED_EDGE ( 'NONE', *, *, #3734, .F. ) ;
#2955 = DIRECTION ( 'NONE',  ( -0.2528694266529967200, -0.9675004150201614900, -3.378009644365880800E-015 ) ) ;
#2956 = VERTEX_POINT ( 'NONE', #8051 ) ;
#2957 = DIRECTION ( 'NONE',  ( 0.0000000000000000000, 0.0000000000000000000, 1.000000000000000000 ) ) ;
#2958 = FACE_BOUND ( 'NONE', #1807, .T. ) ;
#2959 = CARTESIAN_POINT ( 'NONE',  ( 17.00000000000000000, 2.328133820953756800, 2.250000000000000000 ) ) ;
#2960 = VECTOR ( 'NONE', #7301, 1000.000000000000100 ) ;
#2961 = CARTESIAN_POINT ( 'NONE',  ( -24.00000000000000000, 15.49999999999999800, 1.249999999999997300 ) ) ;
#2962 = ADVANCED_FACE ( 'NONE', ( #3873 ), #6474, .F. ) ;
#2963 =( NAMED_UNIT ( * ) PLANE_ANGLE_UNIT ( ) SI_UNIT ( $, .RADIAN. ) );
#2964 = PRODUCT_RELATED_PRODUCT_CATEGORY ( 'part', '', ( #3650 ) ) ;
#2965 = DIRECTION ( 'NONE',  ( -0.0000000000000000000, 1.149055390210327300E-016, -1.000000000000000000 ) ) ;
#2966 = DIRECTION ( 'NONE',  ( 0.0000000000000000000, 0.0000000000000000000, 1.000000000000000000 ) ) ;
#2967 = CIRCLE ( 'NONE', #2712, 4.250000000000000900 ) ;
#2968 = LINE ( 'NONE', #1302, #8858 ) ;
#2969 = PRESENTATION_STYLE_ASSIGNMENT (( #2137 ) ) ;
#2970 = CARTESIAN_POINT ( 'NONE',  ( -26.50000000000000000, -6.999999999999998200, 2.999999999999997300 ) ) ;
#2971 = SURFACE_STYLE_FILL_AREA ( #5988 ) ;
#2972 = CARTESIAN_POINT ( 'NONE',  ( 15.60000000000015100, -18.79999999999999700, 31.89999999999999900 ) ) ;
#2973 = DIRECTION ( 'NONE',  ( 1.000000000000000000, 1.219727444046192700E-016, -0.0000000000000000000 ) ) ;
#2974 = CARTESIAN_POINT ( 'NONE',  ( 9.500000000000000000, 3.578133820953755900, -5.000000000000000000 ) ) ;
#2975 = AXIS2_PLACEMENT_3D ( 'NONE', #5799, #4102, #4239 ) ;
#2976 = EDGE_CURVE ( 'NONE', #8788, #6772, #2447, .T. ) ;
#2977 = CARTESIAN_POINT ( 'NONE',  ( -24.99999999999999600, 18.39999999999999900, 2.253350110431130000E-015 ) ) ;
#2978 = EDGE_CURVE ( 'NONE', #3953, #3785, #2589, .T. ) ;
#2979 = CARTESIAN_POINT ( 'NONE',  ( 17.00000000000000000, 2.828133820953756800, -3.750000000000000000 ) ) ;
#2980 = DIRECTION ( 'NONE',  ( -0.0000000000000000000, -1.000000000000000000, -0.0000000000000000000 ) ) ;
#2981 = CIRCLE ( 'NONE', #1531, 1.600000000000000800 ) ;
#2982 = FACE_OUTER_BOUND ( 'NONE', #4642, .T. ) ;
#2983 = CYLINDRICAL_SURFACE ( 'NONE', #1267, 0.5000000000000000000 ) ;
#2984 = CIRCLE ( 'NONE', #5620, 1.574999999999997500 ) ;
#2985 = ORIENTED_EDGE ( 'NONE', *, *, #6194, .F. ) ;
#2986 = DIRECTION ( 'NONE',  ( -0.0000000000000000000, -0.0000000000000000000, -1.000000000000000000 ) ) ;
#2987 =( NAMED_UNIT ( * ) PLANE_ANGLE_UNIT ( ) SI_UNIT ( $, .RADIAN. ) );
#2988 = CARTESIAN_POINT ( 'NONE',  ( 0.03012971658237811900, 5.078133820953754100, 0.0000000000000000000 ) ) ;
#2989 = PRESENTATION_STYLE_ASSIGNMENT (( #2849 ) ) ;
#2990 = VERTEX_POINT ( 'NONE', #7197 ) ;
#2991 = DIRECTION ( 'NONE',  ( 0.0000000000000000000, 0.0000000000000000000, 1.000000000000000000 ) ) ;
#2992 = PRESENTATION_LAYER_ASSIGNMENT (  '', '', ( #6582 ) ) ;
#2993 = PRESENTATION_STYLE_ASSIGNMENT (( #6895 ) ) ;
#2994 = DIRECTION ( 'NONE',  ( 1.000000000000000000, -0.0000000000000000000, -0.0000000000000000000 ) ) ;
#2995 = CIRCLE ( 'NONE', #6350, 1.600000000000000800 ) ;
#2996 = EDGE_CURVE ( 'NONE', #8117, #6675, #1897, .T. ) ;
#2997 = DIRECTION ( 'NONE',  ( -1.000000000000000000, -1.219727444046192700E-016, -0.0000000000000000000 ) ) ;
#2998 = ORIENTED_EDGE ( 'NONE', *, *, #5496, .T. ) ;
#2999 = DIRECTION ( 'NONE',  ( 0.0000000000000000000, 0.0000000000000000000, -1.000000000000000000 ) ) ;
#3000 = AXIS2_PLACEMENT_3D ( 'NONE', #469, #5433, #1586 ) ;
#3001 = EDGE_CURVE ( 'NONE', #6363, #3816, #3149, .T. ) ;
#3002 = CARTESIAN_POINT ( 'NONE',  ( -24.00000000000000000, 13.42339375865977000, 9.000000000000559600 ) ) ;
#3003 = CIRCLE ( 'NONE', #2256, 5.999999999999999100 ) ;
#3004 = VERTEX_POINT ( 'NONE', #6610 ) ;
#3005 = CYLINDRICAL_SURFACE ( 'NONE', #5354, 1.000000000000007800 ) ;
#3006 = ORIENTED_EDGE ( 'NONE', *, *, #4322, .F. ) ;
#3007 = LINE ( 'NONE', #6323, #8840 ) ;
#3008 = CARTESIAN_POINT ( 'NONE',  ( 0.7579850260068175000, 1.078133820953754500, 12.04999999999999900 ) ) ;
#3009 = CARTESIAN_POINT ( 'NONE',  ( -6.600000000000000500, 7.000000000000000000, 0.0000000000000000000 ) ) ;
#3010 = COLOUR_RGB ( '',0.1019607843137254900, 0.1019607843137254900, 0.1019607843137254900 ) ;
#3011 = CARTESIAN_POINT ( 'NONE',  ( -2.983244267555048300, -0.3267835776696728600, 1.190676088691719400 ) ) ;
#3012 = ORIENTED_EDGE ( 'NONE', *, *, #1992, .F. ) ;
#3013 = PRESENTATION_LAYER_ASSIGNMENT (  '', '', ( #6095 ) ) ;
#3014 = FACE_BOUND ( 'NONE', #2736, .T. ) ;
#3015 = MECHANICAL_DESIGN_GEOMETRIC_PRESENTATION_REPRESENTATION (  '', ( #5191 ), #5564 ) ;
#3016 = DIRECTION ( 'NONE',  ( 0.0000000000000000000, 0.0000000000000000000, 1.000000000000000000 ) ) ;
#3017 = ADVANCED_FACE ( 'NONE', ( #5175 ), #7203, .F. ) ;
#3018 = PRODUCT_RELATED_PRODUCT_CATEGORY ( 'part', '', ( #5883 ) ) ;
#3019 = CARTESIAN_POINT ( 'NONE',  ( 0.0000000000000000000, -7.000000000000000900, 0.0000000000000000000 ) ) ;
#3020 = ORIENTED_EDGE ( 'NONE', *, *, #5055, .F. ) ;
#3021 = UNCERTAINTY_MEASURE_WITH_UNIT (LENGTH_MEASURE( 1.000000000000000100E-005 ), #1238, 'distance_accuracy_value', 'NONE');
#3022 = PRESENTATION_STYLE_ASSIGNMENT (( #5200 ) ) ;
#3023 =( GEOMETRIC_REPRESENTATION_CONTEXT ( 3 ) GLOBAL_UNCERTAINTY_ASSIGNED_CONTEXT ( ( #285 ) ) GLOBAL_UNIT_ASSIGNED_CONTEXT ( ( #2641, #6965, #538 ) ) REPRESENTATION_CONTEXT ( 'NONE', 'WORKASPACE' ) );
#3024 = CARTESIAN_POINT ( 'NONE',  ( 0.0000000000000000000, 3.673940397442059900E-016, -3.000000000000000000 ) ) ;
#3025 = AXIS2_PLACEMENT_3D ( 'NONE', #7771, #8212, #3588 ) ;
#3026 = VERTEX_POINT ( 'NONE', #914 ) ;
#3027 = AXIS2_PLACEMENT_3D ( 'NONE', #1019, #5554, #8004 ) ;
#3028 = CARTESIAN_POINT ( 'NONE',  ( -17.15000000000000200, 0.0000000000000000000, 0.0000000000000000000 ) ) ;
#3029 = DIRECTION ( 'NONE',  ( 0.0000000000000000000, -1.000000000000000000, 0.0000000000000000000 ) ) ;
#3030 = LINE ( 'NONE', #3755, #3426 ) ;
#3031 = CARTESIAN_POINT ( 'NONE',  ( 0.0000000000000000000, -8.673617379884035500E-016, 6.173195309819862000 ) ) ;
#3032 = EDGE_CURVE ( 'NONE', #4794, #632, #4331, .T. ) ;
#3033 =( NAMED_UNIT ( * ) SI_UNIT ( $, .STERADIAN. ) SOLID_ANGLE_UNIT ( ) );
#3034 = EDGE_CURVE ( 'NONE', #7975, #4877, #2738, .T. ) ;
#3035 = VERTEX_POINT ( 'NONE', #1472 ) ;
#3036 = CYLINDRICAL_SURFACE ( 'NONE', #726, 1.600000000000000800 ) ;
#3037 = FILL_AREA_STYLE ('',( #2344 ) ) ;
#3038 = VECTOR ( 'NONE', #8691, 1000.000000000000000 ) ;
#3039 = PRESENTATION_STYLE_ASSIGNMENT (( #96 ) ) ;
#3040 = DIRECTION ( 'NONE',  ( 0.0000000000000000000, 0.0000000000000000000, -1.000000000000000000 ) ) ;
#3041 =( GEOMETRIC_REPRESENTATION_CONTEXT ( 3 ) GLOBAL_UNCERTAINTY_ASSIGNED_CONTEXT ( ( #8748 ) ) GLOBAL_UNIT_ASSIGNED_CONTEXT ( ( #226, #934, #2059 ) ) REPRESENTATION_CONTEXT ( 'NONE', 'WORKASPACE' ) );
#3042 = PRESENTATION_LAYER_ASSIGNMENT (  '', '', ( #7342 ) ) ;
#3043 = DIRECTION ( 'NONE',  ( 0.0000000000000000000, -0.0000000000000000000, -1.000000000000000000 ) ) ;
#3044 = EDGE_LOOP ( 'NONE', ( #1809, #2347 ) ) ;
#3045 = CARTESIAN_POINT ( 'NONE',  ( -15.59999999999984900, -18.79999999999999700, 31.90000000000000600 ) ) ;
#3046 = ORIENTED_EDGE ( 'NONE', *, *, #8810, .F. ) ;
#3047 = PRESENTATION_LAYER_ASSIGNMENT (  '', '', ( #4284 ) ) ;
#3048 = EDGE_CURVE ( 'NONE', #2220, #8779, #2474, .T. ) ;
#3049 = ORIENTED_EDGE ( 'NONE', *, *, #6136, .F. ) ;
#3050 = ORIENTED_EDGE ( 'NONE', *, *, #8837, .T. ) ;
#3051 = MANIFOLD_SOLID_BREP ( 'Boss-Extrude1', #7410 ) ;
#3052 = CIRCLE ( 'NONE', #1129, 1.574999999999998200 ) ;
#3053 = ORIENTED_EDGE ( 'NONE', *, *, #2157, .F. ) ;
#3054 = ORIENTED_EDGE ( 'NONE', *, *, #5199, .T. ) ;
#3055 = VECTOR ( 'NONE', #5098, 1000.000000000000000 ) ;
#3056 = ORIENTED_EDGE ( 'NONE', *, *, #1363, .F. ) ;
#3057 = CARTESIAN_POINT ( 'NONE',  ( 2.949029909160572100E-014, 7.925000000000003400, 4.799999999999999800 ) ) ;
#3058 = CARTESIAN_POINT ( 'NONE',  ( 8.227241335952197000, 3.174999999999956300, 4.799999999999999800 ) ) ;
#3059 = LINE ( 'NONE', #8696, #8036 ) ;
#3060 = CYLINDRICAL_SURFACE ( 'NONE', #776, 1.249999999999994200 ) ;
#3061 = VERTEX_POINT ( 'NONE', #5189 ) ;
#3062 = VERTEX_POINT ( 'NONE', #8796 ) ;
#3063 = ORIENTED_EDGE ( 'NONE', *, *, #1582, .F. ) ;
#3064 = SURFACE_STYLE_USAGE ( .BOTH. , #7393 ) ;
#3065 = FACE_OUTER_BOUND ( 'NONE', #7753, .T. ) ;
#3066 = EDGE_CURVE ( 'NONE', #4971, #6794, #7495, .T. ) ;
#3067 = AXIS2_PLACEMENT_3D ( 'NONE', #3449, #771, #3293 ) ;
#3068 = DIRECTION ( 'NONE',  ( 0.0000000000000000000, 0.0000000000000000000, -1.000000000000000000 ) ) ;
#3069 = SURFACE_STYLE_FILL_AREA ( #7397 ) ;
#3070 = AXIS2_PLACEMENT_3D ( 'NONE', #6839, #2655, #5528 ) ;
#3071 = AXIS2_PLACEMENT_3D ( 'NONE', #1734, #7017, #8754 ) ;
#3072 = DIRECTION ( 'NONE',  ( -1.000000000000000000, -1.219727444046192700E-016, -0.0000000000000000000 ) ) ;
#3073 = ORIENTED_EDGE ( 'NONE', *, *, #1968, .T. ) ;
#3074 = DIRECTION ( 'NONE',  ( 1.000000000000000000, 0.0000000000000000000, 0.0000000000000000000 ) ) ;
#3075 = DIRECTION ( 'NONE',  ( 1.000000000000000000, 1.219727444046192700E-016, 0.0000000000000000000 ) ) ;
#3076 = COLOUR_RGB ( '',0.6509803921568627600, 0.6196078431372549200, 0.5882352941176470800 ) ;
#3077 = ORIENTED_EDGE ( 'NONE', *, *, #1478, .F. ) ;
#3078 = EDGE_LOOP ( 'NONE', ( #375, #6311, #5533 ) ) ;
#3079 = CARTESIAN_POINT ( 'NONE',  ( -1.742014973993182900, -0.4218661790462451300, -13.04999999999999900 ) ) ;
#3080 = FACE_OUTER_BOUND ( 'NONE', #2331, .T. ) ;
#3081 = EDGE_CURVE ( 'NONE', #6043, #3810, #6485, .T. ) ;
#3082 = ORIENTED_EDGE ( 'NONE', *, *, #1281, .T. ) ;
#3083 = CARTESIAN_POINT ( 'NONE',  ( 8.227241335952197000, 6.324999999999953100, 1.048337961946529800E-015 ) ) ;
#3084 = CARTESIAN_POINT ( 'NONE',  ( -2.782365848039505700, 1.122317993254459100, 7.156381964245553300 ) ) ;
#3085 = VERTEX_POINT ( 'NONE', #3008 ) ;
#3086 = PLANE ( 'NONE',  #8818 ) ;
#3087 = LINE ( 'NONE', #4110, #1096 ) ;
#3088 = CYLINDRICAL_SURFACE ( 'NONE', #5029, 1.249999999999994200 ) ;
#3089 = AXIS2_PLACEMENT_3D ( 'NONE', #1147, #4822, #3114 ) ;
#3090 = VERTEX_POINT ( 'NONE', #2601 ) ;
#3091 = ITEM_DEFINED_TRANSFORMATION ( 'NONE', 'NONE', #6663,  #3481 ) ;
#3092 = CARTESIAN_POINT ( 'NONE',  ( -15.59999999999984900, 18.80100000000015100, 46.30000000000000400 ) ) ;
#3093 = CARTESIAN_POINT ( 'NONE',  ( -1.169870283417629600, 1.078133820953754500, 1.469576158976833900E-016 ) ) ;
#3094 = CARTESIAN_POINT ( 'NONE',  ( -5.876786414010350500, 1.209813661503293900, 6.924880677942648600 ) ) ;
#3095 = CIRCLE ( 'NONE', #5466, 1.600000000000004100 ) ;
#3096 = CARTESIAN_POINT ( 'NONE',  ( 35.86999999999999700, 1.250000000000001800, -13.04999999999999900 ) ) ;
#3097 = DIRECTION ( 'NONE',  ( -0.0000000000000000000, -1.000000000000000000, -0.0000000000000000000 ) ) ;
#3098 = EDGE_CURVE ( 'NONE', #5663, #8435, #7209, .T. ) ;
#3099 = ORIENTED_EDGE ( 'NONE', *, *, #7507, .T. ) ;
#3100 = ORIENTED_EDGE ( 'NONE', *, *, #8595, .T. ) ;
#3101 = SURFACE_SIDE_STYLE ('',( #6557 ) ) ;
#3102 = DIRECTION ( 'NONE',  ( 0.0000000000000000000, 0.0000000000000000000, 1.000000000000000000 ) ) ;
#3103 = CARTESIAN_POINT ( 'NONE',  ( 35.86999999999999700, 1.250000000000001800, -13.04999999999999900 ) ) ;
#3104 =( LENGTH_UNIT ( ) NAMED_UNIT ( * ) SI_UNIT ( .MILLI., .METRE. ) );
#3105 = FACE_OUTER_BOUND ( 'NONE', #6249, .T. ) ;
#3106 = SURFACE_STYLE_USAGE ( .BOTH. , #2836 ) ;
#3107 = PRESENTATION_LAYER_ASSIGNMENT (  '', '', ( #7248 ) ) ;
#3108 = VERTEX_POINT ( 'NONE', #7214 ) ;
#3109 = PRESENTATION_STYLE_ASSIGNMENT (( #7006 ) ) ;
#3110 = LINE ( 'NONE', #4293, #5303 ) ;
#3111 = MECHANICAL_DESIGN_GEOMETRIC_PRESENTATION_REPRESENTATION (  '', ( #6582 ), #4335 ) ;
#3112 =( GEOMETRIC_REPRESENTATION_CONTEXT ( 3 ) GLOBAL_UNCERTAINTY_ASSIGNED_CONTEXT ( ( #6795 ) ) GLOBAL_UNIT_ASSIGNED_CONTEXT ( ( #3565, #2015, #3848 ) ) REPRESENTATION_CONTEXT ( 'NONE', 'WORKASPACE' ) );
#3113 = PRODUCT_DEFINITION_SHAPE ( 'NONE', 'NONE',  #5772 ) ;
#3114 = DIRECTION ( 'NONE',  ( -1.000000000000000000, 0.0000000000000000000, 0.0000000000000000000 ) ) ;
#3115 =( NAMED_UNIT ( * ) SI_UNIT ( $, .STERADIAN. ) SOLID_ANGLE_UNIT ( ) );
#3116 = CARTESIAN_POINT ( 'NONE',  ( 15.50000000000000000, 1.082359215041371300E-013, 2.000000000000001800 ) ) ;
#3117 =( NAMED_UNIT ( * ) PLANE_ANGLE_UNIT ( ) SI_UNIT ( $, .RADIAN. ) );
#3118 =( NAMED_UNIT ( * ) SI_UNIT ( $, .STERADIAN. ) SOLID_ANGLE_UNIT ( ) );
#3119 = EDGE_CURVE ( 'NONE', #5800, #5079, #7794, .T. ) ;
#3120 = CIRCLE ( 'NONE', #3287, 1.574999999999998200 ) ;
#3121 = CARTESIAN_POINT ( 'NONE',  ( 0.0000000000000000000, -8.673617379884035500E-016, 6.173195309819862000 ) ) ;
#3122 =( NAMED_UNIT ( * ) PLANE_ANGLE_UNIT ( ) SI_UNIT ( $, .RADIAN. ) );
#3123 = CARTESIAN_POINT ( 'NONE',  ( 8.227241335952197000, 4.749999999999954700, 4.799999999999999800 ) ) ;
#3124 = DIRECTION ( 'NONE',  ( -1.000000000000000000, -0.0000000000000000000, -0.0000000000000000000 ) ) ;
#3125 = EDGE_CURVE ( 'NONE', #2943, #8573, #73, .T. ) ;
#3126 = AXIS2_PLACEMENT_3D ( 'NONE', #7914, #51, #1894 ) ;
#3127 = EDGE_LOOP ( 'NONE', ( #5383, #1675 ) ) ;
#3128 = CARTESIAN_POINT ( 'NONE',  ( 2.399999999999999500, 0.0000000000000000000, 0.0000000000000000000 ) ) ;
#3129 = CIRCLE ( 'NONE', #3688, 1.574999999999997700 ) ;
#3130 = CARTESIAN_POINT ( 'NONE',  ( -8.227241335952163200, 6.325000000000004600, 1.048337961946529800E-015 ) ) ;
#3131 = AXIS2_PLACEMENT_3D ( 'NONE', #6385, #5519, #2106 ) ;
#3132 = PRESENTATION_STYLE_ASSIGNMENT (( #471 ) ) ;
#3133 = EDGE_LOOP ( 'NONE', ( #8566, #5250, #2645, #5791 ) ) ;
#3134 = DIRECTION ( 'NONE',  ( -0.0000000000000000000, -1.000000000000000000, -0.0000000000000000000 ) ) ;
#3135 = DIRECTION ( 'NONE',  ( 0.0000000000000000000, 1.000000000000000000, 0.0000000000000000000 ) ) ;
#3136 = STYLED_ITEM ( 'NONE', ( #6987 ), #4013 ) ;
#3137 = CARTESIAN_POINT ( 'NONE',  ( 1.960288265031731000, 0.4076519307303412800, 0.5328320963751750300 ) ) ;
#3138 = DIRECTION ( 'NONE',  ( -1.000000000000000000, -7.703719777548944800E-033, -0.0000000000000000000 ) ) ;
#3139 = EDGE_CURVE ( 'NONE', #4794, #1694, #6168, .T. ) ;
#3140 = UNCERTAINTY_MEASURE_WITH_UNIT (LENGTH_MEASURE( 1.000000000000000100E-005 ), #1069, 'distance_accuracy_value', 'NONE');
#3141 = DIRECTION ( 'NONE',  ( 0.0000000000000000000, 0.0000000000000000000, 1.000000000000000000 ) ) ;
#3142 = ADVANCED_FACE ( 'NONE', ( #4473 ), #7074, .F. ) ;
#3143 = ORIENTED_EDGE ( 'NONE', *, *, #7552, .T. ) ;
#3144 = PRESENTATION_LAYER_ASSIGNMENT (  '', '', ( #2135 ) ) ;
#3145 = DIRECTION ( 'NONE',  ( 0.0000000000000000000, 0.0000000000000000000, -1.000000000000000000 ) ) ;
#3146 = CARTESIAN_POINT ( 'NONE',  ( -12.99920634761065200, 0.1644950585172218800, 3.641820903987036400 ) ) ;
#3147 = ORIENTED_EDGE ( 'NONE', *, *, #798, .F. ) ;
#3148 = CARTESIAN_POINT ( 'NONE',  ( -24.00000000000000000, -7.000000000000001800, 0.0000000000000000000 ) ) ;
#3149 = LINE ( 'NONE', #1760, #1625 ) ;
#3150 = LINE ( 'NONE', #60, #1707 ) ;
#3151 = ORIENTED_EDGE ( 'NONE', *, *, #5716, .F. ) ;
#3152 = EDGE_CURVE ( 'NONE', #527, #1384, #1002, .T. ) ;
#3153 = EDGE_CURVE ( 'NONE', #7561, #2801, #5046, .T. ) ;
#3154 =( GEOMETRIC_REPRESENTATION_CONTEXT ( 3 ) GLOBAL_UNCERTAINTY_ASSIGNED_CONTEXT ( ( #7356 ) ) GLOBAL_UNIT_ASSIGNED_CONTEXT ( ( #7159, #3117, #4281 ) ) REPRESENTATION_CONTEXT ( 'NONE', 'WORKASPACE' ) );
#3155 = CARTESIAN_POINT ( 'NONE',  ( -29.84999999999999800, -6.999999999999998200, 0.0000000000000000000 ) ) ;
#3156 = CARTESIAN_POINT ( 'NONE',  ( -2.731025738224641200, -1.241697806905120300, 2.565672625680444500 ) ) ;
#3157 = FACE_BOUND ( 'NONE', #8220, .T. ) ;
#3158 = ORIENTED_EDGE ( 'NONE', *, *, #4808, .F. ) ;
#3159 = DIRECTION ( 'NONE',  ( -0.0000000000000000000, 1.000000000000000000, -0.0000000000000000000 ) ) ;
#3160 = CARTESIAN_POINT ( 'NONE',  ( 15.60000000000015100, -18.79999999999999700, 20.69999999999999900 ) ) ;
#3161 = DIRECTION ( 'NONE',  ( 0.0000000000000000000, 0.0000000000000000000, -1.000000000000000000 ) ) ;
#3162 = STYLED_ITEM ( 'NONE', ( #6502 ), #5881 ) ;
#3163 = ORIENTED_EDGE ( 'NONE', *, *, #4885, .T. ) ;
#3164 = LINE ( 'NONE', #1619, #1482 ) ;
#3165 = ADVANCED_BREP_SHAPE_REPRESENTATION ( '', ( #2848, #3481 ), #2225 ) ;
#3166 = CARTESIAN_POINT ( 'NONE',  ( -13.00100000000000100, 0.0000000000000000000, 1.149999999999998400 ) ) ;
#3167 = ORIENTED_EDGE ( 'NONE', *, *, #8481, .T. ) ;
#3168 = EDGE_CURVE ( 'NONE', #8690, #4775, #6755, .T. ) ;
#3169 = CYLINDRICAL_SURFACE ( 'NONE', #3970, 1.600000000000004100 ) ;
#3170 =( LENGTH_UNIT ( ) NAMED_UNIT ( * ) SI_UNIT ( .MILLI., .METRE. ) );
#3171 = DIRECTION ( 'NONE',  ( 0.0000000000000000000, 0.0000000000000000000, 1.000000000000000000 ) ) ;
#3172 = ORIENTED_EDGE ( 'NONE', *, *, #3327, .T. ) ;
#3173 = ADVANCED_FACE ( 'NONE', ( #6615 ), #638, .F. ) ;
#3174 = MECHANICAL_DESIGN_GEOMETRIC_PRESENTATION_REPRESENTATION (  '', ( #8770 ), #1618 ) ;
#3175 = CARTESIAN_POINT ( 'NONE',  ( -5.900303112435467200, -1.091125582612481500, 7.231616423771937400 ) ) ;
#3176 = CIRCLE ( 'NONE', #4618, 1.574999999999998200 ) ;
#3177 = PRESENTATION_STYLE_ASSIGNMENT (( #5063 ) ) ;
#3178 = FACE_BOUND ( 'NONE', #5643, .T. ) ;
#3179 = LINE ( 'NONE', #4760, #7545 ) ;
#3180 = ORIENTED_EDGE ( 'NONE', *, *, #4544, .F. ) ;
#3181 = PRESENTATION_LAYER_ASSIGNMENT (  '', '', ( #7179 ) ) ;
#3182 = FILL_AREA_STYLE_COLOUR ( '', #1327 ) ;
#3183 = MECHANICAL_DESIGN_GEOMETRIC_PRESENTATION_REPRESENTATION (  '', ( #6664 ), #6213 ) ;
#3184 = DIRECTION ( 'NONE',  ( 0.0000000000000000000, 0.0000000000000000000, -1.000000000000000000 ) ) ;
#3185 = EDGE_LOOP ( 'NONE', ( #5031, #3885, #6667, #5964 ) ) ;
#3186 = STYLED_ITEM ( 'NONE', ( #2154 ), #641 ) ;
#3187 =( NAMED_UNIT ( * ) SI_UNIT ( $, .STERADIAN. ) SOLID_ANGLE_UNIT ( ) );
#3188 = CARTESIAN_POINT ( 'NONE',  ( 17.15000000000000200, 1.084379882259964400E-013, 51.20100000000000100 ) ) ;
#3189 = DIRECTION ( 'NONE',  ( 0.0000000000000000000, 0.0000000000000000000, -1.000000000000000000 ) ) ;
#3190 = COLOUR_RGB ( '',0.6509803921568627600, 0.6196078431372549200, 0.5882352941176470800 ) ;
#3191 = SURFACE_STYLE_USAGE ( .BOTH. , #5776 ) ;
#3192 = ADVANCED_FACE ( 'NONE', ( #1902 ), #7055, .T. ) ;
#3193 = CARTESIAN_POINT ( 'NONE',  ( -23.24892422621555000, -7.750000000000578200, -13.42339375865780900 ) ) ;
#3194 = VERTEX_POINT ( 'NONE', #3879 ) ;
#3195 =( NAMED_UNIT ( * ) PLANE_ANGLE_UNIT ( ) SI_UNIT ( $, .RADIAN. ) );
#3196 = CARTESIAN_POINT ( 'NONE',  ( -1.742014973993182900, -0.4218661790462451300, -12.05000000000000100 ) ) ;
#3197 = DIRECTION ( 'NONE',  ( -0.0000000000000000000, -1.000000000000000000, -0.0000000000000000000 ) ) ;
#3198 = CARTESIAN_POINT ( 'NONE',  ( 0.03012971658237927800, -4.421866179046244100, 0.0000000000000000000 ) ) ;
#3199 = DIRECTION ( 'NONE',  ( -0.0000000000000000000, -1.000000000000000000, -0.0000000000000000000 ) ) ;
#3200 = CIRCLE ( 'NONE', #2411, 1.599999999999999000 ) ;
#3201 = EDGE_LOOP ( 'NONE', ( #4222, #3657 ) ) ;
#3202 = ORIENTED_EDGE ( 'NONE', *, *, #5812, .F. ) ;
#3203 = ORIENTED_EDGE ( 'NONE', *, *, #191, .T. ) ;
#3204 = SURFACE_STYLE_USAGE ( .BOTH. , #1811 ) ;
#3205 = DIRECTION ( 'NONE',  ( -1.000000000000000000, -1.228762462150238300E-016, 0.0000000000000000000 ) ) ;
#3206 = DIRECTION ( 'NONE',  ( 0.0000000000000000000, 0.0000000000000000000, -1.000000000000000000 ) ) ;
#3207 = CARTESIAN_POINT ( 'NONE',  ( 17.00000000000000000, 2.328133820953756800, 2.250000000000000000 ) ) ;
#3208 = FACE_OUTER_BOUND ( 'NONE', #1113, .T. ) ;
#3209 = ORIENTED_EDGE ( 'NONE', *, *, #5562, .F. ) ;
#3210 = ORIENTED_EDGE ( 'NONE', *, *, #5314, .T. ) ;
#3211 = ORIENTED_EDGE ( 'NONE', *, *, #2869, .T. ) ;
#3212 = LINE ( 'NONE', #3057, #4500 ) ;
#3213 = EDGE_CURVE ( 'NONE', #5640, #7498, #3007, .T. ) ;
#3214 = EDGE_CURVE ( 'NONE', #7788, #3816, #8513, .T. ) ;
#3215 = UNCERTAINTY_MEASURE_WITH_UNIT (LENGTH_MEASURE( 1.000000000000000100E-005 ), #1816, 'distance_accuracy_value', 'NONE');
#3216 = ORIENTED_EDGE ( 'NONE', *, *, #8106, .T. ) ;
#3217 = FACE_OUTER_BOUND ( 'NONE', #5249, .T. ) ;
#3218 = VERTEX_POINT ( 'NONE', #206 ) ;
#3219 = VERTEX_POINT ( 'NONE', #6778 ) ;
#3220 = CARTESIAN_POINT ( 'NONE',  ( 18.80000000000015300, 0.0000000000000000000, 0.0000000000000000000 ) ) ;
#3221 = CARTESIAN_POINT ( 'NONE',  ( 1.230129716582379000, -4.421866179046244100, 1.469576158976824000E-016 ) ) ;
#3222 = DIRECTION ( 'NONE',  ( -0.0000000000000000000, 1.000000000000000000, -0.0000000000000000000 ) ) ;
#3223 = ORIENTED_EDGE ( 'NONE', *, *, #2533, .F. ) ;
#3224 = DIRECTION ( 'NONE',  ( -7.703719777548944800E-033, 1.000000000000000000, 0.0000000000000000000 ) ) ;
#3225 = CARTESIAN_POINT ( 'NONE',  ( -2.848873329322609800, 0.9420910545984035900, 7.425576613487937300 ) ) ;
#3226 = CARTESIAN_POINT ( 'NONE',  ( -8.227241335952159700, -6.325000000000010800, 4.799999999999999800 ) ) ;
#3227 = ORIENTED_EDGE ( 'NONE', *, *, #1596, .F. ) ;
#3228 = CARTESIAN_POINT ( 'NONE',  ( -13.00100000000000100, 0.0000000000000000000, 2.399999999999998600 ) ) ;
#3229 = PRESENTATION_LAYER_ASSIGNMENT (  '', '', ( #6429 ) ) ;
#3230 = AXIS2_PLACEMENT_3D ( 'NONE', #4743, #922, #5893 ) ;
#3231 = PRESENTATION_LAYER_ASSIGNMENT (  '', '', ( #4817 ) ) ;
#3232 = ORIENTED_EDGE ( 'NONE', *, *, #7030, .F. ) ;
#3233 = SHAPE_DEFINITION_REPRESENTATION ( #5785, #6897 ) ;
#3234 = EDGE_LOOP ( 'NONE', ( #3298, #8589 ) ) ;
#3235 = AXIS2_PLACEMENT_3D ( 'NONE', #7839, #8130, #3510 ) ;
#3236 = LINE ( 'NONE', #568, #7563 ) ;
#3237 = EDGE_CURVE ( 'NONE', #2503, #3090, #1908, .T. ) ;
#3238 = UNCERTAINTY_MEASURE_WITH_UNIT (LENGTH_MEASURE( 1.000000000000000100E-005 ), #1033, 'distance_accuracy_value', 'NONE');
#3239 = AXIS2_PLACEMENT_3D ( 'NONE', #6115, #1415, #6857 ) ;
#3240 = CARTESIAN_POINT ( 'NONE',  ( -18.80000000000015300, -2.765565554341287700E-013, 2.000000000000000000 ) ) ;
#3241 = DIRECTION ( 'NONE',  ( 0.0000000000000000000, -1.000000000000000000, 0.0000000000000000000 ) ) ;
#3242 = VERTEX_POINT ( 'NONE', #6484 ) ;
#3243 = ORIENTED_EDGE ( 'NONE', *, *, #8617, .T. ) ;
#3244 = ADVANCED_FACE ( 'NONE', ( #4048 ), #3700, .T. ) ;
#3245 = AXIS2_PLACEMENT_3D ( 'NONE', #129, #5104, #1268 ) ;
#3246 = CARTESIAN_POINT ( 'NONE',  ( -1.742014973993183200, 1.078133820953754800, 13.04999999999999900 ) ) ;
#3247 = ORIENTED_EDGE ( 'NONE', *, *, #4753, .T. ) ;
#3248 = LINE ( 'NONE', #5829, #5903 ) ;
#3249 = DIRECTION ( 'NONE',  ( 0.0000000000000000000, -1.000000000000000000, 0.0000000000000000000 ) ) ;
#3250 = FACE_OUTER_BOUND ( 'NONE', #5756, .T. ) ;
#3251 = DIRECTION ( 'NONE',  ( 0.0000000000000000000, 0.0000000000000000000, 1.000000000000000000 ) ) ;
#3252 = UNCERTAINTY_MEASURE_WITH_UNIT (LENGTH_MEASURE( 1.000000000000000100E-005 ), #7530, 'distance_accuracy_value', 'NONE');
#3253 = CARTESIAN_POINT ( 'NONE',  ( -8.227241335952163200, 4.750000000000006200, 4.799999999999999800 ) ) ;
#3254 = VECTOR ( 'NONE', #3715, 1000.000000000000000 ) ;
#3255 = SURFACE_STYLE_FILL_AREA ( #6128 ) ;
#3256 = CIRCLE ( 'NONE', #8190, 1.600000000000004100 ) ;
#3257 = DIRECTION ( 'NONE',  ( -1.000000000000000000, -1.219727444046192700E-016, -0.0000000000000000000 ) ) ;
#3258 = CARTESIAN_POINT ( 'NONE',  ( -23.24892422621555000, 13.42339375865977000, 7.750000000000561300 ) ) ;
#3259 = CARTESIAN_POINT ( 'NONE',  ( 0.0000000000000000000, 0.0000000000000000000, 0.0000000000000000000 ) ) ;
#3260 = CARTESIAN_POINT ( 'NONE',  ( -25.00000000000000000, 9.741652934026770300E-013, 15.50000000000056500 ) ) ;
#3261 = AXIS2_PLACEMENT_3D ( 'NONE', #910, #2460, #5034 ) ;
#3262 =( GEOMETRIC_REPRESENTATION_CONTEXT ( 3 ) GLOBAL_UNCERTAINTY_ASSIGNED_CONTEXT ( ( #1263 ) ) GLOBAL_UNIT_ASSIGNED_CONTEXT ( ( #6190, #791, #2470 ) ) REPRESENTATION_CONTEXT ( 'NONE', 'WORKASPACE' ) );
#3263 = DIRECTION ( 'NONE',  ( -0.0000000000000000000, 1.149055390210327300E-016, -1.000000000000000000 ) ) ;
#3264 = FILL_AREA_STYLE_COLOUR ( '', #3368 ) ;
#3265 = ADVANCED_FACE ( 'NONE', ( #643 ), #1336, .F. ) ;
#3266 = CARTESIAN_POINT ( 'NONE',  ( -15.59999999999984900, -18.79999999999999700, 20.69999999999999900 ) ) ;
#3267 = SURFACE_SIDE_STYLE ('',( #5853 ) ) ;
#3268 =( NAMED_UNIT ( * ) SI_UNIT ( $, .STERADIAN. ) SOLID_ANGLE_UNIT ( ) );
#3269 = CARTESIAN_POINT ( 'NONE',  ( 12.00000000000000000, 2.328133820953756300, -0.7500000000000006700 ) ) ;
#3270 = DIRECTION ( 'NONE',  ( 1.000000000000000000, 1.219727444046192700E-016, 0.0000000000000000000 ) ) ;
#3271 =( LENGTH_UNIT ( ) NAMED_UNIT ( * ) SI_UNIT ( .MILLI., .METRE. ) );
#3272 = FILL_AREA_STYLE_COLOUR ( '', #7721 ) ;
#3273 = EDGE_LOOP ( 'NONE', ( #393, #234 ) ) ;
#3274 = CIRCLE ( 'NONE', #412, 1.249999999999999300 ) ;
#3275 = DIRECTION ( 'NONE',  ( -1.000000000000000000, -6.308085367188390000E-017, -0.0000000000000000000 ) ) ;
#3276 = SURFACE_STYLE_USAGE ( .BOTH. , #5306 ) ;
#3277 = AXIS2_PLACEMENT_3D ( 'NONE', #8500, #59, #5880 ) ;
#3278 = FACE_BOUND ( 'NONE', #6640, .T. ) ;
#3279 = LINE ( 'NONE', #7896, #7292 ) ;
#3280 = CYLINDRICAL_SURFACE ( 'NONE', #6709, 1.574999999999997500 ) ;
#3281 = ORIENTED_EDGE ( 'NONE', *, *, #1116, .F. ) ;
#3282 = LINE ( 'NONE', #45, #3378 ) ;
#3283 = EDGE_CURVE ( 'NONE', #7795, #4729, #2868, .T. ) ;
#3284 = CYLINDRICAL_SURFACE ( 'NONE', #4076, 0.5000000000000000000 ) ;
#3285 = CARTESIAN_POINT ( 'NONE',  ( 1.030129716582386400, 2.578133820953756300, 1.224646799147363100E-016 ) ) ;
#3286 = ORIENTED_EDGE ( 'NONE', *, *, #5812, .T. ) ;
#3287 = AXIS2_PLACEMENT_3D ( 'NONE', #7781, #5452, #7625 ) ;
#3288 = LINE ( 'NONE', #6159, #6625 ) ;
#3289 = DIRECTION ( 'NONE',  ( -1.000000000000000000, -1.219727444046192700E-016, -0.0000000000000000000 ) ) ;
#3290 = DIRECTION ( 'NONE',  ( -0.0000000000000000000, 0.0000000000000000000, -1.000000000000000000 ) ) ;
#3291 = VERTEX_POINT ( 'NONE', #4334 ) ;
#3292 = PRESENTATION_LAYER_ASSIGNMENT (  '', '', ( #539 ) ) ;
#3293 = DIRECTION ( 'NONE',  ( 0.0000000000000000000, -1.000000000000000000, 0.0000000000000000000 ) ) ;
#3294 = CARTESIAN_POINT ( 'NONE',  ( 0.0000000000000000000, -7.095739907323982700E-016, 4.799999999999999800 ) ) ;
#3295 = CIRCLE ( 'NONE', #7164, 1.600000000000004100 ) ;
#3296 = CARTESIAN_POINT ( 'NONE',  ( -20.50000000000000000, 2.400000000000000400, -1.800000000000000000 ) ) ;
#3297 = DIRECTION ( 'NONE',  ( 0.0000000000000000000, 1.000000000000000000, 0.0000000000000000000 ) ) ;
#3298 = ORIENTED_EDGE ( 'NONE', *, *, #2571, .T. ) ;
#3299 = STYLED_ITEM ( 'NONE', ( #1874 ), #4184 ) ;
#3300 = AXIS2_PLACEMENT_3D ( 'NONE', #1624, #792, #1209 ) ;
#3301 = ADVANCED_FACE ( 'NONE', ( #8662 ), #7494, .T. ) ;
#3302 = DIRECTION ( 'NONE',  ( -1.000000000000000000, -7.703719777548944800E-033, -0.0000000000000000000 ) ) ;
#3303 = CARTESIAN_POINT ( 'NONE',  ( 2.399999999999999500, 0.0000000000000000000, 0.0000000000000000000 ) ) ;
#3304 = VERTEX_POINT ( 'NONE', #3742 ) ;
#3305 = TOROIDAL_SURFACE ( 'NONE', #1752, 3.350000000000000500, 0.9000000000000000200 ) ;
#3306 = DIRECTION ( 'NONE',  ( 1.000000000000000000, 0.0000000000000000000, -0.0000000000000000000 ) ) ;
#3307 =( LENGTH_UNIT ( ) NAMED_UNIT ( * ) SI_UNIT ( .MILLI., .METRE. ) );
#3308 = EDGE_CURVE ( 'NONE', #1933, #4236, #7643, .T. ) ;
#3309 = CARTESIAN_POINT ( 'NONE',  ( 35.86999999999999700, 1.250000000000002000, 12.05000000000000100 ) ) ;
#3310 = CARTESIAN_POINT ( 'NONE',  ( 12.00000000000000000, 2.828133820953756300, -2.250000000000000400 ) ) ;
#3311 = DIRECTION ( 'NONE',  ( 0.0000000000000000000, -1.000000000000000000, 0.0000000000000000000 ) ) ;
#3312 = COLOUR_RGB ( '',0.6509803921568627600, 0.6196078431372549200, 0.5882352941176470800 ) ;
#3313 = EDGE_LOOP ( 'NONE', ( #2070, #8533, #7953, #5447 ) ) ;
#3314 = PRESENTATION_LAYER_ASSIGNMENT (  '', '', ( #457 ) ) ;
#3315 = CARTESIAN_POINT ( 'NONE',  ( 9.400000000000066100, -13.42339375865876500, 51.20100000000000100 ) ) ;
#3316 = DIRECTION ( 'NONE',  ( 0.0000000000000000000, -1.000000000000000000, 0.0000000000000000000 ) ) ;
#3317 = CARTESIAN_POINT ( 'NONE',  ( 17.00000000000000000, 2.328133820953756800, -3.750000000000000000 ) ) ;
#3318 = ORIENTED_EDGE ( 'NONE', *, *, #2434, .F. ) ;
#3319 = FACE_OUTER_BOUND ( 'NONE', #704, .T. ) ;
#3320 = ADVANCED_FACE ( 'NONE', ( #5196, #8800, #5751, #3014, #1612, #1346, #4740, #69 ), #3894, .T. ) ;
#3321 = EDGE_LOOP ( 'NONE', ( #6700, #7837, #6195, #5099, #6399, #279 ) ) ;
#3322 = AXIS2_PLACEMENT_3D ( 'NONE', #6833, #6693, #7271 ) ;
#3323 = FACE_OUTER_BOUND ( 'NONE', #3781, .T. ) ;
#3324 = AXIS2_PLACEMENT_3D ( 'NONE', #397, #4932, #8708 ) ;
#3325 = DIRECTION ( 'NONE',  ( -0.0000000000000000000, -1.000000000000000000, -0.0000000000000000000 ) ) ;
#3326 = ADVANCED_FACE ( 'NONE', ( #3323 ), #8666, .T. ) ;
#3327 = EDGE_CURVE ( 'NONE', #465, #2773, #37, .T. ) ;
#3328 = CARTESIAN_POINT ( 'NONE',  ( 0.0000000000000000000, -7.000000000000000900, 2.000000000000001800 ) ) ;
#3329 = FACE_OUTER_BOUND ( 'NONE', #8598, .T. ) ;
#3330 = B_SPLINE_CURVE_WITH_KNOTS ( 'NONE', 2,
 ( #6721, #1705, #7421 ),
 .UNSPECIFIED., .F., .F.,
 ( 3, 3 ),
 ( 0.0000000000000000000, 1.000000000000000000 ),
 .UNSPECIFIED. ) ;
#3331 = VERTEX_POINT ( 'NONE', #5896 ) ;
#3332 = CARTESIAN_POINT ( 'NONE',  ( 17.00000000000000000, 2.828133820953756800, 3.750000000000000000 ) ) ;
#3333 = DIRECTION ( 'NONE',  ( -1.000000000000000000, -1.084202172485504400E-016, 0.0000000000000000000 ) ) ;
#3334 = CARTESIAN_POINT ( 'NONE',  ( 0.7863362148688396400, 0.7144803074774532800, 2.596331876274906100 ) ) ;
#3335 = DIRECTION ( 'NONE',  ( -0.0000000000000000000, -1.000000000000000000, -0.0000000000000000000 ) ) ;
#3336 = ORIENTED_EDGE ( 'NONE', *, *, #1882, .F. ) ;
#3337 = AXIS2_PLACEMENT_3D ( 'NONE', #8024, #5551, #3410 ) ;
#3338 = EDGE_CURVE ( 'NONE', #545, #7736, #3749, .T. ) ;
#3339 = EDGE_CURVE ( 'NONE', #4971, #932, #3164, .T. ) ;
#3340 = DIRECTION ( 'NONE',  ( -1.000000000000000000, 0.0000000000000000000, 0.0000000000000000000 ) ) ;
#3341 = ORIENTED_EDGE ( 'NONE', *, *, #2616, .F. ) ;
#3342 = VECTOR ( 'NONE', #4194, 1000.000000000000100 ) ;
#3343 = DIRECTION ( 'NONE',  ( 0.0000000000000000000, 1.000000000000000000, 1.149055390210326300E-016 ) ) ;
#3344 = CIRCLE ( 'NONE', #4187, 0.5000000000000000000 ) ;
#3345 = DIRECTION ( 'NONE',  ( -0.5150380749100544900, 1.049727191138618400E-016, -0.8571673007021121100 ) ) ;
#3346 = VERTEX_POINT ( 'NONE', #6045 ) ;
#3347 = CARTESIAN_POINT ( 'NONE',  ( 0.7579850260068169400, 1.078133820953756500, 13.04999999999999900 ) ) ;
#3348 = CYLINDRICAL_SURFACE ( 'NONE', #6342, 1.574999999999997500 ) ;
#3349 = CARTESIAN_POINT ( 'NONE',  ( -15.59999999999984900, -20.80000000000000100, 33.50000000000000000 ) ) ;
#3350 = UNCERTAINTY_MEASURE_WITH_UNIT (LENGTH_MEASURE( 1.000000000000000100E-005 ), #8288, 'distance_accuracy_value', 'NONE');
#3351 = VERTEX_POINT ( 'NONE', #7801 ) ;
#3352 = PRESENTATION_STYLE_ASSIGNMENT (( #3191 ) ) ;
#3353 = ORIENTED_EDGE ( 'NONE', *, *, #7971, .F. ) ;
#3354 = CARTESIAN_POINT ( 'NONE',  ( -29.84999999999999800, -6.999999999999998200, 0.0000000000000000000 ) ) ;
#3355 = FACE_BOUND ( 'NONE', #8441, .T. ) ;
#3356 = DIRECTION ( 'NONE',  ( -1.000000000000000000, -0.0000000000000000000, -0.0000000000000000000 ) ) ;
#3357 = CIRCLE ( 'NONE', #3739, 1.600000000000004100 ) ;
#3358 = AXIS2_PLACEMENT_3D ( 'NONE', #8139, #7135, #3516 ) ;
#3359 = EDGE_CURVE ( 'NONE', #7294, #2731, #4484, .T. ) ;
#3360 = AXIS2_PLACEMENT_3D ( 'NONE', #4285, #6137, #2279 ) ;
#3361 = VERTEX_POINT ( 'NONE', #3332 ) ;
#3362 = FILL_AREA_STYLE_COLOUR ( '', #181 ) ;
#3363 = SURFACE_STYLE_USAGE ( .BOTH. , #971 ) ;
#3364 = VERTEX_POINT ( 'NONE', #3028 ) ;
#3365 = EDGE_LOOP ( 'NONE', ( #2907, #1644 ) ) ;
#3366 = COLOUR_RGB ( '',0.7921568627450980000, 0.8196078431372548800, 0.9333333333333333500 ) ;
#3367 = AXIS2_PLACEMENT_3D ( 'NONE', #6631, #7933, #8374 ) ;
#3368 = COLOUR_RGB ( '',0.7686274509803920900, 0.7686274509803920900, 0.7686274509803920900 ) ;
#3369 = EDGE_CURVE ( 'NONE', #5076, #2592, #2332, .T. ) ;
#3370 = MECHANICAL_DESIGN_GEOMETRIC_PRESENTATION_REPRESENTATION (  '', ( #2451 ), #7501 ) ;
#3371 = ORIENTED_EDGE ( 'NONE', *, *, #3857, .F. ) ;
#3372 =( NAMED_UNIT ( * ) SI_UNIT ( $, .STERADIAN. ) SOLID_ANGLE_UNIT ( ) );
#3373 = FILL_AREA_STYLE_COLOUR ( '', #2273 ) ;
#3374 = ORIENTED_EDGE ( 'NONE', *, *, #623, .T. ) ;
#3375 = VERTEX_POINT ( 'NONE', #3471 ) ;
#3376 = LINE ( 'NONE', #4519, #4824 ) ;
#3377 = PRESENTATION_STYLE_ASSIGNMENT (( #3064 ) ) ;
#3378 = VECTOR ( 'NONE', #3441, 1000.000000000000000 ) ;
#3379 = MECHANICAL_DESIGN_GEOMETRIC_PRESENTATION_REPRESENTATION (  '', ( #6008 ), #6468 ) ;
#3380 = SURFACE_STYLE_USAGE ( .BOTH. , #4235 ) ;
#3381 = VERTEX_POINT ( 'NONE', #2482 ) ;
#3382 = EDGE_LOOP ( 'NONE', ( #2238, #1205, #6776, #8576 ) ) ;
#3383 = MECHANICAL_DESIGN_GEOMETRIC_PRESENTATION_REPRESENTATION (  '', ( #398 ), #3642 ) ;
#3384 = LINE ( 'NONE', #6094, #2329 ) ;
#3385 = VECTOR ( 'NONE', #5601, 1000.000000000000000 ) ;
#3386 = VECTOR ( 'NONE', #7064, 1000.000000000000000 ) ;
#3387 = DIRECTION ( 'NONE',  ( -1.000000000000000000, -1.156482317317871200E-016, 0.0000000000000000000 ) ) ;
#3388 = CARTESIAN_POINT ( 'NONE',  ( -2.727227335716031900, -1.249892424674352400, 6.433936689907104000 ) ) ;
#3389 = ADVANCED_FACE ( 'NONE', ( #5477 ), #4895, .F. ) ;
#3390 = VERTEX_POINT ( 'NONE', #6050 ) ;
#3391 = ORIENTED_EDGE ( 'NONE', *, *, #8311, .T. ) ;
#3392 = CYLINDRICAL_SURFACE ( 'NONE', #4259, 1.649999999999997900 ) ;
#3393 = ADVANCED_FACE ( 'NONE', ( #4343 ), #8794, .T. ) ;
#3394 = EDGE_CURVE ( 'NONE', #1549, #3506, #7957, .T. ) ;
#3395 = STYLED_ITEM ( 'NONE', ( #6888 ), #6501 ) ;
#3396 = UNCERTAINTY_MEASURE_WITH_UNIT (LENGTH_MEASURE( 1.000000000000000100E-005 ), #3271, 'distance_accuracy_value', 'NONE');
#3397 = ORIENTED_EDGE ( 'NONE', *, *, #4081, .F. ) ;
#3398 = EDGE_LOOP ( 'NONE', ( #8647, #4020, #1050, #3247 ) ) ;
#3399 = CARTESIAN_POINT ( 'NONE',  ( 6.399999999999995900, 0.0000000000000000000, 1.499999999999999600 ) ) ;
#3400 = ORIENTED_EDGE ( 'NONE', *, *, #835, .T. ) ;
#3401 = CARTESIAN_POINT ( 'NONE',  ( 0.03012971658237848700, 2.078133820953756300, 0.0000000000000000000 ) ) ;
#3402 = ORIENTED_EDGE ( 'NONE', *, *, #4576, .F. ) ;
#3403 = CARTESIAN_POINT ( 'NONE',  ( -5.992955371259921700, 0.3278061979690365900, 7.817289621151370000 ) ) ;
#3404 = FACE_OUTER_BOUND ( 'NONE', #4947, .T. ) ;
#3405 = CARTESIAN_POINT ( 'NONE',  ( -8.227241335952163200, 4.750000000000007100, 8.673617379884035500E-016 ) ) ;
#3406 = PRESENTATION_STYLE_ASSIGNMENT (( #8170 ) ) ;
#3407 = CARTESIAN_POINT ( 'NONE',  ( -15.59999999999984900, -18.79999999999999700, 33.50000000000000000 ) ) ;
#3408 = EDGE_CURVE ( 'NONE', #6521, #3364, #657, .T. ) ;
#3409 = DIRECTION ( 'NONE',  ( 0.0000000000000000000, 0.0000000000000000000, -1.000000000000000000 ) ) ;
#3410 = DIRECTION ( 'NONE',  ( -1.000000000000000000, -1.734723475976806800E-016, 0.0000000000000000000 ) ) ;
#3411 = CARTESIAN_POINT ( 'NONE',  ( 8.030129716582379700, 5.078133820953755000, 9.797174393178825700E-016 ) ) ;
#3412 = CARTESIAN_POINT ( 'NONE',  ( -6.600000000000000500, 7.000000000000000000, 51.20100000000000100 ) ) ;
#3413 = CARTESIAN_POINT ( 'NONE',  ( 4.473868613138686000, -5.290003797451337600E-015, 1.446861313868613500 ) ) ;
#3414 = B_SPLINE_CURVE_WITH_KNOTS ( 'NONE', 3,
 ( #1535, #7981, #6533, #3655 ),
 .UNSPECIFIED., .F., .F.,
 ( 4, 4 ),
 ( 0.0001814316147980491900, 0.0003794841311880558300 ),
 .UNSPECIFIED. ) ;
#3415 = FILL_AREA_STYLE ('',( #8609 ) ) ;
#3416 = SURFACE_STYLE_FILL_AREA ( #7304 ) ;
#3417 = CIRCLE ( 'NONE', #8493, 18.40000000000000200 ) ;
#3418 = DIRECTION ( 'NONE',  ( 0.0000000000000000000, -1.000000000000000000, 0.0000000000000000000 ) ) ;
#3419 = SURFACE_STYLE_FILL_AREA ( #2274 ) ;
#3420 = FACE_OUTER_BOUND ( 'NONE', #1139, .T. ) ;
#3421 =( LENGTH_UNIT ( ) NAMED_UNIT ( * ) SI_UNIT ( .MILLI., .METRE. ) );
#3422 = CIRCLE ( 'NONE', #6996, 1.650000000000003900 ) ;
#3423 = DIRECTION ( 'NONE',  ( -1.000000000000000000, 0.0000000000000000000, 0.0000000000000000000 ) ) ;
#3424 =( LENGTH_UNIT ( ) NAMED_UNIT ( * ) SI_UNIT ( .MILLI., .METRE. ) );
#3425 = DIRECTION ( 'NONE',  ( -1.000000000000000000, 0.0000000000000000000, 0.0000000000000000000 ) ) ;
#3426 = VECTOR ( 'NONE', #4617, 1000.000000000000000 ) ;
#3427 = CARTESIAN_POINT ( 'NONE',  ( -8.500000000000000000, 0.0000000000000000000, 0.0000000000000000000 ) ) ;
#3428 = FILL_AREA_STYLE ('',( #7177 ) ) ;
#3429 = ADVANCED_FACE ( 'NONE', ( #4624 ), #7254, .F. ) ;
#3430 = PLANE ( 'NONE',  #5492 ) ;
#3431 = AXIS2_PLACEMENT_3D ( 'NONE', #4454, #7044, #4177 ) ;
#3432 = DIRECTION ( 'NONE',  ( 0.0000000000000000000, 0.0000000000000000000, 1.000000000000000000 ) ) ;
#3433 = DIRECTION ( 'NONE',  ( -1.000000000000000000, -6.308085367188390000E-017, -0.0000000000000000000 ) ) ;
#3434 = ORIENTED_EDGE ( 'NONE', *, *, #5242, .F. ) ;
#3435 = MECHANICAL_DESIGN_GEOMETRIC_PRESENTATION_REPRESENTATION (  '', ( #1965 ), #1865 ) ;
#3436 = CARTESIAN_POINT ( 'NONE',  ( -1.742014973993183600, 5.079133820953757100, 13.04999999999999900 ) ) ;
#3437 = CARTESIAN_POINT ( 'NONE',  ( 17.00000000000000000, 2.828133820953756800, -2.250000000000000400 ) ) ;
#3438 = ADVANCED_FACE ( 'NONE', ( #5936, #3496, #3208 ), #8263, .F. ) ;
#3439 = CARTESIAN_POINT ( 'NONE',  ( -6.600000000000000500, 7.000000000000000000, 2.000000000000001800 ) ) ;
#3440 = ORIENTED_EDGE ( 'NONE', *, *, #8519, .F. ) ;
#3441 = DIRECTION ( 'NONE',  ( -1.219727444046192700E-016, 1.000000000000000000, -0.0000000000000000000 ) ) ;
#3442 = PRESENTATION_STYLE_ASSIGNMENT (( #4720 ) ) ;
#3443 = FILL_AREA_STYLE ('',( #1457 ) ) ;
#3444 = APPLICATION_CONTEXT ( 'automotive_design' ) ;
#3445 = DIRECTION ( 'NONE',  ( -1.000000000000000000, -7.703719777548944800E-033, -0.0000000000000000000 ) ) ;
#3446 = PRESENTATION_STYLE_ASSIGNMENT (( #6165 ) ) ;
#3448 = EDGE_LOOP ( 'NONE', ( #1601, #8738, #3871, #4954, #7412, #3764, #565 ) ) ;
#3447 =( GEOMETRIC_REPRESENTATION_CONTEXT ( 3 ) GLOBAL_UNCERTAINTY_ASSIGNED_CONTEXT ( ( #1875 ) ) GLOBAL_UNIT_ASSIGNED_CONTEXT ( ( #8087, #2764, #799 ) ) REPRESENTATION_CONTEXT ( 'NONE', 'WORKASPACE' ) );
#3449 = CARTESIAN_POINT ( 'NONE',  ( -9.454242944073598700E-014, -9.499999999999998200, 4.799999999999999800 ) ) ;
#3450 = PLANE ( 'NONE',  #4901 ) ;
#3451 = CARTESIAN_POINT ( 'NONE',  ( 17.00000000000000000, 1.828133820953756800, 0.7499999999999997800 ) ) ;
#3452 = EDGE_CURVE ( 'NONE', #6266, #2448, #4090, .T. ) ;
#3453 = ADVANCED_FACE ( 'NONE', ( #2096 ), #6286, .F. ) ;
#3454 = ORIENTED_EDGE ( 'NONE', *, *, #1136, .F. ) ;
#3455 = CARTESIAN_POINT ( 'NONE',  ( -2.782365848039506600, 1.122317993254458200, 2.956381964245553600 ) ) ;
#3456 = CARTESIAN_POINT ( 'NONE',  ( 17.00000000000000000, 2.828133820953756800, -3.750000000000000000 ) ) ;
#3457 = FACE_BOUND ( 'NONE', #3952, .T. ) ;
#3458 = AXIS2_PLACEMENT_3D ( 'NONE', #7158, #5552, #2838 ) ;
#3459 = VERTEX_POINT ( 'NONE', #390 ) ;
#3460 = DIRECTION ( 'NONE',  ( -0.0000000000000000000, -1.000000000000000000, -0.0000000000000000000 ) ) ;
#3461 = DIRECTION ( 'NONE',  ( -1.000000000000000000, -1.219727444046192700E-016, -0.0000000000000000000 ) ) ;
#3462 = AXIS2_PLACEMENT_3D ( 'NONE', #4291, #3270, #7028 ) ;
#3463 = VERTEX_POINT ( 'NONE', #3946 ) ;
#3464 = AXIS2_PLACEMENT_3D ( 'NONE', #4840, #3706, #3425 ) ;
#3465 = DIRECTION ( 'NONE',  ( 0.0000000000000000000, 0.0000000000000000000, -1.000000000000000000 ) ) ;
#3466 = FACE_OUTER_BOUND ( 'NONE', #6947, .T. ) ;
#3467 = DIRECTION ( 'NONE',  ( 0.0000000000000000000, 0.0000000000000000000, 1.000000000000000000 ) ) ;
#3468 = ORIENTED_EDGE ( 'NONE', *, *, #988, .F. ) ;
#3469 = CYLINDRICAL_SURFACE ( 'NONE', #6039, 1.650000000000002100 ) ;
#3470 = ORIENTED_EDGE ( 'NONE', *, *, #3032, .T. ) ;
#3471 = CARTESIAN_POINT ( 'NONE',  ( 1.760000000000000000, -0.4599999999999983500, -0.4600000000000016300 ) ) ;
#3472 = FILL_AREA_STYLE ('',( #6196 ) ) ;
#3473 = PRODUCT ( 'Motor assembly', 'Motor assembly', '', ( #1692 ) ) ;
#3474 = DIRECTION ( 'NONE',  ( -1.000000000000000000, 0.0000000000000000000, 0.0000000000000000000 ) ) ;
#3475 = ORIENTED_EDGE ( 'NONE', *, *, #7493, .F. ) ;
#3476 = CIRCLE ( 'NONE', #3367, 4.757076634046357300 ) ;
#3477 = VECTOR ( 'NONE', #346, 1000.000000000000000 ) ;
#3478 = CIRCLE ( 'NONE', #2028, 6.599999999999999600 ) ;
#3479 = DIRECTION ( 'NONE',  ( 0.0000000000000000000, 0.0000000000000000000, 1.000000000000000000 ) ) ;
#3480 = CARTESIAN_POINT ( 'NONE',  ( -23.24892422621555000, 13.42339375865879700, -7.750000000000000000 ) ) ;
#3481 = AXIS2_PLACEMENT_3D ( 'NONE', #3259, #7444, #1723 ) ;
#3482 = DIRECTION ( 'NONE',  ( 0.0000000000000000000, 1.000000000000000000, 1.334402673828312800E-016 ) ) ;
#3483 = CIRCLE ( 'NONE', #2457, 0.5000000000000000000 ) ;
#3484 = EDGE_CURVE ( 'NONE', #5938, #3194, #3095, .T. ) ;
#3485 = ORIENTED_EDGE ( 'NONE', *, *, #7201, .F. ) ;
#3486 = VECTOR ( 'NONE', #613, 1000.000000000000000 ) ;
#3487 = ORIENTED_EDGE ( 'NONE', *, *, #8766, .F. ) ;
#3488 = DIRECTION ( 'NONE',  ( 0.0000000000000000000, 0.0000000000000000000, -1.000000000000000000 ) ) ;
#3489 =( GEOMETRIC_REPRESENTATION_CONTEXT ( 3 ) GLOBAL_UNCERTAINTY_ASSIGNED_CONTEXT ( ( #7018 ) ) GLOBAL_UNIT_ASSIGNED_CONTEXT ( ( #7443, #4832, #7872 ) ) REPRESENTATION_CONTEXT ( 'NONE', 'WORKASPACE' ) );
#3490 = EDGE_LOOP ( 'NONE', ( #1945, #2358 ) ) ;
#3491 = VERTEX_POINT ( 'NONE', #8123 ) ;
#3492 = UNCERTAINTY_MEASURE_WITH_UNIT (LENGTH_MEASURE( 1.000000000000000100E-005 ), #8756, 'distance_accuracy_value', 'NONE');
#3493 = EDGE_CURVE ( 'NONE', #2769, #3798, #3955, .T. ) ;
#3494 = CIRCLE ( 'NONE', #1926, 2.999999999999998200 ) ;
#3495 = CARTESIAN_POINT ( 'NONE',  ( 0.0000000000000000000, 5.999999999999998200, 4.800000000000000700 ) ) ;
#3496 = FACE_BOUND ( 'NONE', #4362, .T. ) ;
#3497 = VERTEX_POINT ( 'NONE', #548 ) ;
#3498 =( NAMED_UNIT ( * ) PLANE_ANGLE_UNIT ( ) SI_UNIT ( $, .RADIAN. ) );
#3499 = EDGE_CURVE ( 'NONE', #3364, #1474, #4795, .T. ) ;
#3500 = ORIENTED_EDGE ( 'NONE', *, *, #2822, .T. ) ;
#3501 = ORIENTED_EDGE ( 'NONE', *, *, #1034, .T. ) ;
#3502 = CARTESIAN_POINT ( 'NONE',  ( 0.8873228869518060600, 2.755735814439283600, 0.1426628679824749100 ) ) ;
#3503 = CARTESIAN_POINT ( 'NONE',  ( -9.454242944073598700E-014, -9.499999999999998200, -8.673617379884035500E-016 ) ) ;
#3504 = FACE_BOUND ( 'NONE', #3234, .T. ) ;
#3505 = MECHANICAL_DESIGN_GEOMETRIC_PRESENTATION_REPRESENTATION (  '', ( #6429 ), #1663 ) ;
#3506 = VERTEX_POINT ( 'NONE', #3513 ) ;
#3507 = ORIENTED_EDGE ( 'NONE', *, *, #5483, .F. ) ;
#3508 = AXIS2_PLACEMENT_3D ( 'NONE', #2325, #3898, #3467 ) ;
#3509 = ORIENTED_EDGE ( 'NONE', *, *, #5912, .T. ) ;
#3510 = DIRECTION ( 'NONE',  ( 0.0000000000000000000, 0.0000000000000000000, -1.000000000000000000 ) ) ;
#3511 = FACE_OUTER_BOUND ( 'NONE', #5948, .T. ) ;
#3512 = CARTESIAN_POINT ( 'NONE',  ( 12.00000000000000000, 1.828133820953756300, 0.7499999999999997800 ) ) ;
#3513 = CARTESIAN_POINT ( 'NONE',  ( -15.59999999999984900, -18.79999999999999700, 41.49999999999999300 ) ) ;
#3514 = DIRECTION ( 'NONE',  ( -1.000000000000000000, -0.0000000000000000000, -0.0000000000000000000 ) ) ;
#3515 = ORIENTED_EDGE ( 'NONE', *, *, #3786, .F. ) ;
#3516 = DIRECTION ( 'NONE',  ( 1.000000000000000000, 0.0000000000000000000, 0.0000000000000000000 ) ) ;
#3517 = ORIENTED_EDGE ( 'NONE', *, *, #126, .F. ) ;
#3518 = ORIENTED_EDGE ( 'NONE', *, *, #7260, .T. ) ;
#3519 = ADVANCED_FACE ( 'NONE', ( #8561, #3504 ), #4098, .F. ) ;
#3520 = CARTESIAN_POINT ( 'NONE',  ( 0.4950000000000014900, 2.169095433585161100, -5.197775934788548100E-017 ) ) ;
#3521 =( REPRESENTATION_RELATIONSHIP ('NONE','NONE', #4393, #7928 ) REPRESENTATION_RELATIONSHIP_WITH_TRANSFORMATION ( #424 )SHAPE_REPRESENTATION_RELATIONSHIP( ) );
#3522 = MECHANICAL_DESIGN_GEOMETRIC_PRESENTATION_REPRESENTATION (  '', ( #3299 ), #4724 ) ;
#3523 = ORIENTED_EDGE ( 'NONE', *, *, #5782, .T. ) ;
#3524 = SHAPE_DEFINITION_REPRESENTATION ( #1635, #1221 ) ;
#3525 = ORIENTED_EDGE ( 'NONE', *, *, #3001, .T. ) ;
#3526 = CIRCLE ( 'NONE', #4466, 15.00000000000000200 ) ;
#3527 =( LENGTH_UNIT ( ) NAMED_UNIT ( * ) SI_UNIT ( .MILLI., .METRE. ) );
#3528 = PRESENTATION_LAYER_ASSIGNMENT (  '', '', ( #3136 ) ) ;
#3529 = VERTEX_POINT ( 'NONE', #259 ) ;
#3530 = EDGE_LOOP ( 'NONE', ( #2437, #5160 ) ) ;
#3531 = DIRECTION ( 'NONE',  ( 0.0000000000000000000, 1.000000000000000000, 0.0000000000000000000 ) ) ;
#3532 = PRESENTATION_LAYER_ASSIGNMENT (  '', '', ( #4471 ) ) ;
#3533 = CARTESIAN_POINT ( 'NONE',  ( -5.992938828568171100, 0.3282050358826024700, 5.382782919331652300 ) ) ;
#3534 = CARTESIAN_POINT ( 'NONE',  ( 6.399999999999995900, 0.0000000000000000000, 0.0000000000000000000 ) ) ;
#3535 = AXIS2_PLACEMENT_3D ( 'NONE', #4011, #178, #7470 ) ;
#3536 = DIRECTION ( 'NONE',  ( -0.5150380749100544900, 1.049727191138618400E-016, -0.8571673007021121100 ) ) ;
#3537 = ORIENTED_EDGE ( 'NONE', *, *, #7330, .T. ) ;
#3538 = DIRECTION ( 'NONE',  ( -1.000000000000000000, 0.0000000000000000000, 0.0000000000000000000 ) ) ;
#3539 = ORIENTED_EDGE ( 'NONE', *, *, #3562, .T. ) ;
#3540 = DIRECTION ( 'NONE',  ( -1.219727444046192700E-016, 1.000000000000000000, -0.0000000000000000000 ) ) ;
#3541 = CARTESIAN_POINT ( 'NONE',  ( -24.00000000000000000, -13.42339375865880800, -8.999999999998868500 ) ) ;
#3542 = DIRECTION ( 'NONE',  ( 1.000000000000000000, 1.219727444046192700E-016, 0.0000000000000000000 ) ) ;
#3543 = FILL_AREA_STYLE_COLOUR ( '', #8144 ) ;
#3544 = ORIENTED_EDGE ( 'NONE', *, *, #794, .T. ) ;
#3545 = CARTESIAN_POINT ( 'NONE',  ( -24.00000000000000000, -1.577021341797097400E-015, -15.50000000000000000 ) ) ;
#3546 = DIRECTION ( 'NONE',  ( 0.0000000000000000000, 1.000000000000000000, 1.445602896647339400E-016 ) ) ;
#3547 = FACE_OUTER_BOUND ( 'NONE', #7523, .T. ) ;
#3548 = EDGE_CURVE ( 'NONE', #1694, #4794, #3200, .T. ) ;
#3549 = PRESENTATION_STYLE_ASSIGNMENT (( #2691 ) ) ;
#3550 = DIRECTION ( 'NONE',  ( -0.6375991779930465500, 0.0000000000000000000, 0.7703682809037449800 ) ) ;
#3551 = CARTESIAN_POINT ( 'NONE',  ( -25.00000000000000000, -7.987769275717525400, 8.659297907259988500 ) ) ;
#3552 = DIRECTION ( 'NONE',  ( -1.000000000000000000, -1.219727444046192700E-016, -0.0000000000000000000 ) ) ;
#3553 = DIRECTION ( 'NONE',  ( -1.000000000000000000, -0.0000000000000000000, -0.0000000000000000000 ) ) ;
#3554 = AXIS2_PLACEMENT_3D ( 'NONE', #8208, #3290, #4718 ) ;
#3555 = CARTESIAN_POINT ( 'NONE',  ( 12.00000000000000000, 2.328133820953756300, -2.250000000000000400 ) ) ;
#3556 = PLANE ( 'NONE',  #4759 ) ;
#3557 = DIRECTION ( 'NONE',  ( -0.0000000000000000000, -1.149055390210327300E-016, 1.000000000000000000 ) ) ;
#3558 = DIRECTION ( 'NONE',  ( -0.0000000000000000000, -0.0000000000000000000, 1.000000000000000000 ) ) ;
#3559 = CARTESIAN_POINT ( 'NONE',  ( -23.24892422621555000, -2.005911210083018200E-015, -15.50000000000000000 ) ) ;
#3560 = DIRECTION ( 'NONE',  ( 1.000000000000000000, -0.0000000000000000000, -0.0000000000000000000 ) ) ;
#3561 = CARTESIAN_POINT ( 'NONE',  ( 0.7471507068104801300, 0.0000000000000000000, 0.0000000000000000000 ) ) ;
#3562 = EDGE_CURVE ( 'NONE', #6665, #2174, #7985, .T. ) ;
#3563 = CARTESIAN_POINT ( 'NONE',  ( 1.230129716582386800, 1.078133820953755000, 0.0000000000000000000 ) ) ;
#3564 = AXIS2_PLACEMENT_3D ( 'NONE', #8214, #5166, #5015 ) ;
#3565 =( LENGTH_UNIT ( ) NAMED_UNIT ( * ) SI_UNIT ( .MILLI., .METRE. ) );
#3566 =( NAMED_UNIT ( * ) PLANE_ANGLE_UNIT ( ) SI_UNIT ( $, .RADIAN. ) );
#3567 = ORIENTED_EDGE ( 'NONE', *, *, #8519, .T. ) ;
#3568 = EDGE_CURVE ( 'NONE', #3785, #5500, #1918, .T. ) ;
#3569 = ADVANCED_FACE ( 'NONE', ( #8136, #832 ), #265, .F. ) ;
#3570 = LINE ( 'NONE', #1450, #7904 ) ;
#3571 = DIRECTION ( 'NONE',  ( 0.0000000000000000000, 0.0000000000000000000, 1.000000000000000000 ) ) ;
#3572 = PRESENTATION_STYLE_ASSIGNMENT (( #4711 ) ) ;
#3573 =( NAMED_UNIT ( * ) PLANE_ANGLE_UNIT ( ) SI_UNIT ( $, .RADIAN. ) );
#3574 = ORIENTED_EDGE ( 'NONE', *, *, #378, .T. ) ;
#3575 = AXIS2_PLACEMENT_3D ( 'NONE', #8669, #4474, #3016 ) ;
#3576 = CARTESIAN_POINT ( 'NONE',  ( -24.00000000000000000, -7.000000000000003600, -9.685169074414748300 ) ) ;
#3577 = VECTOR ( 'NONE', #8423, 1000.000000000000000 ) ;
#3578 = CYLINDRICAL_SURFACE ( 'NONE', #6414, 8.000000000000000000 ) ;
#3579 = CARTESIAN_POINT ( 'NONE',  ( -15.59999999999984900, -20.80000000000000100, 31.90000000000000600 ) ) ;
#3580 = AXIS2_PLACEMENT_3D ( 'NONE', #7515, #4628, #1794 ) ;
#3581 = FILL_AREA_STYLE_COLOUR ( '', #2234 ) ;
#3582 = EDGE_CURVE ( 'NONE', #116, #7736, #2038, .T. ) ;
#3583 = UNCERTAINTY_MEASURE_WITH_UNIT (LENGTH_MEASURE( 1.000000000000000100E-005 ), #3948, 'distance_accuracy_value', 'NONE');
#3584 = CARTESIAN_POINT ( 'NONE',  ( -6.600000000000000500, 7.000000000000000000, 51.20100000000000100 ) ) ;
#3585 = DIRECTION ( 'NONE',  ( 0.0000000000000000000, -1.000000000000000000, 0.0000000000000000000 ) ) ;
#3586 = VERTEX_POINT ( 'NONE', #7706 ) ;
#3587 = STYLED_ITEM ( 'NONE', ( #5788 ), #329 ) ;
#3588 = DIRECTION ( 'NONE',  ( 1.000000000000000000, 1.445602896647339700E-016, 0.0000000000000000000 ) ) ;
#3589 = CARTESIAN_POINT ( 'NONE',  ( 15.60000000000015100, 18.80100000000015100, 22.30000000000000400 ) ) ;
#3590 = CIRCLE ( 'NONE', #4520, 1.249999999999999300 ) ;
#3591 = CARTESIAN_POINT ( 'NONE',  ( -12.95417942281060200, 1.092333703778642700, 3.029409085687567100 ) ) ;
#3592 = ORIENTED_EDGE ( 'NONE', *, *, #5022, .T. ) ;
#3593 = VECTOR ( 'NONE', #3880, 1000.000000000000000 ) ;
#3594 = CARTESIAN_POINT ( 'NONE',  ( -24.00000000000000000, -7.000000000000002700, 9.685169074414750100 ) ) ;
#3595 = CIRCLE ( 'NONE', #5944, 2.000000000000001800 ) ;
#3596 = CARTESIAN_POINT ( 'NONE',  ( 8.030129716582378000, 4.578133820953755900, 9.797174393178825700E-016 ) ) ;
#3597 = PLANE ( 'NONE',  #7195 ) ;
#3598 = ORIENTED_EDGE ( 'NONE', *, *, #5395, .T. ) ;
#3599 = MECHANICAL_DESIGN_GEOMETRIC_PRESENTATION_REPRESENTATION (  '', ( #5074 ), #6564 ) ;
#3600 = UNCERTAINTY_MEASURE_WITH_UNIT (LENGTH_MEASURE( 1.000000000000000100E-005 ), #1645, 'distance_accuracy_value', 'NONE');
#3601 = EDGE_CURVE ( 'NONE', #2174, #4358, #8734, .T. ) ;
#3602 = DIRECTION ( 'NONE',  ( 0.0000000000000000000, 1.000000000000000000, 0.0000000000000000000 ) ) ;
#3603 = CARTESIAN_POINT ( 'NONE',  ( 0.03012971658237860800, 1.078133820953754800, 0.0000000000000000000 ) ) ;
#3604 = CARTESIAN_POINT ( 'NONE',  ( -2.936390374677990200, -0.6332701855372165900, 1.309920921696834400 ) ) ;
#3605 = ORIENTED_EDGE ( 'NONE', *, *, #6503, .T. ) ;
#3606 = CIRCLE ( 'NONE', #3876, 1.574999999999998200 ) ;
#3607 = CYLINDRICAL_SURFACE ( 'NONE', #7072, 0.5000000000000000000 ) ;
#3608 = EDGE_CURVE ( 'NONE', #6219, #6787, #4481, .T. ) ;
#3609 = B_SPLINE_CURVE_WITH_KNOTS ( 'NONE', 3,
 ( #1873, #8328, #7311, #6440 ),
 .UNSPECIFIED., .F., .F.,
 ( 4, 4 ),
 ( 0.0003183813042667669600, 0.0004610763480997493700 ),
 .UNSPECIFIED. ) ;
#3610 = ORIENTED_EDGE ( 'NONE', *, *, #5120, .F. ) ;
#3611 = SURFACE_SIDE_STYLE ('',( #5340 ) ) ;
#3612 = VECTOR ( 'NONE', #4543, 1000.000000000000000 ) ;
#3613 = VERTEX_POINT ( 'NONE', #2531 ) ;
#3614 = VECTOR ( 'NONE', #2829, 1000.000000000000000 ) ;
#3615 = DIRECTION ( 'NONE',  ( 0.0000000000000000000, 0.0000000000000000000, -1.000000000000000000 ) ) ;
#3616 =( NAMED_UNIT ( * ) PLANE_ANGLE_UNIT ( ) SI_UNIT ( $, .RADIAN. ) );
#3617 = EDGE_CURVE ( 'NONE', #5328, #892, #7240, .T. ) ;
#3618 = ORIENTED_EDGE ( 'NONE', *, *, #6741, .F. ) ;
#3619 = EDGE_CURVE ( 'NONE', #7358, #3035, #990, .T. ) ;
#3620 = PLANE ( 'NONE',  #8148 ) ;
#3621 = ORIENTED_EDGE ( 'NONE', *, *, #7922, .T. ) ;
#3622 = SURFACE_SIDE_STYLE ('',( #6353 ) ) ;
#3623 = VERTEX_POINT ( 'NONE', #707 ) ;
#3624 = CARTESIAN_POINT ( 'NONE',  ( -12.97781095372191700, -0.7679711167445607600, 3.399636986797088100 ) ) ;
#3625 = PRESENTATION_LAYER_ASSIGNMENT (  '', '', ( #4307 ) ) ;
#3626 = VECTOR ( 'NONE', #969, 1000.000000000000000 ) ;
#3627 = EDGE_CURVE ( 'NONE', #7736, #116, #6940, .T. ) ;
#3628 = FACE_OUTER_BOUND ( 'NONE', #2892, .T. ) ;
#3629 = EDGE_LOOP ( 'NONE', ( #2204, #6341 ) ) ;
#3630 = DIRECTION ( 'NONE',  ( 0.0000000000000000000, 0.0000000000000000000, 1.000000000000000000 ) ) ;
#3631 = CARTESIAN_POINT ( 'NONE',  ( 35.86999999999999700, -1.249999999999998200, -12.05000000000000100 ) ) ;
#3632 = DIRECTION ( 'NONE',  ( 0.3417430630867046000, 0.9397934234884370900, 3.336647617403127800E-015 ) ) ;
#3633 = DIRECTION ( 'NONE',  ( -0.0000000000000000000, -0.0000000000000000000, -1.000000000000000000 ) ) ;
#3634 = CIRCLE ( 'NONE', #6460, 1.600000000000004100 ) ;
#3635 = PLANE ( 'NONE',  #515 ) ;
#3636 = VERTEX_POINT ( 'NONE', #3806 ) ;
#3637 = AXIS2_PLACEMENT_3D ( 'NONE', #2025, #321, #6605 ) ;
#3638 = ORIENTED_EDGE ( 'NONE', *, *, #873, .F. ) ;
#3639 = ORIENTED_EDGE ( 'NONE', *, *, #2346, .T. ) ;
#3640 = FACE_BOUND ( 'NONE', #6686, .T. ) ;
#3641 = FILL_AREA_STYLE_COLOUR ( '', #5310 ) ;
#3642 =( GEOMETRIC_REPRESENTATION_CONTEXT ( 3 ) GLOBAL_UNCERTAINTY_ASSIGNED_CONTEXT ( ( #5813 ) ) GLOBAL_UNIT_ASSIGNED_CONTEXT ( ( #6402, #5268, #7160 ) ) REPRESENTATION_CONTEXT ( 'NONE', 'WORKASPACE' ) );
#3643 = VECTOR ( 'NONE', #377, 1000.000000000000000 ) ;
#3644 = EDGE_LOOP ( 'NONE', ( #6223, #4733 ) ) ;
#3645 = SHAPE_REPRESENTATION_RELATIONSHIP ( 'NONE' , 'NONE' ,  #1221, #186 ) ;
#3646 = EDGE_LOOP ( 'NONE', ( #1754, #1830, #3397, #5584 ) ) ;
#3647 = ORIENTED_EDGE ( 'NONE', *, *, #5350, .F. ) ;
#3648 = CARTESIAN_POINT ( 'NONE',  ( -24.00000000000000000, 15.49999999999999800, -1.951563910473908000E-015 ) ) ;
#3649 = ADVANCED_FACE ( 'NONE', ( #6852 ), #5824, .F. ) ;
#3650 = PRODUCT ( 'Motor base', 'Motor base', '', ( #8287 ) ) ;
#3651 = LINE ( 'NONE', #3787, #2441 ) ;
#3652 = ORIENTED_EDGE ( 'NONE', *, *, #6554, .T. ) ;
#3653 = SHAPE_REPRESENTATION_RELATIONSHIP ( 'NONE' , 'NONE' ,  #5719, #5642 ) ;
#3654 =( NAMED_UNIT ( * ) PLANE_ANGLE_UNIT ( ) SI_UNIT ( $, .RADIAN. ) );
#3655 = CARTESIAN_POINT ( 'NONE',  ( 0.7471507068104801300, -0.09169116611291067100, 2.627711098936533300 ) ) ;
#3656 = LINE ( 'NONE', #5248, #3055 ) ;
#3657 = ORIENTED_EDGE ( 'NONE', *, *, #5314, .F. ) ;
#3658 = ORIENTED_EDGE ( 'NONE', *, *, #7758, .F. ) ;
#3659 = LINE ( 'NONE', #3631, #2036 ) ;
#3660 = DIRECTION ( 'NONE',  ( -1.000000000000000000, -0.0000000000000000000, -0.0000000000000000000 ) ) ;
#3661 = DIRECTION ( 'NONE',  ( 1.000000000000000000, 1.219727444046192700E-016, 0.0000000000000000000 ) ) ;
#3662 = CARTESIAN_POINT ( 'NONE',  ( 0.8873228869518060600, -0.1426628679824845100, 2.755735814439283200 ) ) ;
#3663 = EDGE_CURVE ( 'NONE', #6242, #8520, #422, .T. ) ;
#3664 = AXIS2_PLACEMENT_3D ( 'NONE', #1348, #928, #5474 ) ;
#3665 = CIRCLE ( 'NONE', #2349, 4.757076634046354600 ) ;
#3666 = ORIENTED_EDGE ( 'NONE', *, *, #2723, .T. ) ;
#3667 = CARTESIAN_POINT ( 'NONE',  ( 69.82755014312735400, 1.747772220419018500, 0.7748793577775376900 ) ) ;
#3668 = DIRECTION ( 'NONE',  ( -1.000000000000000000, -6.308085367188390000E-017, -0.0000000000000000000 ) ) ;
#3669 = ORIENTED_EDGE ( 'NONE', *, *, #4781, .T. ) ;
#3670 = FACE_OUTER_BOUND ( 'NONE', #1141, .T. ) ;
#3671 = CARTESIAN_POINT ( 'NONE',  ( 6.099999999999870900, 13.42339375865887000, 51.20100000000000100 ) ) ;
#3672 = DIRECTION ( 'NONE',  ( -0.0000000000000000000, -1.000000000000000000, -0.0000000000000000000 ) ) ;
#3673 = VERTEX_POINT ( 'NONE', #1976 ) ;
#3674 = PRODUCT_CONTEXT ( 'NONE', #6567, 'mechanical' ) ;
#3675 = DIRECTION ( 'NONE',  ( 0.0000000000000000000, 0.0000000000000000000, 1.000000000000000000 ) ) ;
#3676 = EDGE_LOOP ( 'NONE', ( #8661, #530, #3784 ) ) ;
#3677 = LINE ( 'NONE', #3093, #5304 ) ;
#3678 = UNCERTAINTY_MEASURE_WITH_UNIT (LENGTH_MEASURE( 1.000000000000000100E-005 ), #6364, 'distance_accuracy_value', 'NONE');
#3679 = CARTESIAN_POINT ( 'NONE',  ( -25.00000000000000000, 18.39999999999999900, 0.0000000000000000000 ) ) ;
#3680 = EDGE_CURVE ( 'NONE', #2503, #7975, #8005, .T. ) ;
#3681 = ADVANCED_FACE ( 'NONE', ( #4123 ), #3305, .T. ) ;
#3682 = ORIENTED_EDGE ( 'NONE', *, *, #7363, .T. ) ;
#3683 = CONTEXT_DEPENDENT_SHAPE_REPRESENTATION ( #4951, #5686 ) ;
#3684 = CYLINDRICAL_SURFACE ( 'NONE', #3239, 11.94999999999999600 ) ;
#3685 = VERTEX_POINT ( 'NONE', #2827 ) ;
#3686 = AXIS2_PLACEMENT_3D ( 'NONE', #5150, #6882, #889 ) ;
#3687 = DIRECTION ( 'NONE',  ( 0.0000000000000000000, 0.0000000000000000000, -1.000000000000000000 ) ) ;
#3688 = AXIS2_PLACEMENT_3D ( 'NONE', #7003, #3984, #577 ) ;
#3689 = LINE ( 'NONE', #4977, #4646 ) ;
#3690 = ORIENTED_EDGE ( 'NONE', *, *, #4916, .T. ) ;
#3691 = CARTESIAN_POINT ( 'NONE',  ( 0.0000000000000000000, 0.0000000000000000000, 2.000000000000000000 ) ) ;
#3692 = ORIENTED_EDGE ( 'NONE', *, *, #8689, .T. ) ;
#3693 = LINE ( 'NONE', #296, #6626 ) ;
#3694 =( GEOMETRIC_REPRESENTATION_CONTEXT ( 3 ) GLOBAL_UNCERTAINTY_ASSIGNED_CONTEXT ( ( #3140 ) ) GLOBAL_UNIT_ASSIGNED_CONTEXT ( ( #1069, #2605, #5897 ) ) REPRESENTATION_CONTEXT ( 'NONE', 'WORKASPACE' ) );
#3695 = DIRECTION ( 'NONE',  ( -1.000000000000000000, -1.734723475976807100E-016, 0.0000000000000000000 ) ) ;
#3696 = UNCERTAINTY_MEASURE_WITH_UNIT (LENGTH_MEASURE( 1.000000000000000100E-005 ), #2717, 'distance_accuracy_value', 'NONE');
#3697 = DIRECTION ( 'NONE',  ( -1.000000000000000000, 0.0000000000000000000, 0.0000000000000000000 ) ) ;
#3698 = FACE_OUTER_BOUND ( 'NONE', #6074, .T. ) ;
#3699 = ORIENTED_EDGE ( 'NONE', *, *, #7434, .T. ) ;
#3700 = CONICAL_SURFACE ( 'NONE', #5017, 5.999999999999996400, 0.7853981633974498300 ) ;
#3701 = SURFACE_STYLE_USAGE ( .BOTH. , #3836 ) ;
#3702 = AXIS2_PLACEMENT_3D ( 'NONE', #3713, #6749, #6151 ) ;
#3703 = LINE ( 'NONE', #8751, #7206 ) ;
#3704 = DIRECTION ( 'NONE',  ( -0.0000000000000000000, -0.0000000000000000000, -1.000000000000000000 ) ) ;
#3705 = SURFACE_SIDE_STYLE ('',( #2971 ) ) ;
#3706 = DIRECTION ( 'NONE',  ( 0.0000000000000000000, 0.0000000000000000000, 1.000000000000000000 ) ) ;
#3707 = DIRECTION ( 'NONE',  ( 1.000000000000000000, 1.219727444046192700E-016, 0.0000000000000000000 ) ) ;
#3708 = CARTESIAN_POINT ( 'NONE',  ( 30.00000000000000000, 1.250000000000002000, 13.04999999999999900 ) ) ;
#3709 = ADVANCED_FACE ( 'NONE', ( #575 ), #8168, .F. ) ;
#3710 = DIRECTION ( 'NONE',  ( -0.0000000000000000000, 1.149055390210327300E-016, -1.000000000000000000 ) ) ;
#3711 = DIRECTION ( 'NONE',  ( -1.000000000000000000, -1.219727444046192700E-016, 0.0000000000000000000 ) ) ;
#3712 = LINE ( 'NONE', #2977, #8816 ) ;
#3713 = CARTESIAN_POINT ( 'NONE',  ( 17.00000000000000000, 2.328133820953756800, 3.750000000000000000 ) ) ;
#3714 = FACE_BOUND ( 'NONE', #3629, .T. ) ;
#3715 = DIRECTION ( 'NONE',  ( 0.0000000000000000000, 0.0000000000000000000, -1.000000000000000000 ) ) ;
#3716 = ORIENTED_EDGE ( 'NONE', *, *, #8617, .F. ) ;
#3717 = COLOUR_RGB ( '',0.2862745098039215500, 0.6627450980392156600, 0.3294117647058823500 ) ;
#3718 = COLOUR_RGB ( '',0.6509803921568627600, 0.6196078431372549200, 0.5882352941176470800 ) ;
#3719 = MECHANICAL_DESIGN_GEOMETRIC_PRESENTATION_REPRESENTATION (  '', ( #7194 ), #475 ) ;
#3720 = FACE_OUTER_BOUND ( 'NONE', #2918, .T. ) ;
#3721 = CIRCLE ( 'NONE', #2148, 1.574999999999998200 ) ;
#3722 = EDGE_CURVE ( 'NONE', #6232, #1986, #5275, .T. ) ;
#3723 = ORIENTED_EDGE ( 'NONE', *, *, #7963, .T. ) ;
#3724 = CARTESIAN_POINT ( 'NONE',  ( -24.00000000000000000, -7.749999999999427100, 14.67339375865978500 ) ) ;
#3725 = EDGE_CURVE ( 'NONE', #3860, #1627, #1850, .T. ) ;
#3726 = ORIENTED_EDGE ( 'NONE', *, *, #281, .T. ) ;
#3727 = CONICAL_SURFACE ( 'NONE', #2161, 1.249999999999998400, 1.029744258676654500 ) ;
#3728 = DIRECTION ( 'NONE',  ( -1.219727444046192700E-016, 1.000000000000000000, -0.0000000000000000000 ) ) ;
#3729 = CARTESIAN_POINT ( 'NONE',  ( -18.80000000000015300, -2.765565554341287700E-013, 0.0000000000000000000 ) ) ;
#3730 = CARTESIAN_POINT ( 'NONE',  ( -12.95417225193766200, 1.092400467031861900, 1.770975231255473200 ) ) ;
#3731 = EDGE_LOOP ( 'NONE', ( #4045, #918, #1771 ) ) ;
#3732 = FILL_AREA_STYLE_COLOUR ( '', #5736 ) ;
#3733 = EDGE_LOOP ( 'NONE', ( #5959, #6547, #7414, #6949 ) ) ;
#3734 = EDGE_CURVE ( 'NONE', #3623, #4215, #2984, .T. ) ;
#3735 = EDGE_CURVE ( 'NONE', #1329, #8435, #7954, .T. ) ;
#3736 = CARTESIAN_POINT ( 'NONE',  ( -3.000000000000000000, 1.530757073763571900E-016, 3.649999999999998600 ) ) ;
#3737 = ORIENTED_EDGE ( 'NONE', *, *, #4876, .F. ) ;
#3738 = VECTOR ( 'NONE', #4803, 1000.000000000000000 ) ;
#3739 = AXIS2_PLACEMENT_3D ( 'NONE', #6177, #3316, #8373 ) ;
#3740 = LINE ( 'NONE', #5679, #3612 ) ;
#3741 = ORIENTED_EDGE ( 'NONE', *, *, #4367, .T. ) ;
#3742 = CARTESIAN_POINT ( 'NONE',  ( -24.99999999999999600, -6.999999999999997300, -5.999999999999997300 ) ) ;
#3743 = CARTESIAN_POINT ( 'NONE',  ( -25.00000000000000000, 13.42339375865977000, 7.750000000000561300 ) ) ;
#3744 = DIRECTION ( 'NONE',  ( 6.308085367188390000E-017, -1.000000000000000000, 0.0000000000000000000 ) ) ;
#3745 = AXIS2_PLACEMENT_3D ( 'NONE', #5840, #7441, #302 ) ;
#3746 = LINE ( 'NONE', #5612, #7814 ) ;
#3747 = EDGE_LOOP ( 'NONE', ( #4801, #6049, #3773, #5478 ) ) ;
#3748 = EDGE_CURVE ( 'NONE', #7436, #283, #5836, .T. ) ;
#3749 = LINE ( 'NONE', #4338, #4488 ) ;
#3750 = AXIS2_PLACEMENT_3D ( 'NONE', #2263, #5126, #7431 ) ;
#3751 = DIRECTION ( 'NONE',  ( 0.0000000000000000000, -1.000000000000000000, 0.0000000000000000000 ) ) ;
#3752 = ORIENTED_EDGE ( 'NONE', *, *, #3786, .T. ) ;
#3753 = EDGE_CURVE ( 'NONE', #545, #417, #1169, .T. ) ;
#3754 = CARTESIAN_POINT ( 'NONE',  ( 0.03012971658237811900, 5.078133820953754100, 0.0000000000000000000 ) ) ;
#3755 = CARTESIAN_POINT ( 'NONE',  ( -20.03406985621170500, -6.999999999999998200, -3.878959614448864200E-015 ) ) ;
#3756 = SURFACE_SIDE_STYLE ('',( #6934 ) ) ;
#3757 = ORIENTED_EDGE ( 'NONE', *, *, #7597, .F. ) ;
#3758 = CARTESIAN_POINT ( 'NONE',  ( 17.00000000000000000, 2.828133820953756800, 3.750000000000000000 ) ) ;
#3759 = DIRECTION ( 'NONE',  ( -1.000000000000000000, -1.219727444046192700E-016, 0.0000000000000000000 ) ) ;
#3760 = FACE_BOUND ( 'NONE', #93, .T. ) ;
#3761 = AXIS2_PLACEMENT_3D ( 'NONE', #3981, #8601, #8731 ) ;
#3762 =( GEOMETRIC_REPRESENTATION_CONTEXT ( 3 ) GLOBAL_UNCERTAINTY_ASSIGNED_CONTEXT ( ( #4159 ) ) GLOBAL_UNIT_ASSIGNED_CONTEXT ( ( #8397, #4908, #7246 ) ) REPRESENTATION_CONTEXT ( 'NONE', 'WORKASPACE' ) );
#3763 = MECHANICAL_DESIGN_GEOMETRIC_PRESENTATION_REPRESENTATION (  '', ( #2199 ), #644 ) ;
#3764 = ORIENTED_EDGE ( 'NONE', *, *, #1977, .F. ) ;
#3765 = ADVANCED_FACE ( 'NONE', ( #1427, #7584, #3250, #5415 ), #5693, .F. ) ;
#3766 = CARTESIAN_POINT ( 'NONE',  ( 0.03012971658237811900, 5.078133820953754100, 0.0000000000000000000 ) ) ;
#3767 = ORIENTED_EDGE ( 'NONE', *, *, #2252, .F. ) ;
#3768 = DIRECTION ( 'NONE',  ( 0.0000000000000000000, 0.0000000000000000000, -1.000000000000000000 ) ) ;
#3769 = CARTESIAN_POINT ( 'NONE',  ( 12.00000000000000000, 1.828133820953756300, -3.750000000000000000 ) ) ;
#3770 = DIRECTION ( 'NONE',  ( 0.0000000000000000000, -1.000000000000000000, 0.0000000000000000000 ) ) ;
#3771 = DIRECTION ( 'NONE',  ( 0.0000000000000000000, -1.000000000000000000, 0.0000000000000000000 ) ) ;
#3772 = COLOUR_RGB ( '',0.7764705882352941300, 0.7568627450980391900, 0.7372549019607843600 ) ;
#3773 = ORIENTED_EDGE ( 'NONE', *, *, #8495, .T. ) ;
#3774 = SHAPE_REPRESENTATION_RELATIONSHIP ( 'NONE' , 'NONE' ,  #6897, #3165 ) ;
#3775 = VERTEX_POINT ( 'NONE', #4424 ) ;
#3776 = CARTESIAN_POINT ( 'NONE',  ( 35.86999999999999700, 1.250000000000002000, 13.04999999999999900 ) ) ;
#3777 =( NAMED_UNIT ( * ) PLANE_ANGLE_UNIT ( ) SI_UNIT ( $, .RADIAN. ) );
#3778 = DIRECTION ( 'NONE',  ( -1.219727444046192700E-016, 1.000000000000000000, -0.0000000000000000000 ) ) ;
#3779 = MECHANICAL_DESIGN_GEOMETRIC_PRESENTATION_REPRESENTATION (  '', ( #539 ), #8610 ) ;
#3780 = CARTESIAN_POINT ( 'NONE',  ( -24.00000000000000000, 13.42339375865977000, 7.750000000000561300 ) ) ;
#3781 = EDGE_LOOP ( 'NONE', ( #5367, #7207, #7642, #6378 ) ) ;
#3782 = PRESENTATION_STYLE_ASSIGNMENT (( #7381 ) ) ;
#3783 = ADVANCED_BREP_SHAPE_REPRESENTATION ( '', ( #8121, #3481 ), #2072 ) ;
#3784 = ORIENTED_EDGE ( 'NONE', *, *, #3168, .T. ) ;
#3785 = VERTEX_POINT ( 'NONE', #3829 ) ;
#3786 = EDGE_CURVE ( 'NONE', #1819, #7151, #3867, .T. ) ;
#3787 = CARTESIAN_POINT ( 'NONE',  ( -11.00000000000000000, 6.078133820953753200, 2.000000000000000000 ) ) ;
#3788 = EDGE_LOOP ( 'NONE', ( #1702, #6088, #3286, #5541 ) ) ;
#3789 = CARTESIAN_POINT ( 'NONE',  ( 18.80000000000015300, 0.0000000000000000000, 2.000000000000000000 ) ) ;
#3790 = ORIENTED_EDGE ( 'NONE', *, *, #7720, .F. ) ;
#3791 = DIRECTION ( 'NONE',  ( -1.000000000000000000, -7.703719777548944800E-033, -0.0000000000000000000 ) ) ;
#3792 = CARTESIAN_POINT ( 'NONE',  ( -24.00000000000000000, -7.750000000000578200, -13.42339375865780900 ) ) ;
#3793 = CIRCLE ( 'NONE', #2221, 2.800000000000000300 ) ;
#3794 = CARTESIAN_POINT ( 'NONE',  ( -25.00000000000000000, -7.000000000000003600, -9.685169074414748300 ) ) ;
#3795 = ORIENTED_EDGE ( 'NONE', *, *, #8132, .T. ) ;
#3796 = CARTESIAN_POINT ( 'NONE',  ( 17.00000000000000000, 2.328133820953756800, 2.250000000000000000 ) ) ;
#3797 = ORIENTED_EDGE ( 'NONE', *, *, #3935, .F. ) ;
#3798 = VERTEX_POINT ( 'NONE', #5981 ) ;
#3799 =( GEOMETRIC_REPRESENTATION_CONTEXT ( 3 ) GLOBAL_UNCERTAINTY_ASSIGNED_CONTEXT ( ( #5577 ) ) GLOBAL_UNIT_ASSIGNED_CONTEXT ( ( #1946, #6070, #4922 ) ) REPRESENTATION_CONTEXT ( 'NONE', 'WORKASPACE' ) );
#3800 = CARTESIAN_POINT ( 'NONE',  ( -2.831513697320542800, -0.9983630802601123300, 5.830756009142628900 ) ) ;
#3801 = AXIS2_PLACEMENT_3D ( 'NONE', #4021, #46, #7186 ) ;
#3802 = ORIENTED_EDGE ( 'NONE', *, *, #6017, .F. ) ;
#3803 = CARTESIAN_POINT ( 'NONE',  ( -2.936213669390205400, 0.6344256688594001000, 5.510370365988259200 ) ) ;
#3804 = ORIENTED_EDGE ( 'NONE', *, *, #2566, .T. ) ;
#3805 = EDGE_CURVE ( 'NONE', #384, #3035, #461, .T. ) ;
#3806 = CARTESIAN_POINT ( 'NONE',  ( 0.7579850260068170500, -0.4218661790462447900, -13.04999999999999900 ) ) ;
#3807 = UNCERTAINTY_MEASURE_WITH_UNIT (LENGTH_MEASURE( 1.000000000000000100E-005 ), #3170, 'distance_accuracy_value', 'NONE');
#3808 = ORIENTED_EDGE ( 'NONE', *, *, #3339, .F. ) ;
#3809 = SHAPE_DEFINITION_REPRESENTATION ( #6119, #470 ) ;
#3810 = VERTEX_POINT ( 'NONE', #5545 ) ;
#3811 = EDGE_CURVE ( 'NONE', #7511, #2801, #3330, .T. ) ;
#3812 = DIRECTION ( 'NONE',  ( 1.000000000000000000, 0.0000000000000000000, 0.0000000000000000000 ) ) ;
#3813 = LINE ( 'NONE', #2821, #885 ) ;
#3814 = DIRECTION ( 'NONE',  ( 7.703719777548944800E-033, -1.000000000000000000, 0.0000000000000000000 ) ) ;
#3815 = CLOSED_SHELL ( 'NONE', ( #7857, #2962, #2034, #5860, #5396, #3142, #2752, #227, #7620, #427, #4875, #5499, #1446, #4046, #6262, #901, #7346, #2858, #6110, #8820, #1429, #8475, #745, #6255, #4453, #3320, #5891, #1914, #7938, #3301, #5226, #1578, #4637, #2068, #2085, #8377, #4809, #1081, #7847, #1799, #4150, #8819, #4278, #7787, #1338, #6828, #7219, #467, #8156, #8553, #6937, #5875, #1072, #5835, #782 ) ) ;
#3816 = VERTEX_POINT ( 'NONE', #1982 ) ;
#3817 = DIRECTION ( 'NONE',  ( 1.000000000000000000, 0.0000000000000000000, 0.0000000000000000000 ) ) ;
#3818 = ORIENTED_EDGE ( 'NONE', *, *, #3601, .T. ) ;
#3819 = PRESENTATION_STYLE_ASSIGNMENT (( #5685 ) ) ;
#3820 = B_SPLINE_CURVE_WITH_KNOTS ( 'NONE', 2,
 ( #2552, #6118, #1987 ),
 .UNSPECIFIED., .F., .F.,
 ( 3, 3 ),
 ( 0.0000000000000000000, 1.000000000000000000 ),
 .UNSPECIFIED. ) ;
#3821 = DIRECTION ( 'NONE',  ( 0.0000000000000000000, -1.000000000000000000, 0.0000000000000000000 ) ) ;
#3822 = SURFACE_STYLE_FILL_AREA ( #7433 ) ;
#3823 = CARTESIAN_POINT ( 'NONE',  ( 17.00000000000000000, 2.328133820953756800, -0.7500000000000006700 ) ) ;
#3824 = ORIENTED_EDGE ( 'NONE', *, *, #3811, .T. ) ;
#3825 = CARTESIAN_POINT ( 'NONE',  ( 2.949029909160572100E-014, 9.500000000000001800, 1.734723475976807100E-015 ) ) ;
#3826 = EDGE_CURVE ( 'NONE', #4877, #7788, #3595, .T. ) ;
#3827 = DIRECTION ( 'NONE',  ( -1.000000000000000000, -1.084202172485504400E-016, 0.0000000000000000000 ) ) ;
#3828 = CYLINDRICAL_SURFACE ( 'NONE', #6859, 1.249999999999994200 ) ;
#3829 = CARTESIAN_POINT ( 'NONE',  ( 15.60000000000015100, -20.80000000000000100, 44.69999999999999600 ) ) ;
#3830 = CARTESIAN_POINT ( 'NONE',  ( 9.500000000000000000, 3.578133820953755900, 5.000000000000000000 ) ) ;
#3831 = CARTESIAN_POINT ( 'NONE',  ( 15.60000000000015100, 18.80100000000015100, 33.50000000000000000 ) ) ;
#3832 = AXIS2_PLACEMENT_3D ( 'NONE', #7569, #2955, #1000 ) ;
#3833 = FILL_AREA_STYLE ('',( #2417 ) ) ;
#3834 = PRESENTATION_STYLE_ASSIGNMENT (( #2563 ) ) ;
#3835 = EDGE_CURVE ( 'NONE', #3497, #7570, #2950, .T. ) ;
#3836 = SURFACE_SIDE_STYLE ('',( #156 ) ) ;
#3837 = PLANE ( 'NONE',  #3071 ) ;
#3838 = AXIS2_PLACEMENT_3D ( 'NONE', #6652, #504, #5898 ) ;
#3839 = DIRECTION ( 'NONE',  ( 0.0000000000000000000, 0.0000000000000000000, -1.000000000000000000 ) ) ;
#3840 = SURFACE_STYLE_USAGE ( .BOTH. , #5559 ) ;
#3841 = AXIS2_PLACEMENT_3D ( 'NONE', #1721, #2138, #6432 ) ;
#3842 = AXIS2_PLACEMENT_3D ( 'NONE', #828, #5789, #7390 ) ;
#3843 = CARTESIAN_POINT ( 'NONE',  ( 0.7579850260068163900, 5.079133820953757100, -13.04999999999999900 ) ) ;
#3844 = DIRECTION ( 'NONE',  ( 0.0000000000000000000, 0.0000000000000000000, 1.000000000000000000 ) ) ;
#3845 = AXIS2_PLACEMENT_3D ( 'NONE', #5580, #2859, #4022 ) ;
#3846 = SURFACE_STYLE_USAGE ( .BOTH. , #1579 ) ;
#3847 = DIRECTION ( 'NONE',  ( -1.000000000000000000, -0.0000000000000000000, -0.0000000000000000000 ) ) ;
#3848 =( NAMED_UNIT ( * ) SI_UNIT ( $, .STERADIAN. ) SOLID_ANGLE_UNIT ( ) );
#3849 = ORIENTED_EDGE ( 'NONE', *, *, #1378, .F. ) ;
#3850 = MECHANICAL_DESIGN_GEOMETRIC_PRESENTATION_REPRESENTATION (  '', ( #1750 ), #8504 ) ;
#3851 =( GEOMETRIC_REPRESENTATION_CONTEXT ( 3 ) GLOBAL_UNCERTAINTY_ASSIGNED_CONTEXT ( ( #8359 ) ) GLOBAL_UNIT_ASSIGNED_CONTEXT ( ( #7007, #600, #437 ) ) REPRESENTATION_CONTEXT ( 'NONE', 'WORKASPACE' ) );
#3852 = DIRECTION ( 'NONE',  ( 1.219727444046192700E-016, -1.000000000000000000, 0.0000000000000000000 ) ) ;
#3853 = AXIS2_PLACEMENT_3D ( 'NONE', #1546, #4537, #7565 ) ;
#3854 = EDGE_CURVE ( 'NONE', #3529, #4771, #4099, .T. ) ;
#3855 =( LENGTH_UNIT ( ) NAMED_UNIT ( * ) SI_UNIT ( .MILLI., .METRE. ) );
#3856 =( NAMED_UNIT ( * ) SI_UNIT ( $, .STERADIAN. ) SOLID_ANGLE_UNIT ( ) );
#3857 = EDGE_CURVE ( 'NONE', #853, #5930, #7573, .T. ) ;
#3858 = FACE_OUTER_BOUND ( 'NONE', #8724, .T. ) ;
#3859 = DIRECTION ( 'NONE',  ( -0.0000000000000000000, -1.000000000000000000, -0.0000000000000000000 ) ) ;
#3860 = VERTEX_POINT ( 'NONE', #5975 ) ;
#3861 = AXIS2_PLACEMENT_3D ( 'NONE', #6099, #8867, #1836 ) ;
#3862 = VECTOR ( 'NONE', #6226, 1000.000000000000000 ) ;
#3863 = CARTESIAN_POINT ( 'NONE',  ( 0.0000000000000000000, -1.580274034314412000E-016, 0.0000000000000000000 ) ) ;
#3864 = DIRECTION ( 'NONE',  ( -1.000000000000000000, 0.0000000000000000000, -0.0000000000000000000 ) ) ;
#3865 = CARTESIAN_POINT ( 'NONE',  ( 35.86999999999999700, -1.249999999999998200, -13.04999999999999900 ) ) ;
#3866 = CARTESIAN_POINT ( 'NONE',  ( 0.03012971658237842400, 2.578133820953756300, 0.0000000000000000000 ) ) ;
#3867 = CIRCLE ( 'NONE', #3027, 1.599999999999997200 ) ;
#3868 = COLOUR_RGB ( '',0.6941176470588235100, 0.09803921568627450800, 0.09803921568627450800 ) ;
#3869 = DIRECTION ( 'NONE',  ( -0.0000000000000000000, -0.0000000000000000000, -1.000000000000000000 ) ) ;
#3870 = DIRECTION ( 'NONE',  ( 1.000000000000000000, -0.0000000000000000000, -0.0000000000000000000 ) ) ;
#3871 = ORIENTED_EDGE ( 'NONE', *, *, #5937, .F. ) ;
#3872 = CIRCLE ( 'NONE', #2295, 1.600000000000000800 ) ;
#3873 = FACE_OUTER_BOUND ( 'NONE', #6497, .T. ) ;
#3874 = EDGE_CURVE ( 'NONE', #5907, #622, #3693, .T. ) ;
#3875 = FACE_OUTER_BOUND ( 'NONE', #8297, .T. ) ;
#3876 = AXIS2_PLACEMENT_3D ( 'NONE', #3825, #8026, #147 ) ;
#3877 = CARTESIAN_POINT ( 'NONE',  ( -12.97776015448382500, 0.7688187308483891400, 1.401007328376190600 ) ) ;
#3878 = ORIENTED_EDGE ( 'NONE', *, *, #4078, .T. ) ;
#3879 = CARTESIAN_POINT ( 'NONE',  ( 15.60000000000015100, -18.79999999999999700, 41.50000000000000000 ) ) ;
#3880 = DIRECTION ( 'NONE',  ( 1.467842941211163900E-014, -1.000000000000000000, 0.0000000000000000000 ) ) ;
#3881 = UNCERTAINTY_MEASURE_WITH_UNIT (LENGTH_MEASURE( 1.000000000000000100E-005 ), #497, 'distance_accuracy_value', 'NONE');
#3882 = LINE ( 'NONE', #4037, #7690 ) ;
#3883 = EDGE_CURVE ( 'NONE', #2877, #5521, #8740, .T. ) ;
#3884 = DIRECTION ( 'NONE',  ( -1.219727444046192700E-016, 1.000000000000000000, -0.0000000000000000000 ) ) ;
#3885 = ORIENTED_EDGE ( 'NONE', *, *, #7715, .F. ) ;
#3886 = AXIS2_PLACEMENT_3D ( 'NONE', #2418, #3553, #1145 ) ;
#3887 = CARTESIAN_POINT ( 'NONE',  ( -13.00100000000000100, 0.0000000000000000000, 6.599999999999999600 ) ) ;
#3888 =( NAMED_UNIT ( * ) SI_UNIT ( $, .STERADIAN. ) SOLID_ANGLE_UNIT ( ) );
#3889 =( GEOMETRIC_REPRESENTATION_CONTEXT ( 3 ) GLOBAL_UNCERTAINTY_ASSIGNED_CONTEXT ( ( #7970 ) ) GLOBAL_UNIT_ASSIGNED_CONTEXT ( ( #8204, #4019, #4443 ) ) REPRESENTATION_CONTEXT ( 'NONE', 'WORKASPACE' ) );
#3890 = DIRECTION ( 'NONE',  ( -1.219727444046192700E-016, 1.000000000000000000, -0.0000000000000000000 ) ) ;
#3891 = CARTESIAN_POINT ( 'NONE',  ( 12.00000000000000000, 1.078133820953756100, 5.000000000000000000 ) ) ;
#3892 = CARTESIAN_POINT ( 'NONE',  ( -3.000000000000000000, 0.0000000000000000000, 1.149999999999998400 ) ) ;
#3893 = ORIENTED_EDGE ( 'NONE', *, *, #2501, .F. ) ;
#3894 = PLANE ( 'NONE',  #1857 ) ;
#3895 = DIRECTION ( 'NONE',  ( -0.0000000000000000000, -0.0000000000000000000, -1.000000000000000000 ) ) ;
#3896 = LINE ( 'NONE', #71, #402 ) ;
#3897 = DIRECTION ( 'NONE',  ( 0.0000000000000000000, 0.0000000000000000000, -1.000000000000000000 ) ) ;
#3898 = DIRECTION ( 'NONE',  ( -1.000000000000000000, -0.0000000000000000000, -0.0000000000000000000 ) ) ;
#3899 = ADVANCED_FACE ( 'NONE', ( #1410 ), #3088, .F. ) ;
#3900 = ORIENTED_EDGE ( 'NONE', *, *, #331, .T. ) ;
#3901 = UNCERTAINTY_MEASURE_WITH_UNIT (LENGTH_MEASURE( 1.000000000000000100E-005 ), #8453, 'distance_accuracy_value', 'NONE');
#3902 = DIRECTION ( 'NONE',  ( 0.0000000000000000000, 0.0000000000000000000, -1.000000000000000000 ) ) ;
#3903 = CIRCLE ( 'NONE', #8219, 1.249999999999988900 ) ;
#3904 = EDGE_CURVE ( 'NONE', #2127, #5465, #1552, .T. ) ;
#3905 = ORIENTED_EDGE ( 'NONE', *, *, #3627, .T. ) ;
#3906 = DIRECTION ( 'NONE',  ( -1.219727444046192700E-016, 1.000000000000000000, -0.0000000000000000000 ) ) ;
#3907 = CARTESIAN_POINT ( 'NONE',  ( -24.99999999999999600, -6.999999999999998200, 0.0000000000000000000 ) ) ;
#3908 = FACE_OUTER_BOUND ( 'NONE', #980, .T. ) ;
#3909 = CYLINDRICAL_SURFACE ( 'NONE', #6251, 1.249999999999994200 ) ;
#3910 = EDGE_LOOP ( 'NONE', ( #5206, #5475 ) ) ;
#3911 = STYLED_ITEM ( 'NONE', ( #3177 ), #6044 ) ;
#3912 = AXIS2_PLACEMENT_3D ( 'NONE', #6445, #1036, #4702 ) ;
#3913 = FILL_AREA_STYLE ('',( #8090 ) ) ;
#3914 = LINE ( 'NONE', #4485, #8499 ) ;
#3915 = CARTESIAN_POINT ( 'NONE',  ( 0.7471507068104805700, 2.527459386281488900, -0.7247219743563518800 ) ) ;
#3916 = CARTESIAN_POINT ( 'NONE',  ( 0.7579850260068169400, 1.078133820953756500, -12.05000000000000100 ) ) ;
#3917 = COLOUR_RGB ( '',0.7686274509803920900, 0.7686274509803920900, 0.7686274509803920900 ) ;
#3918 = EDGE_CURVE ( 'NONE', #2990, #7184, #2067, .T. ) ;
#3919 = VECTOR ( 'NONE', #6648, 1000.000000000000000 ) ;
#3920 = ORIENTED_EDGE ( 'NONE', *, *, #6172, .F. ) ;
#3921 =( NAMED_UNIT ( * ) SI_UNIT ( $, .STERADIAN. ) SOLID_ANGLE_UNIT ( ) );
#3922 = CARTESIAN_POINT ( 'NONE',  ( -9.399999999999970200, -13.42339375865881700, 2.000000000000001800 ) ) ;
#3923 = CARTESIAN_POINT ( 'NONE',  ( -25.00000000000000000, 9.741652934026770300E-013, 15.50000000000056500 ) ) ;
#3924 = DIRECTION ( 'NONE',  ( -1.000000000000000000, -0.0000000000000000000, -0.0000000000000000000 ) ) ;
#3925 = ORIENTED_EDGE ( 'NONE', *, *, #8412, .T. ) ;
#3926 = CARTESIAN_POINT ( 'NONE',  ( 17.00000000000000000, 2.328133820953756800, -0.7500000000000006700 ) ) ;
#3927 = DIRECTION ( 'NONE',  ( -0.0000000000000000000, -1.000000000000000000, -0.0000000000000000000 ) ) ;
#3928 = AXIS2_PLACEMENT_3D ( 'NONE', #4439, #2986, #6761 ) ;
#3929 = STYLED_ITEM ( 'NONE', ( #2862 ), #6198 ) ;
#3930 = SURFACE_STYLE_FILL_AREA ( #4357 ) ;
#3931 = ORIENTED_EDGE ( 'NONE', *, *, #8032, .T. ) ;
#3932 = DIRECTION ( 'NONE',  ( 0.0000000000000000000, 0.0000000000000000000, -1.000000000000000000 ) ) ;
#3933 = DIRECTION ( 'NONE',  ( 0.0000000000000000000, 0.0000000000000000000, 1.000000000000000000 ) ) ;
#3934 = FACE_BOUND ( 'NONE', #2289, .T. ) ;
#3935 = EDGE_CURVE ( 'NONE', #3062, #4342, #7231, .T. ) ;
#3936 = VECTOR ( 'NONE', #1103, 1000.000000000000000 ) ;
#3937 = EDGE_LOOP ( 'NONE', ( #722, #601, #7399, #8444 ) ) ;
#3938 = ORIENTED_EDGE ( 'NONE', *, *, #3935, .T. ) ;
#3939 = ORIENTED_EDGE ( 'NONE', *, *, #4650, .F. ) ;
#3940 = CIRCLE ( 'NONE', #7407, 0.5000000000000000000 ) ;
#3941 = CYLINDRICAL_SURFACE ( 'NONE', #5202, 1.599999999999999000 ) ;
#3942 = CLOSED_SHELL ( 'NONE', ( #6490, #6791, #3389, #7572, #5881, #8462, #2134, #3453, #5337, #2811, #85, #5650, #3429, #5409, #5312, #5208, #258, #7582, #3681, #2203, #7947, #5220, #641, #2629, #257, #4491, #4304, #4730, #1540, #1512, #5843, #4589, #4998, #4106, #449, #2705, #5467, #92, #396, #2706, #6001, #5371, #1838, #3899, #7949, #5632, #1766, #2318, #2483, #1626, #1781, #3192, #7318, #630, #4184, #3709, #4134, #1411, #6819, #4421, #8782, #6293, #5617 ) ) ;
#3943 = MECHANICAL_DESIGN_GEOMETRIC_PRESENTATION_REPRESENTATION (  '', ( #8367 ), #7252 ) ;
#3944 = DIRECTION ( 'NONE',  ( 1.000000000000000000, 1.219727444046192700E-016, 0.0000000000000000000 ) ) ;
#3945 = CARTESIAN_POINT ( 'NONE',  ( -15.79999999999987600, -18.79999999999999700, 51.20000000000000300 ) ) ;
#3946 = CARTESIAN_POINT ( 'NONE',  ( 31.00000000000000000, -3.649999999999997700, 0.0000000000000000000 ) ) ;
#3947 = EDGE_CURVE ( 'NONE', #3194, #6772, #6719, .T. ) ;
#3948 =( LENGTH_UNIT ( ) NAMED_UNIT ( * ) SI_UNIT ( .MILLI., .METRE. ) );
#3949 = ORIENTED_EDGE ( 'NONE', *, *, #2723, .F. ) ;
#3950 = SURFACE_SIDE_STYLE ('',( #8421 ) ) ;
#3951 = FILL_AREA_STYLE ('',( #5091 ) ) ;
#3952 = EDGE_LOOP ( 'NONE', ( #3475, #1973 ) ) ;
#3953 = VERTEX_POINT ( 'NONE', #6994 ) ;
#3954 = PRESENTATION_STYLE_ASSIGNMENT (( #7688 ) ) ;
#3955 = LINE ( 'NONE', #4381, #8578 ) ;
#3956 = PRODUCT ( 'Hub', 'Hub', '', ( #3674 ) ) ;
#3957 = VECTOR ( 'NONE', #2574, 1000.000000000000000 ) ;
#3958 = ORIENTED_EDGE ( 'NONE', *, *, #809, .T. ) ;
#3959 = DIRECTION ( 'NONE',  ( 0.0000000000000000000, 0.0000000000000000000, 1.000000000000000000 ) ) ;
#3960 =( LENGTH_UNIT ( ) NAMED_UNIT ( * ) SI_UNIT ( .MILLI., .METRE. ) );
#3961 = EDGE_LOOP ( 'NONE', ( #2664, #3336 ) ) ;
#3962 = EDGE_LOOP ( 'NONE', ( #5366, #4635, #7083, #1262 ) ) ;
#3963 = AXIS2_PLACEMENT_3D ( 'NONE', #6874, #8030, #4146 ) ;
#3964 = CIRCLE ( 'NONE', #3686, 5.000000000000000000 ) ;
#3965 = ORIENTED_EDGE ( 'NONE', *, *, #3735, .T. ) ;
#3966 = PRODUCT_CONTEXT ( 'NONE', #8567, 'mechanical' ) ;
#3967 = FACE_OUTER_BOUND ( 'NONE', #1917, .T. ) ;
#3968 = PRESENTATION_STYLE_ASSIGNMENT (( #271 ) ) ;
#3969 = ORIENTED_EDGE ( 'NONE', *, *, #7997, .T. ) ;
#3970 = AXIS2_PLACEMENT_3D ( 'NONE', #8078, #3325, #3615 ) ;
#3971 = DIRECTION ( 'NONE',  ( -0.8330162471543056700, 1.931656905709668000E-015, -0.5532485264119162400 ) ) ;
#3972 = EDGE_CURVE ( 'NONE', #3381, #6265, #5933, .T. ) ;
#3973 = EDGE_LOOP ( 'NONE', ( #2541, #61, #1477, #3939 ) ) ;
#3974 = DIRECTION ( 'NONE',  ( -0.9397934234884369700, 0.0000000000000000000, -0.3417430630867045500 ) ) ;
#3975 = ORIENTED_EDGE ( 'NONE', *, *, #3826, .F. ) ;
#3976 = SURFACE_SIDE_STYLE ('',( #5538 ) ) ;
#3977 = AXIS2_PLACEMENT_3D ( 'NONE', #6698, #1543, #2662 ) ;
#3978 = ORIENTED_EDGE ( 'NONE', *, *, #6659, .F. ) ;
#3979 = CARTESIAN_POINT ( 'NONE',  ( 0.0000000000000000000, 13.00000000000000200, 1.493772007273425800E-015 ) ) ;
#3980 = ORIENTED_EDGE ( 'NONE', *, *, #6503, .F. ) ;
#3981 = CARTESIAN_POINT ( 'NONE',  ( 0.0000000000000000000, -8.673617379884035500E-016, 6.173195309819862000 ) ) ;
#3982 = DIRECTION ( 'NONE',  ( -1.000000000000000000, 0.0000000000000000000, 0.0000000000000000000 ) ) ;
#3983 = CYLINDRICAL_SURFACE ( 'NONE', #4964, 1.599999999999997200 ) ;
#3984 = DIRECTION ( 'NONE',  ( -0.0000000000000000000, 1.149055390210327300E-016, -1.000000000000000000 ) ) ;
#3985 = EDGE_CURVE ( 'NONE', #7151, #5272, #4952, .T. ) ;
#3986 = CARTESIAN_POINT ( 'NONE',  ( -18.80000000000015300, -2.765565554341287700E-013, 48.20000000000000300 ) ) ;
#3987 = EDGE_CURVE ( 'NONE', #8722, #8709, #6326, .T. ) ;
#3988 = ORIENTED_EDGE ( 'NONE', *, *, #4632, .F. ) ;
#3989 = ORIENTED_EDGE ( 'NONE', *, *, #2651, .T. ) ;
#3990 = PRODUCT_DEFINITION_CONTEXT ( 'detailed design', #6613, 'design' ) ;
#3991 = VECTOR ( 'NONE', #190, 1000.000000000000000 ) ;
#3992 = SURFACE_STYLE_FILL_AREA ( #3415 ) ;
#3993 = SURFACE_SIDE_STYLE ('',( #8466 ) ) ;
#3994 = DIRECTION ( 'NONE',  ( 0.0000000000000000000, 0.0000000000000000000, 1.000000000000000000 ) ) ;
#3995 = CARTESIAN_POINT ( 'NONE',  ( 15.60000000000015100, -20.80000000000000100, 27.09999999999999800 ) ) ;
#3996 = CARTESIAN_POINT ( 'NONE',  ( 35.86999999999999700, 1.250000000000002000, -12.05000000000000100 ) ) ;
#3997 = SPHERICAL_SURFACE ( 'NONE', #8069, 5.000000000000000900 ) ;
#3998 = AXIS2_PLACEMENT_3D ( 'NONE', #8411, #4370, #1250 ) ;
#3999 = AXIS2_PLACEMENT_3D ( 'NONE', #187, #2725, #2024 ) ;
#4000 = AXIS2_PLACEMENT_3D ( 'NONE', #4639, #815, #5362 ) ;
#4001 = DIRECTION ( 'NONE',  ( -1.219727444046192700E-016, 1.000000000000000000, -0.0000000000000000000 ) ) ;
#4002 = DIRECTION ( 'NONE',  ( 0.0000000000000000000, 0.0000000000000000000, 1.000000000000000000 ) ) ;
#4003 = EDGE_CURVE ( 'NONE', #6043, #7369, #5102, .T. ) ;
#4004 =( LENGTH_UNIT ( ) NAMED_UNIT ( * ) SI_UNIT ( .MILLI., .METRE. ) );
#4005 = PRESENTATION_STYLE_ASSIGNMENT (( #1168 ) ) ;
#4006 = VERTEX_POINT ( 'NONE', #842 ) ;
#4007 =( NAMED_UNIT ( * ) SI_UNIT ( $, .STERADIAN. ) SOLID_ANGLE_UNIT ( ) );
#4008 = SURFACE_SIDE_STYLE ('',( #7027 ) ) ;
#4009 = CARTESIAN_POINT ( 'NONE',  ( 0.7471507068104801300, 0.0000000000000000000, 0.0000000000000000000 ) ) ;
#4010 = CIRCLE ( 'NONE', #1342, 18.40000000000000200 ) ;
#4011 = CARTESIAN_POINT ( 'NONE',  ( 0.0000000000000000000, -7.095739907323981700E-016, 4.799999999999998900 ) ) ;
#4012 = PRESENTATION_STYLE_ASSIGNMENT (( #7606 ) ) ;
#4013 = ADVANCED_FACE ( 'NONE', ( #3080 ), #6707, .T. ) ;
#4014 = ORIENTED_EDGE ( 'NONE', *, *, #6952, .F. ) ;
#4015 = SURFACE_STYLE_FILL_AREA ( #5005 ) ;
#4016 = DIRECTION ( 'NONE',  ( 0.0000000000000000000, 0.0000000000000000000, 1.000000000000000000 ) ) ;
#4017 = CARTESIAN_POINT ( 'NONE',  ( 30.00000000000000000, 1.250000000000002000, -12.05000000000000100 ) ) ;
#4018 = FILL_AREA_STYLE_COLOUR ( '', #6620 ) ;
#4019 =( NAMED_UNIT ( * ) PLANE_ANGLE_UNIT ( ) SI_UNIT ( $, .RADIAN. ) );
#4020 = ORIENTED_EDGE ( 'NONE', *, *, #8189, .T. ) ;
#4021 = CARTESIAN_POINT ( 'NONE',  ( -24.00000000000000000, -13.42339375865880800, -7.749999999998868500 ) ) ;
#4022 = DIRECTION ( 'NONE',  ( -1.000000000000000000, -7.703719777548944800E-033, 0.0000000000000000000 ) ) ;
#4023 = UNCERTAINTY_MEASURE_WITH_UNIT (LENGTH_MEASURE( 1.000000000000000100E-005 ), #5865, 'distance_accuracy_value', 'NONE');
#4024 = FACE_BOUND ( 'NONE', #2543, .T. ) ;
#4025 = CARTESIAN_POINT ( 'NONE',  ( -24.99999999999999600, 17.75000000000000000, 2.173748068486552000E-015 ) ) ;
#4026 = AXIS2_PLACEMENT_3D ( 'NONE', #6748, #5715, #7893 ) ;
#4027 = ORIENTED_EDGE ( 'NONE', *, *, #7289, .T. ) ;
#4028 = ADVANCED_FACE ( 'NONE', ( #7714, #996 ), #4673, .F. ) ;
#4029 = CARTESIAN_POINT ( 'NONE',  ( 15.60000000000015100, -18.79999999999999700, 46.30000000000000400 ) ) ;
#4030 = AXIS2_PLACEMENT_3D ( 'NONE', #3545, #5973, #2133 ) ;
#4031 = DIRECTION ( 'NONE',  ( 0.0000000000000000000, 0.0000000000000000000, 1.000000000000000000 ) ) ;
#4032 = ADVANCED_FACE ( 'NONE', ( #4541 ), #4263, .F. ) ;
#4033 = EDGE_CURVE ( 'NONE', #1384, #527, #447, .T. ) ;
#4034 = VERTEX_POINT ( 'NONE', #2546 ) ;
#4035 = VECTOR ( 'NONE', #3302, 1000.000000000000000 ) ;
#4036 = AXIS2_PLACEMENT_3D ( 'NONE', #4392, #559, #5380 ) ;
#4037 = CARTESIAN_POINT ( 'NONE',  ( 0.0000000000000000000, 5.000000000000000000, -1.250000000000000000 ) ) ;
#4038 = CIRCLE ( 'NONE', #6448, 13.00000000000000200 ) ;
#4039 = ORIENTED_EDGE ( 'NONE', *, *, #8482, .F. ) ;
#4040 = AXIS2_PLACEMENT_3D ( 'NONE', #348, #3602, #5460 ) ;
#4041 = AXIS2_PLACEMENT_3D ( 'NONE', #639, #8791, #2746 ) ;
#4042 = VECTOR ( 'NONE', #5659, 1000.000000000000000 ) ;
#4043 = AXIS2_PLACEMENT_3D ( 'NONE', #256, #7263, #6236 ) ;
#4044 = AXIS2_PLACEMENT_3D ( 'NONE', #1534, #6532, #5517 ) ;
#4045 = ORIENTED_EDGE ( 'NONE', *, *, #3493, .F. ) ;
#4046 = ADVANCED_FACE ( 'NONE', ( #5969 ), #6722, .F. ) ;
#4047 = EDGE_CURVE ( 'NONE', #973, #7511, #3813, .T. ) ;
#4048 = FACE_OUTER_BOUND ( 'NONE', #2514, .T. ) ;
#4049 = FACE_OUTER_BOUND ( 'NONE', #7824, .T. ) ;
#4050 = ORIENTED_EDGE ( 'NONE', *, *, #4950, .T. ) ;
#4051 = VECTOR ( 'NONE', #7428, 1000.000000000000000 ) ;
#4052 = DIRECTION ( 'NONE',  ( -0.0000000000000000000, 1.000000000000000000, -0.0000000000000000000 ) ) ;
#4053 = PRESENTATION_STYLE_ASSIGNMENT (( #8378 ) ) ;
#4054 = CARTESIAN_POINT ( 'NONE',  ( -8.227241335952163200, 4.750000000000006200, 4.799999999999999800 ) ) ;
#4055 = CARTESIAN_POINT ( 'NONE',  ( 1.053355855920125300, 0.0000000000000000000, 0.0000000000000000000 ) ) ;
#4056 = ORIENTED_EDGE ( 'NONE', *, *, #1699, .F. ) ;
#4057 = CARTESIAN_POINT ( 'NONE',  ( -11.00000000000000000, 6.078133820953753200, 2.000000000000000000 ) ) ;
#4058 = DIRECTION ( 'NONE',  ( -1.000000000000000000, 0.0000000000000000000, 0.0000000000000000000 ) ) ;
#4059 = ORIENTED_EDGE ( 'NONE', *, *, #4459, .F. ) ;
#4060 = EDGE_CURVE ( 'NONE', #6531, #8057, #8440, .T. ) ;
#4061 = B_SPLINE_SURFACE_WITH_KNOTS ( 'NONE', 2, 1, ( 
 ( #5838, #1863 ),
 ( #587, #3551 ),
 ( #6871, #2006 ) ),
 .UNSPECIFIED., .F., .F., .F.,
 ( 3, 3 ),
 ( 2, 2 ),
 ( 0.0000000000000000000, 1.000000000000000000 ),
 ( 0.0000000000000000000, 1.000000000000000000 ),
 .UNSPECIFIED. ) ;
#4062 = LINE ( 'NONE', #520, #2427 ) ;
#4063 = VERTEX_POINT ( 'NONE', #8741 ) ;
#4064 = SURFACE_STYLE_USAGE ( .BOTH. , #2894 ) ;
#4065 = ADVANCED_FACE ( 'NONE', ( #2264 ), #1428, .T. ) ;
#4066 = ORIENTED_EDGE ( 'NONE', *, *, #7417, .F. ) ;
#4067 = CARTESIAN_POINT ( 'NONE',  ( 15.60000000000015100, -20.80000000000000100, 9.500000000000001800 ) ) ;
#4068 = AXIS2_PLACEMENT_3D ( 'NONE', #3555, #590, #2420 ) ;
#4069 = ORIENTED_EDGE ( 'NONE', *, *, #7170, .T. ) ;
#4070 = CARTESIAN_POINT ( 'NONE',  ( -13.00000000000000700, -0.1631713377424330300, 3.649999999999999000 ) ) ;
#4071 = CARTESIAN_POINT ( 'NONE',  ( -1.160687707562663900E-015, 18.39999999999999900, 2.253350110431130000E-015 ) ) ;
#4072 = VECTOR ( 'NONE', #3869, 1000.000000000000000 ) ;
#4073 = AXIS2_PLACEMENT_3D ( 'NONE', #2001, #6131, #2966 ) ;
#4074 = ORIENTED_EDGE ( 'NONE', *, *, #2996, .F. ) ;
#4075 = LINE ( 'NONE', #239, #7700 ) ;
#4076 = AXIS2_PLACEMENT_3D ( 'NONE', #5007, #2857, #1172 ) ;
#4077 = EDGE_CURVE ( 'NONE', #8728, #1191, #7371, .T. ) ;
#4078 = EDGE_CURVE ( 'NONE', #6782, #1691, #4038, .T. ) ;
#4079 = AXIS2_PLACEMENT_3D ( 'NONE', #678, #3944, #7677 ) ;
#4080 = VERTEX_POINT ( 'NONE', #6734 ) ;
#4081 = EDGE_CURVE ( 'NONE', #4063, #1112, #2178, .T. ) ;
#4082 = SURFACE_SIDE_STYLE ('',( #243 ) ) ;
#4083 = ORIENTED_EDGE ( 'NONE', *, *, #4544, .T. ) ;
#4084 = ORIENTED_EDGE ( 'NONE', *, *, #723, .T. ) ;
#4085 = CIRCLE ( 'NONE', #8340, 0.9000000000000014700 ) ;
#4086 =( NAMED_UNIT ( * ) SI_UNIT ( $, .STERADIAN. ) SOLID_ANGLE_UNIT ( ) );
#4087 = DIRECTION ( 'NONE',  ( 1.000000000000000000, 1.219727444046192700E-016, 0.0000000000000000000 ) ) ;
#4088 = CARTESIAN_POINT ( 'NONE',  ( 15.60000000000015100, -18.79999999999999700, 27.09999999999999800 ) ) ;
#4089 = CARTESIAN_POINT ( 'NONE',  ( -25.00000000000000000, -7.750000000000578200, -14.67339375865780200 ) ) ;
#4090 = LINE ( 'NONE', #4917, #5201 ) ;
#4091 = EDGE_LOOP ( 'NONE', ( #352, #1365, #5646 ) ) ;
#4092 = CIRCLE ( 'NONE', #6464, 0.5000000000000000000 ) ;
#4093 = VERTEX_POINT ( 'NONE', #2841 ) ;
#4094 = ORIENTED_EDGE ( 'NONE', *, *, #5455, .F. ) ;
#4095 = CARTESIAN_POINT ( 'NONE',  ( -15.59999999999984900, 18.80100000000015100, 39.89999999999999900 ) ) ;
#4096 = PRESENTATION_LAYER_ASSIGNMENT (  '', '', ( #5188 ) ) ;
#4097 = PRODUCT_DEFINITION_SHAPE ( 'NONE', 'NONE',  #8880 ) ;
#4098 = PLANE ( 'NONE',  #3324 ) ;
#4099 = CIRCLE ( 'NONE', #6218, 1.499999999999999600 ) ;
#4100 = ORIENTED_EDGE ( 'NONE', *, *, #4904, .F. ) ;
#4101 = PRESENTATION_STYLE_ASSIGNMENT (( #1391 ) ) ;
#4102 = DIRECTION ( 'NONE',  ( -1.000000000000000000, -1.219727444046192700E-016, -0.0000000000000000000 ) ) ;
#4103 = VERTEX_POINT ( 'NONE', #7874 ) ;
#4104 = EDGE_LOOP ( 'NONE', ( #8118, #6832 ) ) ;
#4105 = DIRECTION ( 'NONE',  ( -0.0000000000000000000, -1.000000000000000000, -0.0000000000000000000 ) ) ;
#4106 = ADVANCED_FACE ( 'NONE', ( #591 ), #5982, .F. ) ;
#4107 = EDGE_LOOP ( 'NONE', ( #6960, #2921, #8850, #2788 ) ) ;
#4108 = CARTESIAN_POINT ( 'NONE',  ( -2.745638533331271600, 1.209043735589298500, 6.927844310577044400 ) ) ;
#4109 = VERTEX_POINT ( 'NONE', #3830 ) ;
#4110 = CARTESIAN_POINT ( 'NONE',  ( -9.454242944073598700E-014, -11.07499999999999600, 4.799999999999999800 ) ) ;
#4111 = DIRECTION ( 'NONE',  ( -1.000000000000000000, -0.0000000000000000000, -0.0000000000000000000 ) ) ;
#4112 = CARTESIAN_POINT ( 'NONE',  ( -2.745526627751753200, -1.209296722407086300, 6.926897995938053200 ) ) ;
#4113 = ORIENTED_EDGE ( 'NONE', *, *, #564, .T. ) ;
#4114 = DIRECTION ( 'NONE',  ( 0.0000000000000000000, -1.000000000000000000, 0.0000000000000000000 ) ) ;
#4115 = FILL_AREA_STYLE ('',( #1127 ) ) ;
#4116 = DIRECTION ( 'NONE',  ( -0.0000000000000000000, 1.000000000000000000, -0.0000000000000000000 ) ) ;
#4117 = ORIENTED_EDGE ( 'NONE', *, *, #8294, .F. ) ;
#4118 = CARTESIAN_POINT ( 'NONE',  ( 15.80000000000015300, -18.79999999999999700, 48.20000000000000300 ) ) ;
#4119 = DIRECTION ( 'NONE',  ( -1.000000000000000000, -0.0000000000000000000, -0.0000000000000000000 ) ) ;
#4120 = UNCERTAINTY_MEASURE_WITH_UNIT (LENGTH_MEASURE( 1.000000000000000100E-005 ), #336, 'distance_accuracy_value', 'NONE');
#4121 = B_SPLINE_SURFACE_WITH_KNOTS ( 'NONE', 2, 1, ( 
 ( #2093, #4225 ),
 ( #6369, #8835 ),
 ( #5934, #389 ) ),
 .UNSPECIFIED., .F., .F., .F.,
 ( 3, 3 ),
 ( 2, 2 ),
 ( 0.0000000000000000000, 1.000000000000000000 ),
 ( 0.0000000000000000000, 1.000000000000000000 ),
 .UNSPECIFIED. ) ;
#4122 = SURFACE_SIDE_STYLE ('',( #4536 ) ) ;
#4123 = FACE_OUTER_BOUND ( 'NONE', #1795, .T. ) ;
#4124 = ORIENTED_EDGE ( 'NONE', *, *, #1679, .F. ) ;
#4125 = DIRECTION ( 'NONE',  ( 0.0000000000000000000, 0.0000000000000000000, -1.000000000000000000 ) ) ;
#4126 = VERTEX_POINT ( 'NONE', #8615 ) ;
#4127 = EDGE_CURVE ( 'NONE', #133, #6327, #5760, .T. ) ;
#4128 = COLOUR_RGB ( '',0.9490196078431372100, 0.7607843137254901600, 0.1803921568627451000 ) ;
#4129 = ORIENTED_EDGE ( 'NONE', *, *, #6714, .T. ) ;
#4130 = CARTESIAN_POINT ( 'NONE',  ( -24.00000000000000000, 13.42339375865879700, -9.000000000000000000 ) ) ;
#4131 = LINE ( 'NONE', #5123, #4219 ) ;
#4132 = ORIENTED_EDGE ( 'NONE', *, *, #5567, .F. ) ;
#4133 = CARTESIAN_POINT ( 'NONE',  ( 7.750000000000063100, -13.42339375865876500, -0.0000000000000000000 ) ) ;
#4134 = ADVANCED_FACE ( 'NONE', ( #879 ), #3837, .F. ) ;
#4135 = DIRECTION ( 'NONE',  ( 1.000000000000000000, -0.0000000000000000000, -0.0000000000000000000 ) ) ;
#4136 = VECTOR ( 'NONE', #8677, 1000.000000000000000 ) ;
#4137 = DIRECTION ( 'NONE',  ( 0.0000000000000000000, 1.000000000000000000, 0.0000000000000000000 ) ) ;
#4138 = FACE_OUTER_BOUND ( 'NONE', #721, .T. ) ;
#4139 = CARTESIAN_POINT ( 'NONE',  ( 1.230129716582379200, -0.4218661790462447400, 0.0000000000000000000 ) ) ;
#4140 = DIRECTION ( 'NONE',  ( -1.219727444046192700E-016, 1.000000000000000000, -0.0000000000000000000 ) ) ;
#4141 = AXIS2_PLACEMENT_3D ( 'NONE', #6375, #1382, #7536 ) ;
#4142 = DIRECTION ( 'NONE',  ( 1.000000000000000000, 7.703719777548944800E-033, -0.0000000000000000000 ) ) ;
#4143 = SURFACE_STYLE_USAGE ( .BOTH. , #4687 ) ;
#4144 = CARTESIAN_POINT ( 'NONE',  ( -15.59999999999984900, -20.80000000000000100, 7.899999999999997700 ) ) ;
#4145 =( GEOMETRIC_REPRESENTATION_CONTEXT ( 3 ) GLOBAL_UNCERTAINTY_ASSIGNED_CONTEXT ( ( #7242 ) ) GLOBAL_UNIT_ASSIGNED_CONTEXT ( ( #2545, #2951, #5830 ) ) REPRESENTATION_CONTEXT ( 'NONE', 'WORKASPACE' ) );
#4146 = DIRECTION ( 'NONE',  ( 0.0000000000000000000, 0.0000000000000000000, -1.000000000000000000 ) ) ;
#4147 = CYLINDRICAL_SURFACE ( 'NONE', #1434, 1.600000000000004100 ) ;
#4148 = LINE ( 'NONE', #4562, #816 ) ;
#4149 = CIRCLE ( 'NONE', #4416, 5.000000000000000000 ) ;
#4150 = ADVANCED_FACE ( 'NONE', ( #1028 ), #8185, .F. ) ;
#4151 = SURFACE_STYLE_FILL_AREA ( #1029 ) ;
#4152 = PRESENTATION_LAYER_ASSIGNMENT (  '', '', ( #4507 ) ) ;
#4153 = CARTESIAN_POINT ( 'NONE',  ( -25.00000000000000000, -1.577021341797097400E-015, 0.0000000000000000000 ) ) ;
#4154 = DIRECTION ( 'NONE',  ( -1.000000000000000000, 0.0000000000000000000, -0.0000000000000000000 ) ) ;
#4155 = DIRECTION ( 'NONE',  ( -1.000000000000000000, -7.703719777548944800E-033, -0.0000000000000000000 ) ) ;
#4156 = DIRECTION ( 'NONE',  ( 1.219727444046192700E-016, -1.000000000000000000, -0.0000000000000000000 ) ) ;
#4157 = EDGE_CURVE ( 'NONE', #4805, #6521, #225, .T. ) ;
#4158 = EDGE_CURVE ( 'NONE', #4987, #343, #5155, .T. ) ;
#4159 = UNCERTAINTY_MEASURE_WITH_UNIT (LENGTH_MEASURE( 1.000000000000000100E-005 ), #8397, 'distance_accuracy_value', 'NONE');
#4160 = AXIS2_PLACEMENT_3D ( 'NONE', #3328, #6200, #4058 ) ;
#4161 = MECHANICAL_DESIGN_GEOMETRIC_PRESENTATION_REPRESENTATION (  '', ( #3186 ), #8674 ) ;
#4162 =( NAMED_UNIT ( * ) SI_UNIT ( $, .STERADIAN. ) SOLID_ANGLE_UNIT ( ) );
#4163 = EDGE_LOOP ( 'NONE', ( #2170, #6566, #4414, #1895 ) ) ;
#4164 = PLANE ( 'NONE',  #4269 ) ;
#4165 = VECTOR ( 'NONE', #5962, 1000.000000000000100 ) ;
#4166 = CARTESIAN_POINT ( 'NONE',  ( 1.530808498934191600E-016, 0.0000000000000000000, 1.250000000000000000 ) ) ;
#4167 = FILL_AREA_STYLE_COLOUR ( '', #451 ) ;
#4168 = SURFACE_STYLE_USAGE ( .BOTH. , #5575 ) ;
#4169 = PRESENTATION_STYLE_ASSIGNMENT (( #5019 ) ) ;
#4170 = DIRECTION ( 'NONE',  ( -1.000000000000000000, -1.084202172485504400E-016, 0.0000000000000000000 ) ) ;
#4171 = ORIENTED_EDGE ( 'NONE', *, *, #3608, .F. ) ;
#4172 = AXIS2_PLACEMENT_3D ( 'NONE', #6075, #2232, #5648 ) ;
#4173 = PRESENTATION_STYLE_ASSIGNMENT (( #8048 ) ) ;
#4174 = FACE_BOUND ( 'NONE', #2802, .T. ) ;
#4175 = LINE ( 'NONE', #2860, #5308 ) ;
#4176 = CARTESIAN_POINT ( 'NONE',  ( -23.24892422621555000, 15.49999999999999800, -1.951563910473908000E-015 ) ) ;
#4177 = DIRECTION ( 'NONE',  ( 0.0000000000000000000, 1.000000000000000000, 0.0000000000000000000 ) ) ;
#4178 = ORIENTED_EDGE ( 'NONE', *, *, #7493, .T. ) ;
#4179 = AXIS2_PLACEMENT_3D ( 'NONE', #4583, #2716, #2167 ) ;
#4180 = CIRCLE ( 'NONE', #8478, 1.600000000000004100 ) ;
#4181 = CARTESIAN_POINT ( 'NONE',  ( -8.227241335952163200, 4.750000000000007100, 8.673617379884035500E-016 ) ) ;
#4182 = ORIENTED_EDGE ( 'NONE', *, *, #2041, .F. ) ;
#4183 = STYLED_ITEM ( 'NONE', ( #5935 ), #1356 ) ;
#4184 = ADVANCED_FACE ( 'NONE', ( #6292 ), #2707, .F. ) ;
#4185 = FACE_OUTER_BOUND ( 'NONE', #3962, .T. ) ;
#4186 = DIRECTION ( 'NONE',  ( -1.000000000000000000, 0.0000000000000000000, 0.0000000000000000000 ) ) ;
#4187 = AXIS2_PLACEMENT_3D ( 'NONE', #4763, #8534, #5215 ) ;
#4188 = ORIENTED_EDGE ( 'NONE', *, *, #2294, .F. ) ;
#4189 = FILL_AREA_STYLE ('',( #5037 ) ) ;
#4190 = EDGE_CURVE ( 'NONE', #3061, #5332, #6325, .T. ) ;
#4191 = B_SPLINE_CURVE_WITH_KNOTS ( 'NONE', 2,
 ( #604, #29, #4290 ),
 .UNSPECIFIED., .F., .F.,
 ( 3, 3 ),
 ( 0.0000000000000000000, 1.000000000000000000 ),
 .UNSPECIFIED. ) ;
#4192 = ORIENTED_EDGE ( 'NONE', *, *, #3617, .T. ) ;
#4193 = ORIENTED_EDGE ( 'NONE', *, *, #2996, .T. ) ;
#4194 = DIRECTION ( 'NONE',  ( -0.5150380749100541600, 1.049727191138618700E-016, -0.8571673007021122200 ) ) ;
#4195 = AXIS2_PLACEMENT_3D ( 'NONE', #2759, #5204, #2614 ) ;
#4196 = STYLED_ITEM ( 'NONE', ( #3022 ), #3326 ) ;
#4197 = VECTOR ( 'NONE', #7984, 1000.000000000000000 ) ;
#4198 = CYLINDRICAL_SURFACE ( 'NONE', #7972, 1.650000000000003900 ) ;
#4199 = EDGE_CURVE ( 'NONE', #2319, #622, #6889, .T. ) ;
#4200 = ORIENTED_EDGE ( 'NONE', *, *, #4033, .F. ) ;
#4201 = DIRECTION ( 'NONE',  ( -1.219727444046192700E-016, 1.000000000000000000, -0.0000000000000000000 ) ) ;
#4202 = EDGE_CURVE ( 'NONE', #8842, #1228, #6154, .T. ) ;
#4203 =( REPRESENTATION_RELATIONSHIP ('NONE','NONE', #4393, #7928 ) REPRESENTATION_RELATIONSHIP_WITH_TRANSFORMATION ( #7568 )SHAPE_REPRESENTATION_RELATIONSHIP( ) );
#4204 = ORIENTED_EDGE ( 'NONE', *, *, #1193, .F. ) ;
#4205 = CARTESIAN_POINT ( 'NONE',  ( -11.00000000000000000, 6.078133820953753200, -2.000000000000000000 ) ) ;
#4206 = DIRECTION ( 'NONE',  ( 0.0000000000000000000, 0.0000000000000000000, -1.000000000000000000 ) ) ;
#4207 = DIRECTION ( 'NONE',  ( 0.0000000000000000000, 0.0000000000000000000, 1.000000000000000000 ) ) ;
#4208 = CARTESIAN_POINT ( 'NONE',  ( -15.79999999999985000, -20.80000000000000100, 48.20000000000000300 ) ) ;
#4209 = ORIENTED_EDGE ( 'NONE', *, *, #3608, .T. ) ;
#4210 = PRESENTATION_STYLE_ASSIGNMENT (( #6808 ) ) ;
#4211 = ADVANCED_FACE ( 'NONE', ( #3858 ), #3284, .T. ) ;
#4212 = EDGE_LOOP ( 'NONE', ( #6397, #193 ) ) ;
#4213 = UNCERTAINTY_MEASURE_WITH_UNIT (LENGTH_MEASURE( 1.000000000000000100E-005 ), #3855, 'distance_accuracy_value', 'NONE');
#4214 = ORIENTED_EDGE ( 'NONE', *, *, #4264, .F. ) ;
#4215 = VERTEX_POINT ( 'NONE', #3130 ) ;
#4216 = DIRECTION ( 'NONE',  ( 0.7071067811865464600, 0.0000000000000000000, -0.7071067811865486800 ) ) ;
#4217 = DIRECTION ( 'NONE',  ( -1.000000000000000000, -7.703719777548944800E-033, -0.0000000000000000000 ) ) ;
#4218 = PRESENTATION_LAYER_ASSIGNMENT (  '', '', ( #3162 ) ) ;
#4219 = VECTOR ( 'NONE', #8729, 1000.000000000000000 ) ;
#4220 = VERTEX_POINT ( 'NONE', #756 ) ;
#4221 = CARTESIAN_POINT ( 'NONE',  ( -11.00000000000000000, 6.078133820953753200, 2.000000000000000000 ) ) ;
#4222 = ORIENTED_EDGE ( 'NONE', *, *, #3327, .F. ) ;
#4223 = EDGE_LOOP ( 'NONE', ( #5967, #1581 ) ) ;
#4224 = CARTESIAN_POINT ( 'NONE',  ( -25.00000000000000000, -7.749999999999427100, 14.67339375865978100 ) ) ;
#4225 = CARTESIAN_POINT ( 'NONE',  ( -25.00000000000000000, -7.000000000000001800, -9.685169074414758900 ) ) ;
#4226 =( NAMED_UNIT ( * ) PLANE_ANGLE_UNIT ( ) SI_UNIT ( $, .RADIAN. ) );
#4227 = CARTESIAN_POINT ( 'NONE',  ( -7.969870283417619400, 4.578133820953754100, 0.0000000000000000000 ) ) ;
#4228 = ORIENTED_EDGE ( 'NONE', *, *, #2146, .T. ) ;
#4229 =( NAMED_UNIT ( * ) PLANE_ANGLE_UNIT ( ) SI_UNIT ( $, .RADIAN. ) );
#4230 = VERTEX_POINT ( 'NONE', #6162 ) ;
#4231 = VERTEX_POINT ( 'NONE', #878 ) ;
#4232 = AXIS2_PLACEMENT_3D ( 'NONE', #4055, #77, #2886 ) ;
#4233 = DIRECTION ( 'NONE',  ( 0.0000000000000000000, 0.0000000000000000000, -1.000000000000000000 ) ) ;
#4234 = AXIS2_PLACEMENT_3D ( 'NONE', #6514, #7249, #675 ) ;
#4235 = SURFACE_SIDE_STYLE ('',( #1681 ) ) ;
#4236 = VERTEX_POINT ( 'NONE', #6875 ) ;
#4237 = DIRECTION ( 'NONE',  ( 0.0000000000000000000, -0.06618514427601281100, 0.9978073595024059500 ) ) ;
#4238 = CARTESIAN_POINT ( 'NONE',  ( 0.7471507068104801300, 3.324493767685358500E-016, -2.629310344827586700 ) ) ;
#4239 = DIRECTION ( 'NONE',  ( 0.0000000000000000000, -1.000000000000000000, 0.0000000000000000000 ) ) ;
#4240 = ORIENTED_EDGE ( 'NONE', *, *, #5038, .T. ) ;
#4241 = ORIENTED_EDGE ( 'NONE', *, *, #895, .T. ) ;
#4242 = DIRECTION ( 'NONE',  ( 0.0000000000000000000, 0.0000000000000000000, 1.000000000000000000 ) ) ;
#4243 = PRESENTATION_LAYER_ASSIGNMENT (  '', '', ( #4616 ) ) ;
#4244 =( REPRESENTATION_RELATIONSHIP ('NONE','NONE', #4393, #5408 ) REPRESENTATION_RELATIONSHIP_WITH_TRANSFORMATION ( #7419 )SHAPE_REPRESENTATION_RELATIONSHIP( ) );
#4245 = CARTESIAN_POINT ( 'NONE',  ( -15.59999999999984900, 18.80100000000015100, 47.89999999999999900 ) ) ;
#4246 = ORIENTED_EDGE ( 'NONE', *, *, #7363, .F. ) ;
#4247 = DIRECTION ( 'NONE',  ( 1.000000000000000000, 7.703719777548944800E-033, 0.0000000000000000000 ) ) ;
#4248 = CARTESIAN_POINT ( 'NONE',  ( -2.999999999999999600, 0.1671054223428519200, 5.349999999999998800 ) ) ;
#4249 = CYLINDRICAL_SURFACE ( 'NONE', #2644, 3.000000000000002700 ) ;
#4250 = ORIENTED_EDGE ( 'NONE', *, *, #1052, .F. ) ;
#4251 = CARTESIAN_POINT ( 'NONE',  ( -25.00000000000000000, 15.49999999999999800, -1.249999999999990900 ) ) ;
#4252 = DIRECTION ( 'NONE',  ( 0.0000000000000000000, 0.0000000000000000000, 1.000000000000000000 ) ) ;
#4253 = DIRECTION ( 'NONE',  ( -0.0000000000000000000, -1.149055390210327300E-016, 1.000000000000000000 ) ) ;
#4254 = VECTOR ( 'NONE', #7785, 1000.000000000000000 ) ;
#4255 = EDGE_CURVE ( 'NONE', #417, #116, #4148, .T. ) ;
#4256 = ORIENTED_EDGE ( 'NONE', *, *, #8514, .F. ) ;
#4257 = CARTESIAN_POINT ( 'NONE',  ( 0.0000000000000000000, -1.580274034314412000E-016, 0.0000000000000000000 ) ) ;
#4258 = EDGE_LOOP ( 'NONE', ( #2326, #3054 ) ) ;
#4259 = AXIS2_PLACEMENT_3D ( 'NONE', #4802, #4962, #4534 ) ;
#4260 = PRESENTATION_STYLE_ASSIGNMENT (( #6549 ) ) ;
#4261 = CARTESIAN_POINT ( 'NONE',  ( -5.900169758489260700, 1.091833514733748300, 7.230349936529401100 ) ) ;
#4262 = EDGE_CURVE ( 'NONE', #2615, #7288, #7744, .T. ) ;
#4263 = CYLINDRICAL_SURFACE ( 'NONE', #2639, 2.999999999999997800 ) ;
#4264 = EDGE_CURVE ( 'NONE', #1191, #8728, #2118, .T. ) ;
#4265 = DIRECTION ( 'NONE',  ( -1.000000000000000000, -7.703719777548944800E-033, -0.0000000000000000000 ) ) ;
#4266 = CARTESIAN_POINT ( 'NONE',  ( -24.00000000000000000, -1.577021341797097400E-015, 0.0000000000000000000 ) ) ;
#4267 = ORIENTED_EDGE ( 'NONE', *, *, #631, .T. ) ;
#4268 = ORIENTED_EDGE ( 'NONE', *, *, #8132, .F. ) ;
#4269 = AXIS2_PLACEMENT_3D ( 'NONE', #5713, #3711, #3852 ) ;
#4270 = PLANE ( 'NONE',  #7775 ) ;
#4271 = DIRECTION ( 'NONE',  ( 0.0000000000000000000, 0.0000000000000000000, -1.000000000000000000 ) ) ;
#4272 = CIRCLE ( 'NONE', #8400, 0.5000000000000000000 ) ;
#4273 = ORIENTED_EDGE ( 'NONE', *, *, #2978, .T. ) ;
#4274 = CARTESIAN_POINT ( 'NONE',  ( 0.7863362148688382000, 2.596331876274902600, -0.7144803074774626100 ) ) ;
#4275 = ORIENTED_EDGE ( 'NONE', *, *, #2795, .T. ) ;
#4276 = CARTESIAN_POINT ( 'NONE',  ( 0.03012971658237842400, 2.578133820953755400, 0.0000000000000000000 ) ) ;
#4277 =( LENGTH_UNIT ( ) NAMED_UNIT ( * ) SI_UNIT ( .MILLI., .METRE. ) );
#4278 = ADVANCED_FACE ( 'NONE', ( #7596 ), #5987, .F. ) ;
#4279 = DIRECTION ( 'NONE',  ( 0.0000000000000000000, 0.0000000000000000000, 1.000000000000000000 ) ) ;
#4280 = LINE ( 'NONE', #3411, #462 ) ;
#4281 =( NAMED_UNIT ( * ) SI_UNIT ( $, .STERADIAN. ) SOLID_ANGLE_UNIT ( ) );
#4282 = CARTESIAN_POINT ( 'NONE',  ( -13.00000000000000200, 0.0000000000000000000, 1.149999999999998400 ) ) ;
#4283 = DIRECTION ( 'NONE',  ( 0.0000000000000000000, -1.000000000000000000, 0.0000000000000000000 ) ) ;
#4284 = STYLED_ITEM ( 'NONE', ( #8605 ), #6333 ) ;
#4285 = CARTESIAN_POINT ( 'NONE',  ( 15.60000000000015100, 18.80100000000015100, 20.69999999999999900 ) ) ;
#4286 = DIRECTION ( 'NONE',  ( -1.000000000000000000, -0.0000000000000000000, -0.0000000000000000000 ) ) ;
#4287 = DIRECTION ( 'NONE',  ( -1.219727444046192700E-016, 1.000000000000000000, 0.0000000000000000000 ) ) ;
#4288 = CARTESIAN_POINT ( 'NONE',  ( -15.59999999999984900, -18.79999999999999700, 28.69999999999999900 ) ) ;
#4289 =( LENGTH_UNIT ( ) NAMED_UNIT ( * ) SI_UNIT ( .MILLI., .METRE. ) );
#4290 = CARTESIAN_POINT ( 'NONE',  ( -24.00000000000000000, -7.000000000000003600, -8.579999999999998300 ) ) ;
#4291 = CARTESIAN_POINT ( 'NONE',  ( 17.00000000000000000, 2.328133820953756800, -0.7500000000000006700 ) ) ;
#4292 = CARTESIAN_POINT ( 'NONE',  ( -25.00000000000000000, -1.423940491903679300E-015, -16.74999999999998600 ) ) ;
#4293 = CARTESIAN_POINT ( 'NONE',  ( -15.59999999999984900, 18.80100000000015100, 28.69999999999999900 ) ) ;
#4294 = VERTEX_POINT ( 'NONE', #3865 ) ;
#4295 = STYLED_ITEM ( 'NONE', ( #7366 ), #7719 ) ;
#4296 = AXIS2_PLACEMENT_3D ( 'NONE', #4560, #2419, #5701 ) ;
#4297 = CYLINDRICAL_SURFACE ( 'NONE', #1768, 1.599999999999997200 ) ;
#4298 =( REPRESENTATION_RELATIONSHIP ('NONE','NONE', #4393, #7928 ) REPRESENTATION_RELATIONSHIP_WITH_TRANSFORMATION ( #2396 )SHAPE_REPRESENTATION_RELATIONSHIP( ) );
#4299 = LINE ( 'NONE', #3436, #214 ) ;
#4300 = PRESENTATION_LAYER_ASSIGNMENT (  '', '', ( #102 ) ) ;
#4301 = DIRECTION ( 'NONE',  ( -1.000000000000000000, -7.703719777548944800E-033, -0.0000000000000000000 ) ) ;
#4302 = DIRECTION ( 'NONE',  ( -0.5150380749100541600, 1.049727191138618700E-016, -0.8571673007021122200 ) ) ;
#4303 = EDGE_CURVE ( 'NONE', #7108, #6349, #1747, .T. ) ;
#4304 = ADVANCED_FACE ( 'NONE', ( #1733 ), #1164, .T. ) ;
#4305 = SURFACE_STYLE_FILL_AREA ( #6599 ) ;
#4306 = EDGE_LOOP ( 'NONE', ( #7189, #3808, #7915, #6508 ) ) ;
#4307 = STYLED_ITEM ( 'NONE', ( #3406 ), #4065 ) ;
#4308 = CYLINDRICAL_SURFACE ( 'NONE', #5021, 1.574999999999998200 ) ;
#4309 = DIRECTION ( 'NONE',  ( -1.000000000000000000, -0.0000000000000000000, -0.0000000000000000000 ) ) ;
#4310 = CARTESIAN_POINT ( 'NONE',  ( -25.00000000000000000, 13.42339375865977000, 7.750000000000561300 ) ) ;
#4311 = FACE_OUTER_BOUND ( 'NONE', #6189, .T. ) ;
#4312 = EDGE_CURVE ( 'NONE', #2177, #1380, #2173, .T. ) ;
#4313 = ORIENTED_EDGE ( 'NONE', *, *, #2600, .F. ) ;
#4314 = VECTOR ( 'NONE', #30, 1000.000000000000000 ) ;
#4315 = CIRCLE ( 'NONE', #618, 1.600000000000004100 ) ;
#4316 = DIRECTION ( 'NONE',  ( -1.219727444046192700E-016, 1.000000000000000000, -0.0000000000000000000 ) ) ;
#4317 = ORIENTED_EDGE ( 'NONE', *, *, #4199, .F. ) ;
#4318 = CARTESIAN_POINT ( 'NONE',  ( -20.03406985621170100, -7.000000000000000000, 0.0000000000000000000 ) ) ;
#4319 = LINE ( 'NONE', #625, #1998 ) ;
#4320 = STYLED_ITEM ( 'NONE', ( #2993 ), #5103 ) ;
#4321 = ORIENTED_EDGE ( 'NONE', *, *, #8391, .T. ) ;
#4322 = EDGE_CURVE ( 'NONE', #5940, #8525, #5336, .T. ) ;
#4323 = DIRECTION ( 'NONE',  ( -1.000000000000000000, -7.703719777548944800E-033, -0.0000000000000000000 ) ) ;
#4324 = CARTESIAN_POINT ( 'NONE',  ( -2.831236465045988500, 0.9931758686102488700, 3.163297232674452600 ) ) ;
#4325 = LINE ( 'NONE', #488, #6163 ) ;
#4326 = DIRECTION ( 'NONE',  ( -1.000000000000000000, 0.0000000000000000000, 0.0000000000000000000 ) ) ;
#4327 = PRESENTATION_LAYER_ASSIGNMENT (  '', '', ( #4196 ) ) ;
#4328 = EDGE_CURVE ( 'NONE', #6114, #8045, #3712, .T. ) ;
#4329 = ORIENTED_EDGE ( 'NONE', *, *, #6891, .F. ) ;
#4330 = DIRECTION ( 'NONE',  ( 0.0000000000000000000, 0.0000000000000000000, -1.000000000000000000 ) ) ;
#4331 = LINE ( 'NONE', #6773, #4254 ) ;
#4332 =( NAMED_UNIT ( * ) PLANE_ANGLE_UNIT ( ) SI_UNIT ( $, .RADIAN. ) );
#4333 = ORIENTED_EDGE ( 'NONE', *, *, #3308, .F. ) ;
#4334 = CARTESIAN_POINT ( 'NONE',  ( 30.00000000000000000, -1.249999999999998000, 13.04999999999999900 ) ) ;
#4335 =( GEOMETRIC_REPRESENTATION_CONTEXT ( 3 ) GLOBAL_UNCERTAINTY_ASSIGNED_CONTEXT ( ( #3600 ) ) GLOBAL_UNIT_ASSIGNED_CONTEXT ( ( #1645, #3195, #7098 ) ) REPRESENTATION_CONTEXT ( 'NONE', 'WORKASPACE' ) );
#4336 = SURFACE_SIDE_STYLE ('',( #6184 ) ) ;
#4337 = ADVANCED_FACE ( 'NONE', ( #7603 ), #1451, .T. ) ;
#4338 = CARTESIAN_POINT ( 'NONE',  ( 15.60000000000015100, 18.80100000000015100, 9.500000000000001800 ) ) ;
#4339 = DIRECTION ( 'NONE',  ( -1.000000000000000000, -0.0000000000000000000, -0.0000000000000000000 ) ) ;
#4340 = ORIENTED_EDGE ( 'NONE', *, *, #1353, .F. ) ;
#4341 = CARTESIAN_POINT ( 'NONE',  ( -15.59999999999984900, -20.80000000000000100, 46.30000000000000400 ) ) ;
#4342 = VERTEX_POINT ( 'NONE', #4166 ) ;
#4343 = FACE_OUTER_BOUND ( 'NONE', #3185, .T. ) ;
#4344 = DIRECTION ( 'NONE',  ( -0.0000000000000000000, -0.0000000000000000000, -1.000000000000000000 ) ) ;
#4345 = FACE_BOUND ( 'NONE', #6988, .T. ) ;
#4346 = EDGE_CURVE ( 'NONE', #7364, #2773, #1741, .T. ) ;
#4347 = ORIENTED_EDGE ( 'NONE', *, *, #8454, .F. ) ;
#4348 = LINE ( 'NONE', #1492, #1936 ) ;
#4349 = FILL_AREA_STYLE ('',( #3182 ) ) ;
#4350 = CARTESIAN_POINT ( 'NONE',  ( 35.86999999999999700, 1.250000000000002000, 13.04999999999999900 ) ) ;
#4351 = AXIS2_PLACEMENT_3D ( 'NONE', #6840, #2937, #5389 ) ;
#4352 = EDGE_CURVE ( 'NONE', #932, #4103, #4299, .T. ) ;
#4353 = EDGE_LOOP ( 'NONE', ( #84, #3100 ) ) ;
#4354 = CIRCLE ( 'NONE', #8105, 1.600000000000004100 ) ;
#4355 = LINE ( 'NONE', #2493, #767 ) ;
#4356 = DIRECTION ( 'NONE',  ( -0.0000000000000000000, -1.000000000000000000, -0.0000000000000000000 ) ) ;
#4357 = FILL_AREA_STYLE ('',( #5369 ) ) ;
#4358 = VERTEX_POINT ( 'NONE', #6451 ) ;
#4359 = CARTESIAN_POINT ( 'NONE',  ( 35.86999999999999700, -1.249999999999998000, 12.05000000000000100 ) ) ;
#4360 = DIRECTION ( 'NONE',  ( 0.0000000000000000000, 0.0000000000000000000, -1.000000000000000000 ) ) ;
#4361 = PRESENTATION_LAYER_ASSIGNMENT (  '', '', ( #946 ) ) ;
#4362 = EDGE_LOOP ( 'NONE', ( #1640, #5827 ) ) ;
#4363 = PRESENTATION_STYLE_ASSIGNMENT (( #6957 ) ) ;
#4364 = EDGE_LOOP ( 'NONE', ( #3752, #8379, #5810, #4960 ) ) ;
#4365 = ORIENTED_EDGE ( 'NONE', *, *, #5058, .F. ) ;
#4366 = FILL_AREA_STYLE ('',( #4505 ) ) ;
#4367 = EDGE_CURVE ( 'NONE', #6002, #6665, #5057, .T. ) ;
#4368 = EDGE_CURVE ( 'NONE', #1313, #3304, #6370, .T. ) ;
#4369 = DIRECTION ( 'NONE',  ( -1.000000000000000000, 0.0000000000000000000, 0.0000000000000000000 ) ) ;
#4370 = DIRECTION ( 'NONE',  ( -0.0000000000000000000, 1.149055390210327300E-016, -1.000000000000000000 ) ) ;
#4371 = VECTOR ( 'NONE', #2908, 1000.000000000000100 ) ;
#4372 = ORIENTED_EDGE ( 'NONE', *, *, #5859, .T. ) ;
#4373 = SURFACE_SIDE_STYLE ('',( #7980 ) ) ;
#4374 = ORIENTED_EDGE ( 'NONE', *, *, #6714, .F. ) ;
#4375 = EDGE_LOOP ( 'NONE', ( #1220, #5198 ) ) ;
#4376 = CARTESIAN_POINT ( 'NONE',  ( 0.7819397550939669600, 2.683574406964570600, 0.1043417291250787700 ) ) ;
#4377 = CARTESIAN_POINT ( 'NONE',  ( 1.760000000000000000, 0.4600000000000000800, -0.4600000000000000200 ) ) ;
#4378 = VECTOR ( 'NONE', #8349, 1000.000000000000000 ) ;
#4379 =( GEOMETRIC_REPRESENTATION_CONTEXT ( 3 ) GLOBAL_UNCERTAINTY_ASSIGNED_CONTEXT ( ( #7261 ) ) GLOBAL_UNIT_ASSIGNED_CONTEXT ( ( #4289, #1440, #2282 ) ) REPRESENTATION_CONTEXT ( 'NONE', 'WORKASPACE' ) );
#4380 = FILL_AREA_STYLE ('',( #1958 ) ) ;
#4381 = CARTESIAN_POINT ( 'NONE',  ( -24.00000000000000000, -13.42339375865879900, 9.000000000001129800 ) ) ;
#4382 = DIRECTION ( 'NONE',  ( -1.000000000000000000, 0.0000000000000000000, 0.0000000000000000000 ) ) ;
#4383 = CARTESIAN_POINT ( 'NONE',  ( 15.60000000000015100, -20.80000000000000100, 14.30000000000000100 ) ) ;
#4384 = ORIENTED_EDGE ( 'NONE', *, *, #693, .T. ) ;
#4385 = FILL_AREA_STYLE_COLOUR ( '', #5186 ) ;
#4386 = ORIENTED_EDGE ( 'NONE', *, *, #7522, .F. ) ;
#4387 = EDGE_LOOP ( 'NONE', ( #110, #4503, #264, #6365 ) ) ;
#4388 = CARTESIAN_POINT ( 'NONE',  ( 1.053355855920125300, 0.0000000000000000000, 0.0000000000000000000 ) ) ;
#4389 = CARTESIAN_POINT ( 'NONE',  ( -3.000000000000000000, 1.530757073826680800E-016, 7.849999999999999600 ) ) ;
#4390 = CARTESIAN_POINT ( 'NONE',  ( 18.80000000000015300, -20.80000000000000100, 2.000000000000000000 ) ) ;
#4391 = EDGE_LOOP ( 'NONE', ( #201, #2213, #5221 ) ) ;
#4392 = CARTESIAN_POINT ( 'NONE',  ( 6.005683964081107700, 2.239787194412606700, 16.27487935777761100 ) ) ;
#4393 = SHAPE_REPRESENTATION ( 'Motor assembly', ( #5879, #2709, #2453, #7496, #340, #7236, #3070, #2554, #1514, #3358, #6663, #4036, #4044 ), #6563 ) ;
#4394 = CARTESIAN_POINT ( 'NONE',  ( -24.00000000000000000, -13.42339375865880800, -7.749999999998868500 ) ) ;
#4395 = ORIENTED_EDGE ( 'NONE', *, *, #3601, .F. ) ;
#4396 = EDGE_CURVE ( 'NONE', #8045, #332, #4766, .T. ) ;
#4397 = CARTESIAN_POINT ( 'NONE',  ( 0.03012971658237860800, 1.078133820953753900, 0.0000000000000000000 ) ) ;
#4398 = ORIENTED_EDGE ( 'NONE', *, *, #6911, .F. ) ;
#4399 = EDGE_LOOP ( 'NONE', ( #3434, #541 ) ) ;
#4400 = STYLED_ITEM ( 'NONE', ( #7081 ), #1138 ) ;
#4401 = CARTESIAN_POINT ( 'NONE',  ( 17.00000000000000000, 2.828133820953756800, -0.7500000000000005600 ) ) ;
#4402 = CARTESIAN_POINT ( 'NONE',  ( 0.7579850260068170500, -0.4218661790462447900, 12.04999999999999900 ) ) ;
#4403 = EDGE_CURVE ( 'NONE', #7979, #5465, #4929, .T. ) ;
#4404 = COLOUR_RGB ( '',0.1019607843137254900, 0.1019607843137254900, 0.1019607843137254900 ) ;
#4405 = SURFACE_STYLE_USAGE ( .BOTH. , #1276 ) ;
#4406 = VERTEX_POINT ( 'NONE', #8345 ) ;
#4407 = ORIENTED_EDGE ( 'NONE', *, *, #8766, .T. ) ;
#4408 = CARTESIAN_POINT ( 'NONE',  ( -3.000000000000000000, 1.530757073763571900E-016, 3.649999999999998600 ) ) ;
#4409 = CARTESIAN_POINT ( 'NONE',  ( -7.750000000000157200, 13.42339375865871200, 2.000000000000001800 ) ) ;
#4410 = AXIS2_PLACEMENT_3D ( 'NONE', #6253, #2390, #2383 ) ;
#4411 = CARTESIAN_POINT ( 'NONE',  ( -31.50000000000000000, -6.999999999999998200, 0.0000000000000000000 ) ) ;
#4412 = LINE ( 'NONE', #8737, #8418 ) ;
#4413 = CARTESIAN_POINT ( 'NONE',  ( 35.86999999999999700, 1.250000000000002000, 13.04999999999999900 ) ) ;
#4414 = ORIENTED_EDGE ( 'NONE', *, *, #693, .F. ) ;
#4415 = FACE_OUTER_BOUND ( 'NONE', #4540, .T. ) ;
#4416 = AXIS2_PLACEMENT_3D ( 'NONE', #8653, #2044, #908 ) ;
#4417 = CIRCLE ( 'NONE', #2373, 0.5000000000000000000 ) ;
#4418 =( LENGTH_UNIT ( ) NAMED_UNIT ( * ) SI_UNIT ( .MILLI., .METRE. ) );
#4419 = AXIS2_PLACEMENT_3D ( 'NONE', #1778, #6784, #4608 ) ;
#4420 = DIRECTION ( 'NONE',  ( -1.000000000000000000, -1.156482317317871200E-016, 0.0000000000000000000 ) ) ;
#4421 = ADVANCED_FACE ( 'NONE', ( #2855 ), #2442, .F. ) ;
#4422 = MECHANICAL_DESIGN_GEOMETRIC_PRESENTATION_REPRESENTATION (  '', ( #8012 ), #894 ) ;
#4423 = PRODUCT_RELATED_PRODUCT_CATEGORY ( 'part', '', ( #3956 ) ) ;
#4424 = CARTESIAN_POINT ( 'NONE',  ( -6.600000000000001400, -7.000000000000000900, 0.0000000000000000000 ) ) ;
#4425 = SURFACE_SIDE_STYLE ('',( #1861 ) ) ;
#4426 = MECHANICAL_DESIGN_GEOMETRIC_PRESENTATION_REPRESENTATION (  '', ( #5070 ), #2186 ) ;
#4427 =( NAMED_UNIT ( * ) SI_UNIT ( $, .STERADIAN. ) SOLID_ANGLE_UNIT ( ) );
#4428 = PRESENTATION_STYLE_ASSIGNMENT (( #5293 ) ) ;
#4429 = FACE_OUTER_BOUND ( 'NONE', #8415, .T. ) ;
#4430 = UNCERTAINTY_MEASURE_WITH_UNIT (LENGTH_MEASURE( 1.000000000000000100E-005 ), #1300, 'distance_accuracy_value', 'NONE');
#4431 = DIRECTION ( 'NONE',  ( 0.0000000000000000000, 1.000000000000000000, 1.149055390210327300E-016 ) ) ;
#4432 = CARTESIAN_POINT ( 'NONE',  ( 12.00000000000000000, 1.828133820953756300, 3.750000000000000000 ) ) ;
#4433 = VERTEX_POINT ( 'NONE', #6764 ) ;
#4434 = EDGE_CURVE ( 'NONE', #2731, #3375, #6087, .T. ) ;
#4435 = EDGE_CURVE ( 'NONE', #1228, #6716, #8020, .T. ) ;
#4436 = FACE_BOUND ( 'NONE', #3490, .T. ) ;
#4437 = DIRECTION ( 'NONE',  ( -1.000000000000000000, -0.0000000000000000000, -0.0000000000000000000 ) ) ;
#4438 = ORIENTED_EDGE ( 'NONE', *, *, #5602, .T. ) ;
#4439 = CARTESIAN_POINT ( 'NONE',  ( -7.749999999999968900, -13.42339375865881700, 51.20100000000000100 ) ) ;
#4440 = CARTESIAN_POINT ( 'NONE',  ( -20.50000000000000000, 0.0000000000000000000, 0.0000000000000000000 ) ) ;
#4441 = COLOUR_RGB ( '',0.1019607843137254900, 0.1019607843137254900, 0.1019607843137254900 ) ;
#4442 = FACE_OUTER_BOUND ( 'NONE', #2678, .T. ) ;
#4443 =( NAMED_UNIT ( * ) SI_UNIT ( $, .STERADIAN. ) SOLID_ANGLE_UNIT ( ) );
#4444 = LINE ( 'NONE', #8767, #8532 ) ;
#4445 = ORIENTED_EDGE ( 'NONE', *, *, #1255, .F. ) ;
#4446 = VERTEX_POINT ( 'NONE', #7555 ) ;
#4447 = UNCERTAINTY_MEASURE_WITH_UNIT (LENGTH_MEASURE( 1.000000000000000100E-005 ), #2669, 'distance_accuracy_value', 'NONE');
#4448 = CARTESIAN_POINT ( 'NONE',  ( 0.8861523977875821500, 0.2285421247376418800, 2.758814999001987000 ) ) ;
#4449 = CYLINDRICAL_SURFACE ( 'NONE', #5537, 18.40000000000000200 ) ;
#4450 = CYLINDRICAL_SURFACE ( 'NONE', #521, 1.250000000000000000 ) ;
#4451 = VERTEX_POINT ( 'NONE', #3662 ) ;
#4452 = CARTESIAN_POINT ( 'NONE',  ( 35.86999999999999700, -1.249999999999998200, -13.04999999999999900 ) ) ;
#4453 = ADVANCED_FACE ( 'NONE', ( #120 ), #7273, .F. ) ;
#4454 = CARTESIAN_POINT ( 'NONE',  ( -25.00000000000000000, -7.000000000000001800, 0.0000000000000000000 ) ) ;
#4455 = LINE ( 'NONE', #4728, #1374 ) ;
#4456 = APPLICATION_CONTEXT ( 'automotive_design' ) ;
#4457 = ORIENTED_EDGE ( 'NONE', *, *, #5937, .T. ) ;
#4458 = CARTESIAN_POINT ( 'NONE',  ( 12.00000000000000000, 1.078133820953756100, 5.000000000000000000 ) ) ;
#4459 = EDGE_CURVE ( 'NONE', #5079, #4446, #3903, .T. ) ;
#4460 = ORIENTED_EDGE ( 'NONE', *, *, #1565, .F. ) ;
#4461 = MANIFOLD_SOLID_BREP ( 'Chamfer1', #5036 ) ;
#4462 = VECTOR ( 'NONE', #4301, 1000.000000000000000 ) ;
#4463 = CARTESIAN_POINT ( 'NONE',  ( -2.831513697320543300, -0.9983630802601127800, 1.630756009142627200 ) ) ;
#4464 = DIRECTION ( 'NONE',  ( 0.0000000000000000000, 0.0000000000000000000, -1.000000000000000000 ) ) ;
#4465 = EDGE_LOOP ( 'NONE', ( #1912, #795 ) ) ;
#4466 = AXIS2_PLACEMENT_3D ( 'NONE', #5507, #6524, #1657 ) ;
#4467 = CARTESIAN_POINT ( 'NONE',  ( -1.742014973993183600, 5.079133820953757100, 12.04999999999999900 ) ) ;
#4468 = CARTESIAN_POINT ( 'NONE',  ( 15.03012971658238000, -0.4218661790462437900, 1.836970198721030000E-015 ) ) ;
#4469 = FACE_BOUND ( 'NONE', #1404, .T. ) ;
#4470 = VERTEX_POINT ( 'NONE', #4569 ) ;
#4471 = STYLED_ITEM ( 'NONE', ( #4363 ), #3783 ) ;
#4472 = CONICAL_SURFACE ( 'NONE', #7129, 1.249999999999999300, 1.029744258676654500 ) ;
#4473 = FACE_OUTER_BOUND ( 'NONE', #1550, .T. ) ;
#4474 = DIRECTION ( 'NONE',  ( -1.000000000000000000, -0.0000000000000000000, -0.0000000000000000000 ) ) ;
#4475 = EDGE_CURVE ( 'NONE', #4470, #8656, #1871, .T. ) ;
#4476 =( NAMED_UNIT ( * ) PLANE_ANGLE_UNIT ( ) SI_UNIT ( $, .RADIAN. ) );
#4477 = DIRECTION ( 'NONE',  ( -1.000000000000000000, -0.0000000000000000000, -0.0000000000000000000 ) ) ;
#4478 = B_SPLINE_CURVE_WITH_KNOTS ( 'NONE', 3,
 ( #2029, #6015, #5868, #7476 ),
 .UNSPECIFIED., .F., .F.,
 ( 4, 4 ),
 ( 0.0003183813042667749300, 0.001146348594128121600 ),
 .UNSPECIFIED. ) ;
#4479 =( GEOMETRIC_REPRESENTATION_CONTEXT ( 3 ) GLOBAL_UNCERTAINTY_ASSIGNED_CONTEXT ( ( #8317 ) ) GLOBAL_UNIT_ASSIGNED_CONTEXT ( ( #5161, #2292, #6591 ) ) REPRESENTATION_CONTEXT ( 'NONE', 'WORKASPACE' ) );
#4480 = VERTEX_POINT ( 'NONE', #1849 ) ;
#4481 = CIRCLE ( 'NONE', #7139, 4.034480499256925000 ) ;
#4482 = COLOUR_RGB ( '',1.000000000000000000, 1.000000000000000000, 1.000000000000000000 ) ;
#4483 = VERTEX_POINT ( 'NONE', #3103 ) ;
#4484 = LINE ( 'NONE', #6929, #2884 ) ;
#4485 = CARTESIAN_POINT ( 'NONE',  ( -24.00000000000000000, -13.42339375865880800, -6.499999999998869300 ) ) ;
#4486 = CARTESIAN_POINT ( 'NONE',  ( -8.227241335952159700, -6.325000000000009100, -1.809762239581263100E-016 ) ) ;
#4487 = CARTESIAN_POINT ( 'NONE',  ( -5.999999999999999100, -0.1633688523880730500, 7.850000000000001400 ) ) ;
#4488 = VECTOR ( 'NONE', #8808, 1000.000000000000000 ) ;
#4489 = EDGE_CURVE ( 'NONE', #7347, #2812, #7600, .T. ) ;
#4490 = AXIS2_PLACEMENT_3D ( 'NONE', #330, #2994, #6606 ) ;
#4491 = ADVANCED_FACE ( 'NONE', ( #7155, #2958 ), #4270, .F. ) ;
#4492 = ORIENTED_EDGE ( 'NONE', *, *, #5602, .F. ) ;
#4493 = CARTESIAN_POINT ( 'NONE',  ( 5.000000000000000900, -5.204748896376250900E-015, 0.0000000000000000000 ) ) ;
#4494 =( NAMED_UNIT ( * ) PLANE_ANGLE_UNIT ( ) SI_UNIT ( $, .RADIAN. ) );
#4495 = ORIENTED_EDGE ( 'NONE', *, *, #5623, .F. ) ;
#4496 = SURFACE_STYLE_FILL_AREA ( #8098 ) ;
#4497 = DIRECTION ( 'NONE',  ( 0.0000000000000000000, 1.000000000000000000, 0.0000000000000000000 ) ) ;
#4498 = AXIS2_PLACEMENT_3D ( 'NONE', #2268, #7154, #8305 ) ;
#4499 = ORIENTED_EDGE ( 'NONE', *, *, #4060, .F. ) ;
#4500 = VECTOR ( 'NONE', #6224, 1000.000000000000000 ) ;
#4501 = EDGE_CURVE ( 'NONE', #5753, #4913, #1, .T. ) ;
#4502 = VERTEX_POINT ( 'NONE', #3258 ) ;
#4503 = ORIENTED_EDGE ( 'NONE', *, *, #4352, .T. ) ;
#4504 = CARTESIAN_POINT ( 'NONE',  ( -25.00000000000000000, -7.750000000000578200, -13.42339375865780900 ) ) ;
#4505 = FILL_AREA_STYLE_COLOUR ( '', #3717 ) ;
#4506 = STYLED_ITEM ( 'NONE', ( #4173 ), #4421 ) ;
#4507 = STYLED_ITEM ( 'NONE', ( #2208 ), #5549 ) ;
#4508 = EDGE_CURVE ( 'NONE', #8517, #6831, #2953, .T. ) ;
#4509 = ORIENTED_EDGE ( 'NONE', *, *, #7873, .T. ) ;
#4510 = ORIENTED_EDGE ( 'NONE', *, *, #3081, .F. ) ;
#4511 = ORIENTED_EDGE ( 'NONE', *, *, #5859, .F. ) ;
#4512 = PRODUCT_DEFINITION_SHAPE ( 'NONE', 'NONE',  #2348 ) ;
#4513 = DIRECTION ( 'NONE',  ( -0.5150380749100541600, 0.0000000000000000000, 0.8571673007021122200 ) ) ;
#4514 = ORIENTED_EDGE ( 'NONE', *, *, #8037, .F. ) ;
#4515 =( LENGTH_UNIT ( ) NAMED_UNIT ( * ) SI_UNIT ( .MILLI., .METRE. ) );
#4516 = CONICAL_SURFACE ( 'NONE', #8510, 1.249999999999999300, 1.029744258676654500 ) ;
#4517 = ORIENTED_EDGE ( 'NONE', *, *, #5242, .T. ) ;
#4518 = EDGE_LOOP ( 'NONE', ( #4533, #5947 ) ) ;
#4519 = CARTESIAN_POINT ( 'NONE',  ( -15.59999999999984900, 18.80100000000015100, 22.30000000000000100 ) ) ;
#4520 = AXIS2_PLACEMENT_3D ( 'NONE', #4652, #7696, #7977 ) ;
#4521 = CARTESIAN_POINT ( 'NONE',  ( -15.59999999999984900, 18.80100000000015100, 15.90000000000000000 ) ) ;
#4522 = DIRECTION ( 'NONE',  ( 0.0000000000000000000, 0.0000000000000000000, 1.000000000000000000 ) ) ;
#4523 =( GEOMETRIC_REPRESENTATION_CONTEXT ( 3 ) GLOBAL_UNCERTAINTY_ASSIGNED_CONTEXT ( ( #6703 ) ) GLOBAL_UNIT_ASSIGNED_CONTEXT ( ( #6260, #7416, #4663 ) ) REPRESENTATION_CONTEXT ( 'NONE', 'WORKASPACE' ) );
#4524 = EDGE_CURVE ( 'NONE', #4648, #7979, #2139, .T. ) ;
#4525 = VERTEX_POINT ( 'NONE', #6422 ) ;
#4526 = DIRECTION ( 'NONE',  ( 0.0000000000000000000, -1.000000000000000000, 0.0000000000000000000 ) ) ;
#4527 = EDGE_LOOP ( 'NONE', ( #1522, #5884, #676, #1246 ) ) ;
#4528 = CARTESIAN_POINT ( 'NONE',  ( -2.985558167919581500, -0.3310655969615547400, 7.816301364512010100 ) ) ;
#4529 = EDGE_CURVE ( 'NONE', #2497, #3004, #2478, .T. ) ;
#4530 = ORIENTED_EDGE ( 'NONE', *, *, #290, .T. ) ;
#4531 = APPLICATION_PROTOCOL_DEFINITION ( 'draft international standard', 'automotive_design', 1998, #5172 ) ;
#4532 = LINE ( 'NONE', #5664, #1208 ) ;
#4533 = ORIENTED_EDGE ( 'NONE', *, *, #2976, .F. ) ;
#4534 = DIRECTION ( 'NONE',  ( -1.000000000000000000, 0.0000000000000000000, 0.0000000000000000000 ) ) ;
#4535 = UNCERTAINTY_MEASURE_WITH_UNIT (LENGTH_MEASURE( 1.000000000000000100E-005 ), #7724, 'distance_accuracy_value', 'NONE');
#4536 = SURFACE_STYLE_FILL_AREA ( #7145 ) ;
#4537 = DIRECTION ( 'NONE',  ( 0.0000000000000000000, -1.000000000000000000, 0.0000000000000000000 ) ) ;
#4538 = ORIENTED_EDGE ( 'NONE', *, *, #2183, .F. ) ;
#4539 = CARTESIAN_POINT ( 'NONE',  ( 1.760000000000000000, -0.4599999999999999100, 0.4599999999999999600 ) ) ;
#4540 = EDGE_LOOP ( 'NONE', ( #5065, #4804, #8350, #851 ) ) ;
#4541 = FACE_OUTER_BOUND ( 'NONE', #1824, .T. ) ;
#4542 = ADVANCED_FACE ( 'NONE', ( #5138 ), #595, .F. ) ;
#4543 = DIRECTION ( 'NONE',  ( -1.219727444046192700E-016, 1.000000000000000000, -0.0000000000000000000 ) ) ;
#4544 = EDGE_CURVE ( 'NONE', #7369, #5972, #8469, .T. ) ;
#4545 = EDGE_LOOP ( 'NONE', ( #6461, #3690, #7467, #8635 ) ) ;
#4546 = ORIENTED_EDGE ( 'NONE', *, *, #6083, .F. ) ;
#4547 = CIRCLE ( 'NONE', #1181, 1.650000000000003000 ) ;
#4548 = CIRCLE ( 'NONE', #761, 0.5000000000000000000 ) ;
#4549 = CARTESIAN_POINT ( 'NONE',  ( -25.00000000000000000, -13.42339375865880800, -7.749999999998868500 ) ) ;
#4550 = UNCERTAINTY_MEASURE_WITH_UNIT (LENGTH_MEASURE( 1.000000000000000100E-005 ), #2929, 'distance_accuracy_value', 'NONE');
#4551 = LINE ( 'NONE', #5687, #1183 ) ;
#4552 =( NAMED_UNIT ( * ) SI_UNIT ( $, .STERADIAN. ) SOLID_ANGLE_UNIT ( ) );
#4553 = ORIENTED_EDGE ( 'NONE', *, *, #2758, .T. ) ;
#4554 = CYLINDRICAL_SURFACE ( 'NONE', #7757, 15.00000000000000200 ) ;
#4555 = PLANE ( 'NONE',  #7336 ) ;
#4556 =( NAMED_UNIT ( * ) PLANE_ANGLE_UNIT ( ) SI_UNIT ( $, .RADIAN. ) );
#4557 = AXIS2_PLACEMENT_3D ( 'NONE', #4986, #1739, #4706 ) ;
#4558 = LINE ( 'NONE', #737, #349 ) ;
#4559 = DIRECTION ( 'NONE',  ( -0.0000000000000000000, 0.0000000000000000000, -1.000000000000000000 ) ) ;
#4560 = CARTESIAN_POINT ( 'NONE',  ( -15.59999999999984900, 18.80100000000015100, 14.30000000000000100 ) ) ;
#4561 =( NAMED_UNIT ( * ) SI_UNIT ( $, .STERADIAN. ) SOLID_ANGLE_UNIT ( ) );
#4562 = CARTESIAN_POINT ( 'NONE',  ( 15.60000000000015100, 18.80100000000015100, 6.299999999999992700 ) ) ;
#4563 = EDGE_CURVE ( 'NONE', #5500, #3785, #1401, .T. ) ;
#4564 = FACE_OUTER_BOUND ( 'NONE', #4545, .T. ) ;
#4565 = DIRECTION ( 'NONE',  ( -1.000000000000000000, -0.0000000000000000000, -0.0000000000000000000 ) ) ;
#4566 = DIRECTION ( 'NONE',  ( -1.000000000000000000, -0.0000000000000000000, -0.0000000000000000000 ) ) ;
#4567 = CARTESIAN_POINT ( 'NONE',  ( -29.84999999999999800, -6.999999999999997300, 5.999999999999996400 ) ) ;
#4568 = FILL_AREA_STYLE ('',( #1731 ) ) ;
#4569 = CARTESIAN_POINT ( 'NONE',  ( 9.500000000000000000, 3.578133820953755900, -5.000000000000000000 ) ) ;
#4570 = LINE ( 'NONE', #1025, #8680 ) ;
#4571 = MANIFOLD_SOLID_BREP ( 'Boss-Extrude3', #3942 ) ;
#4572 =( NAMED_UNIT ( * ) PLANE_ANGLE_UNIT ( ) SI_UNIT ( $, .RADIAN. ) );
#4573 = FACE_OUTER_BOUND ( 'NONE', #1801, .T. ) ;
#4574 = DIRECTION ( 'NONE',  ( 0.0000000000000000000, -1.000000000000000000, 0.0000000000000000000 ) ) ;
#4575 = DIRECTION ( 'NONE',  ( 0.0000000000000000000, 0.0000000000000000000, 1.000000000000000000 ) ) ;
#4576 = EDGE_CURVE ( 'NONE', #4729, #7795, #7422, .T. ) ;
#4577 = SURFACE_STYLE_USAGE ( .BOTH. , #5994 ) ;
#4578 = SURFACE_STYLE_USAGE ( .BOTH. , #8479 ) ;
#4579 = EDGE_LOOP ( 'NONE', ( #5231, #399, #6746, #3949 ) ) ;
#4580 = PRESENTATION_STYLE_ASSIGNMENT (( #38 ) ) ;
#4581 = CARTESIAN_POINT ( 'NONE',  ( 35.86999999999999700, 1.250000000000001800, -13.04999999999999900 ) ) ;
#4582 = DIRECTION ( 'NONE',  ( -1.000000000000000000, -6.308085367188390000E-017, -0.0000000000000000000 ) ) ;
#4583 = CARTESIAN_POINT ( 'NONE',  ( 30.09999999999999800, -10.34999999999999800, 4.102566777143633800E-016 ) ) ;
#4584 = ORIENTED_EDGE ( 'NONE', *, *, #5662, .T. ) ;
#4585 = CARTESIAN_POINT ( 'NONE',  ( -9.400000000000154900, 13.42339375865871200, 0.0000000000000000000 ) ) ;
#4586 = CARTESIAN_POINT ( 'NONE',  ( 15.60000000000015100, -20.80000000000000100, 41.50000000000000000 ) ) ;
#4587 = DIRECTION ( 'NONE',  ( 0.0000000000000000000, 0.0000000000000000000, 1.000000000000000000 ) ) ;
#4588 = CONICAL_SURFACE ( 'NONE', #2194, 1.200000000000008200, 0.1973955598498808000 ) ;
#4589 = ADVANCED_FACE ( 'NONE', ( #2147 ), #1278, .F. ) ;
#4590 = ORIENTED_EDGE ( 'NONE', *, *, #6770, .F. ) ;
#4591 = SURFACE_STYLE_FILL_AREA ( #7331 ) ;
#4592 = CARTESIAN_POINT ( 'NONE',  ( -12.93977001330626200, 1.249940801105147800, 2.236383463479042300 ) ) ;
#4593 = CARTESIAN_POINT ( 'NONE',  ( -15.59999999999984900, -20.80000000000000100, 38.29999999999999700 ) ) ;
#4594 = AXIS2_PLACEMENT_3D ( 'NONE', #8253, #2214, #7820 ) ;
#4595 = ORIENTED_EDGE ( 'NONE', *, *, #1217, .T. ) ;
#4596 = AXIS2_PLACEMENT_3D ( 'NONE', #3354, #8405, #1810 ) ;
#4597 = DIRECTION ( 'NONE',  ( 0.0000000000000000000, 0.0000000000000000000, 1.000000000000000000 ) ) ;
#4598 = CARTESIAN_POINT ( 'NONE',  ( 0.0000000000000000000, 5.000000000000000000, -1.250000000000000000 ) ) ;
#4599 = FILL_AREA_STYLE_COLOUR ( '', #1600 ) ;
#4600 = ORIENTED_EDGE ( 'NONE', *, *, #2296, .T. ) ;
#4601 = ADVANCED_FACE ( 'NONE', ( #6106 ), #8443, .T. ) ;
#4602 = EDGE_CURVE ( 'NONE', #3026, #7710, #7157, .T. ) ;
#4603 = DIRECTION ( 'NONE',  ( 0.0000000000000000000, 0.0000000000000000000, -1.000000000000000000 ) ) ;
#4604 = AXIS2_PLACEMENT_3D ( 'NONE', #6759, #39, #1881 ) ;
#4605 = ORIENTED_EDGE ( 'NONE', *, *, #1059, .F. ) ;
#4606 = STYLED_ITEM ( 'NONE', ( #728 ), #4691 ) ;
#4607 = CARTESIAN_POINT ( 'NONE',  ( -9.500000000000000000, 6.078133820953754100, -2.000000000000000000 ) ) ;
#4608 = DIRECTION ( 'NONE',  ( 0.0000000000000000000, 0.0000000000000000000, 1.000000000000000000 ) ) ;
#4609 = AXIS2_PLACEMENT_3D ( 'NONE', #7746, #4566, #3994 ) ;
#4610 = ORIENTED_EDGE ( 'NONE', *, *, #4367, .F. ) ;
#4611 = DIRECTION ( 'NONE',  ( -0.0000000000000000000, -0.0000000000000000000, -1.000000000000000000 ) ) ;
#4612 = AXIS2_PLACEMENT_3D ( 'NONE', #3561, #7312, #6144 ) ;
#4613 = ORIENTED_EDGE ( 'NONE', *, *, #7770, .F. ) ;
#4614 = ADVANCED_FACE ( 'NONE', ( #5113 ), #5682, .T. ) ;
#4615 = CARTESIAN_POINT ( 'NONE',  ( 12.00000000000000000, 2.828133820953756300, 2.250000000000000000 ) ) ;
#4616 = STYLED_ITEM ( 'NONE', ( #6830 ), #1540 ) ;
#4617 = DIRECTION ( 'NONE',  ( -0.6375991779930465500, 9.434290493734203800E-017, -0.7703682809037449800 ) ) ;
#4618 = AXIS2_PLACEMENT_3D ( 'NONE', #2839, #6576, #729 ) ;
#4619 = VECTOR ( 'NONE', #7430, 1000.000000000000000 ) ;
#4620 = VECTOR ( 'NONE', #6401, 999.9999999999998900 ) ;
#4621 = FACE_BOUND ( 'NONE', #3530, .T. ) ;
#4622 = ORIENTED_EDGE ( 'NONE', *, *, #2129, .T. ) ;
#4623 = PRODUCT_DEFINITION_CONTEXT ( 'detailed design', #3444, 'design' ) ;
#4624 = FACE_OUTER_BOUND ( 'NONE', #1371, .T. ) ;
#4625 = EDGE_CURVE ( 'NONE', #752, #6723, #810, .T. ) ;
#4626 = CARTESIAN_POINT ( 'NONE',  ( -18.79999999999984800, -18.79999999999999700, 48.20000000000000300 ) ) ;
#4627 = COLOUR_RGB ( '',0.8980392156862745400, 0.9215686274509803400, 0.9294117647058823800 ) ;
#4628 = DIRECTION ( 'NONE',  ( -0.0000000000000000000, 1.149055390210327300E-016, -1.000000000000000000 ) ) ;
#4629 = ORIENTED_EDGE ( 'NONE', *, *, #4982, .T. ) ;
#4630 = COLOUR_RGB ( '',0.6509803921568627600, 0.6196078431372549200, 0.5882352941176470800 ) ;
#4631 = ORIENTED_EDGE ( 'NONE', *, *, #2020, .T. ) ;
#4632 = EDGE_CURVE ( 'NONE', #4810, #2121, #4131, .T. ) ;
#4633 = AXIS2_PLACEMENT_3D ( 'NONE', #4057, #1207, #499 ) ;
#4634 = VECTOR ( 'NONE', #8460, 1000.000000000000000 ) ;
#4635 = ORIENTED_EDGE ( 'NONE', *, *, #3947, .T. ) ;
#4636 = SURFACE_STYLE_FILL_AREA ( #529 ) ;
#4637 = ADVANCED_FACE ( 'NONE', ( #1416 ), #5966, .F. ) ;
#4638 = VERTEX_POINT ( 'NONE', #8299 ) ;
#4639 = CARTESIAN_POINT ( 'NONE',  ( 15.60000000000015100, -18.79999999999999700, 33.50000000000000000 ) ) ;
#4640 = DIRECTION ( 'NONE',  ( 0.0000000000000000000, -1.000000000000000000, 0.0000000000000000000 ) ) ;
#4641 = FACE_OUTER_BOUND ( 'NONE', #8010, .T. ) ;
#4642 = EDGE_LOOP ( 'NONE', ( #2021, #8742, #1008, #2797 ) ) ;
#4643 = EDGE_LOOP ( 'NONE', ( #4590, #5630, #3082, #7999 ) ) ;
#4644 = EDGE_LOOP ( 'NONE', ( #6974, #837, #701, #3652 ) ) ;
#4645 = CARTESIAN_POINT ( 'NONE',  ( -11.00000000000000000, 6.078133820953753200, 2.000000000000000000 ) ) ;
#4646 = VECTOR ( 'NONE', #430, 1000.000000000000000 ) ;
#4647 = ORIENTED_EDGE ( 'NONE', *, *, #6952, .T. ) ;
#4648 = VERTEX_POINT ( 'NONE', #2406 ) ;
#4649 = ORIENTED_EDGE ( 'NONE', *, *, #2510, .F. ) ;
#4650 = EDGE_CURVE ( 'NONE', #7427, #2107, #3003, .T. ) ;
#4651 = CARTESIAN_POINT ( 'NONE',  ( -8.500000000000000000, 2.399999999999999500, 1.800000000000000300 ) ) ;
#4652 = CARTESIAN_POINT ( 'NONE',  ( -24.00000000000000000, -1.577021341797097400E-015, -15.50000000000000000 ) ) ;
#4653 = ORIENTED_EDGE ( 'NONE', *, *, #8657, .F. ) ;
#4654 = FILL_AREA_STYLE ('',( #3373 ) ) ;
#4655 = ORIENTED_EDGE ( 'NONE', *, *, #6803, .F. ) ;
#4656 = EDGE_LOOP ( 'NONE', ( #3077, #6091 ) ) ;
#4657 = DIRECTION ( 'NONE',  ( -1.000000000000000000, -0.0000000000000000000, -0.0000000000000000000 ) ) ;
#4658 = DIRECTION ( 'NONE',  ( -1.000000000000000000, -0.0000000000000000000, -0.0000000000000000000 ) ) ;
#4659 = ORIENTED_EDGE ( 'NONE', *, *, #2129, .F. ) ;
#4660 =( NAMED_UNIT ( * ) SI_UNIT ( $, .STERADIAN. ) SOLID_ANGLE_UNIT ( ) );
#4661 = CARTESIAN_POINT ( 'NONE',  ( -2.743122632985813200, 1.216512258352754100, 6.269538560474975600 ) ) ;
#4662 = ORIENTED_EDGE ( 'NONE', *, *, #1699, .T. ) ;
#4663 =( NAMED_UNIT ( * ) SI_UNIT ( $, .STERADIAN. ) SOLID_ANGLE_UNIT ( ) );
#4664 = UNCERTAINTY_MEASURE_WITH_UNIT (LENGTH_MEASURE( 1.000000000000000100E-005 ), #8762, 'distance_accuracy_value', 'NONE');
#4665 = ORIENTED_EDGE ( 'NONE', *, *, #6579, .T. ) ;
#4666 = CARTESIAN_POINT ( 'NONE',  ( -8.227241335952159700, -4.750000000000012400, 0.0000000000000000000 ) ) ;
#4667 = EDGE_LOOP ( 'NONE', ( #1271, #6956, #223, #7559 ) ) ;
#4668 = DIRECTION ( 'NONE',  ( -1.000000000000000000, 0.0000000000000000000, 0.0000000000000000000 ) ) ;
#4669 = EDGE_CURVE ( 'NONE', #8039, #4406, #146, .T. ) ;
#4670 = CARTESIAN_POINT ( 'NONE',  ( 0.0000000000000000000, 0.0000000000000000000, 0.0000000000000000000 ) ) ;
#4671 = CARTESIAN_POINT ( 'NONE',  ( -5.868361124105371500, 1.249935086906628600, 6.435943233701765500 ) ) ;
#4672 = DIRECTION ( 'NONE',  ( -1.000000000000000000, -0.0000000000000000000, -0.0000000000000000000 ) ) ;
#4673 = PLANE ( 'NONE',  #8771 ) ;
#4674 = ORIENTED_EDGE ( 'NONE', *, *, #1292, .F. ) ;
#4675 = ORIENTED_EDGE ( 'NONE', *, *, #344, .T. ) ;
#4676 = AXIS2_PLACEMENT_3D ( 'NONE', #1614, #6922, #3744 ) ;
#4677 = CARTESIAN_POINT ( 'NONE',  ( -5.999999999999999100, 1.530806135563399800E-016, 7.849999999999999600 ) ) ;
#4678 = SURFACE_STYLE_USAGE ( .BOTH. , #7002 ) ;
#4679 =( GEOMETRIC_REPRESENTATION_CONTEXT ( 3 ) GLOBAL_UNCERTAINTY_ASSIGNED_CONTEXT ( ( #8526 ) ) GLOBAL_UNIT_ASSIGNED_CONTEXT ( ( #3424, #8614, #2698 ) ) REPRESENTATION_CONTEXT ( 'NONE', 'WORKASPACE' ) );
#4680 =( LENGTH_UNIT ( ) NAMED_UNIT ( * ) SI_UNIT ( .MILLI., .METRE. ) );
#4681 = ORIENTED_EDGE ( 'NONE', *, *, #3153, .F. ) ;
#4682 = ORIENTED_EDGE ( 'NONE', *, *, #344, .F. ) ;
#4683 = LINE ( 'NONE', #869, #6299 ) ;
#4684 = APPLICATION_CONTEXT ( 'automotive_design' ) ;
#4685 = MECHANICAL_DESIGN_GEOMETRIC_PRESENTATION_REPRESENTATION (  '', ( #1171 ), #8735 ) ;
#4686 = CARTESIAN_POINT ( 'NONE',  ( 0.03012971658237811900, 5.078133820953754100, 0.0000000000000000000 ) ) ;
#4687 = SURFACE_SIDE_STYLE ('',( #8313 ) ) ;
#4688 = DIRECTION ( 'NONE',  ( 0.0000000000000000000, 0.0000000000000000000, -1.000000000000000000 ) ) ;
#4689 =( GEOMETRIC_REPRESENTATION_CONTEXT ( 3 ) GLOBAL_UNCERTAINTY_ASSIGNED_CONTEXT ( ( #7532 ) ) GLOBAL_UNIT_ASSIGNED_CONTEXT ( ( #3307, #4332, #493 ) ) REPRESENTATION_CONTEXT ( 'NONE', 'WORKASPACE' ) );
#4690 = DIRECTION ( 'NONE',  ( 0.0000000000000000000, 1.000000000000000000, 0.0000000000000000000 ) ) ;
#4691 = ADVANCED_FACE ( 'NONE', ( #4138 ), #436, .F. ) ;
#4692 = LINE ( 'NONE', #4856, #1240 ) ;
#4693 = DIRECTION ( 'NONE',  ( 0.3538011873145060500, -0.9307383507194106900, 0.09247076486629136900 ) ) ;
#4694 = DIRECTION ( 'NONE',  ( 1.219727444046192700E-016, -1.000000000000000000, 0.0000000000000000000 ) ) ;
#4695 = CARTESIAN_POINT ( 'NONE',  ( 31.00000000000000000, -11.25000000000000000, 0.0000000000000000000 ) ) ;
#4696 = CARTESIAN_POINT ( 'NONE',  ( 0.0000000000000000000, -7.000000000000000900, 51.20100000000000100 ) ) ;
#4697 = SURFACE_STYLE_FILL_AREA ( #161 ) ;
#4698 = ADVANCED_FACE ( 'NONE', ( #1854 ), #6132, .T. ) ;
#4699 = CIRCLE ( 'NONE', #7918, 3.000000000000000000 ) ;
#4700 = EDGE_CURVE ( 'NONE', #682, #5463, #6575, .T. ) ;
#4701 = CARTESIAN_POINT ( 'NONE',  ( -25.00000000000000000, 9.743183742525703300E-013, 14.25000000000057200 ) ) ;
#4702 = DIRECTION ( 'NONE',  ( -1.000000000000000000, 0.0000000000000000000, 0.0000000000000000000 ) ) ;
#4703 = CARTESIAN_POINT ( 'NONE',  ( -1.742014973993183600, 1.078133820953754800, 12.04999999999999900 ) ) ;
#4704 = VECTOR ( 'NONE', #4991, 1000.000000000000000 ) ;
#4705 = CARTESIAN_POINT ( 'NONE',  ( -15.59999999999984900, -20.80000000000000100, 9.499999999999996400 ) ) ;
#4706 = DIRECTION ( 'NONE',  ( -1.000000000000000000, -1.084202172485504700E-016, 0.0000000000000000000 ) ) ;
#4707 = ORIENTED_EDGE ( 'NONE', *, *, #1305, .F. ) ;
#4708 = CARTESIAN_POINT ( 'NONE',  ( -24.00000000000000000, 9.741652934026770300E-013, 15.50000000000056500 ) ) ;
#4709 = SURFACE_STYLE_USAGE ( .BOTH. , #1452 ) ;
#4710 =( NAMED_UNIT ( * ) SI_UNIT ( $, .STERADIAN. ) SOLID_ANGLE_UNIT ( ) );
#4711 = SURFACE_STYLE_USAGE ( .BOTH. , #6157 ) ;
#4712 = SURFACE_SIDE_STYLE ('',( #4305 ) ) ;
#4713 = ORIENTED_EDGE ( 'NONE', *, *, #5243, .T. ) ;
#4714 = DIRECTION ( 'NONE',  ( 0.0000000000000000000, 0.0000000000000000000, 1.000000000000000000 ) ) ;
#4715 = DIRECTION ( 'NONE',  ( -0.2528694266529967200, 0.0000000000000000000, 0.9675004150201614900 ) ) ;
#4716 = LINE ( 'NONE', #1453, #5638 ) ;
#4717 = ADVANCED_FACE ( 'NONE', ( #1864 ), #445, .F. ) ;
#4718 = DIRECTION ( 'NONE',  ( 0.0000000000000000000, 1.000000000000000000, 0.0000000000000000000 ) ) ;
#4719 = PRODUCT_DEFINITION_SHAPE ( 'NONE', 'NONE',  #8875 ) ;
#4720 = SURFACE_STYLE_USAGE ( .BOTH. , #5012 ) ;
#4721 = AXIS2_PLACEMENT_3D ( 'NONE', #8050, #768, #6466 ) ;
#4722 = LINE ( 'NONE', #1325, #4072 ) ;
#4723 = ORIENTED_EDGE ( 'NONE', *, *, #267, .T. ) ;
#4724 =( GEOMETRIC_REPRESENTATION_CONTEXT ( 3 ) GLOBAL_UNCERTAINTY_ASSIGNED_CONTEXT ( ( #624 ) ) GLOBAL_UNIT_ASSIGNED_CONTEXT ( ( #7176, #4572, #7605 ) ) REPRESENTATION_CONTEXT ( 'NONE', 'WORKASPACE' ) );
#4725 =( NAMED_UNIT ( * ) SI_UNIT ( $, .STERADIAN. ) SOLID_ANGLE_UNIT ( ) );
#4726 = DIRECTION ( 'NONE',  ( -0.0000000000000000000, 1.000000000000000000, -0.0000000000000000000 ) ) ;
#4727 = DIRECTION ( 'NONE',  ( 0.0000000000000000000, -1.000000000000000000, 0.0000000000000000000 ) ) ;
#4728 = CARTESIAN_POINT ( 'NONE',  ( 15.60000000000015100, 18.80100000000015100, 12.69999999999999600 ) ) ;
#4729 = VERTEX_POINT ( 'NONE', #4288 ) ;
#4730 = ADVANCED_FACE ( 'NONE', ( #4996 ), #2702, .T. ) ;
#4731 = UNCERTAINTY_MEASURE_WITH_UNIT (LENGTH_MEASURE( 1.000000000000000100E-005 ), #1190, 'distance_accuracy_value', 'NONE');
#4732 =( GEOMETRIC_REPRESENTATION_CONTEXT ( 3 ) GLOBAL_UNCERTAINTY_ASSIGNED_CONTEXT ( ( #511 ) ) GLOBAL_UNIT_ASSIGNED_CONTEXT ( ( #6061, #5641, #242 ) ) REPRESENTATION_CONTEXT ( 'NONE', 'WORKASPACE' ) );
#4733 = ORIENTED_EDGE ( 'NONE', *, *, #5151, .T. ) ;
#4734 = AXIS2_PLACEMENT_3D ( 'NONE', #2217, #7378, #5364 ) ;
#4735 = CARTESIAN_POINT ( 'NONE',  ( -18.80000000000015300, -2.765565554341287700E-013, 2.000000000000000000 ) ) ;
#4736 = SURFACE_STYLE_FILL_AREA ( #2047 ) ;
#4737 = EDGE_CURVE ( 'NONE', #3331, #3242, #7881, .T. ) ;
#4738 = CARTESIAN_POINT ( 'NONE',  ( -2.795827251713192100, -1.089992237774235500, 3.033710322634645800 ) ) ;
#4739 = VERTEX_POINT ( 'NONE', #3559 ) ;
#4740 = FACE_BOUND ( 'NONE', #4579, .T. ) ;
#4741 = DIRECTION ( 'NONE',  ( 1.219727444046192700E-016, -1.000000000000000000, -0.0000000000000000000 ) ) ;
#4742 = FACE_BOUND ( 'NONE', #1001, .T. ) ;
#4743 = CARTESIAN_POINT ( 'NONE',  ( 0.0000000000000000000, 0.0000000000000000000, 0.0000000000000000000 ) ) ;
#4744 = ORIENTED_EDGE ( 'NONE', *, *, #2820, .T. ) ;
#4745 = UNCERTAINTY_MEASURE_WITH_UNIT (LENGTH_MEASURE( 1.000000000000000100E-005 ), #3104, 'distance_accuracy_value', 'NONE');
#4746 = AXIS2_PLACEMENT_3D ( 'NONE', #5886, #5742, #7790 ) ;
#4747 = PLANE ( 'NONE',  #2027 ) ;
#4748 = ADVANCED_FACE ( 'NONE', ( #7022, #8187 ), #7723, .T. ) ;
#4749 = ORIENTED_EDGE ( 'NONE', *, *, #6062, .T. ) ;
#4750 = CARTESIAN_POINT ( 'NONE',  ( -1.742014973993183600, 5.079133820953757100, -12.05000000000000100 ) ) ;
#4751 = EDGE_CURVE ( 'NONE', #7392, #6002, #3703, .T. ) ;
#4752 = SURFACE_SIDE_STYLE ('',( #5904 ) ) ;
#4753 = EDGE_CURVE ( 'NONE', #283, #699, #2945, .T. ) ;
#4754 = ORIENTED_EDGE ( 'NONE', *, *, #2049, .F. ) ;
#4755 = COLOUR_RGB ( '',0.6509803921568627600, 0.6196078431372549200, 0.5882352941176470800 ) ;
#4756 = DIRECTION ( 'NONE',  ( -0.0000000000000000000, -0.0000000000000000000, -1.000000000000000000 ) ) ;
#4757 = CARTESIAN_POINT ( 'NONE',  ( 15.50000000000000000, 1.082359215041371300E-013, 51.20100000000000100 ) ) ;
#4758 = FACE_BOUND ( 'NONE', #8240, .T. ) ;
#4759 = AXIS2_PLACEMENT_3D ( 'NONE', #453, #7907, #4287 ) ;
#4760 = CARTESIAN_POINT ( 'NONE',  ( 6.100000000000060000, -13.42339375865876500, 51.20100000000000100 ) ) ;
#4761 = ORIENTED_EDGE ( 'NONE', *, *, #794, .F. ) ;
#4762 = AXIS2_PLACEMENT_3D ( 'NONE', #6931, #3029, #939 ) ;
#4763 = CARTESIAN_POINT ( 'NONE',  ( 12.00000000000000000, 2.328133820953756300, -3.750000000000000000 ) ) ;
#4764 = EDGE_CURVE ( 'NONE', #5414, #6107, #5, .T. ) ;
#4765 = DIRECTION ( 'NONE',  ( -1.000000000000000000, -0.0000000000000000000, -0.0000000000000000000 ) ) ;
#4766 = CIRCLE ( 'NONE', #8536, 18.40000000000000200 ) ;
#4767 = ORIENTED_EDGE ( 'NONE', *, *, #8032, .F. ) ;
#4768 = CARTESIAN_POINT ( 'NONE',  ( -12.99669620198826800, -0.3294157196937146900, 1.183248373146088300 ) ) ;
#4769 = FACE_OUTER_BOUND ( 'NONE', #5260, .T. ) ;
#4770 = DIRECTION ( 'NONE',  ( -0.0000000000000000000, -1.149055390210327300E-016, 1.000000000000000000 ) ) ;
#4771 = VERTEX_POINT ( 'NONE', #3399 ) ;
#4772 = DIRECTION ( 'NONE',  ( -0.0000000000000000000, -0.0000000000000000000, -1.000000000000000000 ) ) ;
#4773 = EDGE_LOOP ( 'NONE', ( #1969, #1590, #6829, #7153 ) ) ;
#4774 = ORIENTED_EDGE ( 'NONE', *, *, #2549, .F. ) ;
#4775 = VERTEX_POINT ( 'NONE', #7293 ) ;
#4776 = SURFACE_STYLE_FILL_AREA ( #4366 ) ;
#4777 = DIRECTION ( 'NONE',  ( 0.0000000000000000000, 0.0000000000000000000, 1.000000000000000000 ) ) ;
#4778 = CARTESIAN_POINT ( 'NONE',  ( -18.80000000000015300, -2.765565554341287700E-013, 2.000000000000000000 ) ) ;
#4779 = CIRCLE ( 'NONE', #6281, 1.250000000000000000 ) ;
#4780 = VECTOR ( 'NONE', #70, 1000.000000000000000 ) ;
#4781 = EDGE_CURVE ( 'NONE', #2813, #1192, #4816, .T. ) ;
#4782 =( GEOMETRIC_REPRESENTATION_CONTEXT ( 3 ) GLOBAL_UNCERTAINTY_ASSIGNED_CONTEXT ( ( #4664 ) ) GLOBAL_UNIT_ASSIGNED_CONTEXT ( ( #8762, #3573, #4162 ) ) REPRESENTATION_CONTEXT ( 'NONE', 'WORKASPACE' ) );
#4783 = AXIS2_PLACEMENT_3D ( 'NONE', #6843, #2392, #2941 ) ;
#4784 = ORIENTED_EDGE ( 'NONE', *, *, #3493, .T. ) ;
#4785 = ORIENTED_EDGE ( 'NONE', *, *, #8870, .T. ) ;
#4786 = ORIENTED_EDGE ( 'NONE', *, *, #5180, .F. ) ;
#4787 = FACE_OUTER_BOUND ( 'NONE', #2875, .T. ) ;
#4788 = DIRECTION ( 'NONE',  ( 1.000000000000000000, 1.445602896647339700E-016, 0.0000000000000000000 ) ) ;
#4789 = EDGE_CURVE ( 'NONE', #813, #4525, #4548, .T. ) ;
#4790 = DIRECTION ( 'NONE',  ( 0.0000000000000000000, -1.000000000000000000, 0.0000000000000000000 ) ) ;
#4791 = ORIENTED_EDGE ( 'NONE', *, *, #5267, .T. ) ;
#4792 = LINE ( 'NONE', #5374, #7438 ) ;
#4793 = EDGE_LOOP ( 'NONE', ( #6406, #7380, #1099, #4754 ) ) ;
#4794 = VERTEX_POINT ( 'NONE', #865 ) ;
#4795 = CIRCLE ( 'NONE', #8292, 1.650000000000002100 ) ;
#4796 = PLANE ( 'NONE',  #6042 ) ;
#4797 = CARTESIAN_POINT ( 'NONE',  ( -25.00000000000000000, 9.741652934026770300E-013, 15.50000000000056500 ) ) ;
#4798 = ORIENTED_EDGE ( 'NONE', *, *, #2434, .T. ) ;
#4799 = DIRECTION ( 'NONE',  ( 0.0000000000000000000, 0.0000000000000000000, 1.000000000000000000 ) ) ;
#4800 = CARTESIAN_POINT ( 'NONE',  ( -3.000000000000000000, 0.0000000000000000000, 5.349999999999999600 ) ) ;
#4801 = ORIENTED_EDGE ( 'NONE', *, *, #173, .T. ) ;
#4802 = CARTESIAN_POINT ( 'NONE',  ( -7.750000000000157200, 13.42339375865871200, 51.20100000000000100 ) ) ;
#4803 = DIRECTION ( 'NONE',  ( -0.0000000000000000000, -0.0000000000000000000, -1.000000000000000000 ) ) ;
#4804 = ORIENTED_EDGE ( 'NONE', *, *, #4489, .T. ) ;
#4805 = VERTEX_POINT ( 'NONE', #6862 ) ;
#4806 = AXIS2_PLACEMENT_3D ( 'NONE', #882, #3263, #7423 ) ;
#4807 = CARTESIAN_POINT ( 'NONE',  ( -6.100000000000158600, 13.42339375865871200, 2.000000000000001800 ) ) ;
#4808 = EDGE_CURVE ( 'NONE', #8224, #8728, #4412, .T. ) ;
#4809 = ADVANCED_FACE ( 'NONE', ( #3105 ), #1559, .F. ) ;
#4810 = VERTEX_POINT ( 'NONE', #6573 ) ;
#4811 = EDGE_LOOP ( 'NONE', ( #1396, #5026, #1744, #6866 ) ) ;
#4812 = DIRECTION ( 'NONE',  ( -1.000000000000000000, -1.301042606982605300E-016, -0.0000000000000000000 ) ) ;
#4813 = CARTESIAN_POINT ( 'NONE',  ( 0.0000000000000000000, 0.0000000000000000000, 0.0000000000000000000 ) ) ;
#4814 = DIRECTION ( 'NONE',  ( -1.000000000000000000, -1.084202172485504700E-016, 0.0000000000000000000 ) ) ;
#4815 = CARTESIAN_POINT ( 'NONE',  ( -18.79999999999987600, -18.79999999999999700, 2.000000000000000000 ) ) ;
#4816 = LINE ( 'NONE', #3986, #5749 ) ;
#4817 = STYLED_ITEM ( 'NONE', ( #5702 ), #4571 ) ;
#4818 = ORIENTED_EDGE ( 'NONE', *, *, #3857, .T. ) ;
#4819 = SURFACE_STYLE_USAGE ( .BOTH. , #6411 ) ;
#4820 = VERTEX_POINT ( 'NONE', #7742 ) ;
#4821 = CARTESIAN_POINT ( 'NONE',  ( 0.0000000000000000000, -1.892425610156516600E-015, 0.0000000000000000000 ) ) ;
#4822 = DIRECTION ( 'NONE',  ( 0.0000000000000000000, 0.0000000000000000000, 1.000000000000000000 ) ) ;
#4823 = PLANE ( 'NONE',  #6800 ) ;
#4824 = VECTOR ( 'NONE', #4105, 1000.000000000000000 ) ;
#4825 = DIRECTION ( 'NONE',  ( 0.0000000000000000000, -1.000000000000000000, 0.0000000000000000000 ) ) ;
#4826 = EDGE_CURVE ( 'NONE', #2127, #4648, #646, .T. ) ;
#4827 = DIRECTION ( 'NONE',  ( -0.0000000000000000000, -1.000000000000000000, -0.0000000000000000000 ) ) ;
#4828 = CARTESIAN_POINT ( 'NONE',  ( -25.00000000000000000, -3.469446951953614200E-015, 0.0000000000000000000 ) ) ;
#4829 = DIRECTION ( 'NONE',  ( -0.0000000000000000000, -1.000000000000000000, -0.0000000000000000000 ) ) ;
#4830 =( NAMED_UNIT ( * ) SI_UNIT ( $, .STERADIAN. ) SOLID_ANGLE_UNIT ( ) );
#4831 = ORIENTED_EDGE ( 'NONE', *, *, #3582, .T. ) ;
#4832 =( NAMED_UNIT ( * ) PLANE_ANGLE_UNIT ( ) SI_UNIT ( $, .RADIAN. ) );
#4833 = VECTOR ( 'NONE', #3550, 1000.000000000000000 ) ;
#4834 = FILL_AREA_STYLE_COLOUR ( '', #1706 ) ;
#4835 = MECHANICAL_DESIGN_GEOMETRIC_PRESENTATION_REPRESENTATION (  '', ( #1515 ), #6837 ) ;
#4836 = AXIS2_PLACEMENT_3D ( 'NONE', #4797, #3514, #984 ) ;
#4837 = CARTESIAN_POINT ( 'NONE',  ( -13.00100000000000100, 0.0000000000000000000, 2.399999999999998600 ) ) ;
#4838 = DIRECTION ( 'NONE',  ( 1.000000000000000000, -0.0000000000000000000, -0.0000000000000000000 ) ) ;
#4839 =( LENGTH_UNIT ( ) NAMED_UNIT ( * ) SI_UNIT ( .MILLI., .METRE. ) );
#4840 = CARTESIAN_POINT ( 'NONE',  ( 15.50000000000000000, 1.082359215041371300E-013, 2.000000000000001800 ) ) ;
#4841 = UNCERTAINTY_MEASURE_WITH_UNIT (LENGTH_MEASURE( 1.000000000000000100E-005 ), #1229, 'distance_accuracy_value', 'NONE');
#4842 = LINE ( 'NONE', #6139, #1286 ) ;
#4843 =( NAMED_UNIT ( * ) PLANE_ANGLE_UNIT ( ) SI_UNIT ( $, .RADIAN. ) );
#4844 = PRESENTATION_STYLE_ASSIGNMENT (( #8034 ) ) ;
#4845 = VECTOR ( 'NONE', #5431, 1000.000000000000000 ) ;
#4846 = LINE ( 'NONE', #7172, #7463 ) ;
#4847 = DIRECTION ( 'NONE',  ( 1.219727444046192700E-016, -1.000000000000000000, 0.0000000000000000000 ) ) ;
#4848 = DIRECTION ( 'NONE',  ( -0.0000000000000000000, 0.0000000000000000000, -1.000000000000000000 ) ) ;
#4849 = FACE_OUTER_BOUND ( 'NONE', #1359, .T. ) ;
#4850 = CARTESIAN_POINT ( 'NONE',  ( 0.0000000000000000000, 0.0000000000000000000, 51.20000000000000300 ) ) ;
#4851 = AXIS2_PLACEMENT_3D ( 'NONE', #872, #2136, #4271 ) ;
#4852 = PRESENTATION_LAYER_ASSIGNMENT (  '', '', ( #8060 ) ) ;
#4853 = CARTESIAN_POINT ( 'NONE',  ( 9.400000000000066100, -13.42339375865876500, 0.0000000000000000000 ) ) ;
#4854 = DIRECTION ( 'NONE',  ( -1.000000000000000000, -7.703719777548944800E-033, -0.0000000000000000000 ) ) ;
#4855 = FILL_AREA_STYLE ('',( #4018 ) ) ;
#4856 = CARTESIAN_POINT ( 'NONE',  ( 6.599999999999998800, 7.000000000000000900, 51.20100000000000100 ) ) ;
#4857 = EDGE_CURVE ( 'NONE', #7269, #2825, #4551, .T. ) ;
#4858 = EDGE_LOOP ( 'NONE', ( #7550, #3012, #788, #4744 ) ) ;
#4859 = UNCERTAINTY_MEASURE_WITH_UNIT (LENGTH_MEASURE( 1.000000000000000100E-005 ), #8175, 'distance_accuracy_value', 'NONE');
#4860 = LINE ( 'NONE', #4025, #8743 ) ;
#4861 = LINE ( 'NONE', #8772, #6403 ) ;
#4862 = CIRCLE ( 'NONE', #6234, 1.650000000000003000 ) ;
#4863 = AXIS2_PLACEMENT_3D ( 'NONE', #4440, #5327, #8218 ) ;
#4864 = CLOSED_SHELL ( 'NONE', ( #1035, #7892, #1256, #941, #6511, #7465 ) ) ;
#4865 = EDGE_LOOP ( 'NONE', ( #8628, #4784, #182 ) ) ;
#4866 = AXIS2_PLACEMENT_3D ( 'NONE', #2424, #3557, #1438 ) ;
#4867 = DIRECTION ( 'NONE',  ( 0.0000000000000000000, 0.0000000000000000000, -1.000000000000000000 ) ) ;
#4868 = FILL_AREA_STYLE ('',( #7192 ) ) ;
#4869 = CARTESIAN_POINT ( 'NONE',  ( -12.98559934621416500, 0.6302007689652977500, 1.308121069906151600 ) ) ;
#4870 = ORIENTED_EDGE ( 'NONE', *, *, #6903, .T. ) ;
#4871 = EDGE_CURVE ( 'NONE', #6064, #1963, #16, .T. ) ;
#4872 = AXIS2_PLACEMENT_3D ( 'NONE', #8354, #2864, #195 ) ;
#4873 = DIRECTION ( 'NONE',  ( 0.0000000000000000000, 0.0000000000000000000, -1.000000000000000000 ) ) ;
#4874 = CARTESIAN_POINT ( 'NONE',  ( -1.742014973993183600, 5.079133820953757100, -12.05000000000000100 ) ) ;
#4875 = ADVANCED_FACE ( 'NONE', ( #8023 ), #8312, .F. ) ;
#4876 = EDGE_CURVE ( 'NONE', #673, #5309, #8593, .T. ) ;
#4877 = VERTEX_POINT ( 'NONE', #6138 ) ;
#4878 = SURFACE_SIDE_STYLE ('',( #4736 ) ) ;
#4879 = COLOUR_RGB ( '',0.2000000000000000100, 0.2000000000000000100, 0.2000000000000000100 ) ;
#4880 = CARTESIAN_POINT ( 'NONE',  ( 0.0000000000000000000, 13.00000000000000200, 1.476499106394643200E-015 ) ) ;
#4881 = ORIENTED_EDGE ( 'NONE', *, *, #850, .T. ) ;
#4882 = CONICAL_SURFACE ( 'NONE', #3575, 1.249999999999999300, 1.029744258676654500 ) ;
#4883 = CARTESIAN_POINT ( 'NONE',  ( -24.00000000000000000, -7.750000000000578200, -12.17339375865781100 ) ) ;
#4884 = VERTEX_POINT ( 'NONE', #7306 ) ;
#4885 = EDGE_CURVE ( 'NONE', #7358, #3219, #6307, .T. ) ;
#4886 = DIRECTION ( 'NONE',  ( 0.0000000000000000000, 0.0000000000000000000, 1.000000000000000000 ) ) ;
#4887 = CARTESIAN_POINT ( 'NONE',  ( -15.59999999999984900, -18.79999999999999700, 7.899999999999997700 ) ) ;
#4888 = DIRECTION ( 'NONE',  ( 1.219727444046192700E-016, -1.000000000000000000, 0.0000000000000000000 ) ) ;
#4889 = FACE_OUTER_BOUND ( 'NONE', #4375, .T. ) ;
#4890 = ORIENTED_EDGE ( 'NONE', *, *, #2088, .F. ) ;
#4891 = CARTESIAN_POINT ( 'NONE',  ( -9.454242944073598700E-014, -9.499999999999998200, -8.673617379884035500E-016 ) ) ;
#4892 = DIRECTION ( 'NONE',  ( 1.000000000000000000, 1.219727444046192700E-016, 0.0000000000000000000 ) ) ;
#4893 = CARTESIAN_POINT ( 'NONE',  ( -25.00000000000000000, 15.49999999999999800, -1.951563910473908000E-015 ) ) ;
#4894 = VERTEX_POINT ( 'NONE', #158 ) ;
#4895 = CYLINDRICAL_SURFACE ( 'NONE', #578, 1.249999999999994200 ) ;
#4896 = SURFACE_STYLE_USAGE ( .BOTH. , #3756 ) ;
#4897 = EDGE_LOOP ( 'NONE', ( #3147, #7628, #4870, #3682 ) ) ;
#4898 = FACE_OUTER_BOUND ( 'NONE', #7281, .T. ) ;
#4899 = CARTESIAN_POINT ( 'NONE',  ( -20.50000000000000000, 2.399999999999999500, -1.800000000000000700 ) ) ;
#4900 = AXIS2_PLACEMENT_3D ( 'NONE', #983, #7130, #8570 ) ;
#4901 = AXIS2_PLACEMENT_3D ( 'NONE', #2454, #7480, #1467 ) ;
#4902 = CARTESIAN_POINT ( 'NONE',  ( -18.79999999999984800, -18.79999999999999700, 51.20000000000000300 ) ) ;
#4903 = VECTOR ( 'NONE', #7117, 1000.000000000000100 ) ;
#4904 = EDGE_CURVE ( 'NONE', #3194, #5938, #4180, .T. ) ;
#4905 = ORIENTED_EDGE ( 'NONE', *, *, #3835, .F. ) ;
#4906 = CYLINDRICAL_SURFACE ( 'NONE', #1622, 1.574999999999997700 ) ;
#4907 = EDGE_LOOP ( 'NONE', ( #6672, #1980, #610 ) ) ;
#4908 =( NAMED_UNIT ( * ) PLANE_ANGLE_UNIT ( ) SI_UNIT ( $, .RADIAN. ) );
#4909 =( GEOMETRIC_REPRESENTATION_CONTEXT ( 3 ) GLOBAL_UNCERTAINTY_ASSIGNED_CONTEXT ( ( #4535 ) ) GLOBAL_UNIT_ASSIGNED_CONTEXT ( ( #7724, #7865, #8161 ) ) REPRESENTATION_CONTEXT ( 'NONE', 'WORKASPACE' ) );
#4910 = CARTESIAN_POINT ( 'NONE',  ( -15.59999999999984900, 18.80100000000015100, 7.899999999999997700 ) ) ;
#4911 = FACE_BOUND ( 'NONE', #5406, .T. ) ;
#4912 = PRESENTATION_LAYER_ASSIGNMENT (  '', '', ( #1783 ) ) ;
#4913 = VERTEX_POINT ( 'NONE', #5698 ) ;
#4914 = ORIENTED_EDGE ( 'NONE', *, *, #674, .F. ) ;
#4915 = CARTESIAN_POINT ( 'NONE',  ( -29.84999999999999800, -6.999999999999998200, -5.999999999999996400 ) ) ;
#4916 = EDGE_CURVE ( 'NONE', #3346, #4913, #2968, .T. ) ;
#4917 = CARTESIAN_POINT ( 'NONE',  ( 15.80000000000015300, 0.0000000000000000000, 51.20000000000000300 ) ) ;
#4918 = AXIS2_PLACEMENT_3D ( 'NONE', #2339, #4201, #7085 ) ;
#4919 = ADVANCED_FACE ( 'NONE', ( #5292, #2144 ), #7448, .T. ) ;
#4920 = AXIS2_PLACEMENT_3D ( 'NONE', #1153, #3257, #1569 ) ;
#4921 = EDGE_LOOP ( 'NONE', ( #3209, #7458, #7609 ) ) ;
#4922 =( NAMED_UNIT ( * ) SI_UNIT ( $, .STERADIAN. ) SOLID_ANGLE_UNIT ( ) );
#4923 = DIRECTION ( 'NONE',  ( -1.000000000000000000, -1.301042606982605300E-016, -0.0000000000000000000 ) ) ;
#4924 = EDGE_CURVE ( 'NONE', #2043, #3242, #7253, .T. ) ;
#4925 = ORIENTED_EDGE ( 'NONE', *, *, #362, .T. ) ;
#4926 = AXIS2_PLACEMENT_3D ( 'NONE', #7268, #8710, #7402 ) ;
#4927 = ORIENTED_EDGE ( 'NONE', *, *, #1679, .T. ) ;
#4928 = DIRECTION ( 'NONE',  ( -1.000000000000000000, -0.0000000000000000000, -0.0000000000000000000 ) ) ;
#4929 = CIRCLE ( 'NONE', #2633, 2.999999999999999600 ) ;
#4930 = FILL_AREA_STYLE ('',( #2790 ) ) ;
#4931 = DIRECTION ( 'NONE',  ( 1.000000000000000000, 1.807003620809161800E-016, 0.0000000000000000000 ) ) ;
#4932 = DIRECTION ( 'NONE',  ( -1.000000000000000000, 0.0000000000000000000, -0.0000000000000000000 ) ) ;
#4933 =( GEOMETRIC_REPRESENTATION_CONTEXT ( 3 ) GLOBAL_UNCERTAINTY_ASSIGNED_CONTEXT ( ( #8448 ) ) GLOBAL_UNIT_ASSIGNED_CONTEXT ( ( #7415, #1686, #6093 ) ) REPRESENTATION_CONTEXT ( 'NONE', 'WORKASPACE' ) );
#4934 = AXIS2_PLACEMENT_3D ( 'NONE', #5965, #3817, #4125 ) ;
#4935 = EDGE_LOOP ( 'NONE', ( #2787, #401, #3905, #2098 ) ) ;
#4936 = SURFACE_STYLE_FILL_AREA ( #2228 ) ;
#4937 = ORIENTED_EDGE ( 'NONE', *, *, #6444, .F. ) ;
#4938 = ORIENTED_EDGE ( 'NONE', *, *, #6029, .F. ) ;
#4939 = FACE_OUTER_BOUND ( 'NONE', #486, .T. ) ;
#4940 = AXIS2_PLACEMENT_3D ( 'NONE', #5283, #3540, #3695 ) ;
#4941 = DIRECTION ( 'NONE',  ( -1.000000000000000000, -0.0000000000000000000, -0.0000000000000000000 ) ) ;
#4942 = AXIS2_PLACEMENT_3D ( 'NONE', #7198, #1899, #6907 ) ;
#4943 = PRODUCT_DEFINITION_FORMATION_WITH_SPECIFIED_SOURCE ( 'ANY', '', #6357, .NOT_KNOWN. ) ;
#4944 = CYLINDRICAL_SURFACE ( 'NONE', #4836, 1.249999999999994200 ) ;
#4945 = ORIENTED_EDGE ( 'NONE', *, *, #8063, .T. ) ;
#4946 = DIRECTION ( 'NONE',  ( 1.000000000000000000, 1.219727444046192700E-016, 0.0000000000000000000 ) ) ;
#4947 = EDGE_LOOP ( 'NONE', ( #1938, #6252, #7224, #7404 ) ) ;
#4948 = ORIENTED_EDGE ( 'NONE', *, *, #3152, .T. ) ;
#4949 = PRESENTATION_STYLE_ASSIGNMENT (( #1272 ) ) ;
#4950 = EDGE_CURVE ( 'NONE', #6242, #3860, #5631, .T. ) ;
#4951 =( REPRESENTATION_RELATIONSHIP ('NONE','NONE', #4393, #7928 ) REPRESENTATION_RELATIONSHIP_WITH_TRANSFORMATION ( #8154 )SHAPE_REPRESENTATION_RELATIONSHIP( ) );
#4952 = LINE ( 'NONE', #4245, #1576 ) ;
#4953 = AXIS2_PLACEMENT_3D ( 'NONE', #7211, #72, #8076 ) ;
#4954 = ORIENTED_EDGE ( 'NONE', *, *, #4988, .F. ) ;
#4955 = APPLICATION_PROTOCOL_DEFINITION ( 'draft international standard', 'automotive_design', 1998, #3444 ) ;
#4956 = SURFACE_STYLE_FILL_AREA ( #8428 ) ;
#4957 = CARTESIAN_POINT ( 'NONE',  ( -2.727187588314024900, 1.249979143294122500, 6.682713499884451700 ) ) ;
#4958 = AXIS2_PLACEMENT_3D ( 'NONE', #6834, #3660, #695 ) ;
#4959 = VECTOR ( 'NONE', #2101, 1000.000000000000000 ) ;
#4960 = ORIENTED_EDGE ( 'NONE', *, *, #5597, .F. ) ;
#4961 = DIRECTION ( 'NONE',  ( -0.0000000000000000000, 1.000000000000000000, -0.0000000000000000000 ) ) ;
#4962 = DIRECTION ( 'NONE',  ( -0.0000000000000000000, -0.0000000000000000000, -1.000000000000000000 ) ) ;
#4963 = UNCERTAINTY_MEASURE_WITH_UNIT (LENGTH_MEASURE( 1.000000000000000100E-005 ), #3421, 'distance_accuracy_value', 'NONE');
#4964 = AXIS2_PLACEMENT_3D ( 'NONE', #6560, #724, #3687 ) ;
#4965 = CYLINDRICAL_SURFACE ( 'NONE', #1805, 2.800000000000000300 ) ;
#4966 = CARTESIAN_POINT ( 'NONE',  ( -8.227241335952159700, -4.750000000000013300, 4.799999999999999800 ) ) ;
#4967 = DIRECTION ( 'NONE',  ( -6.308085367188390000E-017, 1.000000000000000000, 0.0000000000000000000 ) ) ;
#4968 =( NAMED_UNIT ( * ) PLANE_ANGLE_UNIT ( ) SI_UNIT ( $, .RADIAN. ) );
#4969 = VERTEX_POINT ( 'NONE', #8193 ) ;
#4970 = CARTESIAN_POINT ( 'NONE',  ( -25.00000000000000000, -7.750000000000578200, -13.42339375865780900 ) ) ;
#4971 = VERTEX_POINT ( 'NONE', #4703 ) ;
#4972 = CIRCLE ( 'NONE', #1813, 0.5000000000000000000 ) ;
#4973 = SURFACE_STYLE_USAGE ( .BOTH. , #4122 ) ;
#4974 = CARTESIAN_POINT ( 'NONE',  ( 7.749999999999874800, 13.42339375865887000, 0.0000000000000000000 ) ) ;
#4975 = VECTOR ( 'NONE', #7730, 1000.000000000000000 ) ;
#4976 = AXIS2_PLACEMENT_3D ( 'NONE', #2328, #7630, #4597 ) ;
#4977 = CARTESIAN_POINT ( 'NONE',  ( -25.00000000000000000, 13.42339375865977000, 6.500000000000566700 ) ) ;
#4978 = ORIENTED_EDGE ( 'NONE', *, *, #4602, .F. ) ;
#4979 = CARTESIAN_POINT ( 'NONE',  ( 0.7579850260068170500, -0.4218661790462447900, -13.04999999999999900 ) ) ;
#4980 = VERTEX_POINT ( 'NONE', #4292 ) ;
#4981 = DIRECTION ( 'NONE',  ( -1.000000000000000000, -0.0000000000000000000, -0.0000000000000000000 ) ) ;
#4982 = EDGE_CURVE ( 'NONE', #2622, #7562, #2741, .T. ) ;
#4983 = DIRECTION ( 'NONE',  ( 0.0000000000000000000, -1.000000000000000000, 0.0000000000000000000 ) ) ;
#4984 = COLOUR_RGB ( '',0.6509803921568627600, 0.6196078431372549200, 0.5882352941176470800 ) ;
#4985 = EDGE_LOOP ( 'NONE', ( #3975, #8600, #1815, #6998 ) ) ;
#4986 = CARTESIAN_POINT ( 'NONE',  ( 0.03012971658237818100, 4.578133820953755000, 0.0000000000000000000 ) ) ;
#4987 = VERTEX_POINT ( 'NONE', #2972 ) ;
#4988 = EDGE_CURVE ( 'NONE', #7294, #8720, #3665, .T. ) ;
#4989 = PRODUCT_DEFINITION ( 'UNKNOWN', '', #5989, #177 ) ;
#4990 = DIRECTION ( 'NONE',  ( -1.000000000000000000, 0.0000000000000000000, 0.0000000000000000000 ) ) ;
#4991 = DIRECTION ( 'NONE',  ( -0.0000000000000000000, -1.000000000000000000, -0.0000000000000000000 ) ) ;
#4992 = DIRECTION ( 'NONE',  ( 1.000000000000000000, -0.0000000000000000000, -0.0000000000000000000 ) ) ;
#4993 =( NAMED_UNIT ( * ) PLANE_ANGLE_UNIT ( ) SI_UNIT ( $, .RADIAN. ) );
#4994 = FILL_AREA_STYLE_COLOUR ( '', #6433 ) ;
#4995 = LINE ( 'NONE', #1160, #5921 ) ;
#4996 = FACE_OUTER_BOUND ( 'NONE', #2058, .T. ) ;
#4997 = CARTESIAN_POINT ( 'NONE',  ( 30.00000000000000000, -2.749999999999998200, 5.204748896376250700E-016 ) ) ;
#4998 = ADVANCED_FACE ( 'NONE', ( #6436 ), #18, .F. ) ;
#4999 = CIRCLE ( 'NONE', #8324, 11.94999999999999600 ) ;
#5000 = DIRECTION ( 'NONE',  ( -0.0000000000000000000, -1.149055390210327300E-016, 1.000000000000000000 ) ) ;
#5001 = DIRECTION ( 'NONE',  ( 0.0000000000000000000, 0.0000000000000000000, -1.000000000000000000 ) ) ;
#5002 = FACE_OUTER_BOUND ( 'NONE', #6841, .T. ) ;
#5003 = ORIENTED_EDGE ( 'NONE', *, *, #1516, .F. ) ;
#5004 = EDGE_CURVE ( 'NONE', #3463, #1554, #2073, .T. ) ;
#5005 = FILL_AREA_STYLE ('',( #8040 ) ) ;
#5006 = CARTESIAN_POINT ( 'NONE',  ( 0.0000000000000000000, -4.898587196589413000E-015, 0.0000000000000000000 ) ) ;
#5007 = CARTESIAN_POINT ( 'NONE',  ( 17.00000000000000000, 2.328133820953756800, 2.250000000000000000 ) ) ;
#5008 = PLANE ( 'NONE',  #5678 ) ;
#5009 = AXIS2_PLACEMENT_3D ( 'NONE', #7025, #6442, #8322 ) ;
#5010 = AXIS2_PLACEMENT_3D ( 'NONE', #2069, #6799, #8246 ) ;
#5011 = EDGE_LOOP ( 'NONE', ( #4659, #1929, #8716, #4945 ) ) ;
#5012 = SURFACE_SIDE_STYLE ('',( #8642 ) ) ;
#5013 = DIRECTION ( 'NONE',  ( -0.0000000000000000000, 1.149055390210327300E-016, -1.000000000000000000 ) ) ;
#5014 = DIRECTION ( 'NONE',  ( 0.9675004150201613800, 0.0000000000000000000, 0.2528694266529966600 ) ) ;
#5015 = DIRECTION ( 'NONE',  ( 0.0000000000000000000, 0.0000000000000000000, 1.000000000000000000 ) ) ;
#5016 = SPHERICAL_SURFACE ( 'NONE', #3554, 5.000000000000000900 ) ;
#5017 = AXIS2_PLACEMENT_3D ( 'NONE', #3155, #8226, #4330 ) ;
#5018 = DIRECTION ( 'NONE',  ( -0.5150380749100544900, 0.0000000000000000000, 0.8571673007021121100 ) ) ;
#5019 = SURFACE_STYLE_USAGE ( .BOTH. , #7768 ) ;
#5020 = DIRECTION ( 'NONE',  ( -1.000000000000000000, 0.0000000000000000000, 0.0000000000000000000 ) ) ;
#5021 = AXIS2_PLACEMENT_3D ( 'NONE', #1745, #1592, #476 ) ;
#5022 = EDGE_CURVE ( 'NONE', #5076, #6043, #3279, .T. ) ;
#5023 = AXIS2_PLACEMENT_3D ( 'NONE', #2160, #5158, #6597 ) ;
#5024 = AXIS2_PLACEMENT_3D ( 'NONE', #1950, #1377, #8122 ) ;
#5025 = SURFACE_SIDE_STYLE ('',( #2581 ) ) ;
#5026 = ORIENTED_EDGE ( 'NONE', *, *, #1167, .T. ) ;
#5027 =( GEOMETRIC_REPRESENTATION_CONTEXT ( 3 ) GLOBAL_UNCERTAINTY_ASSIGNED_CONTEXT ( ( #4023 ) ) GLOBAL_UNIT_ASSIGNED_CONTEXT ( ( #5865, #6469, #4725 ) ) REPRESENTATION_CONTEXT ( 'NONE', 'WORKASPACE' ) );
#5028 = CARTESIAN_POINT ( 'NONE',  ( 15.60000000000015100, -20.80000000000000100, 39.89999999999999900 ) ) ;
#5029 = AXIS2_PLACEMENT_3D ( 'NONE', #8151, #8002, #4252 ) ;
#5030 = LINE ( 'NONE', #5177, #6186 ) ;
#5031 = ORIENTED_EDGE ( 'NONE', *, *, #3874, .F. ) ;
#5032 =( NAMED_UNIT ( * ) PLANE_ANGLE_UNIT ( ) SI_UNIT ( $, .RADIAN. ) );
#5033 = CARTESIAN_POINT ( 'NONE',  ( 35.86999999999999700, 1.250000000000002000, 12.05000000000000100 ) ) ;
#5034 = DIRECTION ( 'NONE',  ( 0.0000000000000000000, -1.000000000000000000, 0.0000000000000000000 ) ) ;
#5035 = EDGE_LOOP ( 'NONE', ( #2887, #801, #4340, #7652 ) ) ;
#5036 = CLOSED_SHELL ( 'NONE', ( #3244, #6537, #1097, #8227, #6608, #6553, #7868, #4032, #8091, #3393 ) ) ;
#5037 = FILL_AREA_STYLE_COLOUR ( '', #3366 ) ;
#5038 = EDGE_CURVE ( 'NONE', #2255, #699, #6880, .T. ) ;
#5039 = PLANE ( 'NONE',  #2269 ) ;
#5040 = ORIENTED_EDGE ( 'NONE', *, *, #6659, .T. ) ;
#5041 = FACE_OUTER_BOUND ( 'NONE', #2033, .T. ) ;
#5042 = EDGE_CURVE ( 'NONE', #5332, #3061, #5137, .T. ) ;
#5043 = FACE_BOUND ( 'NONE', #2250, .T. ) ;
#5044 = ORIENTED_EDGE ( 'NONE', *, *, #5496, .F. ) ;
#5045 = PRESENTATION_LAYER_ASSIGNMENT (  '', '', ( #1493 ) ) ;
#5046 = LINE ( 'NONE', #3594, #3477 ) ;
#5047 = DIRECTION ( 'NONE',  ( -1.000000000000000000, -1.219727444046192700E-016, 0.0000000000000000000 ) ) ;
#5048 = CARTESIAN_POINT ( 'NONE',  ( 5.030129716582378000, 5.078133820953756800, 6.123233995736766300E-016 ) ) ;
#5049 = VECTOR ( 'NONE', #5857, 1000.000000000000000 ) ;
#5050 = VERTEX_POINT ( 'NONE', #3437 ) ;
#5051 = VECTOR ( 'NONE', #5224, 1000.000000000000000 ) ;
#5052 = DIRECTION ( 'NONE',  ( 0.0000000000000000000, 0.0000000000000000000, 1.000000000000000000 ) ) ;
#5053 = FACE_OUTER_BOUND ( 'NONE', #6769, .T. ) ;
#5054 = DIRECTION ( 'NONE',  ( 0.0000000000000000000, 0.0000000000000000000, -1.000000000000000000 ) ) ;
#5055 = EDGE_CURVE ( 'NONE', #3291, #3108, #8333, .T. ) ;
#5056 = FILL_AREA_STYLE ('',( #5906 ) ) ;
#5057 = CIRCLE ( 'NONE', #6655, 1.249999999999997600 ) ;
#5058 = EDGE_CURVE ( 'NONE', #7526, #5775, #8347, .T. ) ;
#5059 = EDGE_LOOP ( 'NONE', ( #4083, #5187, #4084, #5082 ) ) ;
#5060 = UNCERTAINTY_MEASURE_WITH_UNIT (LENGTH_MEASURE( 1.000000000000000100E-005 ), #1283, 'distance_accuracy_value', 'NONE');
#5061 = CARTESIAN_POINT ( 'NONE',  ( 9.500000000000000000, 1.078133820953755700, 5.000000000000000000 ) ) ;
#5062 = CARTESIAN_POINT ( 'NONE',  ( -5.968668997490165200, -0.6306622085690019000, 5.508542773723241300 ) ) ;
#5063 = SURFACE_STYLE_USAGE ( .BOTH. , #7087 ) ;
#5064 = FACE_BOUND ( 'NONE', #6555, .T. ) ;
#5065 = ORIENTED_EDGE ( 'NONE', *, *, #2485, .T. ) ;
#5066 = CARTESIAN_POINT ( 'NONE',  ( -24.00000000000000000, 13.42339375865977000, 6.500000000000561300 ) ) ;
#5067 = PRESENTATION_STYLE_ASSIGNMENT (( #661 ) ) ;
#5068 = ORIENTED_EDGE ( 'NONE', *, *, #5502, .F. ) ;
#5069 = CARTESIAN_POINT ( 'NONE',  ( -13.00000000000000200, 1.530808409109832400E-016, 3.649999999999998600 ) ) ;
#5070 = STYLED_ITEM ( 'NONE', ( #705 ), #8782 ) ;
#5071 = DIRECTION ( 'NONE',  ( 0.0000000000000000000, -1.000000000000000000, 0.0000000000000000000 ) ) ;
#5072 = EDGE_CURVE ( 'NONE', #5775, #7526, #1696, .T. ) ;
#5073 = UNCERTAINTY_MEASURE_WITH_UNIT (LENGTH_MEASURE( 1.000000000000000100E-005 ), #6876, 'distance_accuracy_value', 'NONE');
#5074 = STYLED_ITEM ( 'NONE', ( #8463 ), #7886 ) ;
#5075 = CYLINDRICAL_SURFACE ( 'NONE', #5451, 1.000000000000007800 ) ;
#5076 = VERTEX_POINT ( 'NONE', #7905 ) ;
#5077 = CARTESIAN_POINT ( 'NONE',  ( 35.86999999999999700, -1.249999999999998000, 13.04999999999999900 ) ) ;
#5078 = ADVANCED_FACE ( 'NONE', ( #4442 ), #1044, .T. ) ;
#5079 = VERTEX_POINT ( 'NONE', #8341 ) ;
#5080 = SURFACE_SIDE_STYLE ('',( #5501 ) ) ;
#5081 = VERTEX_POINT ( 'NONE', #614 ) ;
#5082 = ORIENTED_EDGE ( 'NONE', *, *, #655, .F. ) ;
#5083 = DIRECTION ( 'NONE',  ( -0.0000000000000000000, -1.000000000000000000, -0.0000000000000000000 ) ) ;
#5084 = CARTESIAN_POINT ( 'NONE',  ( -18.79999999999984800, -18.79999999999999700, 51.20000000000000300 ) ) ;
#5085 = DIRECTION ( 'NONE',  ( -0.0000000000000000000, 1.000000000000000000, -0.0000000000000000000 ) ) ;
#5086 = CARTESIAN_POINT ( 'NONE',  ( -18.79999999999984800, -18.79999999999999700, 2.000000000000000000 ) ) ;
#5087 = SURFACE_SIDE_STYLE ('',( #2783 ) ) ;
#5088 = ORIENTED_EDGE ( 'NONE', *, *, #7333, .T. ) ;
#5089 =( NAMED_UNIT ( * ) PLANE_ANGLE_UNIT ( ) SI_UNIT ( $, .RADIAN. ) );
#5090 = DIRECTION ( 'NONE',  ( -1.156482317317870300E-015, 0.0000000000000000000, 1.000000000000000000 ) ) ;
#5091 = FILL_AREA_STYLE_COLOUR ( '', #212 ) ;
#5092 = ORIENTED_EDGE ( 'NONE', *, *, #3098, .T. ) ;
#5093 = ORIENTED_EDGE ( 'NONE', *, *, #4003, .T. ) ;
#5094 = AXIS2_PLACEMENT_3D ( 'NONE', #2649, #1668, #7695 ) ;
#5095 = ORIENTED_EDGE ( 'NONE', *, *, #7350, .T. ) ;
#5096 =( LENGTH_UNIT ( ) NAMED_UNIT ( * ) SI_UNIT ( .MILLI., .METRE. ) );
#5097 =( NAMED_UNIT ( * ) SI_UNIT ( $, .STERADIAN. ) SOLID_ANGLE_UNIT ( ) );
#5098 = DIRECTION ( 'NONE',  ( 0.5475537709387658900, -0.8244417573793918500, 0.1431106446771774600 ) ) ;
#5099 = ORIENTED_EDGE ( 'NONE', *, *, #3214, .T. ) ;
#5100 = VERTEX_POINT ( 'NONE', #8210 ) ;
#5101 = DIRECTION ( 'NONE',  ( 0.0000000000000000000, 0.0000000000000000000, 1.000000000000000000 ) ) ;
#5102 = LINE ( 'NONE', #1266, #2750 ) ;
#5103 = ADVANCED_FACE ( 'NONE', ( #4311 ), #8277, .T. ) ;
#5104 = DIRECTION ( 'NONE',  ( 0.0000000000000000000, -0.0000000000000000000, 1.000000000000000000 ) ) ;
#5105 = ORIENTED_EDGE ( 'NONE', *, *, #4576, .T. ) ;
#5106 = CARTESIAN_POINT ( 'NONE',  ( -2.731078189220352800, 1.241583518997451600, 6.766550328427677600 ) ) ;
#5107 = VERTEX_POINT ( 'NONE', #5247 ) ;
#5108 = FILL_AREA_STYLE ('',( #8577 ) ) ;
#5109 = PRESENTATION_LAYER_ASSIGNMENT (  '', '', ( #2853 ) ) ;
#5110 = DIRECTION ( 'NONE',  ( 1.000000000000000000, 6.308085367188390000E-017, 0.0000000000000000000 ) ) ;
#5111 = SURFACE_STYLE_USAGE ( .BOTH. , #2810 ) ;
#5112 = ORIENTED_EDGE ( 'NONE', *, *, #7330, .F. ) ;
#5113 = FACE_OUTER_BOUND ( 'NONE', #981, .T. ) ;
#5114 = VERTEX_POINT ( 'NONE', #2799 ) ;
#5115 = CYLINDRICAL_SURFACE ( 'NONE', #1203, 1.200000000000000200 ) ;
#5116 = COLOUR_RGB ( '',1.000000000000000000, 1.000000000000000000, 1.000000000000000000 ) ;
#5117 = FILL_AREA_STYLE ('',( #6715 ) ) ;
#5118 = CARTESIAN_POINT ( 'NONE',  ( 1.030129716582386400, 2.578133820953755900, 0.0000000000000000000 ) ) ;
#5119 = EDGE_CURVE ( 'NONE', #682, #426, #4092, .T. ) ;
#5120 = EDGE_CURVE ( 'NONE', #1694, #7255, #1260, .T. ) ;
#5121 = VERTEX_POINT ( 'NONE', #698 ) ;
#5122 = PLANE ( 'NONE',  #4934 ) ;
#5123 = CARTESIAN_POINT ( 'NONE',  ( -15.59999999999984900, 18.80100000000015100, 35.10000000000000100 ) ) ;
#5124 = VERTEX_POINT ( 'NONE', #839 ) ;
#5125 = LINE ( 'NONE', #1291, #7513 ) ;
#5126 = DIRECTION ( 'NONE',  ( -0.0000000000000000000, -1.000000000000000000, -0.0000000000000000000 ) ) ;
#5127 = VECTOR ( 'NONE', #8848, 1000.000000000000000 ) ;
#5128 = ORIENTED_EDGE ( 'NONE', *, *, #203, .T. ) ;
#5129 = FILL_AREA_STYLE_COLOUR ( '', #2890 ) ;
#5130 = FACE_OUTER_BOUND ( 'NONE', #244, .T. ) ;
#5131 = DIRECTION ( 'NONE',  ( -1.000000000000000000, -7.703719777548944800E-033, -0.0000000000000000000 ) ) ;
#5132 = CIRCLE ( 'NONE', #388, 3.000000000000000000 ) ;
#5133 = DIRECTION ( 'NONE',  ( 0.0000000000000000000, 0.0000000000000000000, 1.000000000000000000 ) ) ;
#5134 = STYLED_ITEM ( 'NONE', ( #8403 ), #3165 ) ;
#5135 = CARTESIAN_POINT ( 'NONE',  ( 18.80000000000015300, -20.80000000000000100, 48.20000000000000300 ) ) ;
#5136 = DIRECTION ( 'NONE',  ( -1.000000000000000000, -1.219727444046192700E-016, -0.0000000000000000000 ) ) ;
#5137 = CIRCLE ( 'NONE', #127, 17.75000000000000400 ) ;
#5138 = FACE_OUTER_BOUND ( 'NONE', #7691, .T. ) ;
#5139 = MECHANICAL_DESIGN_GEOMETRIC_PRESENTATION_REPRESENTATION (  '', ( #1214 ), #4479 ) ;
#5140 =( NAMED_UNIT ( * ) SI_UNIT ( $, .STERADIAN. ) SOLID_ANGLE_UNIT ( ) );
#5141 = LINE ( 'NONE', #1735, #7659 ) ;
#5142 = EDGE_CURVE ( 'NONE', #4451, #6349, #3414, .T. ) ;
#5143 = CARTESIAN_POINT ( 'NONE',  ( 15.60000000000015100, -18.79999999999999700, 39.89999999999999900 ) ) ;
#5144 = DIRECTION ( 'NONE',  ( 0.0000000000000000000, 0.0000000000000000000, -1.000000000000000000 ) ) ;
#5145 = DIRECTION ( 'NONE',  ( 0.0000000000000000000, -1.000000000000000000, 0.0000000000000000000 ) ) ;
#5146 = DIRECTION ( 'NONE',  ( 0.0000000000000000000, 0.0000000000000000000, -1.000000000000000000 ) ) ;
#5147 = DIRECTION ( 'NONE',  ( 0.0000000000000000000, -1.000000000000000000, 0.0000000000000000000 ) ) ;
#5148 = CARTESIAN_POINT ( 'NONE',  ( 0.03012971658237860800, 1.078133820953754800, 0.0000000000000000000 ) ) ;
#5149 = PRESENTATION_STYLE_ASSIGNMENT (( #2280 ) ) ;
#5150 = CARTESIAN_POINT ( 'NONE',  ( 0.03012971658237811900, 5.078133820953755900, 0.0000000000000000000 ) ) ;
#5151 = EDGE_CURVE ( 'NONE', #8709, #8722, #7352, .T. ) ;
#5152 = ORIENTED_EDGE ( 'NONE', *, *, #3735, .F. ) ;
#5153 = AXIS2_PLACEMENT_3D ( 'NONE', #6340, #5614, #6334 ) ;
#5154 = AXIS2_PLACEMENT_3D ( 'NONE', #8492, #6310, #4587 ) ;
#5155 = LINE ( 'NONE', #5855, #4314 ) ;
#5156 = VECTOR ( 'NONE', #4873, 1000.000000000000000 ) ;
#5157 = CARTESIAN_POINT ( 'NONE',  ( 0.9135550145826626400, 0.6812299393704310800, 2.686727433228566700 ) ) ;
#5158 = DIRECTION ( 'NONE',  ( -1.000000000000000000, -0.0000000000000000000, -0.0000000000000000000 ) ) ;
#5159 = CARTESIAN_POINT ( 'NONE',  ( 0.0000000000000000000, 5.000000000000000000, 0.0000000000000000000 ) ) ;
#5160 = ORIENTED_EDGE ( 'NONE', *, *, #3753, .F. ) ;
#5161 =( LENGTH_UNIT ( ) NAMED_UNIT ( * ) SI_UNIT ( .MILLI., .METRE. ) );
#5162 = CARTESIAN_POINT ( 'NONE',  ( -9.399999999999970200, -13.42339375865881700, 51.20100000000000100 ) ) ;
#5163 = SURFACE_STYLE_FILL_AREA ( #7183 ) ;
#5164 = CARTESIAN_POINT ( 'NONE',  ( 8.227241335952197000, 3.174999999999957200, 4.799999999999999800 ) ) ;
#5165 = VECTOR ( 'NONE', #7472, 1000.000000000000000 ) ;
#5166 = DIRECTION ( 'NONE',  ( -1.000000000000000000, 0.0000000000000000000, 0.0000000000000000000 ) ) ;
#5167 = MECHANICAL_DESIGN_GEOMETRIC_PRESENTATION_REPRESENTATION (  '', ( #4606 ), #428 ) ;
#5168 = DIRECTION ( 'NONE',  ( -0.0000000000000000000, -1.000000000000000000, -0.0000000000000000000 ) ) ;
#5169 = EDGE_CURVE ( 'NONE', #8089, #1073, #8278, .T. ) ;
#5170 = EDGE_LOOP ( 'NONE', ( #431, #8685 ) ) ;
#5171 = CYLINDRICAL_SURFACE ( 'NONE', #4872, 1.649999999999997900 ) ;
#5172 = APPLICATION_CONTEXT ( 'automotive_design' ) ;
#5173 = VERTEX_POINT ( 'NONE', #2663 ) ;
#5174 = COLOUR_RGB ( '',0.007843137254901960700, 0.2392156862745097900, 0.8235294117647058400 ) ;
#5175 = FACE_OUTER_BOUND ( 'NONE', #8821, .T. ) ;
#5176 = UNCERTAINTY_MEASURE_WITH_UNIT (LENGTH_MEASURE( 1.000000000000000100E-005 ), #8088, 'distance_accuracy_value', 'NONE');
#5177 = CARTESIAN_POINT ( 'NONE',  ( -25.00000000000000000, -7.749999999999427100, 12.17339375865979200 ) ) ;
#5178 = CIRCLE ( 'NONE', #8046, 1.599999999999999000 ) ;
#5179 = VERTEX_POINT ( 'NONE', #1971 ) ;
#5180 = EDGE_CURVE ( 'NONE', #5578, #892, #2114, .T. ) ;
#5181 = EDGE_CURVE ( 'NONE', #8711, #1112, #4532, .T. ) ;
#5182 = CARTESIAN_POINT ( 'NONE',  ( -18.80000000000015300, -2.765565554341287700E-013, 0.0000000000000000000 ) ) ;
#5183 = AXIS2_PLACEMENT_3D ( 'NONE', #2307, #7191, #7325 ) ;
#5184 = PRESENTATION_STYLE_ASSIGNMENT (( #65 ) ) ;
#5185 = CARTESIAN_POINT ( 'NONE',  ( -2.743299853866906400, -1.216103671979467100, 2.068327277581084400 ) ) ;
#5186 = COLOUR_RGB ( '',0.7764705882352941300, 0.7568627450980391900, 0.7372549019607843600 ) ;
#5187 = ORIENTED_EDGE ( 'NONE', *, *, #1292, .T. ) ;
#5188 = STYLED_ITEM ( 'NONE', ( #2364 ), #8569 ) ;
#5189 = CARTESIAN_POINT ( 'NONE',  ( 29.99999999999999600, -17.75000000000000400, 0.0000000000000000000 ) ) ;
#5190 = STYLED_ITEM ( 'NONE', ( #2593 ), #3017 ) ;
#5191 = STYLED_ITEM ( 'NONE', ( #4260 ), #797 ) ;
#5192 = MECHANICAL_DESIGN_GEOMETRIC_PRESENTATION_REPRESENTATION (  '', ( #2135 ), #4523 ) ;
#5193 = PRESENTATION_LAYER_ASSIGNMENT (  '', '', ( #3186 ) ) ;
#5194 = ORIENTED_EDGE ( 'NONE', *, *, #3805, .T. ) ;
#5195 = UNCERTAINTY_MEASURE_WITH_UNIT (LENGTH_MEASURE( 1.000000000000000100E-005 ), #4277, 'distance_accuracy_value', 'NONE');
#5196 = FACE_BOUND ( 'NONE', #2747, .T. ) ;
#5197 = CARTESIAN_POINT ( 'NONE',  ( 15.03012971658238000, 1.078133820953756300, 0.0000000000000000000 ) ) ;
#5198 = ORIENTED_EDGE ( 'NONE', *, *, #345, .F. ) ;
#5199 = EDGE_CURVE ( 'NONE', #8129, #8480, #291, .T. ) ;
#5200 = SURFACE_STYLE_USAGE ( .BOTH. , #3611 ) ;
#5201 = VECTOR ( 'NONE', #1660, 1000.000000000000000 ) ;
#5202 = AXIS2_PLACEMENT_3D ( 'NONE', #111, #5083, #6225 ) ;
#5203 = CIRCLE ( 'NONE', #2774, 1.599999999999999000 ) ;
#5204 = DIRECTION ( 'NONE',  ( 1.000000000000000000, 1.219727444046192700E-016, 0.0000000000000000000 ) ) ;
#5205 = CYLINDRICAL_SURFACE ( 'NONE', #1891, 1.650000000000003000 ) ;
#5206 = ORIENTED_EDGE ( 'NONE', *, *, #7350, .F. ) ;
#5207 = SURFACE_SIDE_STYLE ('',( #368 ) ) ;
#5208 = ADVANCED_FACE ( 'NONE', ( #7989 ), #4516, .F. ) ;
#5209 =( LENGTH_UNIT ( ) NAMED_UNIT ( * ) SI_UNIT ( .MILLI., .METRE. ) );
#5210 = DIRECTION ( 'NONE',  ( 0.0000000000000000000, 0.0000000000000000000, -1.000000000000000000 ) ) ;
#5211 = MECHANICAL_DESIGN_GEOMETRIC_PRESENTATION_REPRESENTATION (  '', ( #7248 ), #6705 ) ;
#5212 = VERTEX_POINT ( 'NONE', #1972 ) ;
#5213 = DIRECTION ( 'NONE',  ( -0.0000000000000000000, -0.0000000000000000000, -1.000000000000000000 ) ) ;
#5214 = EDGE_LOOP ( 'NONE', ( #954, #4333, #7341, #8694 ) ) ;
#5215 = DIRECTION ( 'NONE',  ( 0.0000000000000000000, -1.000000000000000000, 0.0000000000000000000 ) ) ;
#5216 = CARTESIAN_POINT ( 'NONE',  ( -5.999999999999999100, 0.0000000000000000000, 5.349999999999999600 ) ) ;
#5217 = CYLINDRICAL_SURFACE ( 'NONE', #3838, 1.600000000000000800 ) ;
#5218 = CARTESIAN_POINT ( 'NONE',  ( -15.59999999999984900, -20.80000000000000100, 14.30000000000000100 ) ) ;
#5219 = APPLICATION_CONTEXT ( 'automotive_design' ) ;
#5220 = ADVANCED_FACE ( 'NONE', ( #846 ), #1399, .T. ) ;
#5221 = ORIENTED_EDGE ( 'NONE', *, *, #5768, .T. ) ;
#5222 = CARTESIAN_POINT ( 'NONE',  ( -12.93977664743438500, -1.249872125827334900, 2.566090753109759900 ) ) ;
#5223 = EDGE_CURVE ( 'NONE', #7710, #6798, #5259, .T. ) ;
#5224 = DIRECTION ( 'NONE',  ( -0.0000000000000000000, -0.0000000000000000000, -1.000000000000000000 ) ) ;
#5225 = AXIS2_PLACEMENT_3D ( 'NONE', #960, #5929, #7106 ) ;
#5226 = ADVANCED_FACE ( 'NONE', ( #6068 ), #4249, .T. ) ;
#5227 = ORIENTED_EDGE ( 'NONE', *, *, #4924, .T. ) ;
#5228 = DIRECTION ( 'NONE',  ( 1.000000000000000000, -0.0000000000000000000, -0.0000000000000000000 ) ) ;
#5229 = CARTESIAN_POINT ( 'NONE',  ( -15.50000000000000000, 0.0000000000000000000, 51.20100000000000100 ) ) ;
#5230 = AXIS2_PLACEMENT_3D ( 'NONE', #3691, #2267, #145 ) ;
#5231 = ORIENTED_EDGE ( 'NONE', *, *, #2651, .F. ) ;
#5232 = ORIENTED_EDGE ( 'NONE', *, *, #533, .T. ) ;
#5233 = ORIENTED_EDGE ( 'NONE', *, *, #3904, .T. ) ;
#5234 = FACE_BOUND ( 'NONE', #7335, .T. ) ;
#5235 = DIRECTION ( 'NONE',  ( -1.000000000000000000, -1.219727444046192700E-016, -0.0000000000000000000 ) ) ;
#5236 = AXIS2_PLACEMENT_3D ( 'NONE', #150, #6122, #4825 ) ;
#5237 = ORIENTED_EDGE ( 'NONE', *, *, #8062, .F. ) ;
#5238 = SURFACE_STYLE_USAGE ( .BOTH. , #1665 ) ;
#5239 = ORIENTED_EDGE ( 'NONE', *, *, #207, .F. ) ;
#5240 = ORIENTED_EDGE ( 'NONE', *, *, #925, .F. ) ;
#5241 = CARTESIAN_POINT ( 'NONE',  ( 0.8312045148683042700, 2.727583696466712800, 0.1222561872248376900 ) ) ;
#5242 = EDGE_CURVE ( 'NONE', #5100, #5817, #2910, .T. ) ;
#5243 = EDGE_CURVE ( 'NONE', #294, #3953, #456, .T. ) ;
#5244 = DIRECTION ( 'NONE',  ( 0.0000000000000000000, 0.0000000000000000000, -1.000000000000000000 ) ) ;
#5245 = CIRCLE ( 'NONE', #4783, 8.579999999999998300 ) ;
#5246 = ORIENTED_EDGE ( 'NONE', *, *, #6136, .T. ) ;
#5247 = CARTESIAN_POINT ( 'NONE',  ( 18.80000000000015300, -18.79999999999999700, 2.000000000000000000 ) ) ;
#5248 = CARTESIAN_POINT ( 'NONE',  ( 0.0000000000000000000, 2.189999999999999900, -0.9200000000000000400 ) ) ;
#5249 = EDGE_LOOP ( 'NONE', ( #6824, #1826, #1340, #5227 ) ) ;
#5250 = ORIENTED_EDGE ( 'NONE', *, *, #6853, .T. ) ;
#5251 = DIRECTION ( 'NONE',  ( 0.0000000000000000000, 0.0000000000000000000, 1.000000000000000000 ) ) ;
#5252 = DIRECTION ( 'NONE',  ( -1.467842941211163900E-014, 1.000000000000000000, 0.0000000000000000000 ) ) ;
#5253 = AXIS2_PLACEMENT_3D ( 'NONE', #5491, #7121, #3189 ) ;
#5254 = CARTESIAN_POINT ( 'NONE',  ( -15.59999999999984900, -20.80000000000000100, 28.69999999999999900 ) ) ;
#5255 = CARTESIAN_POINT ( 'NONE',  ( 8.030129716582378000, 4.578133820953755900, 0.0000000000000000000 ) ) ;
#5256 = CARTESIAN_POINT ( 'NONE',  ( 29.99999999999999600, 17.75000000000000400, 2.173748068486552000E-015 ) ) ;
#5257 = ORIENTED_EDGE ( 'NONE', *, *, #8530, .T. ) ;
#5258 = CARTESIAN_POINT ( 'NONE',  ( -24.00000000000000000, -7.750000000000578200, -12.17339375865781100 ) ) ;
#5259 = LINE ( 'NONE', #3226, #7180 ) ;
#5260 = EDGE_LOOP ( 'NONE', ( #1490, #5895, #8141, #5954 ) ) ;
#5261 = AXIS2_PLACEMENT_3D ( 'NONE', #1905, #1064, #4326 ) ;
#5262 = VECTOR ( 'NONE', #7955, 1000.000000000000000 ) ;
#5263 = ORIENTED_EDGE ( 'NONE', *, *, #6142, .T. ) ;
#5264 = DIRECTION ( 'NONE',  ( 0.0000000000000000000, 0.0000000000000000000, 1.000000000000000000 ) ) ;
#5265 = DIRECTION ( 'NONE',  ( -0.0000000000000000000, -1.000000000000000000, -0.0000000000000000000 ) ) ;
#5266 = ORIENTED_EDGE ( 'NONE', *, *, #5784, .F. ) ;
#5267 = EDGE_CURVE ( 'NONE', #5657, #2646, #7973, .T. ) ;
#5268 =( NAMED_UNIT ( * ) PLANE_ANGLE_UNIT ( ) SI_UNIT ( $, .RADIAN. ) );
#5269 = CIRCLE ( 'NONE', #6183, 1.574999999999997500 ) ;
#5270 = ORIENTED_EDGE ( 'NONE', *, *, #4876, .T. ) ;
#5271 = DIRECTION ( 'NONE',  ( -1.219727444046192700E-016, 1.000000000000000000, -0.0000000000000000000 ) ) ;
#5272 = VERTEX_POINT ( 'NONE', #8841 ) ;
#5273 = DIRECTION ( 'NONE',  ( -1.000000000000000000, 0.0000000000000000000, 0.0000000000000000000 ) ) ;
#5274 = EDGE_CURVE ( 'NONE', #5624, #8414, #3651, .T. ) ;
#5275 = LINE ( 'NONE', #1013, #789 ) ;
#5276 = SURFACE_SIDE_STYLE ('',( #2677 ) ) ;
#5277 = ORIENTED_EDGE ( 'NONE', *, *, #203, .F. ) ;
#5278 = ORIENTED_EDGE ( 'NONE', *, *, #4751, .F. ) ;
#5279 = LINE ( 'NONE', #8019, #4051 ) ;
#5280 = UNCERTAINTY_MEASURE_WITH_UNIT (LENGTH_MEASURE( 1.000000000000000100E-005 ), #5096, 'distance_accuracy_value', 'NONE');
#5281 = DIRECTION ( 'NONE',  ( 1.000000000000000000, 0.0000000000000000000, 0.0000000000000000000 ) ) ;
#5282 = AXIS2_PLACEMENT_3D ( 'NONE', #626, #7461, #4867 ) ;
#5283 = CARTESIAN_POINT ( 'NONE',  ( 0.03012971658237818100, 4.578133820953755000, 0.0000000000000000000 ) ) ;
#5284 = CARTESIAN_POINT ( 'NONE',  ( 15.60000000000015100, -18.79999999999999700, 7.899999999999997700 ) ) ;
#5285 = DIRECTION ( 'NONE',  ( -1.219727444046192700E-016, 1.000000000000000000, -0.0000000000000000000 ) ) ;
#5286 = SURFACE_STYLE_FILL_AREA ( #1294 ) ;
#5287 = FACE_OUTER_BOUND ( 'NONE', #5011, .T. ) ;
#5288 = CARTESIAN_POINT ( 'NONE',  ( -25.00000000000000000, -1.577021341797097400E-015, -14.25000000000001100 ) ) ;
#5289 = VERTEX_POINT ( 'NONE', #1662 ) ;
#5290 = FACE_OUTER_BOUND ( 'NONE', #2944, .T. ) ;
#5291 = DIRECTION ( 'NONE',  ( 0.0000000000000000000, 0.0000000000000000000, -1.000000000000000000 ) ) ;
#5292 = FACE_OUTER_BOUND ( 'NONE', #1536, .T. ) ;
#5293 = SURFACE_STYLE_USAGE ( .BOTH. , #3993 ) ;
#5294 = SURFACE_STYLE_FILL_AREA ( #6279 ) ;
#5295 = CIRCLE ( 'NONE', #7109, 1.200000000000008200 ) ;
#5296 = DIRECTION ( 'NONE',  ( 0.0000000000000000000, 0.0000000000000000000, -1.000000000000000000 ) ) ;
#5297 = EDGE_CURVE ( 'NONE', #4480, #7703, #4315, .T. ) ;
#5298 = CARTESIAN_POINT ( 'NONE',  ( 1.267841945288755300, 0.2810334346504531100, 0.2810334346504562700 ) ) ;
#5299 = VECTOR ( 'NONE', #6434, 1000.000000000000000 ) ;
#5300 = CARTESIAN_POINT ( 'NONE',  ( 8.227241335952131300, -3.175000000000067300, 4.799999999999999800 ) ) ;
#5301 = DIRECTION ( 'NONE',  ( -1.219727444046192700E-016, 1.000000000000000000, 0.0000000000000000000 ) ) ;
#5302 = CARTESIAN_POINT ( 'NONE',  ( 35.86999999999999700, 1.250000000000002000, -12.05000000000000100 ) ) ;
#5303 = VECTOR ( 'NONE', #7457, 1000.000000000000000 ) ;
#5304 = VECTOR ( 'NONE', #1130, 1000.000000000000200 ) ;
#5305 = FILL_AREA_STYLE ('',( #5570 ) ) ;
#5306 = SURFACE_SIDE_STYLE ('',( #6750 ) ) ;
#5307 = DIRECTION ( 'NONE',  ( 0.0000000000000000000, 0.0000000000000000000, -1.000000000000000000 ) ) ;
#5308 = VECTOR ( 'NONE', #3728, 1000.000000000000000 ) ;
#5309 = VERTEX_POINT ( 'NONE', #5509 ) ;
#5310 = COLOUR_RGB ( '',0.1019607843137254900, 0.1019607843137254900, 0.1019607843137254900 ) ;
#5311 = DIRECTION ( 'NONE',  ( -1.000000000000000000, -6.308085367188390000E-017, -0.0000000000000000000 ) ) ;
#5312 = ADVANCED_FACE ( 'NONE', ( #8274 ), #3060, .F. ) ;
#5313 = DIRECTION ( 'NONE',  ( -0.0000000000000000000, 1.000000000000000000, -0.0000000000000000000 ) ) ;
#5314 = EDGE_CURVE ( 'NONE', #2773, #465, #2967, .T. ) ;
#5315 = DIRECTION ( 'NONE',  ( 0.0000000000000000000, -0.0000000000000000000, 1.000000000000000000 ) ) ;
#5316 = PRESENTATION_LAYER_ASSIGNMENT (  '', '', ( #1214 ) ) ;
#5317 = ORIENTED_EDGE ( 'NONE', *, *, #809, .F. ) ;
#5318 = ORIENTED_EDGE ( 'NONE', *, *, #8595, .F. ) ;
#5319 =( NAMED_UNIT ( * ) PLANE_ANGLE_UNIT ( ) SI_UNIT ( $, .RADIAN. ) );
#5320 = SURFACE_STYLE_FILL_AREA ( #1889 ) ;
#5321 = ORIENTED_EDGE ( 'NONE', *, *, #2795, .F. ) ;
#5322 = CLOSED_SHELL ( 'NONE', ( #8184, #4013, #1556, #420, #4211, #642, #6376, #5437, #5579, #6921, #2314, #797, #912, #4691, #5549, #3765, #2627, #8627, #6846, #4028, #6501, #3569, #6044, #6413, #2675, #6678, #2809, #7131, #8364, #5342, #6441, #5426, #3326, #8237, #7524, #7719, #2901, #4717, #6774, #1138, #1222, #6333, #5103, #7120, #8569, #7886, #4065, #1356, #4337, #7784, #523, #1519, #4698, #1944 ) ) ;
#5323 = ORIENTED_EDGE ( 'NONE', *, *, #108, .F. ) ;
#5324 = EDGE_CURVE ( 'NONE', #3219, #384, #1395, .T. ) ;
#5325 = DIRECTION ( 'NONE',  ( -1.000000000000000000, -0.0000000000000000000, -0.0000000000000000000 ) ) ;
#5326 = CYLINDRICAL_SURFACE ( 'NONE', #2682, 1.600000000000004100 ) ;
#5327 = DIRECTION ( 'NONE',  ( -1.000000000000000000, -0.0000000000000000000, -0.0000000000000000000 ) ) ;
#5328 = VERTEX_POINT ( 'NONE', #5950 ) ;
#5329 = UNCERTAINTY_MEASURE_WITH_UNIT (LENGTH_MEASURE( 1.000000000000000100E-005 ), #5625, 'distance_accuracy_value', 'NONE');
#5330 = CARTESIAN_POINT ( 'NONE',  ( 6.599999999999998800, 7.000000000000000900, 51.20100000000000100 ) ) ;
#5331 = EDGE_CURVE ( 'NONE', #4525, #2313, #2378, .T. ) ;
#5332 = VERTEX_POINT ( 'NONE', #5256 ) ;
#5333 = CARTESIAN_POINT ( 'NONE',  ( -3.000000000000000000, 0.0000000000000000000, 1.149999999999998400 ) ) ;
#5334 = ORIENTED_EDGE ( 'NONE', *, *, #2784, .T. ) ;
#5335 = AXIS2_PLACEMENT_3D ( 'NONE', #8565, #7974, #1520 ) ;
#5336 = CIRCLE ( 'NONE', #2900, 1.249999999999999300 ) ;
#5337 = ADVANCED_FACE ( 'NONE', ( #5526 ), #4944, .F. ) ;
#5338 = ORIENTED_EDGE ( 'NONE', *, *, #505, .T. ) ;
#5339 = AXIS2_PLACEMENT_3D ( 'NONE', #3116, #4279, #3697 ) ;
#5340 = SURFACE_STYLE_FILL_AREA ( #2054 ) ;
#5341 = DIRECTION ( 'NONE',  ( -0.0000000000000000000, 1.149055390210327300E-016, -1.000000000000000000 ) ) ;
#5342 = ADVANCED_FACE ( 'NONE', ( #1959 ), #7842, .F. ) ;
#5343 = CARTESIAN_POINT ( 'NONE',  ( 0.0000000000000000000, 0.0000000000000000000, 0.0000000000000000000 ) ) ;
#5344 = ORIENTED_EDGE ( 'NONE', *, *, #2061, .F. ) ;
#5345 = COLOUR_RGB ( '',0.6509803921568627600, 0.6196078431372549200, 0.5882352941176470800 ) ;
#5346 = SURFACE_STYLE_USAGE ( .BOTH. , #5207 ) ;
#5347 = ORIENTED_EDGE ( 'NONE', *, *, #742, .T. ) ;
#5348 = DIRECTION ( 'NONE',  ( -0.0000000000000000000, -1.000000000000000000, -0.0000000000000000000 ) ) ;
#5349 = DIRECTION ( 'NONE',  ( -0.0000000000000000000, -1.000000000000000000, -0.0000000000000000000 ) ) ;
#5350 = EDGE_CURVE ( 'NONE', #3613, #2201, #342, .T. ) ;
#5351 = AXIS2_PLACEMENT_3D ( 'NONE', #7884, #4001, #162 ) ;
#5352 = ORIENTED_EDGE ( 'NONE', *, *, #1304, .T. ) ;
#5353 = VECTOR ( 'NONE', #4658, 1000.000000000000000 ) ;
#5354 = AXIS2_PLACEMENT_3D ( 'NONE', #6025, #3884, #4186 ) ;
#5355 = MECHANICAL_DESIGN_GEOMETRIC_PRESENTATION_REPRESENTATION (  '', ( #8581 ), #4689 ) ;
#5356 = ORIENTED_EDGE ( 'NONE', *, *, #4403, .F. ) ;
#5357 = CARTESIAN_POINT ( 'NONE',  ( -18.79999999999984800, -20.80000000000000100, 2.000000000000000000 ) ) ;
#5358 = ORIENTED_EDGE ( 'NONE', *, *, #4312, .F. ) ;
#5359 = FILL_AREA_STYLE_COLOUR ( '', #1320 ) ;
#5360 = ORIENTED_EDGE ( 'NONE', *, *, #1990, .F. ) ;
#5361 = FACE_OUTER_BOUND ( 'NONE', #571, .T. ) ;
#5362 = DIRECTION ( 'NONE',  ( 0.0000000000000000000, 0.0000000000000000000, -1.000000000000000000 ) ) ;
#5363 = VECTOR ( 'NONE', #7948, 1000.000000000000100 ) ;
#5364 = DIRECTION ( 'NONE',  ( 0.0000000000000000000, 0.0000000000000000000, -1.000000000000000000 ) ) ;
#5365 = EDGE_CURVE ( 'NONE', #4006, #1480, #1479, .T. ) ;
#5366 = ORIENTED_EDGE ( 'NONE', *, *, #3484, .T. ) ;
#5367 = ORIENTED_EDGE ( 'NONE', *, *, #1217, .F. ) ;
#5368 = VERTEX_POINT ( 'NONE', #2055 ) ;
#5369 = FILL_AREA_STYLE_COLOUR ( '', #7668 ) ;
#5370 = PRODUCT_DEFINITION_CONTEXT ( 'detailed design', #6011, 'design' ) ;
#5371 = ADVANCED_FACE ( 'NONE', ( #5041 ), #6635, .F. ) ;
#5372 = ORIENTED_EDGE ( 'NONE', *, *, #236, .F. ) ;
#5373 = LINE ( 'NONE', #826, #5127 ) ;
#5374 = CARTESIAN_POINT ( 'NONE',  ( -9.500000000000000000, 1.078133820953753700, 2.000000000000000000 ) ) ;
#5375 = ORIENTED_EDGE ( 'NONE', *, *, #2432, .F. ) ;
#5376 = ORIENTED_EDGE ( 'NONE', *, *, #1080, .F. ) ;
#5377 = CYLINDRICAL_SURFACE ( 'NONE', #3235, 1.600000000000004100 ) ;
#5378 =( LENGTH_UNIT ( ) NAMED_UNIT ( * ) SI_UNIT ( .MILLI., .METRE. ) );
#5379 = ORIENTED_EDGE ( 'NONE', *, *, #7894, .T. ) ;
#5380 = DIRECTION ( 'NONE',  ( 1.000000000000000000, 0.0000000000000000000, 0.0000000000000000000 ) ) ;
#5381 = PLANE ( 'NONE',  #1469 ) ;
#5382 = DIRECTION ( 'NONE',  ( -1.000000000000000000, -0.0000000000000000000, -0.0000000000000000000 ) ) ;
#5383 = ORIENTED_EDGE ( 'NONE', *, *, #1316, .F. ) ;
#5384 = ORIENTED_EDGE ( 'NONE', *, *, #1821, .T. ) ;
#5385 = CARTESIAN_POINT ( 'NONE',  ( -3.000000000000000000, 0.0000000000000000000, 5.349999999999999600 ) ) ;
#5386 = CIRCLE ( 'NONE', #926, 1.650000000000002100 ) ;
#5387 = CARTESIAN_POINT ( 'NONE',  ( -2.983244267555048800, -0.3267835776696727500, 5.390676088691721500 ) ) ;
#5388 = VERTEX_POINT ( 'NONE', #2198 ) ;
#5389 = DIRECTION ( 'NONE',  ( 0.0000000000000000000, 1.000000000000000000, 1.149055390210327300E-016 ) ) ;
#5390 = CARTESIAN_POINT ( 'NONE',  ( -24.00000000000000000, 13.42339375865977000, 7.750000000000561300 ) ) ;
#5391 = CONICAL_SURFACE ( 'NONE', #3300, 1.249999999999999300, 1.029744258676654500 ) ;
#5392 = ORIENTED_EDGE ( 'NONE', *, *, #5297, .F. ) ;
#5393 = UNCERTAINTY_MEASURE_WITH_UNIT (LENGTH_MEASURE( 1.000000000000000100E-005 ), #8241, 'distance_accuracy_value', 'NONE');
#5394 = DIRECTION ( 'NONE',  ( 0.0000000000000000000, 0.0000000000000000000, 1.000000000000000000 ) ) ;
#5395 = EDGE_CURVE ( 'NONE', #5599, #7427, #7348, .T. ) ;
#5396 = ADVANCED_FACE ( 'NONE', ( #2060 ), #3469, .F. ) ;
#5397 = ORIENTED_EDGE ( 'NONE', *, *, #3725, .T. ) ;
#5398 = DIRECTION ( 'NONE',  ( -0.0000000000000000000, 1.149055390210327300E-016, -1.000000000000000000 ) ) ;
#5399 = EDGE_LOOP ( 'NONE', ( #1533, #5573 ) ) ;
#5400 = DIRECTION ( 'NONE',  ( -0.0000000000000000000, -1.149055390210327300E-016, 1.000000000000000000 ) ) ;
#5401 = CARTESIAN_POINT ( 'NONE',  ( 0.0000000000000000000, 0.0000000000000000000, 3.000000000000000000 ) ) ;
#5402 = CARTESIAN_POINT ( 'NONE',  ( 35.86999999999999700, 1.250000000000002000, 12.05000000000000100 ) ) ;
#5403 = DIRECTION ( 'NONE',  ( 0.0000000000000000000, 0.0000000000000000000, -1.000000000000000000 ) ) ;
#5404 =( GEOMETRIC_REPRESENTATION_CONTEXT ( 3 ) GLOBAL_UNCERTAINTY_ASSIGNED_CONTEXT ( ( #411 ) ) GLOBAL_UNIT_ASSIGNED_CONTEXT ( ( #5656, #1674, #7702 ) ) REPRESENTATION_CONTEXT ( 'NONE', 'WORKASPACE' ) );
#5405 = CARTESIAN_POINT ( 'NONE',  ( 31.00000000000000000, -6.999999999999998200, 0.0000000000000000000 ) ) ;
#5406 = EDGE_LOOP ( 'NONE', ( #8799, #974 ) ) ;
#5407 = ORIENTED_EDGE ( 'NONE', *, *, #6059, .F. ) ;
#5408 = SHAPE_REPRESENTATION ( 'Hub', ( #3481 ), #2072 ) ;
#5409 = ADVANCED_FACE ( 'NONE', ( #7649 ), #5391, .F. ) ;
#5410 = PLANE ( 'NONE',  #3337 ) ;
#5411 = ORIENTED_EDGE ( 'NONE', *, *, #4157, .T. ) ;
#5412 = FACE_OUTER_BOUND ( 'NONE', #1562, .T. ) ;
#5413 = DIRECTION ( 'NONE',  ( -0.5150380749100541600, 0.0000000000000000000, 0.8571673007021122200 ) ) ;
#5414 = VERTEX_POINT ( 'NONE', #2755 ) ;
#5415 = FACE_BOUND ( 'NONE', #3273, .T. ) ;
#5416 = LINE ( 'NONE', #7305, #4833 ) ;
#5417 = DIRECTION ( 'NONE',  ( -0.0000000000000000000, -1.000000000000000000, -0.0000000000000000000 ) ) ;
#5418 = DIRECTION ( 'NONE',  ( 0.0000000000000000000, 0.0000000000000000000, 1.000000000000000000 ) ) ;
#5419 = DIRECTION ( 'NONE',  ( -0.0000000000000000000, 1.000000000000000000, -0.0000000000000000000 ) ) ;
#5420 = DIRECTION ( 'NONE',  ( 0.0000000000000000000, 0.0000000000000000000, -1.000000000000000000 ) ) ;
#5421 = SURFACE_STYLE_USAGE ( .BOTH. , #458 ) ;
#5422 = FILL_AREA_STYLE_COLOUR ( '', #6744 ) ;
#5423 = DIRECTION ( 'NONE',  ( 1.000000000000000000, 1.219727444046192700E-016, 0.0000000000000000000 ) ) ;
#5424 = DIRECTION ( 'NONE',  ( -7.703719777548944800E-033, 1.000000000000000000, 0.0000000000000000000 ) ) ;
#5425 = SURFACE_STYLE_FILL_AREA ( #165 ) ;
#5426 = ADVANCED_FACE ( 'NONE', ( #8672 ), #7802, .F. ) ;
#5427 = DIRECTION ( 'NONE',  ( -0.9397934234884370900, 0.0000000000000000000, -0.3417430630867045500 ) ) ;
#5428 = CARTESIAN_POINT ( 'NONE',  ( 0.0000000000000000000, -1.580274034314412000E-016, 0.0000000000000000000 ) ) ;
#5429 = EDGE_LOOP ( 'NONE', ( #8358, #5270 ) ) ;
#5430 = AXIS2_PLACEMENT_3D ( 'NONE', #4666, #5534, #1693 ) ;
#5431 = DIRECTION ( 'NONE',  ( -6.195440985631452900E-017, -1.000000000000000000, 0.0000000000000000000 ) ) ;
#5432 = FACE_OUTER_BOUND ( 'NONE', #4104, .T. ) ;
#5433 = DIRECTION ( 'NONE',  ( -0.0000000000000000000, 1.149055390210327300E-016, -1.000000000000000000 ) ) ;
#5434 = CARTESIAN_POINT ( 'NONE',  ( -29.84999999999999800, -6.999999999999998200, 0.0000000000000000000 ) ) ;
#5435 = CARTESIAN_POINT ( 'NONE',  ( 15.60000000000015100, 18.80100000000015100, 28.70000000000000300 ) ) ;
#5436 = DIRECTION ( 'NONE',  ( -1.219727444046192700E-016, 1.000000000000000000, -0.0000000000000000000 ) ) ;
#5437 = ADVANCED_FACE ( 'NONE', ( #75 ), #519, .T. ) ;
#5438 = FILL_AREA_STYLE_COLOUR ( '', #3868 ) ;
#5439 = EDGE_LOOP ( 'NONE', ( #4774, #1201 ) ) ;
#5440 = FACE_OUTER_BOUND ( 'NONE', #2487, .T. ) ;
#5441 = DIRECTION ( 'NONE',  ( 0.0000000000000000000, -1.000000000000000000, 0.0000000000000000000 ) ) ;
#5442 = DIRECTION ( 'NONE',  ( 0.0000000000000000000, 1.000000000000000000, 1.224646799147353200E-016 ) ) ;
#5443 = EDGE_LOOP ( 'NONE', ( #7580, #1555, #4647 ) ) ;
#5444 = FACE_OUTER_BOUND ( 'NONE', #8555, .T. ) ;
#5445 = AXIS2_PLACEMENT_3D ( 'NONE', #543, #6673, #5090 ) ;
#5446 = MECHANICAL_DESIGN_GEOMETRIC_PRESENTATION_REPRESENTATION (  '', ( #2017 ), #3851 ) ;
#5447 = ORIENTED_EDGE ( 'NONE', *, *, #2327, .F. ) ;
#5448 = VECTOR ( 'NONE', #1761, 1000.000000000000000 ) ;
#5449 = EDGE_CURVE ( 'NONE', #5599, #4638, #1198, .T. ) ;
#5450 = DIRECTION ( 'NONE',  ( 0.0000000000000000000, -1.000000000000000000, 0.0000000000000000000 ) ) ;
#5451 = AXIS2_PLACEMENT_3D ( 'NONE', #3766, #1800, #1368 ) ;
#5452 = DIRECTION ( 'NONE',  ( -0.0000000000000000000, -1.149055390210327300E-016, 1.000000000000000000 ) ) ;
#5453 =( NAMED_UNIT ( * ) PLANE_ANGLE_UNIT ( ) SI_UNIT ( $, .RADIAN. ) );
#5454 = CARTESIAN_POINT ( 'NONE',  ( -12.96205083055471300, 0.9992893146268007100, 1.631566876993122900 ) ) ;
#5455 = EDGE_CURVE ( 'NONE', #3061, #527, #2202, .T. ) ;
#5456 = EDGE_CURVE ( 'NONE', #8426, #8224, #3914, .T. ) ;
#5457 = ORIENTED_EDGE ( 'NONE', *, *, #1080, .T. ) ;
#5458 = DIRECTION ( 'NONE',  ( 0.0000000000000000000, -1.000000000000000000, 0.0000000000000000000 ) ) ;
#5459 = VECTOR ( 'NONE', #7939, 1000.000000000000000 ) ;
#5460 = DIRECTION ( 'NONE',  ( 0.0000000000000000000, -0.0000000000000000000, 1.000000000000000000 ) ) ;
#5461 = VECTOR ( 'NONE', #7711, 1000.000000000000000 ) ;
#5462 = CARTESIAN_POINT ( 'NONE',  ( -18.79999999999984800, -20.80000000000000100, 2.000000000000000000 ) ) ;
#5463 = VERTEX_POINT ( 'NONE', #4615 ) ;
#5464 = CARTESIAN_POINT ( 'NONE',  ( -2.985835969098767700, 0.3295909696238914500, 1.182971462386092700 ) ) ;
#5465 = VERTEX_POINT ( 'NONE', #2613 ) ;
#5466 = AXIS2_PLACEMENT_3D ( 'NONE', #1104, #5786, #6382 ) ;
#5467 = ADVANCED_FACE ( 'NONE', ( #5053 ), #2216, .F. ) ;
#5468 = CIRCLE ( 'NONE', #4000, 1.600000000000004100 ) ;
#5469 = AXIS2_PLACEMENT_3D ( 'NONE', #5488, #97, #8389 ) ;
#5470 = CARTESIAN_POINT ( 'NONE',  ( -2.936213669390205400, 0.6344256688593998800, 1.310370365988256600 ) ) ;
#5471 = CARTESIAN_POINT ( 'NONE',  ( -24.00000000000000000, -13.42339375865879900, 6.500000000001131500 ) ) ;
#5472 = ORIENTED_EDGE ( 'NONE', *, *, #8083, .T. ) ;
#5473 = CARTESIAN_POINT ( 'NONE',  ( -15.59999999999984900, -18.79999999999999700, 22.30000000000000100 ) ) ;
#5474 = DIRECTION ( 'NONE',  ( 0.5532485264119162400, -0.8330162471543056700, 0.0000000000000000000 ) ) ;
#5475 = ORIENTED_EDGE ( 'NONE', *, *, #8481, .F. ) ;
#5476 = COLOUR_RGB ( '',1.000000000000000000, 1.000000000000000000, 1.000000000000000000 ) ;
#5477 = FACE_OUTER_BOUND ( 'NONE', #2749, .T. ) ;
#5478 = ORIENTED_EDGE ( 'NONE', *, *, #4158, .F. ) ;
#5479 = ADVANCED_FACE ( 'NONE', ( #4898 ), #6205, .T. ) ;
#5480 = DIRECTION ( 'NONE',  ( -1.219727444046192700E-016, 1.000000000000000000, -0.0000000000000000000 ) ) ;
#5481 = PRESENTATION_LAYER_ASSIGNMENT (  '', '', ( #2316 ) ) ;
#5482 = CARTESIAN_POINT ( 'NONE',  ( -5.868330724573409500, -1.250077802930038300, 6.435561216637453600 ) ) ;
#5483 = EDGE_CURVE ( 'NONE', #5121, #1329, #3179, .T. ) ;
#5484 = ORIENTED_EDGE ( 'NONE', *, *, #6645, .F. ) ;
#5485 =( NAMED_UNIT ( * ) SI_UNIT ( $, .STERADIAN. ) SOLID_ANGLE_UNIT ( ) );
#5486 = SURFACE_SIDE_STYLE ('',( #6801 ) ) ;
#5487 = CARTESIAN_POINT ( 'NONE',  ( 1.230129716582379200, -0.4218661790462437400, 1.469576158976824000E-016 ) ) ;
#5488 = CARTESIAN_POINT ( 'NONE',  ( 0.03012971658237811900, 5.078133820953754100, 0.0000000000000000000 ) ) ;
#5489 = EDGE_LOOP ( 'NONE', ( #2557, #4713, #4273, #8859 ) ) ;
#5490 = DIRECTION ( 'NONE',  ( 1.000000000000000000, 1.219727444046192700E-016, 0.0000000000000000000 ) ) ;
#5491 = CARTESIAN_POINT ( 'NONE',  ( 15.60000000000015100, -20.80000000000000100, 20.69999999999999900 ) ) ;
#5492 = AXIS2_PLACEMENT_3D ( 'NONE', #6294, #4848, #6596 ) ;
#5493 = ORIENTED_EDGE ( 'NONE', *, *, #6320, .T. ) ;
#5494 = DIRECTION ( 'NONE',  ( -1.000000000000000000, -0.0000000000000000000, -0.0000000000000000000 ) ) ;
#5495 = AXIS2_PLACEMENT_3D ( 'NONE', #6459, #2577, #323 ) ;
#5496 = EDGE_CURVE ( 'NONE', #3361, #6332, #5914, .T. ) ;
#5497 = DIRECTION ( 'NONE',  ( 0.0000000000000000000, 0.0000000000000000000, -1.000000000000000000 ) ) ;
#5498 = AXIS2_PLACEMENT_3D ( 'NONE', #6328, #3159, #8231 ) ;
#5499 = ADVANCED_FACE ( 'NONE', ( #1922 ), #3036, .F. ) ;
#5500 = VERTEX_POINT ( 'NONE', #7233 ) ;
#5501 = SURFACE_STYLE_FILL_AREA ( #6520 ) ;
#5502 = EDGE_CURVE ( 'NONE', #8711, #8125, #5556, .T. ) ;
#5503 = CARTESIAN_POINT ( 'NONE',  ( 7.347880794884118800E-016, -6.000000000000000000, 8.400000000000000400 ) ) ;
#5504 = EDGE_LOOP ( 'NONE', ( #8832, #1544 ) ) ;
#5505 = EDGE_LOOP ( 'NONE', ( #7125, #5900, #8670, #4200 ) ) ;
#5506 = VECTOR ( 'NONE', #2771, 1000.000000000000000 ) ;
#5507 = CARTESIAN_POINT ( 'NONE',  ( 0.03012971658237879200, -0.4218661790462456300, 0.0000000000000000000 ) ) ;
#5508 = VECTOR ( 'NONE', #1026, 1000.000000000000000 ) ;
#5509 = CARTESIAN_POINT ( 'NONE',  ( -0.9698702834176296000, 2.578133820953756300, 0.0000000000000000000 ) ) ;
#5510 = ORIENTED_EDGE ( 'NONE', *, *, #8238, .T. ) ;
#5511 = FILL_AREA_STYLE_COLOUR ( '', #287 ) ;
#5512 =( NAMED_UNIT ( * ) SI_UNIT ( $, .STERADIAN. ) SOLID_ANGLE_UNIT ( ) );
#5513 = EDGE_LOOP ( 'NONE', ( #7846, #6543, #8861, #4250 ) ) ;
#5514 = ORIENTED_EDGE ( 'NONE', *, *, #8062, .T. ) ;
#5515 = CYLINDRICAL_SURFACE ( 'NONE', #5094, 17.75000000000000400 ) ;
#5516 = ORIENTED_EDGE ( 'NONE', *, *, #4127, .T. ) ;
#5517 = DIRECTION ( 'NONE',  ( 1.000000000000000000, 0.0000000000000000000, 0.0000000000000000000 ) ) ;
#5518 = PRESENTATION_STYLE_ASSIGNMENT (( #551 ) ) ;
#5519 = DIRECTION ( 'NONE',  ( -0.0000000000000000000, -1.149055390210327300E-016, 1.000000000000000000 ) ) ;
#5520 = VERTEX_POINT ( 'NONE', #1927 ) ;
#5521 = VERTEX_POINT ( 'NONE', #6209 ) ;
#5522 = EDGE_CURVE ( 'NONE', #8077, #1561, #8671, .T. ) ;
#5523 = AXIS2_PLACEMENT_3D ( 'NONE', #4874, #5315, #1061 ) ;
#5524 = COLOUR_RGB ( '',0.7686274509803920900, 0.7686274509803920900, 0.7686274509803920900 ) ;
#5525 = CARTESIAN_POINT ( 'NONE',  ( -3.000000000000000000, 1.530757073826680800E-016, 7.849999999999999600 ) ) ;
#5526 = FACE_OUTER_BOUND ( 'NONE', #8370, .T. ) ;
#5527 = ORIENTED_EDGE ( 'NONE', *, *, #8331, .F. ) ;
#5528 = DIRECTION ( 'NONE',  ( 0.0000000000000000000, 0.0000000000000000000, -1.000000000000000000 ) ) ;
#5529 = CARTESIAN_POINT ( 'NONE',  ( -2.795424827010849700, 1.090973826841366200, 5.968428193407453900 ) ) ;
#5530 =( NAMED_UNIT ( * ) SI_UNIT ( $, .STERADIAN. ) SOLID_ANGLE_UNIT ( ) );
#5531 = ORIENTED_EDGE ( 'NONE', *, *, #762, .F. ) ;
#5532 = CARTESIAN_POINT ( 'NONE',  ( -2.973288958262355400, -0.4067034063949268000, 5.415182199476055800 ) ) ;
#5533 = ORIENTED_EDGE ( 'NONE', *, *, #4368, .T. ) ;
#5534 = DIRECTION ( 'NONE',  ( -0.0000000000000000000, 1.149055390210327300E-016, -1.000000000000000000 ) ) ;
#5535 = ORIENTED_EDGE ( 'NONE', *, *, #2272, .F. ) ;
#5536 = DIRECTION ( 'NONE',  ( -0.0000000000000000000, -0.0000000000000000000, -1.000000000000000000 ) ) ;
#5537 = AXIS2_PLACEMENT_3D ( 'NONE', #5725, #1593, #1887 ) ;
#5538 = SURFACE_STYLE_FILL_AREA ( #421 ) ;
#5539 = CARTESIAN_POINT ( 'NONE',  ( -5.999999999999997300, 0.1656694279915007200, 5.349999999999998800 ) ) ;
#5540 = ORIENTED_EDGE ( 'NONE', *, *, #1616, .T. ) ;
#5541 = ORIENTED_EDGE ( 'NONE', *, *, #2061, .T. ) ;
#5542 = FACE_OUTER_BOUND ( 'NONE', #1962, .T. ) ;
#5543 = EDGE_CURVE ( 'NONE', #4775, #8690, #2556, .T. ) ;
#5544 = DIRECTION ( 'NONE',  ( 0.0000000000000000000, 0.0000000000000000000, 1.000000000000000000 ) ) ;
#5545 = CARTESIAN_POINT ( 'NONE',  ( 0.7579850260068170500, -0.4218661790462447900, -12.05000000000000100 ) ) ;
#5546 = VECTOR ( 'NONE', #363, 1000.000000000000000 ) ;
#5547 = ORIENTED_EDGE ( 'NONE', *, *, #7060, .T. ) ;
#5548 = VECTOR ( 'NONE', #6079, 1000.000000000000000 ) ;
#5549 = ADVANCED_FACE ( 'NONE', ( #6806 ), #8824, .T. ) ;
#5550 =( NAMED_UNIT ( * ) PLANE_ANGLE_UNIT ( ) SI_UNIT ( $, .RADIAN. ) );
#5551 = DIRECTION ( 'NONE',  ( -1.734723475976806800E-016, 1.000000000000000000, 0.0000000000000000000 ) ) ;
#5552 = DIRECTION ( 'NONE',  ( 0.0000000000000000000, 0.0000000000000000000, -1.000000000000000000 ) ) ;
#5553 =( LENGTH_UNIT ( ) NAMED_UNIT ( * ) SI_UNIT ( .MILLI., .METRE. ) );
#5554 = DIRECTION ( 'NONE',  ( -0.0000000000000000000, 1.000000000000000000, -0.0000000000000000000 ) ) ;
#5555 = CARTESIAN_POINT ( 'NONE',  ( 7.749999999999874800, 13.42339375865887000, 2.000000000000001800 ) ) ;
#5556 = CIRCLE ( 'NONE', #6789, 1.200000000000000000 ) ;
#5557 = CYLINDRICAL_SURFACE ( 'NONE', #923, 1.499999999999999600 ) ;
#5558 = FILL_AREA_STYLE ('',( #3264 ) ) ;
#5559 = SURFACE_SIDE_STYLE ('',( #1031 ) ) ;
#5560 = CARTESIAN_POINT ( 'NONE',  ( 6.599999999999998800, 7.000000000000000900, 0.0000000000000000000 ) ) ;
#5561 = CARTESIAN_POINT ( 'NONE',  ( 30.00000000000000000, -11.25000000000000000, 0.0000000000000000000 ) ) ;
#5562 = EDGE_CURVE ( 'NONE', #8426, #7418, #2906, .T. ) ;
#5563 = SURFACE_STYLE_USAGE ( .BOTH. , #3705 ) ;
#5564 =( GEOMETRIC_REPRESENTATION_CONTEXT ( 3 ) GLOBAL_UNCERTAINTY_ASSIGNED_CONTEXT ( ( #1074 ) ) GLOBAL_UNIT_ASSIGNED_CONTEXT ( ( #8290, #6992, #2815 ) ) REPRESENTATION_CONTEXT ( 'NONE', 'WORKASPACE' ) );
#5565 = ORIENTED_EDGE ( 'NONE', *, *, #7435, .F. ) ;
#5566 = ADVANCED_FACE ( 'NONE', ( #3628 ), #4906, .F. ) ;
#5567 = EDGE_CURVE ( 'NONE', #4739, #5940, #2772, .T. ) ;
#5568 = DIRECTION ( 'NONE',  ( 1.219727444046192700E-016, -1.000000000000000000, -0.0000000000000000000 ) ) ;
#5569 = LINE ( 'NONE', #1309, #8508 ) ;
#5570 = FILL_AREA_STYLE_COLOUR ( '', #2 ) ;
#5571 = LINE ( 'NONE', #2979, #6174 ) ;
#5572 = LINE ( 'NONE', #6753, #1577 ) ;
#5573 = ORIENTED_EDGE ( 'NONE', *, *, #3854, .F. ) ;
#5574 = AXIS2_PLACEMENT_3D ( 'NONE', #2081, #532, #955 ) ;
#5575 = SURFACE_SIDE_STYLE ('',( #5163 ) ) ;
#5576 = COLOUR_RGB ( '',0.6509803921568627600, 0.6196078431372549200, 0.5882352941176470800 ) ;
#5577 = UNCERTAINTY_MEASURE_WITH_UNIT (LENGTH_MEASURE( 1.000000000000000100E-005 ), #1946, 'distance_accuracy_value', 'NONE');
#5578 = VERTEX_POINT ( 'NONE', #3193 ) ;
#5579 = ADVANCED_FACE ( 'NONE', ( #7368 ), #5075, .T. ) ;
#5580 = CARTESIAN_POINT ( 'NONE',  ( 35.86999999999999700, -1.249999999999998000, 13.04999999999999900 ) ) ;
#5581 = FACE_OUTER_BOUND ( 'NONE', #5443, .T. ) ;
#5582 = DIRECTION ( 'NONE',  ( 1.000000000000000000, 1.219727444046192700E-016, 0.0000000000000000000 ) ) ;
#5583 = DIRECTION ( 'NONE',  ( 0.0000000000000000000, 0.0000000000000000000, -1.000000000000000000 ) ) ;
#5584 = ORIENTED_EDGE ( 'NONE', *, *, #2756, .F. ) ;
#5585 = AXIS2_PLACEMENT_3D ( 'NONE', #4266, #7300, #4137 ) ;
#5586 = DIRECTION ( 'NONE',  ( -1.000000000000000000, 0.0000000000000000000, 0.0000000000000000000 ) ) ;
#5587 = DIRECTION ( 'NONE',  ( 1.219727444046192700E-016, -1.000000000000000000, 0.0000000000000000000 ) ) ;
#5588 = DIRECTION ( 'NONE',  ( 0.0000000000000000000, 0.0000000000000000000, -1.000000000000000000 ) ) ;
#5589 = ORIENTED_EDGE ( 'NONE', *, *, #4982, .F. ) ;
#5590 = FACE_OUTER_BOUND ( 'NONE', #8420, .T. ) ;
#5591 = CARTESIAN_POINT ( 'NONE',  ( -1.742014973993182900, -0.4218661790462451300, 12.04999999999999900 ) ) ;
#5592 = CARTESIAN_POINT ( 'NONE',  ( -24.00000000000000000, 9.741652934026770300E-013, 16.75000000000056100 ) ) ;
#5593 = AXIS2_PLACEMENT_3D ( 'NONE', #2189, #7205, #3311 ) ;
#5594 = ORIENTED_EDGE ( 'NONE', *, *, #56, .T. ) ;
#5595 = EDGE_CURVE ( 'NONE', #5124, #6363, #1508, .T. ) ;
#5596 = CARTESIAN_POINT ( 'NONE',  ( -2.848873329322610700, 0.9420910545984034800, 3.225576613487936200 ) ) ;
#5597 = EDGE_CURVE ( 'NONE', #1819, #7230, #1372, .T. ) ;
#5598 = CYLINDRICAL_SURFACE ( 'NONE', #5261, 6.599999999999999600 ) ;
#5599 = VERTEX_POINT ( 'NONE', #5503 ) ;
#5600 = AXIS2_PLACEMENT_3D ( 'NONE', #2828, #3097, #5403 ) ;
#5601 = DIRECTION ( 'NONE',  ( 1.000000000000000000, -0.0000000000000000000, 0.0000000000000000000 ) ) ;
#5602 = EDGE_CURVE ( 'NONE', #7621, #1087, #5819, .T. ) ;
#5603 = FACE_BOUND ( 'NONE', #4306, .T. ) ;
#5604 = FILL_AREA_STYLE_COLOUR ( '', #720 ) ;
#5605 = PRODUCT_DEFINITION ( 'UNKNOWN', '', #993, #8202 ) ;
#5606 = ORIENTED_EDGE ( 'NONE', *, *, #5119, .T. ) ;
#5607 = UNCERTAINTY_MEASURE_WITH_UNIT (LENGTH_MEASURE( 1.000000000000000100E-005 ), #5953, 'distance_accuracy_value', 'NONE');
#5608 =( GEOMETRIC_REPRESENTATION_CONTEXT ( 3 ) GLOBAL_UNCERTAINTY_ASSIGNED_CONTEXT ( ( #307 ) ) GLOBAL_UNIT_ASSIGNED_CONTEXT ( ( #2046, #5032, #7631 ) ) REPRESENTATION_CONTEXT ( 'NONE', 'WORKASPACE' ) );
#5609 =( LENGTH_UNIT ( ) NAMED_UNIT ( * ) SI_UNIT ( .MILLI., .METRE. ) );
#5610 = AXIS2_PLACEMENT_3D ( 'NONE', #4670, #3531, #6267 ) ;
#5611 = MECHANICAL_DESIGN_GEOMETRIC_PRESENTATION_REPRESENTATION (  '', ( #7500 ), #7740 ) ;
#5612 = CARTESIAN_POINT ( 'NONE',  ( -24.00000000000000000, -1.577021341797097400E-015, -14.25000000000000000 ) ) ;
#5613 = ORIENTED_EDGE ( 'NONE', *, *, #8363, .T. ) ;
#5614 = DIRECTION ( 'NONE',  ( 1.000000000000000000, 6.308085367188390000E-017, 0.0000000000000000000 ) ) ;
#5615 = AXIS2_PLACEMENT_3D ( 'NONE', #7729, #6120, #4814 ) ;
#5616 = CARTESIAN_POINT ( 'NONE',  ( 0.7579850260068163900, 5.079133820953757100, 12.04999999999999900 ) ) ;
#5617 = ADVANCED_FACE ( 'NONE', ( #2089 ), #2912, .T. ) ;
#5618 = ORIENTED_EDGE ( 'NONE', *, *, #106, .T. ) ;
#5619 = DIRECTION ( 'NONE',  ( -0.0000000000000000000, 1.149055390210327300E-016, -1.000000000000000000 ) ) ;
#5620 = AXIS2_PLACEMENT_3D ( 'NONE', #3405, #7012, #149 ) ;
#5621 = DIRECTION ( 'NONE',  ( -1.000000000000000000, -0.0000000000000000000, -0.0000000000000000000 ) ) ;
#5622 = CARTESIAN_POINT ( 'NONE',  ( -15.59999999999984900, -18.79999999999999700, 14.30000000000000100 ) ) ;
#5623 = EDGE_CURVE ( 'NONE', #5907, #6590, #7487, .T. ) ;
#5624 = VERTEX_POINT ( 'NONE', #4221 ) ;
#5625 =( LENGTH_UNIT ( ) NAMED_UNIT ( * ) SI_UNIT ( .MILLI., .METRE. ) );
#5626 = ADVANCED_BREP_SHAPE_REPRESENTATION ( '', ( #4461, #4571, #3481 ), #2722 ) ;
#5627 = CARTESIAN_POINT ( 'NONE',  ( 35.86999999999999700, -1.249999999999998000, 13.04999999999999900 ) ) ;
#5628 = CIRCLE ( 'NONE', #1827, 1.650000000000002100 ) ;
#5629 = MECHANICAL_DESIGN_GEOMETRIC_PRESENTATION_REPRESENTATION (  '', ( #3395 ), #3889 ) ;
#5630 = ORIENTED_EDGE ( 'NONE', *, *, #320, .T. ) ;
#5631 = CIRCLE ( 'NONE', #1930, 0.5000000000000000000 ) ;
#5632 = ADVANCED_FACE ( 'NONE', ( #6822 ), #1383, .F. ) ;
#5633 = CARTESIAN_POINT ( 'NONE',  ( 0.03012971658237811900, 5.078133820953754100, 0.0000000000000000000 ) ) ;
#5634 = ORIENTED_EDGE ( 'NONE', *, *, #1925, .T. ) ;
#5635 = CARTESIAN_POINT ( 'NONE',  ( 8.227241335952197000, 4.749999999999954700, 4.799999999999999800 ) ) ;
#5636 = FACE_OUTER_BOUND ( 'NONE', #8258, .T. ) ;
#5637 = FACE_BOUND ( 'NONE', #958, .T. ) ;
#5638 = VECTOR ( 'NONE', #8639, 1000.000000000000000 ) ;
#5639 = COLOUR_RGB ( '',0.6509803921568627600, 0.6196078431372549200, 0.5882352941176470800 ) ;
#5640 = VERTEX_POINT ( 'NONE', #7537 ) ;
#5641 =( NAMED_UNIT ( * ) PLANE_ANGLE_UNIT ( ) SI_UNIT ( $, .RADIAN. ) );
#5642 = ADVANCED_BREP_SHAPE_REPRESENTATION ( '', ( #6933, #3481 ), #2909 ) ;
#5643 = EDGE_LOOP ( 'NONE', ( #2512, #4100 ) ) ;
#5644 = VERTEX_POINT ( 'NONE', #7682 ) ;
#5645 =( NAMED_UNIT ( * ) PLANE_ANGLE_UNIT ( ) SI_UNIT ( $, .RADIAN. ) );
#5646 = ORIENTED_EDGE ( 'NONE', *, *, #2082, .T. ) ;
#5647 = ORIENTED_EDGE ( 'NONE', *, *, #5697, .F. ) ;
#5648 = DIRECTION ( 'NONE',  ( -1.000000000000000000, 0.0000000000000000000, 0.0000000000000000000 ) ) ;
#5649 = CARTESIAN_POINT ( 'NONE',  ( -25.00000000000000000, -7.750000000000578200, -12.17339375865782000 ) ) ;
#5650 = ADVANCED_FACE ( 'NONE', ( #1100 ), #982, .F. ) ;
#5651 = STYLED_ITEM ( 'NONE', ( #7613 ), #4211 ) ;
#5652 = DIRECTION ( 'NONE',  ( 0.0000000000000000000, -1.000000000000000000, 0.0000000000000000000 ) ) ;
#5653 = EDGE_LOOP ( 'NONE', ( #814, #6855 ) ) ;
#5654 = FILL_AREA_STYLE ('',( #5511 ) ) ;
#5655 = SURFACE_STYLE_USAGE ( .BOTH. , #8422 ) ;
#5656 =( LENGTH_UNIT ( ) NAMED_UNIT ( * ) SI_UNIT ( .MILLI., .METRE. ) );
#5657 = VERTEX_POINT ( 'NONE', #7549 ) ;
#5658 = ORIENTED_EDGE ( 'NONE', *, *, #5223, .T. ) ;
#5659 = DIRECTION ( 'NONE',  ( 1.000000000000000000, 1.734723475976806800E-016, 0.0000000000000000000 ) ) ;
#5660 = CIRCLE ( 'NONE', #5495, 1.574999999999997500 ) ;
#5661 = DIRECTION ( 'NONE',  ( 0.0000000000000000000, 0.0000000000000000000, 1.000000000000000000 ) ) ;
#5662 = EDGE_CURVE ( 'NONE', #170, #3375, #3656, .T. ) ;
#5663 = VERTEX_POINT ( 'NONE', #8574 ) ;
#5664 = CARTESIAN_POINT ( 'NONE',  ( 1.230129716582378100, 5.078133820953754100, 1.469576158976823800E-016 ) ) ;
#5665 = EDGE_LOOP ( 'NONE', ( #6377, #5606 ) ) ;
#5666 = EDGE_LOOP ( 'NONE', ( #637, #1332, #7853, #3737 ) ) ;
#5667 = PRODUCT_CONTEXT ( 'NONE', #7208, 'mechanical' ) ;
#5668 = CARTESIAN_POINT ( 'NONE',  ( -2.985835969098767700, 0.3295909696238910600, 5.382971462386096000 ) ) ;
#5669 = ORIENTED_EDGE ( 'NONE', *, *, #1882, .T. ) ;
#5670 =( GEOMETRIC_REPRESENTATION_CONTEXT ( 3 ) GLOBAL_UNCERTAINTY_ASSIGNED_CONTEXT ( ( #5393 ) ) GLOBAL_UNIT_ASSIGNED_CONTEXT ( ( #8241, #86, #2337 ) ) REPRESENTATION_CONTEXT ( 'NONE', 'WORKASPACE' ) );
#5671 = DIRECTION ( 'NONE',  ( 1.000000000000000000, 0.0000000000000000000, 0.0000000000000000000 ) ) ;
#5672 = EDGE_CURVE ( 'NONE', #8068, #6356, #6496, .T. ) ;
#5673 = EDGE_LOOP ( 'NONE', ( #5356, #7425 ) ) ;
#5674 = APPLICATION_PROTOCOL_DEFINITION ( 'draft international standard', 'automotive_design', 1998, #7351 ) ;
#5675 = DIRECTION ( 'NONE',  ( -1.219727444046192700E-016, 1.000000000000000000, -0.0000000000000000000 ) ) ;
#5676 = CARTESIAN_POINT ( 'NONE',  ( 30.09999999999999800, -6.999999999999998200, 0.0000000000000000000 ) ) ;
#5677 = EDGE_CURVE ( 'NONE', #5938, #8788, #8127, .T. ) ;
#5678 = AXIS2_PLACEMENT_3D ( 'NONE', #1885, #8043, #6156 ) ;
#5679 = CARTESIAN_POINT ( 'NONE',  ( 1.030129716582385900, 5.078133820953754100, 1.224646799147362800E-016 ) ) ;
#5680 = ORIENTED_EDGE ( 'NONE', *, *, #3369, .T. ) ;
#5681 = DIRECTION ( 'NONE',  ( -0.0000000000000000000, -1.149055390210327300E-016, 1.000000000000000000 ) ) ;
#5682 = PLANE ( 'NONE',  #3832 ) ;
#5683 = ORIENTED_EDGE ( 'NONE', *, *, #6589, .F. ) ;
#5684 = CIRCLE ( 'NONE', #1227, 3.000000000000002700 ) ;
#5685 = SURFACE_STYLE_USAGE ( .BOTH. , #3101 ) ;
#5686 = PRODUCT_DEFINITION_SHAPE ( 'NONE', 'NONE',  #8882 ) ;
#5687 = CARTESIAN_POINT ( 'NONE',  ( -15.59999999999984900, 18.80100000000015100, 19.09999999999999800 ) ) ;
#5688 = CARTESIAN_POINT ( 'NONE',  ( 12.00000000000000000, 2.828133820953756300, 3.750000000000000000 ) ) ;
#5689 = DIRECTION ( 'NONE',  ( -0.0000000000000000000, 1.149055390210327300E-016, -1.000000000000000000 ) ) ;
#5690 = EDGE_LOOP ( 'NONE', ( #4818, #3216, #4027, #4723 ) ) ;
#5691 = SURFACE_SIDE_STYLE ('',( #3255 ) ) ;
#5692 = DIRECTION ( 'NONE',  ( -1.219727444046192700E-016, 1.000000000000000000, 0.0000000000000000000 ) ) ;
#5693 = PLANE ( 'NONE',  #7796 ) ;
#5694 = AXIS2_PLACEMENT_3D ( 'NONE', #8683, #4765, #5917 ) ;
#5695 = FILL_AREA_STYLE_COLOUR ( '', #5345 ) ;
#5696 = CARTESIAN_POINT ( 'NONE',  ( 15.60000000000015100, -18.79999999999999700, 25.49999999999999600 ) ) ;
#5697 = EDGE_CURVE ( 'NONE', #2780, #4236, #4792, .T. ) ;
#5698 = CARTESIAN_POINT ( 'NONE',  ( 1.760000000000000000, 0.4600000000000002400, -0.4600000000000000200 ) ) ;
#5699 = STYLED_ITEM ( 'NONE', ( #5958 ), #4589 ) ;
#5700 = FACE_OUTER_BOUND ( 'NONE', #3313, .T. ) ;
#5701 = DIRECTION ( 'NONE',  ( 0.0000000000000000000, 0.0000000000000000000, -1.000000000000000000 ) ) ;
#5702 = PRESENTATION_STYLE_ASSIGNMENT (( #2844 ) ) ;
#5703 = CARTESIAN_POINT ( 'NONE',  ( 9.500000000000000000, 1.078133820953755700, 5.000000000000000000 ) ) ;
#5704 = DIRECTION ( 'NONE',  ( 0.0000000000000000000, 0.0000000000000000000, 1.000000000000000000 ) ) ;
#5705 = CARTESIAN_POINT ( 'NONE',  ( -11.00000000000000000, 6.078133820953753200, 2.000000000000000000 ) ) ;
#5706 = DIRECTION ( 'NONE',  ( 0.0000000000000000000, 0.0000000000000000000, 1.000000000000000000 ) ) ;
#5707 = FILL_AREA_STYLE_COLOUR ( '', #3772 ) ;
#5708 = PLANE ( 'NONE',  #6752 ) ;
#5709 = FACE_OUTER_BOUND ( 'NONE', #1502, .T. ) ;
#5710 = PRESENTATION_STYLE_ASSIGNMENT (( #4578 ) ) ;
#5711 = ORIENTED_EDGE ( 'NONE', *, *, #3918, .F. ) ;
#5712 = COLOUR_RGB ( '',1.000000000000000000, 0.9372549019607843100, 0.1372549019607843300 ) ;
#5713 = CARTESIAN_POINT ( 'NONE',  ( -1.742014973993183600, 5.079133820953757100, 12.04999999999999900 ) ) ;
#5714 = MECHANICAL_DESIGN_GEOMETRIC_PRESENTATION_REPRESENTATION (  '', ( #2176 ), #4145 ) ;
#5715 = DIRECTION ( 'NONE',  ( -1.000000000000000000, -1.219727444046192700E-016, -0.0000000000000000000 ) ) ;
#5716 = EDGE_CURVE ( 'NONE', #4103, #6794, #8849, .T. ) ;
#5717 = CARTESIAN_POINT ( 'NONE',  ( -15.59999999999984900, -20.80000000000000100, 46.30000000000000400 ) ) ;
#5718 = DIRECTION ( 'NONE',  ( -1.000000000000000000, 0.0000000000000000000, -0.0000000000000000000 ) ) ;
#5719 = SHAPE_REPRESENTATION ( 'L bracket', ( #3481 ), #2909 ) ;
#5720 = DIRECTION ( 'NONE',  ( 6.308085367188390000E-017, -1.000000000000000000, 0.0000000000000000000 ) ) ;
#5721 = ORIENTED_EDGE ( 'NONE', *, *, #5543, .T. ) ;
#5722 = VECTOR ( 'NONE', #2895, 1000.000000000000000 ) ;
#5723 = LINE ( 'NONE', #7619, #8351 ) ;
#5724 = PLANE ( 'NONE',  #2224 ) ;
#5725 = CARTESIAN_POINT ( 'NONE',  ( -24.99999999999999600, -3.469446951953614200E-015, 0.0000000000000000000 ) ) ;
#5726 = CYLINDRICAL_SURFACE ( 'NONE', #7685, 1.574999999999998200 ) ;
#5727 = FACE_BOUND ( 'NONE', #6215, .T. ) ;
#5728 = ADVANCED_FACE ( 'NONE', ( #3217 ), #917, .F. ) ;
#5729 = AXIS2_PLACEMENT_3D ( 'NONE', #920, #6486, #7639 ) ;
#5730 = DIRECTION ( 'NONE',  ( -1.000000000000000000, -1.355252715606879800E-016, 0.0000000000000000000 ) ) ;
#5731 = DIRECTION ( 'NONE',  ( -1.000000000000000000, 6.195440985631452900E-017, 0.0000000000000000000 ) ) ;
#5732 = PRESENTATION_LAYER_ASSIGNMENT (  '', '', ( #5074 ) ) ;
#5733 = CARTESIAN_POINT ( 'NONE',  ( 12.00000000000000000, 3.578133820953756300, 5.000000000000000000 ) ) ;
#5734 = ORIENTED_EDGE ( 'NONE', *, *, #746, .T. ) ;
#5735 = AXIS2_PLACEMENT_3D ( 'NONE', #3780, #967, #6374 ) ;
#5736 = COLOUR_RGB ( '',0.7686274509803920900, 0.7686274509803920900, 0.7686274509803920900 ) ;
#5737 = CARTESIAN_POINT ( 'NONE',  ( 8.227241335952131300, -3.175000000000067300, 1.809762239581262600E-016 ) ) ;
#5738 = ORIENTED_EDGE ( 'NONE', *, *, #2327, .T. ) ;
#5739 = ADVANCED_FACE ( 'NONE', ( #1200, #8516, #6919, #7340, #5889, #3157, #6627, #356 ), #5039, .T. ) ;
#5740 = EDGE_CURVE ( 'NONE', #4638, #2107, #5748, .T. ) ;
#5741 = CARTESIAN_POINT ( 'NONE',  ( -2.731078189220353300, 1.241583518997451800, 2.566550328427678700 ) ) ;
#5742 = DIRECTION ( 'NONE',  ( 0.0000000000000000000, 0.0000000000000000000, 1.000000000000000000 ) ) ;
#5743 = FACE_BOUND ( 'NONE', #4656, .T. ) ;
#5744 = EDGE_LOOP ( 'NONE', ( #1261, #2480 ) ) ;
#5745 = CARTESIAN_POINT ( 'NONE',  ( 18.80000000000015300, -20.80000000000000100, 2.000000000000000000 ) ) ;
#5746 = CIRCLE ( 'NONE', #4179, 0.8999999999999998000 ) ;
#5747 = FILL_AREA_STYLE ('',( #2602 ) ) ;
#5748 = LINE ( 'NONE', #1065, #1501 ) ;
#5749 = VECTOR ( 'NONE', #7733, 1000.000000000000000 ) ;
#5750 = ORIENTED_EDGE ( 'NONE', *, *, #56, .F. ) ;
#5751 = FACE_BOUND ( 'NONE', #8153, .T. ) ;
#5752 = COLOUR_RGB ( '',0.2862745098039215500, 0.6627450980392156600, 0.3294117647058823500 ) ;
#5753 = VERTEX_POINT ( 'NONE', #1476 ) ;
#5754 = ADVANCED_FACE ( 'NONE', ( #6487 ), #8792, .F. ) ;
#5755 = AXIS2_PLACEMENT_3D ( 'NONE', #2704, #1032, #312 ) ;
#5756 = EDGE_LOOP ( 'NONE', ( #6210, #3056 ) ) ;
#5757 = EDGE_CURVE ( 'NONE', #5368, #3775, #8257, .T. ) ;
#5758 = CARTESIAN_POINT ( 'NONE',  ( -25.00000000000000000, -13.42339375865880800, -8.999999999998857800 ) ) ;
#5759 = ORIENTED_EDGE ( 'NONE', *, *, #3680, .F. ) ;
#5760 = CIRCLE ( 'NONE', #7618, 1.600000000000004100 ) ;
#5761 = CARTESIAN_POINT ( 'NONE',  ( -15.59999999999984900, -18.79999999999999700, 39.89999999999999900 ) ) ;
#5762 = CARTESIAN_POINT ( 'NONE',  ( -5.992915249958477000, -0.3282665342002878400, 7.817079017640588200 ) ) ;
#5763 = FACE_BOUND ( 'NONE', #683, .T. ) ;
#5764 = EDGE_CURVE ( 'NONE', #1605, #7364, #2695, .T. ) ;
#5765 = ORIENTED_EDGE ( 'NONE', *, *, #2501, .T. ) ;
#5766 = DIRECTION ( 'NONE',  ( -1.000000000000000000, 0.0000000000000000000, -0.0000000000000000000 ) ) ;
#5767 = AXIS2_PLACEMENT_3D ( 'NONE', #3128, #7315, #174 ) ;
#5768 = EDGE_CURVE ( 'NONE', #7218, #2521, #1247, .T. ) ;
#5769 = DIRECTION ( 'NONE',  ( -0.0000000000000000000, -1.149055390210327300E-016, 1.000000000000000000 ) ) ;
#5770 = ORIENTED_EDGE ( 'NONE', *, *, #6141, .F. ) ;
#5771 = FACE_OUTER_BOUND ( 'NONE', #5505, .T. ) ;
#5772 = PRODUCT_DEFINITION ( 'UNKNOWN', '', #7616, #4623 ) ;
#5773 = FACE_OUTER_BOUND ( 'NONE', #730, .T. ) ;
#5774 = CIRCLE ( 'NONE', #3261, 0.5000000000000000000 ) ;
#5775 = VERTEX_POINT ( 'NONE', #2192 ) ;
#5776 = SURFACE_SIDE_STYLE ('',( #3930 ) ) ;
#5777 = EDGE_LOOP ( 'NONE', ( #7029, #5088, #7855, #141 ) ) ;
#5778 = DIRECTION ( 'NONE',  ( 0.0000000000000000000, 0.0000000000000000000, -1.000000000000000000 ) ) ;
#5779 = ORIENTED_EDGE ( 'NONE', *, *, #3826, .T. ) ;
#5780 = ORIENTED_EDGE ( 'NONE', *, *, #7170, .F. ) ;
#5781 = ORIENTED_EDGE ( 'NONE', *, *, #5274, .F. ) ;
#5782 = EDGE_CURVE ( 'NONE', #7586, #3685, #6188, .T. ) ;
#5783 = CIRCLE ( 'NONE', #5154, 1.249999999999988900 ) ;
#5784 = EDGE_CURVE ( 'NONE', #4342, #3062, #6431, .T. ) ;
#5785 = PRODUCT_DEFINITION_SHAPE ( 'NONE', 'NONE',  #7011 ) ;
#5786 = DIRECTION ( 'NONE',  ( -0.0000000000000000000, 1.000000000000000000, -0.0000000000000000000 ) ) ;
#5787 = EDGE_LOOP ( 'NONE', ( #2954, #3978 ) ) ;
#5788 = PRESENTATION_STYLE_ASSIGNMENT (( #542 ) ) ;
#5789 = DIRECTION ( 'NONE',  ( -1.000000000000000000, -0.0000000000000000000, -0.0000000000000000000 ) ) ;
#5790 = ORIENTED_EDGE ( 'NONE', *, *, #6476, .T. ) ;
#5791 = ORIENTED_EDGE ( 'NONE', *, *, #2822, .F. ) ;
#5792 = SURFACE_STYLE_USAGE ( .BOTH. , #8826 ) ;
#5793 =( NAMED_UNIT ( * ) PLANE_ANGLE_UNIT ( ) SI_UNIT ( $, .RADIAN. ) );
#5794 = DIRECTION ( 'NONE',  ( 1.219727444046192700E-016, -1.000000000000000000, 0.0000000000000000000 ) ) ;
#5795 = SURFACE_STYLE_USAGE ( .BOTH. , #1530 ) ;
#5796 = CARTESIAN_POINT ( 'NONE',  ( -25.00000000000000000, -7.000000000000003600, -8.579999999999998300 ) ) ;
#5797 = ORIENTED_EDGE ( 'NONE', *, *, #148, .T. ) ;
#5798 = DIRECTION ( 'NONE',  ( 0.0000000000000000000, 0.06618514427601279700, -0.9978073595024058400 ) ) ;
#5799 = CARTESIAN_POINT ( 'NONE',  ( 17.00000000000000000, 2.328133820953756800, 3.750000000000000000 ) ) ;
#5800 = VERTEX_POINT ( 'NONE', #5471 ) ;
#5801 = AXIS2_PLACEMENT_3D ( 'NONE', #8815, #7357, #221 ) ;
#5802 = ORIENTED_EDGE ( 'NONE', *, *, #2146, .F. ) ;
#5803 = DIRECTION ( 'NONE',  ( 0.0000000000000000000, 0.0000000000000000000, 1.000000000000000000 ) ) ;
#5804 = AXIS2_PLACEMENT_3D ( 'NONE', #3401, #5271, #3538 ) ;
#5805 = DIRECTION ( 'NONE',  ( 0.0000000000000000000, -1.000000000000000000, 0.0000000000000000000 ) ) ;
#5806 = CIRCLE ( 'NONE', #1506, 1.249999999999998400 ) ;
#5807 = EDGE_LOOP ( 'NONE', ( #380, #5680, #3400, #4674 ) ) ;
#5808 = CARTESIAN_POINT ( 'NONE',  ( 31.00000000000000000, -10.34999999999999800, 4.653657836759943700E-016 ) ) ;
#5809 = CARTESIAN_POINT ( 'NONE',  ( 17.00000000000000000, 2.328133820953756800, -3.750000000000000000 ) ) ;
#5810 = ORIENTED_EDGE ( 'NONE', *, *, #7601, .T. ) ;
#5811 = FILL_AREA_STYLE_COLOUR ( '', #4630 ) ;
#5812 = EDGE_CURVE ( 'NONE', #892, #1385, #8081, .T. ) ;
#5813 = UNCERTAINTY_MEASURE_WITH_UNIT (LENGTH_MEASURE( 1.000000000000000100E-005 ), #6402, 'distance_accuracy_value', 'NONE');
#5814 = DIRECTION ( 'NONE',  ( 0.0000000000000000000, 0.0000000000000000000, -1.000000000000000000 ) ) ;
#5815 = AXIS2_PLACEMENT_3D ( 'NONE', #927, #502, #8073 ) ;
#5816 = AXIS2_PLACEMENT_3D ( 'NONE', #3413, #7588, #7439 ) ;
#5817 = VERTEX_POINT ( 'NONE', #6037 ) ;
#5818 = CONTEXT_DEPENDENT_SHAPE_REPRESENTATION ( #4298, #7429 ) ;
#5819 = CIRCLE ( 'NONE', #4234, 1.650000000000002100 ) ;
#5820 = EDGE_LOOP ( 'NONE', ( #7382, #535, #7374, #3158 ) ) ;
#5821 = DIRECTION ( 'NONE',  ( -0.0000000000000000000, 1.149055390210327300E-016, -1.000000000000000000 ) ) ;
#5822 = EDGE_CURVE ( 'NONE', #6794, #2877, #8811, .T. ) ;
#5823 = CARTESIAN_POINT ( 'NONE',  ( -5.868340415034844600, 1.250032309329059300, 6.681285371658046500 ) ) ;
#5824 = CYLINDRICAL_SURFACE ( 'NONE', #2547, 1.574999999999998200 ) ;
#5825 = PRESENTATION_LAYER_ASSIGNMENT (  '', '', ( #1750 ) ) ;
#5826 = CARTESIAN_POINT ( 'NONE',  ( 0.0000000000000000000, -1.892425610156516600E-015, 0.0000000000000000000 ) ) ;
#5827 = ORIENTED_EDGE ( 'NONE', *, *, #3048, .T. ) ;
#5828 = ORIENTED_EDGE ( 'NONE', *, *, #2473, .T. ) ;
#5829 = CARTESIAN_POINT ( 'NONE',  ( -24.00000000000000000, -7.749999999999427100, 12.17339375865978800 ) ) ;
#5830 =( NAMED_UNIT ( * ) SI_UNIT ( $, .STERADIAN. ) SOLID_ANGLE_UNIT ( ) );
#5831 = MECHANICAL_DESIGN_GEOMETRIC_PRESENTATION_REPRESENTATION (  '', ( #4507 ), #439 ) ;
#5832 = ORIENTED_EDGE ( 'NONE', *, *, #7093, .T. ) ;
#5833 = CARTESIAN_POINT ( 'NONE',  ( 0.7471507068104805700, 2.527459386281488900, -0.7247219743563518800 ) ) ;
#5834 = ORIENTED_EDGE ( 'NONE', *, *, #1952, .T. ) ;
#5835 = ADVANCED_FACE ( 'NONE', ( #1916 ), #4198, .F. ) ;
#5836 = LINE ( 'NONE', #2555, #4975 ) ;
#5837 = CIRCLE ( 'NONE', #5729, 1.650000000000002100 ) ;
#5838 = CARTESIAN_POINT ( 'NONE',  ( -24.00000000000000000, -6.999999999999998200, 8.579999999999996500 ) ) ;
#5839 = DIRECTION ( 'NONE',  ( -1.000000000000000000, -1.219727444046192700E-016, -0.0000000000000000000 ) ) ;
#5840 = CARTESIAN_POINT ( 'NONE',  ( -15.59999999999984900, -20.80000000000000100, 33.50000000000000000 ) ) ;
#5841 = SURFACE_STYLE_FILL_AREA ( #8752 ) ;
#5842 = AXIS2_PLACEMENT_3D ( 'NONE', #1704, #864, #5544 ) ;
#5843 = ADVANCED_FACE ( 'NONE', ( #508 ), #2013, .F. ) ;
#5844 =( NAMED_UNIT ( * ) PLANE_ANGLE_UNIT ( ) SI_UNIT ( $, .RADIAN. ) );
#5845 = DIRECTION ( 'NONE',  ( -0.0000000000000000000, -1.000000000000000000, -0.0000000000000000000 ) ) ;
#5846 = PRODUCT_RELATED_PRODUCT_CATEGORY ( 'part', '', ( #8676 ) ) ;
#5847 = CARTESIAN_POINT ( 'NONE',  ( -25.00000000000000000, -6.999999999999998200, 8.579999999999996500 ) ) ;
#5848 = CIRCLE ( 'NONE', #7574, 1.599999999999997200 ) ;
#5849 = CARTESIAN_POINT ( 'NONE',  ( -25.39999999999996300, 0.0000000000000000000, 0.0000000000000000000 ) ) ;
#5850 = CARTESIAN_POINT ( 'NONE',  ( 15.60000000000015100, -20.80000000000000100, 6.299999999999992700 ) ) ;
#5851 = DIRECTION ( 'NONE',  ( 0.0000000000000000000, 0.0000000000000000000, 1.000000000000000000 ) ) ;
#5852 =( GEOMETRIC_REPRESENTATION_CONTEXT ( 3 ) GLOBAL_UNCERTAINTY_ASSIGNED_CONTEXT ( ( #1551 ) ) GLOBAL_UNIT_ASSIGNED_CONTEXT ( ( #1231, #7512, #1791 ) ) REPRESENTATION_CONTEXT ( 'NONE', 'WORKASPACE' ) );
#5853 = SURFACE_STYLE_FILL_AREA ( #7167 ) ;
#5854 = UNCERTAINTY_MEASURE_WITH_UNIT (LENGTH_MEASURE( 1.000000000000000100E-005 ), #1876, 'distance_accuracy_value', 'NONE');
#5855 = CARTESIAN_POINT ( 'NONE',  ( 15.60000000000015100, 18.80100000000015100, 31.89999999999999900 ) ) ;
#5856 = LINE ( 'NONE', #3563, #2078 ) ;
#5857 = DIRECTION ( 'NONE',  ( 1.219727444046192700E-016, -1.000000000000000000, -0.0000000000000000000 ) ) ;
#5858 = VERTEX_POINT ( 'NONE', #8524 ) ;
#5859 = EDGE_CURVE ( 'NONE', #4739, #8525, #3746, .T. ) ;
#5860 = ADVANCED_FACE ( 'NONE', ( #3319 ), #5205, .F. ) ;
#5861 = VECTOR ( 'NONE', #2403, 1000.000000000000000 ) ;
#5862 = FILL_AREA_STYLE_COLOUR ( '', #5116 ) ;
#5863 = ORIENTED_EDGE ( 'NONE', *, *, #369, .F. ) ;
#5864 = DIRECTION ( 'NONE',  ( -1.000000000000000000, -0.0000000000000000000, -0.0000000000000000000 ) ) ;
#5865 =( LENGTH_UNIT ( ) NAMED_UNIT ( * ) SI_UNIT ( .MILLI., .METRE. ) );
#5866 = CARTESIAN_POINT ( 'NONE',  ( 8.227241335952131300, -6.325000000000063200, 4.799999999999999800 ) ) ;
#5867 = VECTOR ( 'NONE', #6343, 1000.000000000000000 ) ;
#5868 = CARTESIAN_POINT ( 'NONE',  ( 0.8913003840449960100, 2.745272285154357000, -0.4121749504670879600 ) ) ;
#5869 = COLOUR_RGB ( '',0.1019607843137254900, 0.1019607843137254900, 0.1019607843137254900 ) ;
#5870 = CARTESIAN_POINT ( 'NONE',  ( -24.00000000000000000, 15.49999999999999800, -1.951563910473908000E-015 ) ) ;
#5871 = FILL_AREA_STYLE ('',( #6607 ) ) ;
#5872 = CARTESIAN_POINT ( 'NONE',  ( -20.50000000000000000, 3.673940397442059900E-016, -3.000000000000000000 ) ) ;
#5873 = ORIENTED_EDGE ( 'NONE', *, *, #1016, .T. ) ;
#5874 = PRESENTATION_LAYER_ASSIGNMENT (  '', '', ( #5983 ) ) ;
#5875 = ADVANCED_FACE ( 'NONE', ( #2888 ), #653, .F. ) ;
#5876 = VECTOR ( 'NONE', #224, 1000.000000000000000 ) ;
#5877 = CARTESIAN_POINT ( 'NONE',  ( -8.227241335952159700, -6.325000000000010800, 4.799999999999999800 ) ) ;
#5878 = ORIENTED_EDGE ( 'NONE', *, *, #5822, .F. ) ;
#5879 = AXIS2_PLACEMENT_3D ( 'NONE', #8000, #5264, #2805 ) ;
#5880 = DIRECTION ( 'NONE',  ( 0.0000000000000000000, 0.0000000000000000000, 1.000000000000000000 ) ) ;
#5881 = ADVANCED_FACE ( 'NONE', ( #3329 ), #3909, .F. ) ;
#5882 = PRESENTATION_LAYER_ASSIGNMENT (  '', '', ( #2597 ) ) ;
#5883 = PRODUCT ( 'L bracket', 'L bracket', '', ( #5667 ) ) ;
#5884 = ORIENTED_EDGE ( 'NONE', *, *, #1565, .T. ) ;
#5885 = AXIS2_PLACEMENT_3D ( 'NONE', #5717, #1884, #8486 ) ;
#5886 = CARTESIAN_POINT ( 'NONE',  ( -7.750000000000157200, 13.42339375865871200, 2.000000000000001800 ) ) ;
#5887 = AXIS2_PLACEMENT_3D ( 'NONE', #7531, #3206, #2363 ) ;
#5888 = CARTESIAN_POINT ( 'NONE',  ( -2.901777406261242500, -0.7706403458501811500, 1.402714376497608900 ) ) ;
#5889 = FACE_BOUND ( 'NONE', #5787, .T. ) ;
#5890 = ORIENTED_EDGE ( 'NONE', *, *, #6645, .T. ) ;
#5891 = ADVANCED_FACE ( 'NONE', ( #4621, #5064, #229, #5763, #1084, #1226, #3760, #4345, #372, #2065, #3178, #4758, #2620, #2484, #7088 ), #3620, .F. ) ;
#5892 = PRESENTATION_STYLE_ASSIGNMENT (( #6187 ) ) ;
#5893 = DIRECTION ( 'NONE',  ( 0.0000000000000000000, 0.0000000000000000000, 1.000000000000000000 ) ) ;
#5894 = EDGE_CURVE ( 'NONE', #294, #5500, #2765, .T. ) ;
#5895 = ORIENTED_EDGE ( 'NONE', *, *, #6178, .T. ) ;
#5896 = CARTESIAN_POINT ( 'NONE',  ( -9.434954756987027400E-014, -7.924999999999999800, -6.863855140302771700E-016 ) ) ;
#5897 =( NAMED_UNIT ( * ) SI_UNIT ( $, .STERADIAN. ) SOLID_ANGLE_UNIT ( ) );
#5898 = DIRECTION ( 'NONE',  ( 0.0000000000000000000, 0.0000000000000000000, -1.000000000000000000 ) ) ;
#5899 = EDGE_CURVE ( 'NONE', #4884, #5753, #8679, .T. ) ;
#5900 = ORIENTED_EDGE ( 'NONE', *, *, #5042, .T. ) ;
#5901 = CARTESIAN_POINT ( 'NONE',  ( 7.347880794884118800E-016, -6.000000000000000000, 6.173195309819861100 ) ) ;
#5902 = FACE_OUTER_BOUND ( 'NONE', #6287, .T. ) ;
#5903 = VECTOR ( 'NONE', #2260, 1000.000000000000000 ) ;
#5904 = SURFACE_STYLE_FILL_AREA ( #793 ) ;
#5905 = CARTESIAN_POINT ( 'NONE',  ( -15.59999999999984900, -18.79999999999999700, 20.69999999999999900 ) ) ;
#5906 = FILL_AREA_STYLE_COLOUR ( '', #4755 ) ;
#5907 = VERTEX_POINT ( 'NONE', #6941 ) ;
#5908 = UNCERTAINTY_MEASURE_WITH_UNIT (LENGTH_MEASURE( 1.000000000000000100E-005 ), #605, 'distance_accuracy_value', 'NONE');
#5909 = DIRECTION ( 'NONE',  ( 0.0000000000000000000, 0.0000000000000000000, -1.000000000000000000 ) ) ;
#5910 = CARTESIAN_POINT ( 'NONE',  ( -5.917449923182283000, -0.9986844538568122600, 7.369207403444545600 ) ) ;
#5911 = CYLINDRICAL_SURFACE ( 'NONE', #1423, 3.000000000000000000 ) ;
#5912 = EDGE_CURVE ( 'NONE', #4358, #2174, #1828, .T. ) ;
#5913 = EDGE_CURVE ( 'NONE', #7294, #170, #2737, .T. ) ;
#5914 = LINE ( 'NONE', #3758, #5722 ) ;
#5915 = VERTEX_POINT ( 'NONE', #5048 ) ;
#5916 = LINE ( 'NONE', #7367, #790 ) ;
#5917 = DIRECTION ( 'NONE',  ( 0.0000000000000000000, 0.0000000000000000000, 1.000000000000000000 ) ) ;
#5918 = MECHANICAL_DESIGN_GEOMETRIC_PRESENTATION_REPRESENTATION (  '', ( #5699 ), #8086 ) ;
#5919 = ORIENTED_EDGE ( 'NONE', *, *, #2042, .F. ) ;
#5920 = FACE_OUTER_BOUND ( 'NONE', #2132, .T. ) ;
#5921 = VECTOR ( 'NONE', #2842, 1000.000000000000000 ) ;
#5923 = AXIS2_PLACEMENT_3D ( 'NONE', #1499, #7239, #3343 ) ;
#5922 = CARTESIAN_POINT ( 'NONE',  ( -24.00000000000000000, -1.577021341797097400E-015, -14.25000000000000000 ) ) ;
#5924 = AXIS2_PLACEMENT_3D ( 'NONE', #3407, #8456, #6417 ) ;
#5925 = DIRECTION ( 'NONE',  ( 0.0000000000000000000, -1.000000000000000000, 0.0000000000000000000 ) ) ;
#5926 = ORIENTED_EDGE ( 'NONE', *, *, #6720, .F. ) ;
#5927 = EDGE_CURVE ( 'NONE', #2395, #8779, #1212, .T. ) ;
#5928 = PRESENTATION_LAYER_ASSIGNMENT (  '', '', ( #8770 ) ) ;
#5929 = DIRECTION ( 'NONE',  ( 1.000000000000000000, 0.0000000000000000000, 0.0000000000000000000 ) ) ;
#5930 = VERTEX_POINT ( 'NONE', #5627 ) ;
#5931 = EDGE_LOOP ( 'NONE', ( #8404, #140, #103, #1907 ) ) ;
#5932 = CIRCLE ( 'NONE', #2066, 5.999999999999997300 ) ;
#5933 = CIRCLE ( 'NONE', #7119, 1.249999999999988900 ) ;
#5934 = CARTESIAN_POINT ( 'NONE',  ( -24.00000000000000000, -7.000000000000001800, -8.579999999999996500 ) ) ;
#5935 = PRESENTATION_STYLE_ASSIGNMENT (( #6372 ) ) ;
#5936 = FACE_BOUND ( 'NONE', #3644, .T. ) ;
#5937 = EDGE_CURVE ( 'NONE', #8720, #7899, #1890, .T. ) ;
#5938 = VERTEX_POINT ( 'NONE', #6805 ) ;
#5939 = EDGE_LOOP ( 'NONE', ( #3454, #7671 ) ) ;
#5940 = VERTEX_POINT ( 'NONE', #507 ) ;
#5941 =( GEOMETRIC_REPRESENTATION_CONTEXT ( 3 ) GLOBAL_UNCERTAINTY_ASSIGNED_CONTEXT ( ( #7110 ) ) GLOBAL_UNIT_ASSIGNED_CONTEXT ( ( #2519, #7543, #831 ) ) REPRESENTATION_CONTEXT ( 'NONE', 'WORKASPACE' ) );
#5942 = UNCERTAINTY_MEASURE_WITH_UNIT (LENGTH_MEASURE( 1.000000000000000100E-005 ), #8845, 'distance_accuracy_value', 'NONE');
#5943 = AXIS2_PLACEMENT_3D ( 'NONE', #2726, #4316, #5730 ) ;
#5944 = AXIS2_PLACEMENT_3D ( 'NONE', #4815, #1284, #716 ) ;
#5945 = ORIENTED_EDGE ( 'NONE', *, *, #906, .T. ) ;
#5946 =( NAMED_UNIT ( * ) PLANE_ANGLE_UNIT ( ) SI_UNIT ( $, .RADIAN. ) );
#5947 = ORIENTED_EDGE ( 'NONE', *, *, #7069, .F. ) ;
#5948 = EDGE_LOOP ( 'NONE', ( #7089, #7238, #5873 ) ) ;
#5949 = FILL_AREA_STYLE_COLOUR ( '', #5639 ) ;
#5950 = CARTESIAN_POINT ( 'NONE',  ( -24.00000000000000000, -7.750000000000578200, -14.67339375865780600 ) ) ;
#5951 = ORIENTED_EDGE ( 'NONE', *, *, #4700, .T. ) ;
#5952 = CARTESIAN_POINT ( 'NONE',  ( 6.005683964081102400, -11.18360656424615800, -6.975120642222449000 ) ) ;
#5953 =( LENGTH_UNIT ( ) NAMED_UNIT ( * ) SI_UNIT ( .MILLI., .METRE. ) );
#5954 = ORIENTED_EDGE ( 'NONE', *, *, #2432, .T. ) ;
#5955 = CARTESIAN_POINT ( 'NONE',  ( -25.00000000000000000, 13.42339375865879700, -7.750000000000000000 ) ) ;
#5956 = EDGE_CURVE ( 'NONE', #4980, #567, #416, .T. ) ;
#5957 = ORIENTED_EDGE ( 'NONE', *, *, #5119, .F. ) ;
#5958 = PRESENTATION_STYLE_ASSIGNMENT (( #8591 ) ) ;
#5959 = ORIENTED_EDGE ( 'NONE', *, *, #8409, .F. ) ;
#5960 = LINE ( 'NONE', #2122, #6435 ) ;
#5961 = PRESENTATION_STYLE_ASSIGNMENT (( #994 ) ) ;
#5962 = DIRECTION ( 'NONE',  ( -0.5150380749100541600, 0.0000000000000000000, 0.8571673007021122200 ) ) ;
#5963 = FILL_AREA_STYLE_COLOUR ( '', #664 ) ;
#5964 = ORIENTED_EDGE ( 'NONE', *, *, #281, .F. ) ;
#5965 = CARTESIAN_POINT ( 'NONE',  ( 6.399999999999995900, 1.499999999999999600, 0.0000000000000000000 ) ) ;
#5966 = CYLINDRICAL_SURFACE ( 'NONE', #1078, 1.600000000000004100 ) ;
#5967 = ORIENTED_EDGE ( 'NONE', *, *, #2650, .F. ) ;
#5968 = DIRECTION ( 'NONE',  ( 0.0000000000000000000, 0.0000000000000000000, -1.000000000000000000 ) ) ;
#5969 = FACE_OUTER_BOUND ( 'NONE', #5513, .T. ) ;
#5970 = EDGE_CURVE ( 'NONE', #3459, #5463, #6348, .T. ) ;
#5971 = EDGE_CURVE ( 'NONE', #913, #7269, #1999, .T. ) ;
#5972 = VERTEX_POINT ( 'NONE', #8080 ) ;
#5973 = DIRECTION ( 'NONE',  ( -1.000000000000000000, -0.0000000000000000000, -0.0000000000000000000 ) ) ;
#5974 = DIRECTION ( 'NONE',  ( 6.308085367188390000E-017, -1.000000000000000000, 0.0000000000000000000 ) ) ;
#5975 = CARTESIAN_POINT ( 'NONE',  ( 17.00000000000000000, 2.828133820953756800, 0.7499999999999998900 ) ) ;
#5976 = SURFACE_STYLE_USAGE ( .BOTH. , #8608 ) ;
#5977 = CARTESIAN_POINT ( 'NONE',  ( 0.0000000000000000000, -1.123233931208116200E-015, 8.400000000000000400 ) ) ;
#5978 = CARTESIAN_POINT ( 'NONE',  ( 15.60000000000015100, -18.79999999999999700, 19.09999999999999400 ) ) ;
#5979 = FACE_OUTER_BOUND ( 'NONE', #4644, .T. ) ;
#5980 = MECHANICAL_DESIGN_GEOMETRIC_PRESENTATION_REPRESENTATION (  '', ( #4506 ), #6935 ) ;
#5981 = CARTESIAN_POINT ( 'NONE',  ( -24.00000000000000000, -13.42339375865879900, 9.000000000001129800 ) ) ;
#5982 = CYLINDRICAL_SURFACE ( 'NONE', #7888, 1.249999999999994200 ) ;
#5983 = STYLED_ITEM ( 'NONE', ( #4949 ), #2134 ) ;
#5984 = DIRECTION ( 'NONE',  ( 0.0000000000000000000, 0.0000000000000000000, 1.000000000000000000 ) ) ;
#5985 = CARTESIAN_POINT ( 'NONE',  ( 6.555757927839308200E-016, 6.999999999999999100, 2.000000000000001800 ) ) ;
#5986 =( GEOMETRIC_REPRESENTATION_CONTEXT ( 3 ) GLOBAL_UNCERTAINTY_ASSIGNED_CONTEXT ( ( #4447 ) ) GLOBAL_UNIT_ASSIGNED_CONTEXT ( ( #2669, #4968, #8588 ) ) REPRESENTATION_CONTEXT ( 'NONE', 'WORKASPACE' ) );
#5987 = CYLINDRICAL_SURFACE ( 'NONE', #1570, 1.600000000000004100 ) ;
#5988 = FILL_AREA_STYLE ('',( #24 ) ) ;
#5989 = PRODUCT_DEFINITION_FORMATION_WITH_SPECIFIED_SOURCE ( 'ANY', '', #3956, .NOT_KNOWN. ) ;
#5990 = EDGE_CURVE ( 'NONE', #6515, #1257, #3494, .T. ) ;
#5991 = CARTESIAN_POINT ( 'NONE',  ( 15.50000000000000000, 1.082359215041371300E-013, 51.20100000000000100 ) ) ;
#5992 = PLANE ( 'NONE',  #2481 ) ;
#5993 = VECTOR ( 'NONE', #3072, 1000.000000000000000 ) ;
#5994 = SURFACE_SIDE_STYLE ('',( #7171 ) ) ;
#5995 = SURFACE_STYLE_FILL_AREA ( #2568 ) ;
#5996 = CARTESIAN_POINT ( 'NONE',  ( 15.60000000000015100, -18.79999999999999700, 14.30000000000000100 ) ) ;
#5997 = DIRECTION ( 'NONE',  ( 1.000000000000000000, -0.0000000000000000000, -0.0000000000000000000 ) ) ;
#5998 = AXIS2_PLACEMENT_3D ( 'NONE', #3160, #2051, #3897 ) ;
#5999 = FACE_OUTER_BOUND ( 'NONE', #1651, .T. ) ;
#6000 = DIRECTION ( 'NONE',  ( 0.0000000000000000000, 1.000000000000000000, 0.0000000000000000000 ) ) ;
#6001 = ADVANCED_FACE ( 'NONE', ( #3908 ), #3727, .F. ) ;
#6002 = VERTEX_POINT ( 'NONE', #516 ) ;
#6003 = MECHANICAL_DESIGN_GEOMETRIC_PRESENTATION_REPRESENTATION (  '', ( #76 ), #4679 ) ;
#6004 = CARTESIAN_POINT ( 'NONE',  ( 9.500000000000000000, 3.578133820953755900, 5.000000000000000000 ) ) ;
#6005 = AXIS2_PLACEMENT_3D ( 'NONE', #8261, #1658, #4369 ) ;
#6006 = DIRECTION ( 'NONE',  ( -0.0000000000000000000, -0.0000000000000000000, -1.000000000000000000 ) ) ;
#6007 = EDGE_LOOP ( 'NONE', ( #277, #8775 ) ) ;
#6008 = STYLED_ITEM ( 'NONE', ( #8028 ), #2705 ) ;
#6009 = FACE_OUTER_BOUND ( 'NONE', #4985, .T. ) ;
#6010 = VECTOR ( 'NONE', #4155, 1000.000000000000000 ) ;
#6011 = APPLICATION_CONTEXT ( 'automotive_design' ) ;
#6012 = CARTESIAN_POINT ( 'NONE',  ( -4.969870283417622000, 4.578133820953754100, 0.0000000000000000000 ) ) ;
#6013 = ORIENTED_EDGE ( 'NONE', *, *, #5199, .F. ) ;
#6014 = ADVANCED_FACE ( 'NONE', ( #7223 ), #1634, .T. ) ;
#6015 = CARTESIAN_POINT ( 'NONE',  ( 0.8827931431302498100, 2.767652129151672500, -0.1330589596277582700 ) ) ;
#6016 = CARTESIAN_POINT ( 'NONE',  ( -12.97786167052775100, 0.7673257755607764100, 3.400478992912018900 ) ) ;
#6017 = EDGE_CURVE ( 'NONE', #7551, #1413, #1996, .T. ) ;
#6018 = ORIENTED_EDGE ( 'NONE', *, *, #4625, .T. ) ;
#6019 = VECTOR ( 'NONE', #7237, 1000.000000000000000 ) ;
#6020 = DIRECTION ( 'NONE',  ( -0.0000000000000000000, -0.0000000000000000000, -1.000000000000000000 ) ) ;
#6021 = CARTESIAN_POINT ( 'NONE',  ( 30.00000000000000000, 1.250000000000002000, 12.05000000000000100 ) ) ;
#6022 = ORIENTED_EDGE ( 'NONE', *, *, #7361, .T. ) ;
#6023 = CARTESIAN_POINT ( 'NONE',  ( -2.756199093448439700, 1.185126131512301400, 2.805751919930322500 ) ) ;
#6024 = CARTESIAN_POINT ( 'NONE',  ( -2.999999999999999600, -0.08362005272848811700, 1.149999999999998600 ) ) ;
#6025 = CARTESIAN_POINT ( 'NONE',  ( 0.03012971658237811900, 5.078133820953754100, 0.0000000000000000000 ) ) ;
#6026 = VECTOR ( 'NONE', #6331, 1000.000000000000000 ) ;
#6027 = ORIENTED_EDGE ( 'NONE', *, *, #7244, .T. ) ;
#6028 = EDGE_CURVE ( 'NONE', #2456, #4126, #1119, .T. ) ;
#6029 = EDGE_CURVE ( 'NONE', #7288, #1986, #907, .T. ) ;
#6030 = CARTESIAN_POINT ( 'NONE',  ( -2.831303043553764700, 0.9990650749151244200, 1.631423702748672900 ) ) ;
#6031 = APPLICATION_CONTEXT ( 'automotive_design' ) ;
#6032 = PRESENTATION_LAYER_ASSIGNMENT (  '', '', ( #7653 ) ) ;
#6033 = EDGE_LOOP ( 'NONE', ( #3716, #1953, #5407, #4268 ) ) ;
#6034 = UNCERTAINTY_MEASURE_WITH_UNIT (LENGTH_MEASURE( 1.000000000000000100E-005 ), #326, 'distance_accuracy_value', 'NONE');
#6035 = DIRECTION ( 'NONE',  ( 1.467842941211163900E-014, -1.000000000000000000, 0.0000000000000000000 ) ) ;
#6036 = DIRECTION ( 'NONE',  ( -0.0000000000000000000, 0.0000000000000000000, 1.000000000000000000 ) ) ;
#6037 = CARTESIAN_POINT ( 'NONE',  ( 15.60000000000015100, -18.79999999999999700, 15.90000000000000400 ) ) ;
#6038 = MECHANICAL_DESIGN_GEOMETRIC_PRESENTATION_REPRESENTATION (  '', ( #5651 ), #1951 ) ;
#6039 = AXIS2_PLACEMENT_3D ( 'NONE', #7222, #4611, #7078 ) ;
#6040 = ORIENTED_EDGE ( 'NONE', *, *, #5956, .F. ) ;
#6041 = CIRCLE ( 'NONE', #4195, 0.5000000000000000000 ) ;
#6042 = AXIS2_PLACEMENT_3D ( 'NONE', #7840, #125, #5252 ) ;
#6043 = VERTEX_POINT ( 'NONE', #3916 ) ;
#6044 = ADVANCED_FACE ( 'NONE', ( #2891 ), #1932, .T. ) ;
#6045 = CARTESIAN_POINT ( 'NONE',  ( 0.9135550145826626400, 2.686727433228564000, -0.6812299393704405200 ) ) ;
#6046 = FACE_OUTER_BOUND ( 'NONE', #866, .T. ) ;
#6047 = DIRECTION ( 'NONE',  ( -0.0000000000000000000, -1.149055390210327300E-016, 1.000000000000000000 ) ) ;
#6048 = MANIFOLD_SOLID_BREP ( 'Cut-Extrude1', #4864 ) ;
#6049 = ORIENTED_EDGE ( 'NONE', *, *, #5365, .T. ) ;
#6050 = CARTESIAN_POINT ( 'NONE',  ( 17.15000000000000200, 1.084379882259964400E-013, 2.000000000000001800 ) ) ;
#6051 = EDGE_CURVE ( 'NONE', #3586, #2646, #5203, .T. ) ;
#6052 = DIRECTION ( 'NONE',  ( -1.000000000000000000, -0.0000000000000000000, -0.0000000000000000000 ) ) ;
#6053 = DIRECTION ( 'NONE',  ( 0.0000000000000000000, -1.000000000000000000, 0.0000000000000000000 ) ) ;
#6054 = ORIENTED_EDGE ( 'NONE', *, *, #3408, .T. ) ;
#6055 =( LENGTH_UNIT ( ) NAMED_UNIT ( * ) SI_UNIT ( .MILLI., .METRE. ) );
#6056 = COLOUR_RGB ( '',0.6509803921568627600, 0.6196078431372549200, 0.5882352941176470800 ) ;
#6057 = ORIENTED_EDGE ( 'NONE', *, *, #4524, .T. ) ;
#6058 = AXIS2_PLACEMENT_3D ( 'NONE', #3294, #1893, #2727 ) ;
#6059 = EDGE_CURVE ( 'NONE', #5858, #2813, #5684, .T. ) ;
#6060 = EDGE_LOOP ( 'NONE', ( #1252, #4014, #8763, #2367 ) ) ;
#6061 =( LENGTH_UNIT ( ) NAMED_UNIT ( * ) SI_UNIT ( .MILLI., .METRE. ) );
#6062 = EDGE_CURVE ( 'NONE', #3242, #2043, #3721, .T. ) ;
#6063 =( NAMED_UNIT ( * ) PLANE_ANGLE_UNIT ( ) SI_UNIT ( $, .RADIAN. ) );
#6064 = VERTEX_POINT ( 'NONE', #3045 ) ;
#6065 = CARTESIAN_POINT ( 'NONE',  ( 15.60000000000015100, -18.79999999999999700, 22.30000000000000400 ) ) ;
#6066 = CARTESIAN_POINT ( 'NONE',  ( 0.03012971658237879200, -0.4218661790462456300, 0.0000000000000000000 ) ) ;
#6067 = MECHANICAL_DESIGN_GEOMETRIC_PRESENTATION_REPRESENTATION (  '', ( #4284 ), #8249 ) ;
#6068 = FACE_OUTER_BOUND ( 'NONE', #36, .T. ) ;
#6069 = ORIENTED_EDGE ( 'NONE', *, *, #2421, .F. ) ;
#6070 =( NAMED_UNIT ( * ) PLANE_ANGLE_UNIT ( ) SI_UNIT ( $, .RADIAN. ) );
#6071 =( NAMED_UNIT ( * ) SI_UNIT ( $, .STERADIAN. ) SOLID_ANGLE_UNIT ( ) );
#6072 =( NAMED_UNIT ( * ) PLANE_ANGLE_UNIT ( ) SI_UNIT ( $, .RADIAN. ) );
#6073 = ORIENTED_EDGE ( 'NONE', *, *, #3308, .T. ) ;
#6074 = EDGE_LOOP ( 'NONE', ( #6322, #4188, #6057, #7635 ) ) ;
#6075 = CARTESIAN_POINT ( 'NONE',  ( 0.0000000000000000000, 0.0000000000000000000, 0.0000000000000000000 ) ) ;
#6076 =( NAMED_UNIT ( * ) SI_UNIT ( $, .STERADIAN. ) SOLID_ANGLE_UNIT ( ) );
#6077 = AXIS2_PLACEMENT_3D ( 'NONE', #1319, #6283, #6304 ) ;
#6078 = ORIENTED_EDGE ( 'NONE', *, *, #2156, .F. ) ;
#6079 = DIRECTION ( 'NONE',  ( -0.0000000000000000000, -1.000000000000000000, -0.0000000000000000000 ) ) ;
#6080 = ORIENTED_EDGE ( 'NONE', *, *, #7689, .F. ) ;
#6081 = ORIENTED_EDGE ( 'NONE', *, *, #1823, .T. ) ;
#6082 = CARTESIAN_POINT ( 'NONE',  ( 3.673940397442060900E-016, -3.000000000000001800, 8.400000000000000400 ) ) ;
#6083 = EDGE_CURVE ( 'NONE', #5817, #4480, #2350, .T. ) ;
#6084 = CARTESIAN_POINT ( 'NONE',  ( -9.400000000000154900, 13.42339375865871200, 2.000000000000001800 ) ) ;
#6085 = CIRCLE ( 'NONE', #3464, 1.650000000000002100 ) ;
#6086 = AXIS2_PLACEMENT_3D ( 'NONE', #1775, #6781, #2880 ) ;
#6087 = LINE ( 'NONE', #2653, #1670 ) ;
#6088 = ORIENTED_EDGE ( 'NONE', *, *, #1412, .F. ) ;
#6089 = DIRECTION ( 'NONE',  ( 1.000000000000000000, 0.0000000000000000000, 0.0000000000000000000 ) ) ;
#6090 = SURFACE_SIDE_STYLE ('',( #2656 ) ) ;
#6091 = ORIENTED_EDGE ( 'NONE', *, *, #7601, .F. ) ;
#6092 = ORIENTED_EDGE ( 'NONE', *, *, #582, .T. ) ;
#6093 =( NAMED_UNIT ( * ) SI_UNIT ( $, .STERADIAN. ) SOLID_ANGLE_UNIT ( ) );
#6094 = CARTESIAN_POINT ( 'NONE',  ( -20.50000000000000000, 0.0000000000000000000, 3.000000000000000000 ) ) ;
#6095 = STYLED_ITEM ( 'NONE', ( #1955 ), #1512 ) ;
#6096 = DIRECTION ( 'NONE',  ( -0.5532485264119162400, 0.0000000000000000000, 0.8330162471543055600 ) ) ;
#6097 = CIRCLE ( 'NONE', #2130, 1.574999999999998200 ) ;
#6098 = ORIENTED_EDGE ( 'NONE', *, *, #8222, .T. ) ;
#6099 = CARTESIAN_POINT ( 'NONE',  ( 15.60000000000015100, -18.79999999999999700, 14.30000000000000100 ) ) ;
#6100 = ORIENTED_EDGE ( 'NONE', *, *, #6518, .F. ) ;
#6101 = CARTESIAN_POINT ( 'NONE',  ( -25.39999999999996300, 0.0000000000000000000, 0.0000000000000000000 ) ) ;
#6102 = DIRECTION ( 'NONE',  ( -1.000000000000000000, -1.219727444046192700E-016, -0.0000000000000000000 ) ) ;
#6103 = MECHANICAL_DESIGN_GEOMETRIC_PRESENTATION_REPRESENTATION (  '', ( #7739 ), #1524 ) ;
#6104 = ORIENTED_EDGE ( 'NONE', *, *, #3359, .F. ) ;
#6105 = CYLINDRICAL_SURFACE ( 'NONE', #2124, 1.599999999999997200 ) ;
#6106 = FACE_OUTER_BOUND ( 'NONE', #1375, .T. ) ;
#6107 = VERTEX_POINT ( 'NONE', #1798 ) ;
#6108 = CIRCLE ( 'NONE', #4041, 1.499999999999999600 ) ;
#6109 = CARTESIAN_POINT ( 'NONE',  ( 12.00000000000000000, 3.578133820953756300, 5.000000000000000000 ) ) ;
#6110 = ADVANCED_FACE ( 'NONE', ( #8394 ), #2495, .F. ) ;
#6111 = AXIS2_PLACEMENT_3D ( 'NONE', #5302, #599, #4154 ) ;
#6112 = FACE_OUTER_BOUND ( 'NONE', #8155, .T. ) ;
#6113 = CARTESIAN_POINT ( 'NONE',  ( 30.09999999999999800, -6.999999999999998200, 0.0000000000000000000 ) ) ;
#6114 = VERTEX_POINT ( 'NONE', #4071 ) ;
#6115 = CARTESIAN_POINT ( 'NONE',  ( -24.00000000000000000, -1.577021341797097400E-015, 0.0000000000000000000 ) ) ;
#6116 = CARTESIAN_POINT ( 'NONE',  ( 0.0000000000000000000, -7.095739907323982700E-016, 4.799999999999999800 ) ) ;
#6117 = EDGE_LOOP ( 'NONE', ( #4914, #4460 ) ) ;
#6118 = CARTESIAN_POINT ( 'NONE',  ( -24.00000000000000000, -7.987769275717525400, 8.659297907259988500 ) ) ;
#6119 = PRODUCT_DEFINITION_SHAPE ( 'NONE', 'NONE',  #7640 ) ;
#6120 = DIRECTION ( 'NONE',  ( -1.219727444046192700E-016, 1.000000000000000000, -0.0000000000000000000 ) ) ;
#6121 = DIRECTION ( 'NONE',  ( 0.0000000000000000000, 0.0000000000000000000, -1.000000000000000000 ) ) ;
#6122 = DIRECTION ( 'NONE',  ( -1.000000000000000000, -1.219727444046192700E-016, -0.0000000000000000000 ) ) ;
#6123 = DIRECTION ( 'NONE',  ( -0.0000000000000000000, 1.000000000000000000, -0.0000000000000000000 ) ) ;
#6124 = VECTOR ( 'NONE', #7969, 1000.000000000000000 ) ;
#6125 = DIRECTION ( 'NONE',  ( -1.000000000000000000, -0.0000000000000000000, -0.0000000000000000000 ) ) ;
#6126 = ORIENTED_EDGE ( 'NONE', *, *, #1952, .F. ) ;
#6127 = PRESENTATION_LAYER_ASSIGNMENT (  '', '', ( #6918 ) ) ;
#6128 = FILL_AREA_STYLE ('',( #153 ) ) ;
#6129 = FILL_AREA_STYLE_COLOUR ( '', #1007 ) ;
#6130 =( NAMED_UNIT ( * ) PLANE_ANGLE_UNIT ( ) SI_UNIT ( $, .RADIAN. ) );
#6131 = DIRECTION ( 'NONE',  ( -1.000000000000000000, 0.0000000000000000000, 0.0000000000000000000 ) ) ;
#6132 = CYLINDRICAL_SURFACE ( 'NONE', #6416, 0.5000000000000000000 ) ;
#6133 = DIRECTION ( 'NONE',  ( 0.0000000000000000000, -1.000000000000000000, 0.0000000000000000000 ) ) ;
#6134 = CYLINDRICAL_SURFACE ( 'NONE', #2345, 1.250000000000000000 ) ;
#6135 = CYLINDRICAL_SURFACE ( 'NONE', #4920, 0.5000000000000000000 ) ;
#6136 = EDGE_CURVE ( 'NONE', #1549, #6713, #2076, .T. ) ;
#6137 = DIRECTION ( 'NONE',  ( -0.0000000000000000000, -1.000000000000000000, -0.0000000000000000000 ) ) ;
#6138 = CARTESIAN_POINT ( 'NONE',  ( -18.79999999999987600, -18.79999999999999700, 0.0000000000000000000 ) ) ;
#6139 = CARTESIAN_POINT ( 'NONE',  ( 30.00000000000000000, 1.250000000000002000, 13.04999999999999900 ) ) ;
#6140 = DIRECTION ( 'NONE',  ( -0.0000000000000000000, -0.0000000000000000000, -1.000000000000000000 ) ) ;
#6141 = EDGE_CURVE ( 'NONE', #4969, #8450, #1351, .T. ) ;
#6142 = EDGE_CURVE ( 'NONE', #8265, #1237, #8494, .T. ) ;
#6143 = DIRECTION ( 'NONE',  ( 0.0000000000000000000, -1.000000000000000000, 0.0000000000000000000 ) ) ;
#6144 = DIRECTION ( 'NONE',  ( 0.0000000000000000000, 0.0000000000000000000, 1.000000000000000000 ) ) ;
#6145 = CARTESIAN_POINT ( 'NONE',  ( 30.09999999999999800, -6.999999999999998200, -5.999999999999996400 ) ) ;
#6146 = CARTESIAN_POINT ( 'NONE',  ( -13.84999999999999800, 2.020667218593136200E-016, 0.0000000000000000000 ) ) ;
#6147 = DIRECTION ( 'NONE',  ( -1.000000000000000000, -1.807003620809161800E-016, 0.0000000000000000000 ) ) ;
#6148 = ORIENTED_EDGE ( 'NONE', *, *, #8294, .T. ) ;
#6149 = VECTOR ( 'NONE', #6052, 1000.000000000000000 ) ;
#6150 = LINE ( 'NONE', #466, #4845 ) ;
#6151 = DIRECTION ( 'NONE',  ( -1.219727444046192700E-016, 1.000000000000000000, 0.0000000000000000000 ) ) ;
#6152 = PLANE ( 'NONE',  #1076 ) ;
#6153 = VECTOR ( 'NONE', #2262, 1000.000000000000000 ) ;
#6154 = LINE ( 'NONE', #3576, #4462 ) ;
#6155 = CARTESIAN_POINT ( 'NONE',  ( 30.00000000000000000, -1.249999999999998000, 13.04999999999999900 ) ) ;
#6156 = DIRECTION ( 'NONE',  ( 0.0000000000000000000, -0.0000000000000000000, 1.000000000000000000 ) ) ;
#6157 = SURFACE_SIDE_STYLE ('',( #1589 ) ) ;
#6158 = AXIS2_PLACEMENT_3D ( 'NONE', #2405, #2824, #7426 ) ;
#6159 = CARTESIAN_POINT ( 'NONE',  ( 17.00000000000000000, 1.828133820953756800, 3.750000000000000000 ) ) ;
#6160 = UNCERTAINTY_MEASURE_WITH_UNIT (LENGTH_MEASURE( 1.000000000000000100E-005 ), #3960, 'distance_accuracy_value', 'NONE');
#6161 = DIRECTION ( 'NONE',  ( -1.000000000000000000, -0.0000000000000000000, -0.0000000000000000000 ) ) ;
#6162 = CARTESIAN_POINT ( 'NONE',  ( 1.760000000000000000, -0.4600000000000016300, 0.4599999999999985800 ) ) ;
#6163 = VECTOR ( 'NONE', #6616, 1000.000000000000000 ) ;
#6164 = CARTESIAN_POINT ( 'NONE',  ( 0.0000000000000000000, 2.999999999999999600, 3.447166170630981400E-016 ) ) ;
#6165 = SURFACE_STYLE_USAGE ( .BOTH. , #2585 ) ;
#6166 = AXIS2_PLACEMENT_3D ( 'NONE', #6379, #2374, #976 ) ;
#6167 = EDGE_LOOP ( 'NONE', ( #6569, #5516, #697, #5095 ) ) ;
#6168 = CIRCLE ( 'NONE', #6558, 1.599999999999999000 ) ;
#6169 = FACE_OUTER_BOUND ( 'NONE', #5653, .T. ) ;
#6170 = FACE_OUTER_BOUND ( 'NONE', #8665, .T. ) ;
#6171 = CARTESIAN_POINT ( 'NONE',  ( -6.600000000000001400, -7.000000000000000900, 2.000000000000001800 ) ) ;
#6172 = EDGE_CURVE ( 'NONE', #3361, #4894, #6319, .T. ) ;
#6173 = PRESENTATION_LAYER_ASSIGNMENT (  '', '', ( #1166 ) ) ;
#6174 = VECTOR ( 'NONE', #8035, 1000.000000000000000 ) ;
#6175 = FACE_BOUND ( 'NONE', #3127, .T. ) ;
#6176 = ORIENTED_EDGE ( 'NONE', *, *, #564, .F. ) ;
#6177 = CARTESIAN_POINT ( 'NONE',  ( 15.60000000000015100, -20.80000000000000100, 20.69999999999999900 ) ) ;
#6178 = EDGE_CURVE ( 'NONE', #6231, #1901, #2626, .T. ) ;
#6179 = CARTESIAN_POINT ( 'NONE',  ( -3.000000000000000900, -0.1647367891277309300, 3.649999999999998600 ) ) ;
#6180 = EDGE_LOOP ( 'NONE', ( #5547, #6539, #435, #1960 ) ) ;
#6181 = AXIS2_PLACEMENT_3D ( 'NONE', #2775, #4360, #1647 ) ;
#6182 = CARTESIAN_POINT ( 'NONE',  ( -15.80000000000015300, -2.319191847113661700E-013, 48.20000000000000300 ) ) ;
#6183 = AXIS2_PLACEMENT_3D ( 'NONE', #4181, #319, #2734 ) ;
#6184 = SURFACE_STYLE_FILL_AREA ( #5747 ) ;
#6185 = COLOUR_RGB ( '',0.9490196078431372100, 0.7607843137254901600, 0.1803921568627451000 ) ;
#6186 = VECTOR ( 'NONE', #909, 1000.000000000000000 ) ;
#6187 = SURFACE_STYLE_USAGE ( .BOTH. , #921 ) ;
#6188 = LINE ( 'NONE', #8375, #6026 ) ;
#6189 = EDGE_LOOP ( 'NONE', ( #5044, #7126, #2932, #8280 ) ) ;
#6190 =( LENGTH_UNIT ( ) NAMED_UNIT ( * ) SI_UNIT ( .MILLI., .METRE. ) );
#6191 = DIRECTION ( 'NONE',  ( -1.000000000000000000, -7.703719777548944800E-033, -0.0000000000000000000 ) ) ;
#6192 = DIRECTION ( 'NONE',  ( -1.000000000000000000, 0.0000000000000000000, -0.0000000000000000000 ) ) ;
#6193 = CARTESIAN_POINT ( 'NONE',  ( -1.742014973993182900, -0.4218661790462451300, 12.04999999999999900 ) ) ;
#6194 = EDGE_CURVE ( 'NONE', #1485, #2578, #4722, .T. ) ;
#6195 = ORIENTED_EDGE ( 'NONE', *, *, #6803, .T. ) ;
#6196 = FILL_AREA_STYLE_COLOUR ( '', #166 ) ;
#6197 = LINE ( 'NONE', #5616, #5546 ) ;
#6198 = ADVANCED_FACE ( 'NONE', ( #2445 ), #4450, .T. ) ;
#6199 = EDGE_CURVE ( 'NONE', #5100, #7703, #4455, .T. ) ;
#6200 = DIRECTION ( 'NONE',  ( 0.0000000000000000000, 0.0000000000000000000, 1.000000000000000000 ) ) ;
#6201 = ORIENTED_EDGE ( 'NONE', *, *, #3680, .T. ) ;
#6202 = VECTOR ( 'NONE', #179, 1000.000000000000000 ) ;
#6203 = DIRECTION ( 'NONE',  ( 0.0000000000000000000, 0.0000000000000000000, -1.000000000000000000 ) ) ;
#6204 = LINE ( 'NONE', #1633, #3919 ) ;
#6205 = TOROIDAL_SURFACE ( 'NONE', #5010, 2.440000000000000400, 0.3600000000000002100 ) ;
#6206 = ORIENTED_EDGE ( 'NONE', *, *, #2415, .T. ) ;
#6207 = EDGE_CURVE ( 'NONE', #4502, #8089, #8055, .T. ) ;
#6208 = VECTOR ( 'NONE', #2397, 1000.000000000000000 ) ;
#6209 = CARTESIAN_POINT ( 'NONE',  ( 0.7579850260068170500, -0.4218661790462447900, 13.04999999999999900 ) ) ;
#6210 = ORIENTED_EDGE ( 'NONE', *, *, #2485, .F. ) ;
#6211 = CARTESIAN_POINT ( 'NONE',  ( -13.00000000000000400, -0.1652448858033367700, 1.149999999999998800 ) ) ;
#6212 = CARTESIAN_POINT ( 'NONE',  ( -15.59999999999984900, -18.79999999999999700, 46.30000000000000400 ) ) ;
#6213 =( GEOMETRIC_REPRESENTATION_CONTEXT ( 3 ) GLOBAL_UNCERTAINTY_ASSIGNED_CONTEXT ( ( #5607 ) ) GLOBAL_UNIT_ASSIGNED_CONTEXT ( ( #5953, #8140, #5530 ) ) REPRESENTATION_CONTEXT ( 'NONE', 'WORKASPACE' ) );
#6214 = CIRCLE ( 'NONE', #5024, 3.350000000000000500 ) ;
#6215 = EDGE_LOOP ( 'NONE', ( #8230, #1102 ) ) ;
#6216 = DIRECTION ( 'NONE',  ( 0.0000000000000000000, 0.0000000000000000000, -1.000000000000000000 ) ) ;
#6217 = DIRECTION ( 'NONE',  ( 0.0000000000000000000, 0.0000000000000000000, -1.000000000000000000 ) ) ;
#6218 = AXIS2_PLACEMENT_3D ( 'NONE', #3534, #4672, #855 ) ;
#6219 = VERTEX_POINT ( 'NONE', #485 ) ;
#6220 =( LENGTH_UNIT ( ) NAMED_UNIT ( * ) SI_UNIT ( .MILLI., .METRE. ) );
#6221 = DIRECTION ( 'NONE',  ( -0.0000000000000000000, -1.000000000000000000, -0.0000000000000000000 ) ) ;
#6222 = ORIENTED_EDGE ( 'NONE', *, *, #8296, .T. ) ;
#6223 = ORIENTED_EDGE ( 'NONE', *, *, #3987, .T. ) ;
#6224 = DIRECTION ( 'NONE',  ( -0.0000000000000000000, -1.149055390210327300E-016, 1.000000000000000000 ) ) ;
#6225 = DIRECTION ( 'NONE',  ( 0.0000000000000000000, 0.0000000000000000000, -1.000000000000000000 ) ) ;
#6226 = DIRECTION ( 'NONE',  ( 0.0000000000000000000, 0.0000000000000000000, -1.000000000000000000 ) ) ;
#6227 = EDGE_CURVE ( 'NONE', #2395, #937, #2553, .T. ) ;
#6228 = PRODUCT_DEFINITION_SHAPE ( 'NONE', 'NONE',  #8876 ) ;
#6229 = ORIENTED_EDGE ( 'NONE', *, *, #7507, .F. ) ;
#6230 =( NAMED_UNIT ( * ) SI_UNIT ( $, .STERADIAN. ) SOLID_ANGLE_UNIT ( ) );
#6231 = VERTEX_POINT ( 'NONE', #3296 ) ;
#6232 = VERTEX_POINT ( 'NONE', #5737 ) ;
#6233 = AXIS2_PLACEMENT_3D ( 'NONE', #5761, #518, #5909 ) ;
#6234 = AXIS2_PLACEMENT_3D ( 'NONE', #4133, #7000, #3982 ) ;
#6235 = LINE ( 'NONE', #2372, #1068 ) ;
#6236 = DIRECTION ( 'NONE',  ( 0.0000000000000000000, 0.0000000000000000000, 1.000000000000000000 ) ) ;
#6237 = DIRECTION ( 'NONE',  ( -0.0000000000000000000, 1.000000000000000000, -0.0000000000000000000 ) ) ;
#6238 = DIRECTION ( 'NONE',  ( -1.000000000000000000, -0.0000000000000000000, -0.0000000000000000000 ) ) ;
#6239 = FILL_AREA_STYLE ('',( #6685 ) ) ;
#6240 = EDGE_LOOP ( 'NONE', ( #6916, #4925, #6628, #2636 ) ) ;
#6241 = DIRECTION ( 'NONE',  ( 0.0000000000000000000, 0.0000000000000000000, 1.000000000000000000 ) ) ;
#6242 = VERTEX_POINT ( 'NONE', #3451 ) ;
#6243 = ORIENTED_EDGE ( 'NONE', *, *, #1992, .T. ) ;
#6244 = CARTESIAN_POINT ( 'NONE',  ( 0.0000000000000000000, 5.999999999999998200, 4.800000000000000700 ) ) ;
#6245 = DIRECTION ( 'NONE',  ( -1.000000000000000000, -0.0000000000000000000, -0.0000000000000000000 ) ) ;
#6246 = CARTESIAN_POINT ( 'NONE',  ( -24.00000000000000000, -7.749999999999427100, 12.17339375865978800 ) ) ;
#6247 = CARTESIAN_POINT ( 'NONE',  ( -25.00000000000000000, 9.741652934026770300E-013, 16.75000000000056100 ) ) ;
#6248 = CARTESIAN_POINT ( 'NONE',  ( -3.000000000000000900, -0.1647367891277321500, 7.850000000000001400 ) ) ;
#6249 = EDGE_LOOP ( 'NONE', ( #2412, #2720, #7734, #5257 ) ) ;
#6250 = FILL_AREA_STYLE_COLOUR ( '', #172 ) ;
#6251 = AXIS2_PLACEMENT_3D ( 'NONE', #4893, #936, #2336 ) ;
#6252 = ORIENTED_EDGE ( 'NONE', *, *, #1185, .T. ) ;
#6253 = CARTESIAN_POINT ( 'NONE',  ( -25.00000000000000000, -7.749999999999427100, 13.42339375865978600 ) ) ;
#6254 = AXIS2_PLACEMENT_3D ( 'NONE', #3648, #2100, #821 ) ;
#6255 = ADVANCED_FACE ( 'NONE', ( #2455, #337, #1900, #1906, #2317, #635, #2461, #3457, #7058, #6175, #7334, #7923, #778, #5743, #6914 ), #3597, .F. ) ;
#6256 = ORIENTED_EDGE ( 'NONE', *, *, #8391, .F. ) ;
#6257 = ITEM_DEFINED_TRANSFORMATION ( 'NONE', 'NONE', #2453,  #3481 ) ;
#6258 = FACE_OUTER_BOUND ( 'NONE', #1045, .T. ) ;
#6259 = EDGE_LOOP ( 'NONE', ( #5344, #2807 ) ) ;
#6260 =( LENGTH_UNIT ( ) NAMED_UNIT ( * ) SI_UNIT ( .MILLI., .METRE. ) );
#6261 = SURFACE_SIDE_STYLE ('',( #1285 ) ) ;
#6262 = ADVANCED_FACE ( 'NONE', ( #1764 ), #5326, .F. ) ;
#6263 = EDGE_CURVE ( 'NONE', #3108, #5212, #8786, .T. ) ;
#6264 = SURFACE_STYLE_USAGE ( .BOTH. , #5276 ) ;
#6265 = VERTEX_POINT ( 'NONE', #2871 ) ;
#6266 = VERTEX_POINT ( 'NONE', #1331 ) ;
#6267 = DIRECTION ( 'NONE',  ( 0.0000000000000000000, 0.0000000000000000000, 1.000000000000000000 ) ) ;
#6268 = CYLINDRICAL_SURFACE ( 'NONE', #3750, 1.599999999999999000 ) ;
#6269 = CARTESIAN_POINT ( 'NONE',  ( 6.555757927839308200E-016, 6.999999999999999100, 0.0000000000000000000 ) ) ;
#6270 = DIRECTION ( 'NONE',  ( -7.703719777548944800E-033, 1.000000000000000000, 0.0000000000000000000 ) ) ;
#6271 = CIRCLE ( 'NONE', #5339, 1.650000000000002100 ) ;
#6272 = ORIENTED_EDGE ( 'NONE', *, *, #4255, .T. ) ;
#6273 = CARTESIAN_POINT ( 'NONE',  ( 15.60000000000015100, -18.79999999999999700, 28.70000000000000300 ) ) ;
#6274 = SURFACE_STYLE_FILL_AREA ( #7010 ) ;
#6275 = CARTESIAN_POINT ( 'NONE',  ( 0.03012971658237879200, -0.4218661790462439100, 0.0000000000000000000 ) ) ;
#6276 = DIRECTION ( 'NONE',  ( -1.000000000000000000, -0.0000000000000000000, -0.0000000000000000000 ) ) ;
#6277 = EDGE_CURVE ( 'NONE', #6723, #673, #3740, .T. ) ;
#6278 = CARTESIAN_POINT ( 'NONE',  ( -25.00000000000000000, -7.749999999999427100, 13.42339375865978600 ) ) ;
#6279 = FILL_AREA_STYLE ('',( #589 ) ) ;
#6280 = PRESENTATION_LAYER_ASSIGNMENT (  '', '', ( #7739 ) ) ;
#6281 = AXIS2_PLACEMENT_3D ( 'NONE', #8228, #6482, #7204 ) ;
#6282 = FILL_AREA_STYLE_COLOUR ( '', #3190 ) ;
#6283 = DIRECTION ( 'NONE',  ( -0.2528694266529967200, 0.0000000000000000000, 0.9675004150201614900 ) ) ;
#6284 = DIRECTION ( 'NONE',  ( -1.000000000000000000, -0.0000000000000000000, -0.0000000000000000000 ) ) ;
#6285 = AXIS2_PLACEMENT_3D ( 'NONE', #6391, #8283, #6975 ) ;
#6286 = CONICAL_SURFACE ( 'NONE', #5735, 1.249999999999998400, 1.029744258676654500 ) ;
#6287 = EDGE_LOOP ( 'NONE', ( #4517, #7982, #2382, #8812 ) ) ;
#6288 = AXIS2_PLACEMENT_3D ( 'NONE', #4821, #1712, #5974 ) ;
#6289 = COLOUR_RGB ( '',0.8980392156862745400, 0.9215686274509803400, 0.9294117647058823800 ) ;
#6290 = AXIS2_PLACEMENT_3D ( 'NONE', #7375, #8546, #3932 ) ;
#6291 = FACE_OUTER_BOUND ( 'NONE', #5059, .T. ) ;
#6292 = FACE_OUTER_BOUND ( 'NONE', #7354, .T. ) ;
#6293 = ADVANCED_FACE ( 'NONE', ( #8449 ), #7577, .F. ) ;
#6294 = CARTESIAN_POINT ( 'NONE',  ( 0.0000000000000000000, 0.0000000000000000000, 2.000000000000000000 ) ) ;
#6295 = CARTESIAN_POINT ( 'NONE',  ( 8.227241335952131300, -4.750000000000065700, 4.799999999999999800 ) ) ;
#6296 = FILL_AREA_STYLE_COLOUR ( '', #4879 ) ;
#6297 = EDGE_LOOP ( 'NONE', ( #8730, #4313, #2440, #2851 ) ) ;
#6298 = DIRECTION ( 'NONE',  ( -0.0000000000000000000, 1.149055390210327300E-016, -1.000000000000000000 ) ) ;
#6299 = VECTOR ( 'NONE', #4981, 1000.000000000000000 ) ;
#6300 = CARTESIAN_POINT ( 'NONE',  ( 1.030129716582386400, 2.078133820953756300, 0.0000000000000000000 ) ) ;
#6301 = PRESENTATION_LAYER_ASSIGNMENT (  '', '', ( #2466 ) ) ;
#6302 = CARTESIAN_POINT ( 'NONE',  ( 0.0000000000000000000, 5.000000000000000000, 0.0000000000000000000 ) ) ;
#6303 = SURFACE_STYLE_FILL_AREA ( #188 ) ;
#6304 = DIRECTION ( 'NONE',  ( 0.9675004150201614900, 0.0000000000000000000, 0.2528694266529967800 ) ) ;
#6305 = EDGE_CURVE ( 'NONE', #1073, #2956, #3689, .T. ) ;
#6306 = ORIENTED_EDGE ( 'NONE', *, *, #3098, .F. ) ;
#6307 = CIRCLE ( 'NONE', #802, 1.650000000000003900 ) ;
#6308 = DIRECTION ( 'NONE',  ( 0.0000000000000000000, 0.0000000000000000000, -1.000000000000000000 ) ) ;
#6309 = DIRECTION ( 'NONE',  ( -1.000000000000000000, -1.219727444046192700E-016, 0.0000000000000000000 ) ) ;
#6310 = DIRECTION ( 'NONE',  ( -1.000000000000000000, -0.0000000000000000000, -0.0000000000000000000 ) ) ;
#6311 = ORIENTED_EDGE ( 'NONE', *, *, #7481, .T. ) ;
#6312 = CARTESIAN_POINT ( 'NONE',  ( -25.00000000000000000, 13.42339375865977000, 9.000000000000548900 ) ) ;
#6313 = DIRECTION ( 'NONE',  ( 1.000000000000000000, 1.219727444046192700E-016, 0.0000000000000000000 ) ) ;
#6314 = CIRCLE ( 'NONE', #4557, 7.999999999999998200 ) ;
#6315 = DIRECTION ( 'NONE',  ( 0.0000000000000000000, 0.0000000000000000000, -1.000000000000000000 ) ) ;
#6316 = FACE_OUTER_BOUND ( 'NONE', #3078, .T. ) ;
#6317 = EDGE_LOOP ( 'NONE', ( #4395, #2889 ) ) ;
#6318 = CARTESIAN_POINT ( 'NONE',  ( 7.749999999999874800, 13.42339375865887000, 51.20100000000000100 ) ) ;
#6319 = CIRCLE ( 'NONE', #4721, 0.5000000000000000000 ) ;
#6320 = EDGE_CURVE ( 'NONE', #932, #237, #1983, .T. ) ;
#6321 = EDGE_CURVE ( 'NONE', #8842, #7561, #862, .T. ) ;
#6322 = ORIENTED_EDGE ( 'NONE', *, *, #3904, .F. ) ;
#6323 = CARTESIAN_POINT ( 'NONE',  ( -14.96987028341762200, 5.078133820953752300, 0.0000000000000000000 ) ) ;
#6324 = CARTESIAN_POINT ( 'NONE',  ( -26.50000000000000000, -6.999999999999998200, 0.0000000000000000000 ) ) ;
#6325 = CIRCLE ( 'NONE', #8498, 17.75000000000000400 ) ;
#6326 = B_SPLINE_CURVE_WITH_KNOTS ( 'NONE', 3,
 ( #6845, #275, #563, #5387, #5532, #2249, #7278, #3800, #7996, #1402, #3388, #1967, #1541, #4112, #128, #6396, #557, #6978, #2532, #4528, #6248, #5525 ),
 .UNSPECIFIED., .F., .F.,
 ( 4, 2, 2, 2, 2, 2, 2, 2, 2, 2, 4 ),
 ( 0.0000000000000000000, 0.0002471067332572771400, 0.0004942134665145541700, 0.0009884269330291083300, 0.001482640399543662400, 0.001976853866058216200, 0.002223960599315494900, 0.002471067332572772700, 0.002965280799087331700, 0.003459494265601889900, 0.003953707732116449800 ),
 .UNSPECIFIED. ) ;
#6327 = VERTEX_POINT ( 'NONE', #5978 ) ;
#6328 = CARTESIAN_POINT ( 'NONE',  ( 15.60000000000015100, -18.79999999999999700, 27.09999999999999800 ) ) ;
#6329 = FILL_AREA_STYLE ('',( #1341 ) ) ;
#6330 = CIRCLE ( 'NONE', #5183, 1.249999999999999300 ) ;
#6331 = DIRECTION ( 'NONE',  ( -1.858632295689435900E-016, 1.000000000000000000, 0.0000000000000000000 ) ) ;
#6332 = VERTEX_POINT ( 'NONE', #5688 ) ;
#6333 = ADVANCED_FACE ( 'NONE', ( #1853 ), #5410, .T. ) ;
#6334 = DIRECTION ( 'NONE',  ( 0.0000000000000000000, -1.000000000000000000, 0.0000000000000000000 ) ) ;
#6335 = AXIS2_PLACEMENT_3D ( 'NONE', #8203, #2297, #6000 ) ;
#6336 = CIRCLE ( 'NONE', #5767, 2.800000000000000300 ) ;
#6337 = DIRECTION ( 'NONE',  ( 0.0000000000000000000, -1.000000000000000000, 0.0000000000000000000 ) ) ;
#6338 = CIRCLE ( 'NONE', #833, 0.5000000000000000000 ) ;
#6339 = EDGE_LOOP ( 'NONE', ( #2360, #6040 ) ) ;
#6340 = CARTESIAN_POINT ( 'NONE',  ( 30.00000000000000000, -6.999999999999998200, 0.0000000000000000000 ) ) ;
#6341 = ORIENTED_EDGE ( 'NONE', *, *, #320, .F. ) ;
#6342 = AXIS2_PLACEMENT_3D ( 'NONE', #5635, #1803, #1949 ) ;
#6343 = DIRECTION ( 'NONE',  ( 1.000000000000000000, -0.0000000000000000000, -0.0000000000000000000 ) ) ;
#6344 = CARTESIAN_POINT ( 'NONE',  ( 0.8447173747686160800, 0.6992215952309205300, 2.652238846007560100 ) ) ;
#6345 = VECTOR ( 'NONE', #1988, 1000.000000000000000 ) ;
#6346 = CIRCLE ( 'NONE', #6869, 2.800000000000000300 ) ;
#6347 = CLOSED_SHELL ( 'NONE', ( #8753, #1858, #7026, #1698, #5479, #2402, #4601, #7658, #3519, #775, #1642, #1868, #222, #2014, #7149, #4542, #2200, #4614, #2452 ) ) ;
#6348 = CIRCLE ( 'NONE', #41, 0.5000000000000000000 ) ;
#6349 = VERTEX_POINT ( 'NONE', #6730 ) ;
#6350 = AXIS2_PLACEMENT_3D ( 'NONE', #6618, #7627, #6908 ) ;
#6351 = ORIENTED_EDGE ( 'NONE', *, *, #2571, .F. ) ;
#6352 = DIRECTION ( 'NONE',  ( 0.0000000000000000000, 0.0000000000000000000, -1.000000000000000000 ) ) ;
#6353 = SURFACE_STYLE_FILL_AREA ( #7815 ) ;
#6354 = EDGE_CURVE ( 'NONE', #332, #8045, #4010, .T. ) ;
#6355 = SURFACE_STYLE_USAGE ( .BOTH. , #6507 ) ;
#6356 = VERTEX_POINT ( 'NONE', #8171 ) ;
#6357 = PRODUCT ( 'Motor axis', 'Motor axis', '', ( #2947 ) ) ;
#6358 = FILL_AREA_STYLE_COLOUR ( '', #1041 ) ;
#6359 = DIRECTION ( 'NONE',  ( -0.0000000000000000000, -1.000000000000000000, -0.0000000000000000000 ) ) ;
#6360 = DIRECTION ( 'NONE',  ( -0.9397934234884369700, 0.3417430630867045500, 1.193189527446320600E-015 ) ) ;
#6361 = DIRECTION ( 'NONE',  ( 0.0000000000000000000, 0.0000000000000000000, -1.000000000000000000 ) ) ;
#6362 = MECHANICAL_DESIGN_GEOMETRIC_PRESENTATION_REPRESENTATION (  '', ( #4400 ), #7049 ) ;
#6363 = VERTEX_POINT ( 'NONE', #5135 ) ;
#6364 =( LENGTH_UNIT ( ) NAMED_UNIT ( * ) SI_UNIT ( .MILLI., .METRE. ) );
#6365 = ORIENTED_EDGE ( 'NONE', *, *, #3066, .F. ) ;
#6366 = AXIS2_PLACEMENT_3D ( 'NONE', #3019, #3161, #2606 ) ;
#6367 = EDGE_LOOP ( 'NONE', ( #4365, #2370 ) ) ;
#6368 = LINE ( 'NONE', #7529, #6124 ) ;
#6369 = CARTESIAN_POINT ( 'NONE',  ( -24.00000000000000000, -7.987769275717528900, -8.659297907259983200 ) ) ;
#6370 = CIRCLE ( 'NONE', #2433, 5.999999999999997300 ) ;
#6371 = EDGE_CURVE ( 'NONE', #2731, #4093, #2686, .T. ) ;
#6372 = SURFACE_STYLE_USAGE ( .BOTH. , #6964 ) ;
#6373 = LINE ( 'NONE', #4089, #8109 ) ;
#6374 = DIRECTION ( 'NONE',  ( 0.0000000000000000000, 0.0000000000000000000, 1.000000000000000000 ) ) ;
#6375 = CARTESIAN_POINT ( 'NONE',  ( 30.09999999999999800, -6.999999999999998200, 0.0000000000000000000 ) ) ;
#6376 = ADVANCED_FACE ( 'NONE', ( #5700 ), #8750, .T. ) ;
#6377 = ORIENTED_EDGE ( 'NONE', *, *, #1301, .T. ) ;
#6378 = ORIENTED_EDGE ( 'NONE', *, *, #658, .T. ) ;
#6379 = CARTESIAN_POINT ( 'NONE',  ( -15.59999999999984900, -18.79999999999999700, 14.30000000000000100 ) ) ;
#6380 = DIRECTION ( 'NONE',  ( -0.0000000000000000000, 1.000000000000000000, -0.0000000000000000000 ) ) ;
#6381 = CARTESIAN_POINT ( 'NONE',  ( 17.00000000000000000, 1.828133820953756800, -3.750000000000000000 ) ) ;
#6382 = DIRECTION ( 'NONE',  ( 0.0000000000000000000, 0.0000000000000000000, -1.000000000000000000 ) ) ;
#6383 = EDGE_LOOP ( 'NONE', ( #1392, #4937, #7538, #3020 ) ) ;
#6384 =( LENGTH_UNIT ( ) NAMED_UNIT ( * ) SI_UNIT ( .MILLI., .METRE. ) );
#6385 = CARTESIAN_POINT ( 'NONE',  ( 2.949029909160572100E-014, 9.500000000000001800, 4.799999999999999800 ) ) ;
#6386 = ORIENTED_EDGE ( 'NONE', *, *, #5324, .T. ) ;
#6387 = ORIENTED_EDGE ( 'NONE', *, *, #1159, .T. ) ;
#6388 = CARTESIAN_POINT ( 'NONE',  ( -20.50000000000000000, 0.0000000000000000000, 3.000000000000000000 ) ) ;
#6389 = VECTOR ( 'NONE', #8663, 1000.000000000000000 ) ;
#6390 = EDGE_LOOP ( 'NONE', ( #74, #2196 ) ) ;
#6391 = CARTESIAN_POINT ( 'NONE',  ( 0.0000000000000000000, 0.0000000000000000000, 0.0000000000000000000 ) ) ;
#6392 = CARTESIAN_POINT ( 'NONE',  ( -2.902060811317964000, 0.7697416801320605700, 7.598221891884360700 ) ) ;
#6393 = AXIS2_PLACEMENT_3D ( 'NONE', #4397, #7284, #3387 ) ;
#6394 = VERTEX_POINT ( 'NONE', #17 ) ;
#6395 = EDGE_CURVE ( 'NONE', #937, #2220, #1567, .T. ) ;
#6396 = CARTESIAN_POINT ( 'NONE',  ( -2.795827251713191200, -1.089992237774235700, 7.233710322634646400 ) ) ;
#6397 = ORIENTED_EDGE ( 'NONE', *, *, #7417, .T. ) ;
#6398 = SHAPE_DEFINITION_REPRESENTATION ( #4512, #7928 ) ;
#6399 = ORIENTED_EDGE ( 'NONE', *, *, #3001, .F. ) ;
#6400 = DIRECTION ( 'NONE',  ( 0.9347433521574657300, -1.240605742628774100E-015, 0.3553236068676328100 ) ) ;
#6401 = DIRECTION ( 'NONE',  ( 0.3523941971920081500, -0.1281433444334542600, -0.9270370073857943100 ) ) ;
#6402 =( LENGTH_UNIT ( ) NAMED_UNIT ( * ) SI_UNIT ( .MILLI., .METRE. ) );
#6403 = VECTOR ( 'NONE', #5018, 1000.000000000000000 ) ;
#6404 = ORIENTED_EDGE ( 'NONE', *, *, #4322, .T. ) ;
#6405 = ITEM_DEFINED_TRANSFORMATION ( 'NONE', 'NONE', #7236,  #3481 ) ;
#6406 = ORIENTED_EDGE ( 'NONE', *, *, #6141, .T. ) ;
#6407 = CARTESIAN_POINT ( 'NONE',  ( 31.00000000000000000, -6.999999999999998200, 0.0000000000000000000 ) ) ;
#6408 = DIRECTION ( 'NONE',  ( -1.000000000000000000, 0.0000000000000000000, 0.0000000000000000000 ) ) ;
#6409 = DIRECTION ( 'NONE',  ( 0.0000000000000000000, 0.0000000000000000000, -1.000000000000000000 ) ) ;
#6410 = ORIENTED_EDGE ( 'NONE', *, *, #4871, .T. ) ;
#6411 = SURFACE_SIDE_STYLE ('',( #7867 ) ) ;
#6412 = ORIENTED_EDGE ( 'NONE', *, *, #6954, .F. ) ;
#6413 = ADVANCED_FACE ( 'NONE', ( #444 ), #167, .F. ) ;
#6414 = AXIS2_PLACEMENT_3D ( 'NONE', #2988, #5436, #4170 ) ;
#6415 = DIRECTION ( 'NONE',  ( 0.0000000000000000000, 0.0000000000000000000, -1.000000000000000000 ) ) ;
#6416 = AXIS2_PLACEMENT_3D ( 'NONE', #6430, #5839, #7013 ) ;
#6417 = DIRECTION ( 'NONE',  ( 0.0000000000000000000, 0.0000000000000000000, -1.000000000000000000 ) ) ;
#6418 = CARTESIAN_POINT ( 'NONE',  ( 15.60000000000015100, 18.80100000000015100, 20.69999999999999900 ) ) ;
#6419 =( NAMED_UNIT ( * ) PLANE_ANGLE_UNIT ( ) SI_UNIT ( $, .RADIAN. ) );
#6420 =( NAMED_UNIT ( * ) PLANE_ANGLE_UNIT ( ) SI_UNIT ( $, .RADIAN. ) );
#6421 = ORIENTED_EDGE ( 'NONE', *, *, #7827, .T. ) ;
#6422 = CARTESIAN_POINT ( 'NONE',  ( 17.00000000000000000, 1.828133820953756800, -0.7500000000000006700 ) ) ;
#6423 = EDGE_CURVE ( 'NONE', #2956, #2902, #2467, .T. ) ;
#6424 = CIRCLE ( 'NONE', #8699, 0.5000000000000000000 ) ;
#6425 =( NAMED_UNIT ( * ) SI_UNIT ( $, .STERADIAN. ) SOLID_ANGLE_UNIT ( ) );
#6426 = PRESENTATION_STYLE_ASSIGNMENT (( #2141 ) ) ;
#6427 = FILL_AREA_STYLE ('',( #5695 ) ) ;
#6428 = PLANE ( 'NONE',  #4073 ) ;
#6429 = STYLED_ITEM ( 'NONE', ( #1574 ), #429 ) ;
#6430 = CARTESIAN_POINT ( 'NONE',  ( 17.00000000000000000, 2.328133820953756800, -3.750000000000000000 ) ) ;
#6431 = CIRCLE ( 'NONE', #3230, 1.250000000000000000 ) ;
#6432 = DIRECTION ( 'NONE',  ( 0.0000000000000000000, 0.0000000000000000000, 1.000000000000000000 ) ) ;
#6433 = COLOUR_RGB ( '',0.6509803921568627600, 0.6196078431372549200, 0.5882352941176470800 ) ;
#6434 = DIRECTION ( 'NONE',  ( -0.0000000000000000000, -1.149055390210327300E-016, 1.000000000000000000 ) ) ;
#6435 = VECTOR ( 'NONE', #7282, 1000.000000000000000 ) ;
#6436 = FACE_OUTER_BOUND ( 'NONE', #4921, .T. ) ;
#6437 = VECTOR ( 'NONE', #5681, 1000.000000000000000 ) ;
#6438 = LINE ( 'NONE', #3708, #365 ) ;
#6439 =( NAMED_UNIT ( * ) SI_UNIT ( $, .STERADIAN. ) SOLID_ANGLE_UNIT ( ) );
#6440 = CARTESIAN_POINT ( 'NONE',  ( 0.8861523977870063900, 2.338087061785999900E-012, 2.758814999003500500 ) ) ;
#6441 = ADVANCED_FACE ( 'NONE', ( #2012 ), #454, .F. ) ;
#6442 = DIRECTION ( 'NONE',  ( -1.000000000000000000, -6.308085367188390000E-017, -0.0000000000000000000 ) ) ;
#6443 = AXIS2_PLACEMENT_3D ( 'NONE', #5284, #6123, #8302 ) ;
#6444 = EDGE_CURVE ( 'NONE', #5212, #5081, #6438, .T. ) ;
#6445 = CARTESIAN_POINT ( 'NONE',  ( -15.50000000000000000, 0.0000000000000000000, 2.000000000000001800 ) ) ;
#6446 = PRESENTATION_STYLE_ASSIGNMENT (( #3276 ) ) ;
#6447 = LINE ( 'NONE', #2286, #7004 ) ;
#6448 = AXIS2_PLACEMENT_3D ( 'NONE', #1566, #2965, #1724 ) ;
#6449 = MECHANICAL_DESIGN_GEOMETRIC_PRESENTATION_REPRESENTATION (  '', ( #2597 ), #890 ) ;
#6450 = VERTEX_POINT ( 'NONE', #8619 ) ;
#6451 = CARTESIAN_POINT ( 'NONE',  ( -25.00000000000000000, 9.743183742525703300E-013, 14.25000000000057700 ) ) ;
#6452 =( GEOMETRIC_REPRESENTATION_CONTEXT ( 3 ) GLOBAL_UNCERTAINTY_ASSIGNED_CONTEXT ( ( #5942 ) ) GLOBAL_UNIT_ASSIGNED_CONTEXT ( ( #8845, #5793, #6076 ) ) REPRESENTATION_CONTEXT ( 'NONE', 'WORKASPACE' ) );
#6453 = AXIS2_PLACEMENT_3D ( 'NONE', #6182, #6035, #6629 ) ;
#6454 = AXIS2_PLACEMENT_3D ( 'NONE', #3866, #48, #5020 ) ;
#6455 = PRODUCT_DEFINITION_SHAPE ( 'NONE', 'NONE',  #8874 ) ;
#6456 = DIRECTION ( 'NONE',  ( 0.0000000000000000000, -0.0000000000000000000, 1.000000000000000000 ) ) ;
#6457 = CARTESIAN_POINT ( 'NONE',  ( -31.50000000000000000, -6.999999999999998200, 2.999999999999998700 ) ) ;
#6458 = DIRECTION ( 'NONE',  ( 0.0000000000000000000, 0.0000000000000000000, -1.000000000000000000 ) ) ;
#6459 = CARTESIAN_POINT ( 'NONE',  ( 8.227241335952131300, -4.750000000000064800, 0.0000000000000000000 ) ) ;
#6460 = AXIS2_PLACEMENT_3D ( 'NONE', #6680, #2791, #7542 ) ;
#6461 = ORIENTED_EDGE ( 'NONE', *, *, #2920, .T. ) ;
#6462 = ORIENTED_EDGE ( 'NONE', *, *, #2156, .T. ) ;
#6463 = DIRECTION ( 'NONE',  ( -0.0000000000000000000, -1.000000000000000000, -0.0000000000000000000 ) ) ;
#6464 = AXIS2_PLACEMENT_3D ( 'NONE', #3796, #4946, #122 ) ;
#6465 = FILL_AREA_STYLE_COLOUR ( '', #7014 ) ;
#6466 = DIRECTION ( 'NONE',  ( 0.0000000000000000000, 1.000000000000000000, 0.0000000000000000000 ) ) ;
#6467 = ORIENTED_EDGE ( 'NONE', *, *, #4625, .F. ) ;
#6468 =( GEOMETRIC_REPRESENTATION_CONTEXT ( 3 ) GLOBAL_UNCERTAINTY_ASSIGNED_CONTEXT ( ( #2835 ) ) GLOBAL_UNIT_ASSIGNED_CONTEXT ( ( #13, #4556, #1148 ) ) REPRESENTATION_CONTEXT ( 'NONE', 'WORKASPACE' ) );
#6469 =( NAMED_UNIT ( * ) PLANE_ANGLE_UNIT ( ) SI_UNIT ( $, .RADIAN. ) );
#6470 = ADVANCED_FACE ( 'NONE', ( #4849 ), #3280, .F. ) ;
#6471 = VECTOR ( 'NONE', #6637, 1000.000000000000000 ) ;
#6472 = CARTESIAN_POINT ( 'NONE',  ( -11.00000000000000000, 6.078133820953753200, -2.000000000000000000 ) ) ;
#6473 = ORIENTED_EDGE ( 'NONE', *, *, #925, .T. ) ;
#6474 = CYLINDRICAL_SURFACE ( 'NONE', #1364, 1.650000000000003900 ) ;
#6475 = CARTESIAN_POINT ( 'NONE',  ( -15.59999999999984900, -20.80000000000000100, 6.299999999999998000 ) ) ;
#6476 = EDGE_CURVE ( 'NONE', #5121, #5663, #4547, .T. ) ;
#6477 = CARTESIAN_POINT ( 'NONE',  ( 15.60000000000015100, 18.80100000000015100, 33.50000000000000000 ) ) ;
#6478 = AXIS2_PLACEMENT_3D ( 'NONE', #6066, #3778, #3205 ) ;
#6479 = ORIENTED_EDGE ( 'NONE', *, *, #6910, .T. ) ;
#6480 = CLOSED_SHELL ( 'NONE', ( #2699, #2150, #7262, #6470, #5754, #7031, #5566, #7283, #6014, #2241, #3438, #5739, #579, #7227, #4748, #8542, #4919, #3649, #1767, #7161, #2459, #3173, #5728, #57, #3265 ) ) ;
#6481 = VECTOR ( 'NONE', #7772, 1000.000000000000000 ) ;
#6482 = DIRECTION ( 'NONE',  ( 0.0000000000000000000, 1.000000000000000000, 0.0000000000000000000 ) ) ;
#6483 = EDGE_LOOP ( 'NONE', ( #6527, #8275 ) ) ;
#6484 = CARTESIAN_POINT ( 'NONE',  ( -9.434954756987027400E-014, -7.924999999999999800, 4.799999999999999800 ) ) ;
#6485 = LINE ( 'NONE', #7636, #2559 ) ;
#6486 = DIRECTION ( 'NONE',  ( 0.0000000000000000000, 0.0000000000000000000, -1.000000000000000000 ) ) ;
#6487 = FACE_OUTER_BOUND ( 'NONE', #8376, .T. ) ;
#6488 = ORIENTED_EDGE ( 'NONE', *, *, #4352, .F. ) ;
#6489 = CARTESIAN_POINT ( 'NONE',  ( 6.600000000000001400, -7.000000000000000000, 2.000000000000000000 ) ) ;
#6490 = ADVANCED_FACE ( 'NONE', ( #314 ), #34, .F. ) ;
#6491 = FACE_OUTER_BOUND ( 'NONE', #4667, .T. ) ;
#6492 = PRODUCT_RELATED_PRODUCT_CATEGORY ( 'part', '', ( #6357 ) ) ;
#6493 = ORIENTED_EDGE ( 'NONE', *, *, #873, .T. ) ;
#6494 = CIRCLE ( 'NONE', #4232, 2.800000000000000300 ) ;
#6495 = CARTESIAN_POINT ( 'NONE',  ( -6.099999999999965900, -13.42339375865881700, 2.000000000000001800 ) ) ;
#6496 = CIRCLE ( 'NONE', #3131, 1.574999999999998200 ) ;
#6497 = EDGE_LOOP ( 'NONE', ( #3163, #6386, #5194, #2658 ) ) ;
#6498 = FACE_OUTER_BOUND ( 'NONE', #6632, .T. ) ;
#6499 = PRESENTATION_LAYER_ASSIGNMENT (  '', '', ( #2017 ) ) ;
#6500 = VECTOR ( 'NONE', #7713, 1000.000000000000000 ) ;
#6501 = ADVANCED_FACE ( 'NONE', ( #5709 ), #3578, .T. ) ;
#6502 = PRESENTATION_STYLE_ASSIGNMENT (( #4896 ) ) ;
#6503 = EDGE_CURVE ( 'NONE', #1605, #1554, #5746, .T. ) ;
#6504 = ORIENTED_EDGE ( 'NONE', *, *, #4157, .F. ) ;
#6505 = DIRECTION ( 'NONE',  ( 1.219727444046192700E-016, -1.000000000000000000, -0.0000000000000000000 ) ) ;
#6506 = VECTOR ( 'NONE', #7137, 1000.000000000000000 ) ;
#6507 = SURFACE_SIDE_STYLE ('',( #2074 ) ) ;
#6508 = ORIENTED_EDGE ( 'NONE', *, *, #1034, .F. ) ;
#6509 = CARTESIAN_POINT ( 'NONE',  ( -20.50000000000000000, 2.400000000000000400, 1.800000000000000500 ) ) ;
#6510 = ORIENTED_EDGE ( 'NONE', *, *, #4826, .F. ) ;
#6511 = ADVANCED_FACE ( 'NONE', ( #1746 ), #5008, .T. ) ;
#6512 = CIRCLE ( 'NONE', #7080, 4.250000000000000000 ) ;
#6513 = ORIENTED_EDGE ( 'NONE', *, *, #3034, .T. ) ;
#6514 = CARTESIAN_POINT ( 'NONE',  ( -7.749999999999968900, -13.42339375865881700, 2.000000000000001800 ) ) ;
#6515 = VERTEX_POINT ( 'NONE', #6457 ) ;
#6516 = DIRECTION ( 'NONE',  ( -1.000000000000000000, -0.0000000000000000000, -0.0000000000000000000 ) ) ;
#6517 = CARTESIAN_POINT ( 'NONE',  ( 30.09999999999999800, -6.999999999999998200, 0.0000000000000000000 ) ) ;
#6518 = EDGE_CURVE ( 'NONE', #1122, #1901, #1595, .T. ) ;
#6519 = EDGE_LOOP ( 'NONE', ( #3988, #3699, #6410, #2305 ) ) ;
#6520 = FILL_AREA_STYLE ('',( #1244 ) ) ;
#6521 = VERTEX_POINT ( 'NONE', #766 ) ;
#6522 = EDGE_LOOP ( 'NONE', ( #6666, #4890, #5472, #3938 ) ) ;
#6523 = CARTESIAN_POINT ( 'NONE',  ( -24.00000000000000000, 13.42339375865879700, -6.500000000000000900 ) ) ;
#6524 = DIRECTION ( 'NONE',  ( -1.219727444046192700E-016, 1.000000000000000000, -0.0000000000000000000 ) ) ;
#6525 = AXIS2_PLACEMENT_3D ( 'NONE', #3031, #1920, #3482 ) ;
#6526 = SURFACE_SIDE_STYLE ('',( #2235 ) ) ;
#6527 = ORIENTED_EDGE ( 'NONE', *, *, #7260, .F. ) ;
#6528 = ORIENTED_EDGE ( 'NONE', *, *, #2533, .T. ) ;
#6529 = CARTESIAN_POINT ( 'NONE',  ( -1.119685152675939400E-015, 17.75000000000000000, 2.173748068486552000E-015 ) ) ;
#6530 =( LENGTH_UNIT ( ) NAMED_UNIT ( * ) SI_UNIT ( .MILLI., .METRE. ) );
#6531 = VERTEX_POINT ( 'NONE', #6012 ) ;
#6532 = DIRECTION ( 'NONE',  ( 0.0000000000000000000, 0.0000000000000000000, 1.000000000000000000 ) ) ;
#6533 = CARTESIAN_POINT ( 'NONE',  ( 0.7819397550939677400, -0.1043417291250884200, 2.683574406964570600 ) ) ;
#6534 = ORIENTED_EDGE ( 'NONE', *, *, #1136, .T. ) ;
#6535 = EDGE_LOOP ( 'NONE', ( #3920, #2998, #7225, #2863 ) ) ;
#6536 = AXIS2_PLACEMENT_3D ( 'NONE', #2776, #8692, #3933 ) ;
#6537 = ADVANCED_FACE ( 'NONE', ( #7474 ), #2446, .F. ) ;
#6538 = PRODUCT_RELATED_PRODUCT_CATEGORY ( 'part', '', ( #6727 ) ) ;
#6539 = ORIENTED_EDGE ( 'NONE', *, *, #4047, .F. ) ;
#6540 = PRODUCT_CONTEXT ( 'NONE', #2604, 'mechanical' ) ;
#6541 = CYLINDRICAL_SURFACE ( 'NONE', #3977, 0.5000000000000000000 ) ;
#6542 = DIRECTION ( 'NONE',  ( 0.0000000000000000000, 0.0000000000000000000, 1.000000000000000000 ) ) ;
#6543 = ORIENTED_EDGE ( 'NONE', *, *, #522, .T. ) ;
#6544 = ORIENTED_EDGE ( 'NONE', *, *, #395, .T. ) ;
#6545 =( NAMED_UNIT ( * ) SI_UNIT ( $, .STERADIAN. ) SOLID_ANGLE_UNIT ( ) );
#6546 = EDGE_LOOP ( 'NONE', ( #3006, #4600, #8119, #2637 ) ) ;
#6547 = ORIENTED_EDGE ( 'NONE', *, *, #609, .F. ) ;
#6548 = B_SPLINE_CURVE_WITH_KNOTS ( 'NONE', 3,
 ( #804, #4487, #5762, #7945, #7657, #5910, #3175, #8814, #1079, #5482, #1631, #6647, #2762, #7808, #5062, #8094, #8386, #5216 ),
 .UNSPECIFIED., .F., .F.,
 ( 4, 2, 2, 2, 2, 2, 2, 2, 4 ),
 ( 0.003918822340149860300, 0.004408547516782004800, 0.004898272693414149400, 0.005387997870046294000, 0.005877723046678438500, 0.006367448223310583100, 0.006857173399942727600, 0.007346898576574872200, 0.007836623753207015000 ),
 .UNSPECIFIED. ) ;
#6549 = SURFACE_STYLE_USAGE ( .BOTH. , #1409 ) ;
#6550 = CARTESIAN_POINT ( 'NONE',  ( -5.968681298996447300, 0.6307756332871472500, 5.508460688980615100 ) ) ;
#6551 =( NAMED_UNIT ( * ) PLANE_ANGLE_UNIT ( ) SI_UNIT ( $, .RADIAN. ) );
#6552 = DIRECTION ( 'NONE',  ( -1.000000000000000000, -1.219727444046192700E-016, 0.0000000000000000000 ) ) ;
#6553 = ADVANCED_FACE ( 'NONE', ( #2032 ), #1049, .T. ) ;
#6554 = EDGE_CURVE ( 'NONE', #567, #4980, #5783, .T. ) ;
#6555 = EDGE_LOOP ( 'NONE', ( #7114, #1422 ) ) ;
#6556 = ORIENTED_EDGE ( 'NONE', *, *, #148, .F. ) ;
#6557 = SURFACE_STYLE_FILL_AREA ( #6999 ) ;
#6558 = AXIS2_PLACEMENT_3D ( 'NONE', #4887, #7644, #2322 ) ;
#6559 = VECTOR ( 'NONE', #5814, 1000.000000000000000 ) ;
#6560 = CARTESIAN_POINT ( 'NONE',  ( -15.59999999999984900, 18.80100000000015100, 46.30000000000000400 ) ) ;
#6561 = DIRECTION ( 'NONE',  ( -0.0000000000000000000, -1.149055390210327300E-016, 1.000000000000000000 ) ) ;
#6562 = CARTESIAN_POINT ( 'NONE',  ( 17.00000000000000000, 1.828133820953756800, -2.250000000000000400 ) ) ;
#6563 =( GEOMETRIC_REPRESENTATION_CONTEXT ( 3 ) GLOBAL_UNCERTAINTY_ASSIGNED_CONTEXT ( ( #5280 ) ) GLOBAL_UNIT_ASSIGNED_CONTEXT ( ( #5096, #2798, #4660 ) ) REPRESENTATION_CONTEXT ( 'NONE', 'WORKASPACE' ) );
#6564 =( GEOMETRIC_REPRESENTATION_CONTEXT ( 3 ) GLOBAL_UNCERTAINTY_ASSIGNED_CONTEXT ( ( #1447 ) ) GLOBAL_UNIT_ASSIGNED_CONTEXT ( ( #1713, #6728, #870 ) ) REPRESENTATION_CONTEXT ( 'NONE', 'WORKASPACE' ) );
#6565 = DIRECTION ( 'NONE',  ( -1.000000000000000000, -6.308085367188390000E-017, -0.0000000000000000000 ) ) ;
#6566 = ORIENTED_EDGE ( 'NONE', *, *, #7922, .F. ) ;
#6567 = APPLICATION_CONTEXT ( 'automotive_design' ) ;
#6568 = FILL_AREA_STYLE_COLOUR ( '', #2005 ) ;
#6569 = ORIENTED_EDGE ( 'NONE', *, *, #7997, .F. ) ;
#6570 = DIRECTION ( 'NONE',  ( -1.219727444046192700E-016, 1.000000000000000000, 0.0000000000000000000 ) ) ;
#6571 = AXIS2_PLACEMENT_3D ( 'NONE', #305, #871, #733 ) ;
#6572 = PRESENTATION_LAYER_ASSIGNMENT (  '', '', ( #398 ) ) ;
#6573 = CARTESIAN_POINT ( 'NONE',  ( -15.59999999999984900, -18.79999999999999700, 35.10000000000000100 ) ) ;
#6574 = AXIS2_PLACEMENT_3D ( 'NONE', #2623, #7667, #1934 ) ;
#6575 = LINE ( 'NONE', #7743, #1123 ) ;
#6576 = DIRECTION ( 'NONE',  ( -0.0000000000000000000, -1.149055390210327300E-016, 1.000000000000000000 ) ) ;
#6577 = DIRECTION ( 'NONE',  ( -0.8330162471543056700, 1.931656905709668400E-015, -0.5532485264119163500 ) ) ;
#6578 =( NAMED_UNIT ( * ) SI_UNIT ( $, .STERADIAN. ) SOLID_ANGLE_UNIT ( ) );
#6579 = EDGE_CURVE ( 'NONE', #2407, #4220, #8072, .T. ) ;
#6580 = UNCERTAINTY_MEASURE_WITH_UNIT (LENGTH_MEASURE( 1.000000000000000100E-005 ), #8031, 'distance_accuracy_value', 'NONE');
#6581 = MECHANICAL_DESIGN_GEOMETRIC_PRESENTATION_REPRESENTATION (  '', ( #7349 ), #3489 ) ;
#6582 = STYLED_ITEM ( 'NONE', ( #3377 ), #258 ) ;
#6583 = AXIS2_PLACEMENT_3D ( 'NONE', #8186, #4694, #8472 ) ;
#6584 = AXIS2_PLACEMENT_3D ( 'NONE', #6932, #6047, #1225 ) ;
#6585 = LINE ( 'NONE', #6145, #7387 ) ;
#6586 = CARTESIAN_POINT ( 'NONE',  ( 4.473868613138686000, -5.290003797451337600E-015, 1.446861313868613500 ) ) ;
#6587 = AXIS2_PLACEMENT_3D ( 'NONE', #5977, #8458, #6729 ) ;
#6588 = DIRECTION ( 'NONE',  ( -1.000000000000000000, 0.0000000000000000000, 0.0000000000000000000 ) ) ;
#6589 = EDGE_CURVE ( 'NONE', #3375, #4913, #1184, .T. ) ;
#6590 = VERTEX_POINT ( 'NONE', #1599 ) ;
#6591 =( NAMED_UNIT ( * ) SI_UNIT ( $, .STERADIAN. ) SOLID_ANGLE_UNIT ( ) );
#6592 =( NAMED_UNIT ( * ) PLANE_ANGLE_UNIT ( ) SI_UNIT ( $, .RADIAN. ) );
#6593 = FACE_OUTER_BOUND ( 'NONE', #2045, .T. ) ;
#6594 = DIRECTION ( 'NONE',  ( 0.0000000000000000000, 0.0000000000000000000, 1.000000000000000000 ) ) ;
#6595 = LINE ( 'NONE', #893, #1442 ) ;
#6596 = DIRECTION ( 'NONE',  ( -1.000000000000000000, 0.0000000000000000000, 0.0000000000000000000 ) ) ;
#6597 = DIRECTION ( 'NONE',  ( 0.0000000000000000000, 0.0000000000000000000, 1.000000000000000000 ) ) ;
#6598 = DIRECTION ( 'NONE',  ( 0.0000000000000000000, 0.0000000000000000000, -1.000000000000000000 ) ) ;
#6599 = FILL_AREA_STYLE ('',( #5438 ) ) ;
#6600 = VERTEX_POINT ( 'NONE', #6472 ) ;
#6601 = CARTESIAN_POINT ( 'NONE',  ( 0.7579850260068170500, -0.4218661790462447900, 12.04999999999999900 ) ) ;
#6602 = SURFACE_SIDE_STYLE ('',( #619 ) ) ;
#6603 = LINE ( 'NONE', #2724, #286 ) ;
#6604 = CARTESIAN_POINT ( 'NONE',  ( -25.00000000000000000, -7.000000000000003600, -8.579999999999998300 ) ) ;
#6605 = DIRECTION ( 'NONE',  ( 0.0000000000000000000, 1.000000000000000000, 1.334402673828312800E-016 ) ) ;
#6606 = DIRECTION ( 'NONE',  ( 0.0000000000000000000, 0.0000000000000000000, -1.000000000000000000 ) ) ;
#6607 = FILL_AREA_STYLE_COLOUR ( '', #1919 ) ;
#6608 = ADVANCED_FACE ( 'NONE', ( #6316 ), #2885, .T. ) ;
#6609 = ORIENTED_EDGE ( 'NONE', *, *, #8726, .T. ) ;
#6610 = CARTESIAN_POINT ( 'NONE',  ( 8.030129716582379700, 2.578133820953756300, 9.797174393178825700E-016 ) ) ;
#6611 = CARTESIAN_POINT ( 'NONE',  ( -18.79999999999984800, -20.80000000000000100, 2.000000000000000000 ) ) ;
#6612 = AXIS2_PLACEMENT_3D ( 'NONE', #2925, #255, #5244 ) ;
#6613 = APPLICATION_CONTEXT ( 'automotive_design' ) ;
#6614 = EDGE_LOOP ( 'NONE', ( #3638, #498, #8851, #1653 ) ) ;
#6615 = FACE_OUTER_BOUND ( 'NONE', #4527, .T. ) ;
#6616 = DIRECTION ( 'NONE',  ( -1.000000000000000000, -0.0000000000000000000, -0.0000000000000000000 ) ) ;
#6617 =( GEOMETRIC_REPRESENTATION_CONTEXT ( 3 ) GLOBAL_UNCERTAINTY_ASSIGNED_CONTEXT ( ( #5908 ) ) GLOBAL_UNIT_ASSIGNED_CONTEXT ( ( #605, #7478, #3856 ) ) REPRESENTATION_CONTEXT ( 'NONE', 'WORKASPACE' ) );
#6618 = CARTESIAN_POINT ( 'NONE',  ( -15.59999999999984900, -20.80000000000000100, 20.69999999999999900 ) ) ;
#6619 = FACE_OUTER_BOUND ( 'NONE', #5666, .T. ) ;
#6620 = COLOUR_RGB ( '',0.2000000000000000100, 0.2000000000000000100, 0.2000000000000000100 ) ;
#6621 = ORIENTED_EDGE ( 'NONE', *, *, #8382, .F. ) ;
#6622 = EDGE_CURVE ( 'NONE', #2521, #6265, #2865, .T. ) ;
#6623 = EDGE_CURVE ( 'NONE', #5050, #6831, #8357, .T. ) ;
#6624 = DIRECTION ( 'NONE',  ( 0.0000000000000000000, 0.0000000000000000000, -1.000000000000000000 ) ) ;
#6625 = VECTOR ( 'NONE', #7471, 1000.000000000000000 ) ;
#6626 = VECTOR ( 'NONE', #1426, 1000.000000000000000 ) ;
#6627 = FACE_OUTER_BOUND ( 'NONE', #7134, .T. ) ;
#6628 = ORIENTED_EDGE ( 'NONE', *, *, #2049, .T. ) ;
#6629 = DIRECTION ( 'NONE',  ( 1.000000000000000000, 1.467842941211164900E-014, 0.0000000000000000000 ) ) ;
#6630 = DIRECTION ( 'NONE',  ( 0.0000000000000000000, -1.000000000000000000, 0.0000000000000000000 ) ) ;
#6631 = CARTESIAN_POINT ( 'NONE',  ( 4.473868613138687800, -1.446861313868614200, -5.136944178341391000E-015 ) ) ;
#6632 = EDGE_LOOP ( 'NONE', ( #2671, #6710, #4631, #3046 ) ) ;
#6633 = AXIS2_PLACEMENT_3D ( 'NONE', #2789, #4928, #1822 ) ;
#6634 = DIRECTION ( 'NONE',  ( 0.0000000000000000000, 0.0000000000000000000, 1.000000000000000000 ) ) ;
#6635 = CYLINDRICAL_SURFACE ( 'NONE', #6892, 1.249999999999995100 ) ;
#6636 = MECHANICAL_DESIGN_GEOMETRIC_PRESENTATION_REPRESENTATION (  '', ( #414 ), #4379 ) ;
#6637 = DIRECTION ( 'NONE',  ( -1.000000000000000000, -0.0000000000000000000, -0.0000000000000000000 ) ) ;
#6638 = DIRECTION ( 'NONE',  ( 1.219727444046192700E-016, -1.000000000000000000, 0.0000000000000000000 ) ) ;
#6639 = DIRECTION ( 'NONE',  ( -0.0000000000000000000, -0.0000000000000000000, -1.000000000000000000 ) ) ;
#6640 = EDGE_LOOP ( 'NONE', ( #4386, #8383 ) ) ;
#6641 = EDGE_CURVE ( 'NONE', #5753, #4230, #1463, .T. ) ;
#6642 = DIRECTION ( 'NONE',  ( 0.0000000000000000000, 1.000000000000000000, 0.0000000000000000000 ) ) ;
#6643 = VERTEX_POINT ( 'NONE', #1055 ) ;
#6644 = STYLED_ITEM ( 'NONE', ( #4428 ), #6376 ) ;
#6645 = EDGE_CURVE ( 'NONE', #4433, #3497, #6346, .T. ) ;
#6646 =( NAMED_UNIT ( * ) PLANE_ANGLE_UNIT ( ) SI_UNIT ( $, .RADIAN. ) );
#6647 = CARTESIAN_POINT ( 'NONE',  ( -5.900108688871169300, -1.092146436861833200, 5.970380674675873900 ) ) ;
#6648 = DIRECTION ( 'NONE',  ( 0.0000000000000000000, 0.0000000000000000000, -1.000000000000000000 ) ) ;
#6649 = SURFACE_STYLE_FILL_AREA ( #7360 ) ;
#6650 = ORIENTED_EDGE ( 'NONE', *, *, #8837, .F. ) ;
#6651 =( NAMED_UNIT ( * ) PLANE_ANGLE_UNIT ( ) SI_UNIT ( $, .RADIAN. ) );
#6652 = CARTESIAN_POINT ( 'NONE',  ( -15.59999999999984900, 18.80100000000015100, 27.09999999999999800 ) ) ;
#6653 = DIRECTION ( 'NONE',  ( 0.0000000000000000000, -1.000000000000000000, 0.0000000000000000000 ) ) ;
#6654 = CIRCLE ( 'NONE', #5816, 4.757076634046354600 ) ;
#6655 = AXIS2_PLACEMENT_3D ( 'NONE', #4708, #8338, #3571 ) ;
#6656 = EDGE_LOOP ( 'NONE', ( #7212, #1832 ) ) ;
#6657 = CARTESIAN_POINT ( 'NONE',  ( -9.400000000000154900, 13.42339375865871200, 51.20100000000000100 ) ) ;
#6658 = MECHANICAL_DESIGN_GEOMETRIC_PRESENTATION_REPRESENTATION (  '', ( #7612 ), #5986 ) ;
#6659 = EDGE_CURVE ( 'NONE', #4215, #3623, #5269, .T. ) ;
#6660 = CARTESIAN_POINT ( 'NONE',  ( -8.227241335952163200, 4.750000000000006200, 4.799999999999999800 ) ) ;
#6661 = ORIENTED_EDGE ( 'NONE', *, *, #3125, .F. ) ;
#6662 = CARTESIAN_POINT ( 'NONE',  ( 35.86999999999999700, 1.250000000000002000, -12.05000000000000100 ) ) ;
#6663 = AXIS2_PLACEMENT_3D ( 'NONE', #5952, #3959, #269 ) ;
#6664 = STYLED_ITEM ( 'NONE', ( #3968 ), #5220 ) ;
#6665 = VERTEX_POINT ( 'NONE', #5592 ) ;
#6666 = ORIENTED_EDGE ( 'NONE', *, *, #942, .F. ) ;
#6667 = ORIENTED_EDGE ( 'NONE', *, *, #2616, .T. ) ;
#6668 = DIRECTION ( 'NONE',  ( -1.219727444046192700E-016, 1.000000000000000000, -0.0000000000000000000 ) ) ;
#6669 = COLOUR_RGB ( '',0.2000000000000000100, 0.2000000000000000100, 0.2000000000000000100 ) ;
#6670 = PLANE ( 'NONE',  #4079 ) ;
#6671 = COLOUR_RGB ( '',0.7686274509803920900, 0.7686274509803920900, 0.7686274509803920900 ) ;
#6672 = ORIENTED_EDGE ( 'NONE', *, *, #8296, .F. ) ;
#6673 = DIRECTION ( 'NONE',  ( -0.0000000000000000000, -1.000000000000000000, -0.0000000000000000000 ) ) ;
#6674 = EDGE_LOOP ( 'NONE', ( #391, #712 ) ) ;
#6675 = VERTEX_POINT ( 'NONE', #55 ) ;
#6676 = DIRECTION ( 'NONE',  ( -0.0000000000000000000, -0.0000000000000000000, -1.000000000000000000 ) ) ;
#6677 = CIRCLE ( 'NONE', #8395, 1.599999999999997200 ) ;
#6678 = ADVANCED_FACE ( 'NONE', ( #7924 ), #1468, .F. ) ;
#6679 = EDGE_CURVE ( 'NONE', #1901, #8700, #800, .T. ) ;
#6680 = CARTESIAN_POINT ( 'NONE',  ( 15.60000000000015100, -18.79999999999999700, 33.50000000000000000 ) ) ;
#6681 = CIRCLE ( 'NONE', #354, 1.574999999999998200 ) ;
#6682 = CARTESIAN_POINT ( 'NONE',  ( -15.79999999999987600, -18.79999999999999700, 48.20000000000000300 ) ) ;
#6683 = DIRECTION ( 'NONE',  ( 0.0000000000000000000, 0.0000000000000000000, -1.000000000000000000 ) ) ;
#6684 = CARTESIAN_POINT ( 'NONE',  ( -25.00000000000000000, -13.42339375865879900, 7.750000000001130700 ) ) ;
#6685 = FILL_AREA_STYLE_COLOUR ( '', #8718 ) ;
#6686 = EDGE_LOOP ( 'NONE', ( #1507, #4214 ) ) ;
#6687 = DIRECTION ( 'NONE',  ( 0.0000000000000000000, 0.0000000000000000000, 1.000000000000000000 ) ) ;
#6688 = VERTEX_POINT ( 'NONE', #6171 ) ;
#6689 = ORIENTED_EDGE ( 'NONE', *, *, #8706, .F. ) ;
#6690 = DIRECTION ( 'NONE',  ( 0.0000000000000000000, 1.000000000000000000, 0.0000000000000000000 ) ) ;
#6691 = DIRECTION ( 'NONE',  ( -0.0000000000000000000, 1.000000000000000000, -0.0000000000000000000 ) ) ;
#6692 = VECTOR ( 'NONE', #5131, 1000.000000000000000 ) ;
#6693 = DIRECTION ( 'NONE',  ( -1.000000000000000000, -0.0000000000000000000, -0.0000000000000000000 ) ) ;
#6694 = CIRCLE ( 'NONE', #2301, 1.249999999999999300 ) ;
#6695 = PRESENTATION_STYLE_ASSIGNMENT (( #3380 ) ) ;
#6696 = EDGE_LOOP ( 'NONE', ( #8113, #6961, #3210, #1666 ) ) ;
#6697 = APPLICATION_PROTOCOL_DEFINITION ( 'draft international standard', 'automotive_design', 1998, #4456 ) ;
#6698 = CARTESIAN_POINT ( 'NONE',  ( 17.00000000000000000, 2.328133820953756800, -0.7500000000000006700 ) ) ;
#6699 = CARTESIAN_POINT ( 'NONE',  ( -2.902071841370306600, 0.7696667953585715200, 5.601774788570138800 ) ) ;
#6700 = ORIENTED_EDGE ( 'NONE', *, *, #378, .F. ) ;
#6701 = DIRECTION ( 'NONE',  ( -1.000000000000000000, -0.0000000000000000000, -0.0000000000000000000 ) ) ;
#6702 = DIRECTION ( 'NONE',  ( -0.0000000000000000000, 1.000000000000000000, 1.224646799147353200E-016 ) ) ;
#6703 = UNCERTAINTY_MEASURE_WITH_UNIT (LENGTH_MEASURE( 1.000000000000000100E-005 ), #6260, 'distance_accuracy_value', 'NONE');
#6704 = DIRECTION ( 'NONE',  ( -1.000000000000000000, -0.0000000000000000000, -0.0000000000000000000 ) ) ;
#6705 =( GEOMETRIC_REPRESENTATION_CONTEXT ( 3 ) GLOBAL_UNCERTAINTY_ASSIGNED_CONTEXT ( ( #3901 ) ) GLOBAL_UNIT_ASSIGNED_CONTEXT ( ( #8453, #8018, #1015 ) ) REPRESENTATION_CONTEXT ( 'NONE', 'WORKASPACE' ) );
#6706 = CARTESIAN_POINT ( 'NONE',  ( -15.59999999999984900, -20.80000000000000100, 12.70000000000000100 ) ) ;
#6707 = CYLINDRICAL_SURFACE ( 'NONE', #8625, 0.5000000000000000000 ) ;
#6708 = MECHANICAL_DESIGN_GEOMETRIC_PRESENTATION_REPRESENTATION (  '', ( #2466 ), #3762 ) ;
#6709 = AXIS2_PLACEMENT_3D ( 'NONE', #6295, #5000, #8760 ) ;
#6710 = ORIENTED_EDGE ( 'NONE', *, *, #3854, .T. ) ;
#6711 = DIRECTION ( 'NONE',  ( 0.0000000000000000000, 0.0000000000000000000, -1.000000000000000000 ) ) ;
#6712 = DIRECTION ( 'NONE',  ( 0.3417430630867046000, 5.537641692574745000E-017, -0.9397934234884370900 ) ) ;
#6713 = VERTEX_POINT ( 'NONE', #4593 ) ;
#6714 = EDGE_CURVE ( 'NONE', #5520, #1182, #6909, .T. ) ;
#6715 = FILL_AREA_STYLE_COLOUR ( '', #8543 ) ;
#6716 = VERTEX_POINT ( 'NONE', #6604 ) ;
#6717 = ORIENTED_EDGE ( 'NONE', *, *, #1821, .F. ) ;
#6718 = MECHANICAL_DESIGN_GEOMETRIC_PRESENTATION_REPRESENTATION (  '', ( #4183 ), #503 ) ;
#6719 = LINE ( 'NONE', #2408, #4619 ) ;
#6720 = EDGE_CURVE ( 'NONE', #7392, #6665, #4861, .T. ) ;
#6721 = CARTESIAN_POINT ( 'NONE',  ( -25.00000000000000000, -6.999999999999998200, 8.579999999999996500 ) ) ;
#6722 = CYLINDRICAL_SURFACE ( 'NONE', #5600, 1.600000000000000800 ) ;
#6723 = VERTEX_POINT ( 'NONE', #6300 ) ;
#6724 = CARTESIAN_POINT ( 'NONE',  ( 2.968318096247142700E-014, 11.07499999999999900, 4.799999999999999800 ) ) ;
#6725 = FILL_AREA_STYLE ('',( #5129 ) ) ;
#6726 = CARTESIAN_POINT ( 'NONE',  ( -8.227241335952163200, 6.325000000000004600, 4.799999999999999800 ) ) ;
#6727 = PRODUCT ( 'Encoder', 'Encoder', '', ( #6540 ) ) ;
#6728 =( NAMED_UNIT ( * ) PLANE_ANGLE_UNIT ( ) SI_UNIT ( $, .RADIAN. ) );
#6729 = DIRECTION ( 'NONE',  ( 0.0000000000000000000, 1.000000000000000000, 0.0000000000000000000 ) ) ;
#6730 = CARTESIAN_POINT ( 'NONE',  ( 0.7471507068104801300, -0.09169116611291067100, 2.627711098936533300 ) ) ;
#6731 = VECTOR ( 'NONE', #8065, 1000.000000000000000 ) ;
#6732 = CYLINDRICAL_SURFACE ( 'NONE', #6571, 1.249999999999994200 ) ;
#6733 = EDGE_CURVE ( 'NONE', #6107, #6643, #2303, .T. ) ;
#6734 = CARTESIAN_POINT ( 'NONE',  ( 1.530808498934191600E-016, 5.000000000000000000, 1.250000000000000000 ) ) ;
#6735 = SURFACE_STYLE_USAGE ( .BOTH. , #157 ) ;
#6736 = AXIS2_PLACEMENT_3D ( 'NONE', #2751, #3902, #8809 ) ;
#6737 = DIRECTION ( 'NONE',  ( -1.000000000000000000, -1.734723475976807100E-016, 0.0000000000000000000 ) ) ;
#6738 = SURFACE_SIDE_STYLE ('',( #1730 ) ) ;
#6739 = SURFACE_SIDE_STYLE ('',( #4697 ) ) ;
#6740 = VECTOR ( 'NONE', #4923, 1000.000000000000000 ) ;
#6741 = EDGE_CURVE ( 'NONE', #8077, #2475, #1179, .T. ) ;
#6742 = CARTESIAN_POINT ( 'NONE',  ( -15.59999999999984900, -20.80000000000000100, 20.69999999999999900 ) ) ;
#6743 = VECTOR ( 'NONE', #7466, 1000.000000000000000 ) ;
#6744 = COLOUR_RGB ( '',0.1019607843137254900, 0.1019607843137254900, 0.1019607843137254900 ) ;
#6745 = STYLED_ITEM ( 'NONE', ( #3352 ), #5626 ) ;
#6746 = ORIENTED_EDGE ( 'NONE', *, *, #5757, .F. ) ;
#6747 = DIRECTION ( 'NONE',  ( -1.219727444046192700E-016, 1.000000000000000000, 0.0000000000000000000 ) ) ;
#6748 = CARTESIAN_POINT ( 'NONE',  ( 17.00000000000000000, 2.328133820953756800, -0.7500000000000006700 ) ) ;
#6749 = DIRECTION ( 'NONE',  ( 1.000000000000000000, 1.219727444046192700E-016, 0.0000000000000000000 ) ) ;
#6750 = SURFACE_STYLE_FILL_AREA ( #3428 ) ;
#6751 = FACE_BOUND ( 'NONE', #5504, .T. ) ;
#6752 = AXIS2_PLACEMENT_3D ( 'NONE', #3843, #2283, #6747 ) ;
#6753 = CARTESIAN_POINT ( 'NONE',  ( -11.00000000000000000, 6.078133820953753200, -2.000000000000000000 ) ) ;
#6754 = ORIENTED_EDGE ( 'NONE', *, *, #2304, .T. ) ;
#6755 = CIRCLE ( 'NONE', #4976, 1.249999999999997600 ) ;
#6756 = FACE_OUTER_BOUND ( 'NONE', #7725, .T. ) ;
#6757 = CARTESIAN_POINT ( 'NONE',  ( -18.79999999999984800, -20.80000000000000100, 48.20000000000000300 ) ) ;
#6758 = EDGE_CURVE ( 'NONE', #3351, #5915, #8131, .T. ) ;
#6759 = CARTESIAN_POINT ( 'NONE',  ( -20.50000000000000000, 0.0000000000000000000, 0.0000000000000000000 ) ) ;
#6760 = EDGE_CURVE ( 'NONE', #5753, #4093, #6762, .T. ) ;
#6761 = DIRECTION ( 'NONE',  ( -1.000000000000000000, 0.0000000000000000000, 0.0000000000000000000 ) ) ;
#6762 = LINE ( 'NONE', #3137, #2039 ) ;
#6763 = CARTESIAN_POINT ( 'NONE',  ( 5.000000000000000900, -5.204748896376250900E-015, 0.0000000000000000000 ) ) ;
#6764 = CARTESIAN_POINT ( 'NONE',  ( 2.399999999999999500, 0.0000000000000000000, 2.800000000000000300 ) ) ;
#6765 = AXIS2_PLACEMENT_3D ( 'NONE', #6900, #7773, #5586 ) ;
#6766 = AXIS2_PLACEMENT_3D ( 'NONE', #8551, #2916, #7533 ) ;
#6767 = ORIENTED_EDGE ( 'NONE', *, *, #7148, .F. ) ;
#6768 = CARTESIAN_POINT ( 'NONE',  ( -12.99675767936327200, 0.3274648279039570900, 1.182576740129723600 ) ) ;
#6769 = EDGE_LOOP ( 'NONE', ( #5535, #3723, #5721 ) ) ;
#6770 = EDGE_CURVE ( 'NONE', #8793, #2990, #764, .T. ) ;
#6771 = VECTOR ( 'NONE', #754, 1000.000000000000000 ) ;
#6772 = VERTEX_POINT ( 'NONE', #4586 ) ;
#6773 = CARTESIAN_POINT ( 'NONE',  ( -15.59999999999984900, 18.80100000000015100, 9.499999999999996400 ) ) ;
#6774 = ADVANCED_FACE ( 'NONE', ( #5727, #4174, #8355, #50, #8777, #1598, #7774 ), #1324, .F. ) ;
#6775 = DIRECTION ( 'NONE',  ( -0.0000000000000000000, -1.149055390210327300E-016, 1.000000000000000000 ) ) ;
#6776 = ORIENTED_EDGE ( 'NONE', *, *, #3663, .T. ) ;
#6777 = STYLED_ITEM ( 'NONE', ( #2700 ), #7524 ) ;
#6778 = CARTESIAN_POINT ( 'NONE',  ( 9.399999999999879600, 13.42339375865887000, 2.000000000000001800 ) ) ;
#6779 = SURFACE_STYLE_FILL_AREA ( #4189 ) ;
#6780 = CARTESIAN_POINT ( 'NONE',  ( -15.59999999999984900, -20.80000000000000100, 27.09999999999999800 ) ) ;
#6781 = DIRECTION ( 'NONE',  ( -1.000000000000000000, -7.703719777548944800E-033, -0.0000000000000000000 ) ) ;
#6782 = VERTEX_POINT ( 'NONE', #627 ) ;
#6783 = MECHANICAL_DESIGN_GEOMETRIC_PRESENTATION_REPRESENTATION (  '', ( #6095 ), #2385 ) ;
#6784 = DIRECTION ( 'NONE',  ( -1.000000000000000000, -0.0000000000000000000, -0.0000000000000000000 ) ) ;
#6785 = LINE ( 'NONE', #1915, #5459 ) ;
#6786 = AXIS2_PLACEMENT_3D ( 'NONE', #481, #8644, #6315 ) ;
#6787 = VERTEX_POINT ( 'NONE', #1757 ) ;
#6788 = MECHANICAL_DESIGN_GEOMETRIC_PRESENTATION_REPRESENTATION (  '', ( #7179 ), #6898 ) ;
#6789 = AXIS2_PLACEMENT_3D ( 'NONE', #2768, #233, #3340 ) ;
#6790 = EDGE_CURVE ( 'NONE', #4406, #2603, #6694, .T. ) ;
#6791 = ADVANCED_FACE ( 'NONE', ( #8216 ), #6804, .F. ) ;
#6792 = CARTESIAN_POINT ( 'NONE',  ( -31.50000000000000000, -6.999999999999998200, 0.0000000000000000000 ) ) ;
#6793 = DIRECTION ( 'NONE',  ( -0.0000000000000000000, -0.0000000000000000000, -1.000000000000000000 ) ) ;
#6794 = VERTEX_POINT ( 'NONE', #5591 ) ;
#6795 = UNCERTAINTY_MEASURE_WITH_UNIT (LENGTH_MEASURE( 1.000000000000000100E-005 ), #3565, 'distance_accuracy_value', 'NONE');
#6796 = CARTESIAN_POINT ( 'NONE',  ( 2.399999999999999500, 0.0000000000000000000, 1.499999999999999600 ) ) ;
#6797 = CARTESIAN_POINT ( 'NONE',  ( 0.0000000000000000000, 5.089999999999999900, -0.1800000000000000500 ) ) ;
#6798 = VERTEX_POINT ( 'NONE', #5877 ) ;
#6799 = DIRECTION ( 'NONE',  ( -1.000000000000000000, -0.0000000000000000000, -0.0000000000000000000 ) ) ;
#6800 = AXIS2_PLACEMENT_3D ( 'NONE', #1012, #7432, #7298 ) ;
#6801 = SURFACE_STYLE_FILL_AREA ( #4349 ) ;
#6802 = CYLINDRICAL_SURFACE ( 'NONE', #2169, 5.999999999999996400 ) ;
#6803 = EDGE_CURVE ( 'NONE', #2813, #7788, #2312, .T. ) ;
#6804 = CONICAL_SURFACE ( 'NONE', #8401, 1.249999999999999300, 1.029744258676654100 ) ;
#6805 = CARTESIAN_POINT ( 'NONE',  ( 15.60000000000015100, -18.79999999999999700, 38.29999999999999700 ) ) ;
#6806 = FACE_OUTER_BOUND ( 'NONE', #8806, .T. ) ;
#6807 = ORIENTED_EDGE ( 'NONE', *, *, #6903, .F. ) ;
#6808 = SURFACE_STYLE_USAGE ( .BOTH. , #1086 ) ;
#6809 = UNCERTAINTY_MEASURE_WITH_UNIT (LENGTH_MEASURE( 1.000000000000000100E-005 ), #5378, 'distance_accuracy_value', 'NONE');
#6810 = COLOUR_RGB ( '',0.2862745098039215500, 0.6627450980392156600, 0.3294117647058823500 ) ;
#6811 = ORIENTED_EDGE ( 'NONE', *, *, #484, .T. ) ;
#6812 = AXIS2_PLACEMENT_3D ( 'NONE', #4413, #3814, #581 ) ;
#6813 = DIRECTION ( 'NONE',  ( -0.0000000000000000000, 1.000000000000000000, -0.0000000000000000000 ) ) ;
#6814 = ORIENTED_EDGE ( 'NONE', *, *, #1235, .T. ) ;
#6815 = ORIENTED_EDGE ( 'NONE', *, *, #2874, .F. ) ;
#6816 = DIRECTION ( 'NONE',  ( -0.0000000000000000000, 1.000000000000000000, -0.0000000000000000000 ) ) ;
#6817 = FILL_AREA_STYLE ('',( #8836 ) ) ;
#6818 = CIRCLE ( 'NONE', #1497, 1.599999999999999000 ) ;
#6819 = ADVANCED_FACE ( 'NONE', ( #3875 ), #3450, .F. ) ;
#6820 = MECHANICAL_DESIGN_GEOMETRIC_PRESENTATION_REPRESENTATION (  '', ( #2316 ), #8316 ) ;
#6821 = ORIENTED_EDGE ( 'NONE', *, *, #5350, .T. ) ;
#6822 = FACE_OUTER_BOUND ( 'NONE', #6060, .T. ) ;
#6823 = ORIENTED_EDGE ( 'NONE', *, *, #2212, .F. ) ;
#6824 = ORIENTED_EDGE ( 'NONE', *, *, #4737, .F. ) ;
#6825 = DIRECTION ( 'NONE',  ( -0.0000000000000000000, -1.000000000000000000, -0.0000000000000000000 ) ) ;
#6826 = LINE ( 'NONE', #1387, #7343 ) ;
#6827 = PLANE ( 'NONE',  #6612 ) ;
#6828 = ADVANCED_FACE ( 'NONE', ( #6170 ), #5598, .F. ) ;
#6829 = ORIENTED_EDGE ( 'NONE', *, *, #267, .F. ) ;
#6830 = PRESENTATION_STYLE_ASSIGNMENT (( #5655 ) ) ;
#6831 = VERTEX_POINT ( 'NONE', #3310 ) ;
#6832 = ORIENTED_EDGE ( 'NONE', *, *, #6172, .T. ) ;
#6833 = CARTESIAN_POINT ( 'NONE',  ( -24.00000000000000000, -13.42339375865879900, 7.750000000001130700 ) ) ;
#6834 = CARTESIAN_POINT ( 'NONE',  ( -24.00000000000000000, 9.741652934026770300E-013, 15.50000000000056500 ) ) ;
#6835 = VECTOR ( 'NONE', #1606, 1000.000000000000000 ) ;
#6836 =( NAMED_UNIT ( * ) PLANE_ANGLE_UNIT ( ) SI_UNIT ( $, .RADIAN. ) );
#6837 =( GEOMETRIC_REPRESENTATION_CONTEXT ( 3 ) GLOBAL_UNCERTAINTY_ASSIGNED_CONTEXT ( ( #5195 ) ) GLOBAL_UNIT_ASSIGNED_CONTEXT ( ( #4277, #6130, #5140 ) ) REPRESENTATION_CONTEXT ( 'NONE', 'WORKASPACE' ) );
#6838 = ORIENTED_EDGE ( 'NONE', *, *, #6017, .T. ) ;
#6839 = CARTESIAN_POINT ( 'NONE',  ( 8.405683964081108100, 2.239787194412606700, 0.7748793577776139600 ) ) ;
#6840 = CARTESIAN_POINT ( 'NONE',  ( 8.227241335952131300, -4.750000000000064800, 0.0000000000000000000 ) ) ;
#6841 = EDGE_LOOP ( 'NONE', ( #8425, #6924, #1947, #253 ) ) ;
#6842 = APPLICATION_CONTEXT ( 'automotive_design' ) ;
#6843 = CARTESIAN_POINT ( 'NONE',  ( -24.00000000000000000, -7.000000000000001800, 0.0000000000000000000 ) ) ;
#6844 = DIRECTION ( 'NONE',  ( 0.0000000000000000000, 0.0000000000000000000, 1.000000000000000000 ) ) ;
#6845 = CARTESIAN_POINT ( 'NONE',  ( -3.000000000000000000, 0.0000000000000000000, 5.349999999999999600 ) ) ;
#6846 = ADVANCED_FACE ( 'NONE', ( #6619 ), #3005, .T. ) ;
#6847 = ORIENTED_EDGE ( 'NONE', *, *, #798, .T. ) ;
#6848 = EDGE_LOOP ( 'NONE', ( #7925, #2321 ) ) ;
#6849 = DIRECTION ( 'NONE',  ( -1.000000000000000000, 0.0000000000000000000, 0.0000000000000000000 ) ) ;
#6850 = CARTESIAN_POINT ( 'NONE',  ( -0.9698702834176293800, 2.078133820953756300, 1.347111479062098100E-016 ) ) ;
#6851 =( GEOMETRIC_REPRESENTATION_CONTEXT ( 3 ) GLOBAL_UNCERTAINTY_ASSIGNED_CONTEXT ( ( #80 ) ) GLOBAL_UNIT_ASSIGNED_CONTEXT ( ( #2219, #1808, #959 ) ) REPRESENTATION_CONTEXT ( 'NONE', 'WORKASPACE' ) );
#6852 = FACE_OUTER_BOUND ( 'NONE', #2218, .T. ) ;
#6853 = EDGE_CURVE ( 'NONE', #825, #230, #3150, .T. ) ;
#6854 = EDGE_CURVE ( 'NONE', #117, #6332, #5774, .T. ) ;
#6855 = ORIENTED_EDGE ( 'NONE', *, *, #6579, .F. ) ;
#6856 = CONTEXT_DEPENDENT_SHAPE_REPRESENTATION ( #1610, #492 ) ;
#6857 = DIRECTION ( 'NONE',  ( 0.0000000000000000000, -1.000000000000000000, 0.0000000000000000000 ) ) ;
#6858 = EDGE_LOOP ( 'NONE', ( #324, #7707, #5321, #2928 ) ) ;
#6859 = AXIS2_PLACEMENT_3D ( 'NONE', #3260, #8315, #4002 ) ;
#6860 = VECTOR ( 'NONE', #8655, 1000.000000000000000 ) ;
#6861 = DIRECTION ( 'NONE',  ( 1.000000000000000000, -0.0000000000000000000, -0.0000000000000000000 ) ) ;
#6862 = CARTESIAN_POINT ( 'NONE',  ( -13.84999999999999800, 2.020667218593136200E-016, 2.000000000000001800 ) ) ;
#6863 = EDGE_LOOP ( 'NONE', ( #841, #818 ) ) ;
#6864 = VERTEX_POINT ( 'NONE', #3596 ) ;
#6865 = EDGE_CURVE ( 'NONE', #5775, #6782, #7786, .T. ) ;
#6866 = ORIENTED_EDGE ( 'NONE', *, *, #43, .F. ) ;
#6867 = LINE ( 'NONE', #7008, #755 ) ;
#6868 = VECTOR ( 'NONE', #1940, 1000.000000000000000 ) ;
#6869 = AXIS2_PLACEMENT_3D ( 'NONE', #3303, #2872, #8503 ) ;
#6870 = CARTESIAN_POINT ( 'NONE',  ( -15.59999999999984900, -20.80000000000000100, 39.89999999999999900 ) ) ;
#6871 = CARTESIAN_POINT ( 'NONE',  ( -24.00000000000000000, -6.999999999999998200, 9.685169074414760700 ) ) ;
#6872 = DIRECTION ( 'NONE',  ( -0.0000000000000000000, 1.149055390210327300E-016, -1.000000000000000000 ) ) ;
#6873 = DIRECTION ( 'NONE',  ( 0.0000000000000000000, 1.000000000000000000, 0.0000000000000000000 ) ) ;
#6874 = CARTESIAN_POINT ( 'NONE',  ( -15.59999999999984900, -18.79999999999999700, 27.09999999999999800 ) ) ;
#6875 = CARTESIAN_POINT ( 'NONE',  ( -9.500000000000001800, 1.078133820953753400, -2.000000000000000000 ) ) ;
#6876 =( LENGTH_UNIT ( ) NAMED_UNIT ( * ) SI_UNIT ( .MILLI., .METRE. ) );
#6877 = FACE_OUTER_BOUND ( 'NONE', #4465, .T. ) ;
#6878 = DIRECTION ( 'NONE',  ( -1.000000000000000000, -0.0000000000000000000, -0.0000000000000000000 ) ) ;
#6879 = EDGE_CURVE ( 'NONE', #3798, #4446, #489, .T. ) ;
#6880 = LINE ( 'NONE', #5435, #2335 ) ;
#6881 = CIRCLE ( 'NONE', #7934, 1.600000000000004100 ) ;
#6882 = DIRECTION ( 'NONE',  ( -1.219727444046192700E-016, 1.000000000000000000, -0.0000000000000000000 ) ) ;
#6883 = ORIENTED_EDGE ( 'NONE', *, *, #6790, .F. ) ;
#6884 = CARTESIAN_POINT ( 'NONE',  ( 12.00000000000000000, 2.328133820953756300, -0.7500000000000006700 ) ) ;
#6885 = CIRCLE ( 'NONE', #2861, 1.600000000000000800 ) ;
#6886 = DIRECTION ( 'NONE',  ( 0.0000000000000000000, 0.0000000000000000000, 1.000000000000000000 ) ) ;
#6887 = PRODUCT_DEFINITION_SHAPE ( 'NONE', 'NONE',  #8872 ) ;
#6888 = PRESENTATION_STYLE_ASSIGNMENT (( #7615 ) ) ;
#6889 = CIRCLE ( 'NONE', #276, 5.999999999999996400 ) ;
#6890 = FACE_OUTER_BOUND ( 'NONE', #6522, .T. ) ;
#6891 = EDGE_CURVE ( 'NONE', #3026, #1094, #7490, .T. ) ;
#6892 = AXIS2_PLACEMENT_3D ( 'NONE', #3743, #1613, #4886 ) ;
#6893 = EDGE_LOOP ( 'NONE', ( #6027, #5360, #1654, #8252 ) ) ;
#6894 = AXIS2_PLACEMENT_3D ( 'NONE', #4144, #5145, #3839 ) ;
#6895 = SURFACE_STYLE_USAGE ( .BOTH. , #1459 ) ;
#6896 =( LENGTH_UNIT ( ) NAMED_UNIT ( * ) SI_UNIT ( .MILLI., .METRE. ) );
#6897 = SHAPE_REPRESENTATION ( 'Encoder', ( #3481 ), #2225 ) ;
#6898 =( GEOMETRIC_REPRESENTATION_CONTEXT ( 3 ) GLOBAL_UNCERTAINTY_ASSIGNED_CONTEXT ( ( #2376 ) ) GLOBAL_UNIT_ASSIGNED_CONTEXT ( ( #4515, #4229, #690 ) ) REPRESENTATION_CONTEXT ( 'NONE', 'WORKASPACE' ) );
#6899 = DIRECTION ( 'NONE',  ( 0.5423812514816863700, -0.1972295459933377200, -0.8166535888786760100 ) ) ;
#6900 = CARTESIAN_POINT ( 'NONE',  ( -7.749999999999968900, -13.42339375865881700, 0.0000000000000000000 ) ) ;
#6901 = AXIS2_PLACEMENT_3D ( 'NONE', #5809, #8719, #132 ) ;
#6902 = DIRECTION ( 'NONE',  ( -1.000000000000000000, -0.0000000000000000000, -0.0000000000000000000 ) ) ;
#6903 = EDGE_CURVE ( 'NONE', #6723, #7562, #5856, .T. ) ;
#6904 = DIRECTION ( 'NONE',  ( -1.000000000000000000, 0.0000000000000000000, 0.0000000000000000000 ) ) ;
#6905 = AXIS2_PLACEMENT_3D ( 'NONE', #4974, #5968, #2131 ) ;
#6906 = UNCERTAINTY_MEASURE_WITH_UNIT (LENGTH_MEASURE( 1.000000000000000100E-005 ), #757, 'distance_accuracy_value', 'NONE');
#6907 = DIRECTION ( 'NONE',  ( 0.0000000000000000000, -1.000000000000000000, 0.0000000000000000000 ) ) ;
#6908 = DIRECTION ( 'NONE',  ( 0.0000000000000000000, 0.0000000000000000000, -1.000000000000000000 ) ) ;
#6909 = LINE ( 'NONE', #8787, #1773 ) ;
#6910 = EDGE_CURVE ( 'NONE', #8129, #4126, #5571, .T. ) ;
#6911 = EDGE_CURVE ( 'NONE', #2319, #3304, #6585, .T. ) ;
#6912 = ORIENTED_EDGE ( 'NONE', *, *, #7408, .F. ) ;
#6913 = PLANE ( 'NONE',  #1620 ) ;
#6914 = FACE_OUTER_BOUND ( 'NONE', #3321, .T. ) ;
#6915 = VECTOR ( 'NONE', #4216, 1000.000000000000000 ) ;
#6916 = ORIENTED_EDGE ( 'NONE', *, *, #1753, .F. ) ;
#6917 = PRESENTATION_LAYER_ASSIGNMENT (  '', '', ( #414 ) ) ;
#6918 = STYLED_ITEM ( 'NONE', ( #5067 ), #6048 ) ;
#6919 = FACE_BOUND ( 'NONE', #3365, .T. ) ;
#6920 = ORIENTED_EDGE ( 'NONE', *, *, #5764, .F. ) ;
#6921 = ADVANCED_FACE ( 'NONE', ( #4573 ), #4588, .T. ) ;
#6922 = DIRECTION ( 'NONE',  ( -1.000000000000000000, -6.308085367188390000E-017, -0.0000000000000000000 ) ) ;
#6923 = FACE_OUTER_BOUND ( 'NONE', #4391, .T. ) ;
#6924 = ORIENTED_EDGE ( 'NONE', *, *, #2739, .F. ) ;
#6925 =( NAMED_UNIT ( * ) SI_UNIT ( $, .STERADIAN. ) SOLID_ANGLE_UNIT ( ) );
#6926 = DIRECTION ( 'NONE',  ( -1.000000000000000000, -0.0000000000000000000, -0.0000000000000000000 ) ) ;
#6927 = DIRECTION ( 'NONE',  ( 1.000000000000000000, 1.301042606982605300E-016, 0.0000000000000000000 ) ) ;
#6928 = EDGE_LOOP ( 'NONE', ( #6018, #524, #231, #4538 ) ) ;
#6929 = CARTESIAN_POINT ( 'NONE',  ( 0.0000000000000000000, 2.189999999999999900, -0.1800000000000003500 ) ) ;
#6930 = AXIS2_PLACEMENT_3D ( 'NONE', #7803, #3906, #2477 ) ;
#6931 = CARTESIAN_POINT ( 'NONE',  ( -15.59999999999984900, -20.80000000000000100, 39.89999999999999900 ) ) ;
#6932 = CARTESIAN_POINT ( 'NONE',  ( 8.227241335952131300, -4.750000000000065700, 4.799999999999999800 ) ) ;
#6933 = MANIFOLD_SOLID_BREP ( 'Cut-Extrude2', #3815 ) ;
#6934 = SURFACE_STYLE_FILL_AREA ( #5056 ) ;
#6935 =( GEOMETRIC_REPRESENTATION_CONTEXT ( 3 ) GLOBAL_UNCERTAINTY_ASSIGNED_CONTEXT ( ( #6034 ) ) GLOBAL_UNIT_ASSIGNED_CONTEXT ( ( #326, #5319, #8638 ) ) REPRESENTATION_CONTEXT ( 'NONE', 'WORKASPACE' ) );
#6936 = ORIENTED_EDGE ( 'NONE', *, *, #1305, .T. ) ;
#6937 = ADVANCED_FACE ( 'NONE', ( #3720 ), #8339, .F. ) ;
#6938 = AXIS2_PLACEMENT_3D ( 'NONE', #1407, #138, #6849 ) ;
#6939 = CARTESIAN_POINT ( 'NONE',  ( 30.09999999999999800, -3.649999999999997700, 0.0000000000000000000 ) ) ;
#6940 = CIRCLE ( 'NONE', #3853, 1.600000000000004100 ) ;
#6941 = CARTESIAN_POINT ( 'NONE',  ( -31.50000000000000000, -6.999999999999997300, 4.349999999999989000 ) ) ;
#6942 = EDGE_CURVE ( 'NONE', #7674, #1517, #8071, .T. ) ;
#6943 = ORIENTED_EDGE ( 'NONE', *, *, #43, .T. ) ;
#6944 = CARTESIAN_POINT ( 'NONE',  ( 9.500000000000000000, 3.578133820953755900, 5.000000000000000000 ) ) ;
#6945 = CARTESIAN_POINT ( 'NONE',  ( -25.00000000000000000, -7.000000000000003600, -9.685169074414748300 ) ) ;
#6946 = COLOUR_RGB ( '',0.6509803921568627600, 0.6196078431372549200, 0.5882352941176470800 ) ;
#6947 = EDGE_LOOP ( 'NONE', ( #4786, #6222, #4192 ) ) ;
#6948 = DIRECTION ( 'NONE',  ( -1.219727444046192700E-016, 1.000000000000000000, 0.0000000000000000000 ) ) ;
#6949 = ORIENTED_EDGE ( 'NONE', *, *, #948, .F. ) ;
#6950 = SURFACE_SIDE_STYLE ('',( #4636 ) ) ;
#6951 = VERTEX_POINT ( 'NONE', #2575 ) ;
#6952 = EDGE_CURVE ( 'NONE', #2521, #7218, #3274, .T. ) ;
#6953 = FACE_BOUND ( 'NONE', #1106, .T. ) ;
#6954 = EDGE_CURVE ( 'NONE', #4502, #1073, #6595, .T. ) ;
#6955 = AXIS2_PLACEMENT_3D ( 'NONE', #1812, #6816, #6216 ) ;
#6956 = ORIENTED_EDGE ( 'NONE', *, *, #4632, .T. ) ;
#6957 = SURFACE_STYLE_USAGE ( .BOTH. , #5080 ) ;
#6958 = EDGE_CURVE ( 'NONE', #2902, #2956, #1070, .T. ) ;
#6959 = SURFACE_STYLE_FILL_AREA ( #3951 ) ;
#6960 = ORIENTED_EDGE ( 'NONE', *, *, #1925, .F. ) ;
#6961 = ORIENTED_EDGE ( 'NONE', *, *, #4346, .T. ) ;
#6962 = DIRECTION ( 'NONE',  ( 0.0000000000000000000, 0.0000000000000000000, 1.000000000000000000 ) ) ;
#6963 = CARTESIAN_POINT ( 'NONE',  ( 12.00000000000000000, 3.578133820953756300, -5.000000000000000000 ) ) ;
#6964 = SURFACE_SIDE_STYLE ('',( #537 ) ) ;
#6965 =( NAMED_UNIT ( * ) PLANE_ANGLE_UNIT ( ) SI_UNIT ( $, .RADIAN. ) );
#6966 = ORIENTED_EDGE ( 'NONE', *, *, #4127, .F. ) ;
#6967 = LINE ( 'NONE', #8564, #6740 ) ;
#6968 = EDGE_LOOP ( 'NONE', ( #3053, #4492 ) ) ;
#6969 = ORIENTED_EDGE ( 'NONE', *, *, #3918, .T. ) ;
#6970 = CARTESIAN_POINT ( 'NONE',  ( -24.00000000000000000, 13.42339375865977000, 7.750000000000561300 ) ) ;
#6971 = FILL_AREA_STYLE ('',( #2371 ) ) ;
#6972 = VECTOR ( 'NONE', #4838, 1000.000000000000000 ) ;
#6973 = AXIS2_PLACEMENT_3D ( 'NONE', #881, #4565, #5704 ) ;
#6974 = ORIENTED_EDGE ( 'NONE', *, *, #2296, .F. ) ;
#6975 = DIRECTION ( 'NONE',  ( 1.000000000000000000, 0.0000000000000000000, 0.0000000000000000000 ) ) ;
#6976 = ORIENTED_EDGE ( 'NONE', *, *, #6679, .F. ) ;
#6977 = EDGE_LOOP ( 'NONE', ( #5484, #6256 ) ) ;
#6978 = CARTESIAN_POINT ( 'NONE',  ( -2.902145042149947500, -0.7693193098766089000, 7.598371622326138400 ) ) ;
#6979 = CIRCLE ( 'NONE', #1659, 0.5000000000000000000 ) ;
#6980 = ORIENTED_EDGE ( 'NONE', *, *, #2600, .T. ) ;
#6981 = APPLICATION_PROTOCOL_DEFINITION ( 'draft international standard', 'automotive_design', 1998, #6011 ) ;
#6982 = CARTESIAN_POINT ( 'NONE',  ( -2.756199093448438400, 1.185126131512301800, 7.005751919930323100 ) ) ;
#6983 = EDGE_LOOP ( 'NONE', ( #7483, #1126, #4665, #483 ) ) ;
#6984 = FACE_OUTER_BOUND ( 'NONE', #3646, .T. ) ;
#6985 = COLOUR_RGB ( '',0.2862745098039215500, 0.6627450980392156600, 0.3294117647058823500 ) ;
#6986 = SURFACE_STYLE_USAGE ( .BOTH. , #6261 ) ;
#6987 = PRESENTATION_STYLE_ASSIGNMENT (( #4405 ) ) ;
#6988 = EDGE_LOOP ( 'NONE', ( #2786, #3402 ) ) ;
#6989 = CONTEXT_DEPENDENT_SHAPE_REPRESENTATION ( #7589, #6455 ) ;
#6990 = CARTESIAN_POINT ( 'NONE',  ( 30.09999999999999800, -11.25000000000000000, 0.0000000000000000000 ) ) ;
#6991 = CARTESIAN_POINT ( 'NONE',  ( 8.227241335952131300, -4.750000000000065700, 4.799999999999999800 ) ) ;
#6992 =( NAMED_UNIT ( * ) PLANE_ANGLE_UNIT ( ) SI_UNIT ( $, .RADIAN. ) );
#6993 = MECHANICAL_DESIGN_GEOMETRIC_PRESENTATION_REPRESENTATION (  '', ( #7653 ), #2010 ) ;
#6994 = CARTESIAN_POINT ( 'NONE',  ( 15.60000000000015100, -18.79999999999999700, 44.69999999999999600 ) ) ;
#6995 = CARTESIAN_POINT ( 'NONE',  ( -5.870101538635532600, 1.241843620414984300, 6.764380573350647900 ) ) ;
#6996 = AXIS2_PLACEMENT_3D ( 'NONE', #5555, #8611, #1149 ) ;
#6997 = ORIENTED_EDGE ( 'NONE', *, *, #484, .F. ) ;
#6998 = ORIENTED_EDGE ( 'NONE', *, *, #3214, .F. ) ;
#6999 = FILL_AREA_STYLE ('',( #2680 ) ) ;
#7000 = DIRECTION ( 'NONE',  ( 0.0000000000000000000, 0.0000000000000000000, -1.000000000000000000 ) ) ;
#7001 = AXIS2_PLACEMENT_3D ( 'NONE', #2277, #4309, #5418 ) ;
#7002 = SURFACE_SIDE_STYLE ('',( #1006 ) ) ;
#7003 = CARTESIAN_POINT ( 'NONE',  ( -8.227241335952159700, -4.750000000000012400, 0.0000000000000000000 ) ) ;
#7004 = VECTOR ( 'NONE', #8201, 999.9999999999998900 ) ;
#7005 = EDGE_LOOP ( 'NONE', ( #2352, #4622, #3391, #2628 ) ) ;
#7006 = SURFACE_STYLE_USAGE ( .BOTH. , #8607 ) ;
#7007 =( LENGTH_UNIT ( ) NAMED_UNIT ( * ) SI_UNIT ( .MILLI., .METRE. ) );
#7008 = CARTESIAN_POINT ( 'NONE',  ( -4.969870283417622000, 5.078133820953753200, 0.0000000000000000000 ) ) ;
#7009 = EDGE_CURVE ( 'NONE', #5332, #1384, #4860, .T. ) ;
#7010 = FILL_AREA_STYLE ('',( #2560 ) ) ;
#7011 = PRODUCT_DEFINITION ( 'UNKNOWN', '', #1796, #5370 ) ;
#7012 = DIRECTION ( 'NONE',  ( -0.0000000000000000000, 1.149055390210327300E-016, -1.000000000000000000 ) ) ;
#7013 = DIRECTION ( 'NONE',  ( 0.0000000000000000000, -1.000000000000000000, 0.0000000000000000000 ) ) ;
#7014 = COLOUR_RGB ( '',0.6941176470588235100, 0.09803921568627450800, 0.09803921568627450800 ) ;
#7015 = SURFACE_SIDE_STYLE ('',( #5294 ) ) ;
#7016 = DIRECTION ( 'NONE',  ( 0.0000000000000000000, 0.0000000000000000000, -1.000000000000000000 ) ) ;
#7017 = DIRECTION ( 'NONE',  ( 7.703719777548944800E-033, -1.000000000000000000, 2.168404344971010300E-016 ) ) ;
#7018 = UNCERTAINTY_MEASURE_WITH_UNIT (LENGTH_MEASURE( 1.000000000000000100E-005 ), #7443, 'distance_accuracy_value', 'NONE');
#7019 = DIRECTION ( 'NONE',  ( -1.000000000000000000, 0.0000000000000000000, 0.0000000000000000000 ) ) ;
#7020 =( GEOMETRIC_REPRESENTATION_CONTEXT ( 3 ) GLOBAL_UNCERTAINTY_ASSIGNED_CONTEXT ( ( #5329 ) ) GLOBAL_UNIT_ASSIGNED_CONTEXT ( ( #5625, #6651, #3921 ) ) REPRESENTATION_CONTEXT ( 'NONE', 'WORKASPACE' ) );
#7021 = DIRECTION ( 'NONE',  ( 0.0000000000000000000, 1.000000000000000000, 0.0000000000000000000 ) ) ;
#7022 = FACE_OUTER_BOUND ( 'NONE', #3973, .T. ) ;
#7023 = ADVANCED_BREP_SHAPE_REPRESENTATION ( '', ( #6048, #3481 ), #8678 ) ;
#7024 = DIRECTION ( 'NONE',  ( 1.000000000000000000, -0.0000000000000000000, -0.0000000000000000000 ) ) ;
#7025 = CARTESIAN_POINT ( 'NONE',  ( -24.99999999999999600, -3.469446951953614200E-015, 0.0000000000000000000 ) ) ;
#7026 = ADVANCED_FACE ( 'NONE', ( #1751 ), #5016, .T. ) ;
#7027 = SURFACE_STYLE_FILL_AREA ( #5305 ) ;
#7028 = DIRECTION ( 'NONE',  ( 0.0000000000000000000, 1.000000000000000000, 0.0000000000000000000 ) ) ;
#7029 = ORIENTED_EDGE ( 'NONE', *, *, #7873, .F. ) ;
#7030 = EDGE_CURVE ( 'NONE', #3860, #6242, #3940, .T. ) ;
#7031 = ADVANCED_FACE ( 'NONE', ( #1178 ), #5726, .F. ) ;
#7032 = VECTOR ( 'NONE', #6902, 1000.000000000000000 ) ;
#7033 = FACE_OUTER_BOUND ( 'NONE', #496, .T. ) ;
#7034 = CIRCLE ( 'NONE', #2095, 0.5000000000000000000 ) ;
#7035 =( NAMED_UNIT ( * ) PLANE_ANGLE_UNIT ( ) SI_UNIT ( $, .RADIAN. ) );
#7036 = EDGE_LOOP ( 'NONE', ( #5770, #1609 ) ) ;
#7037 = DIRECTION ( 'NONE',  ( 0.0000000000000000000, 0.0000000000000000000, -1.000000000000000000 ) ) ;
#7038 = DIRECTION ( 'NONE',  ( -0.0000000000000000000, -1.000000000000000000, -0.0000000000000000000 ) ) ;
#7039 = DIRECTION ( 'NONE',  ( 0.0000000000000000000, 0.0000000000000000000, -1.000000000000000000 ) ) ;
#7040 = CARTESIAN_POINT ( 'NONE',  ( -24.00000000000000000, -7.000000000000003600, -8.579999999999998300 ) ) ;
#7041 = EDGE_CURVE ( 'NONE', #2253, #8606, #8366, .T. ) ;
#7042 = DIRECTION ( 'NONE',  ( 0.0000000000000000000, -1.149055390210327300E-016, 1.000000000000000000 ) ) ;
#7043 = AXIS2_PLACEMENT_3D ( 'NONE', #4970, #425, #3675 ) ;
#7044 = DIRECTION ( 'NONE',  ( 1.000000000000000000, 7.703719777548944800E-033, -0.0000000000000000000 ) ) ;
#7045 =( NAMED_UNIT ( * ) PLANE_ANGLE_UNIT ( ) SI_UNIT ( $, .RADIAN. ) );
#7046 = ORIENTED_EDGE ( 'NONE', *, *, #3619, .T. ) ;
#7047 = VECTOR ( 'NONE', #3847, 1000.000000000000000 ) ;
#7048 = DIRECTION ( 'NONE',  ( -0.0000000000000000000, -0.0000000000000000000, -1.000000000000000000 ) ) ;
#7049 =( GEOMETRIC_REPRESENTATION_CONTEXT ( 3 ) GLOBAL_UNCERTAINTY_ASSIGNED_CONTEXT ( ( #3807 ) ) GLOBAL_UNIT_ASSIGNED_CONTEXT ( ( #3170, #513, #6925 ) ) REPRESENTATION_CONTEXT ( 'NONE', 'WORKASPACE' ) );
#7050 = DIRECTION ( 'NONE',  ( -0.0000000000000000000, 2.168404344971010600E-016, 1.000000000000000000 ) ) ;
#7051 = CIRCLE ( 'NONE', #6930, 15.00000000000000200 ) ;
#7052 = CARTESIAN_POINT ( 'NONE',  ( -12.93975859176026900, 1.250059034803478100, 2.562710745793536700 ) ) ;
#7053 = CARTESIAN_POINT ( 'NONE',  ( -25.00000000000000000, 13.42339375865879700, -6.500000000000005300 ) ) ;
#7054 = EDGE_LOOP ( 'NONE', ( #6717, #7908, #1269, #8739 ) ) ;
#7055 = CYLINDRICAL_SURFACE ( 'NONE', #2079, 8.579999999999996500 ) ;
#7056 = DIRECTION ( 'NONE',  ( 0.0000000000000000000, 0.0000000000000000000, -1.000000000000000000 ) ) ;
#7057 = CARTESIAN_POINT ( 'NONE',  ( 0.3079608434051273600, 1.726308957372960600, -0.06801423876177177500 ) ) ;
#7058 = FACE_BOUND ( 'NONE', #7144, .T. ) ;
#7059 = ORIENTED_EDGE ( 'NONE', *, *, #6423, .T. ) ;
#7060 = EDGE_CURVE ( 'NONE', #6716, #7511, #1088, .T. ) ;
#7061 = SURFACE_STYLE_USAGE ( .BOTH. , #7926 ) ;
#7062 = EDGE_CURVE ( 'NONE', #2475, #1844, #6097, .T. ) ;
#7063 = DIRECTION ( 'NONE',  ( 1.000000000000000000, -0.0000000000000000000, -0.0000000000000000000 ) ) ;
#7064 = DIRECTION ( 'NONE',  ( 1.467842941211163900E-014, -1.000000000000000000, 0.0000000000000000000 ) ) ;
#7065 = AXIS2_PLACEMENT_3D ( 'NONE', #8429, #3668, #4526 ) ;
#7066 = ORIENTED_EDGE ( 'NONE', *, *, #655, .T. ) ;
#7067 = AXIS2_PLACEMENT_3D ( 'NONE', #3207, #5235, #966 ) ;
#7068 = PRESENTATION_STYLE_ASSIGNMENT (( #1774 ) ) ;
#7069 = EDGE_CURVE ( 'NONE', #6772, #8788, #8384, .T. ) ;
#7070 = VECTOR ( 'NONE', #7291, 1000.000000000000000 ) ;
#7071 = AXIS2_PLACEMENT_3D ( 'NONE', #7760, #8633, #5720 ) ;
#7073 = ORIENTED_EDGE ( 'NONE', *, *, #6910, .F. ) ;
#7072 = AXIS2_PLACEMENT_3D ( 'NONE', #3317, #3461, #8515 ) ;
#7074 = CYLINDRICAL_SURFACE ( 'NONE', #1424, 1.650000000000002100 ) ;
#7075 = CARTESIAN_POINT ( 'NONE',  ( -24.00000000000000000, -7.750000000000578200, -13.42339375865780900 ) ) ;
#7076 = ORIENTED_EDGE ( 'NONE', *, *, #4328, .F. ) ;
#7077 = DIRECTION ( 'NONE',  ( 1.219727444046192700E-016, -1.000000000000000000, -0.0000000000000000000 ) ) ;
#7078 = DIRECTION ( 'NONE',  ( -1.000000000000000000, 0.0000000000000000000, 0.0000000000000000000 ) ) ;
#7079 =( GEOMETRIC_REPRESENTATION_CONTEXT ( 3 ) GLOBAL_UNCERTAINTY_ASSIGNED_CONTEXT ( ( #2609 ) ) GLOBAL_UNIT_ASSIGNED_CONTEXT ( ( #6530, #8857, #696 ) ) REPRESENTATION_CONTEXT ( 'NONE', 'WORKASPACE' ) );
#7080 = AXIS2_PLACEMENT_3D ( 'NONE', #6517, #8407, #963 ) ;
#7081 = PRESENTATION_STYLE_ASSIGNMENT (( #2334 ) ) ;
#7082 = EDGE_CURVE ( 'NONE', #5800, #3798, #6330, .T. ) ;
#7083 = ORIENTED_EDGE ( 'NONE', *, *, #7069, .T. ) ;
#7084 = CARTESIAN_POINT ( 'NONE',  ( -24.99999999999999600, -17.75000000000000700, 0.0000000000000000000 ) ) ;
#7085 = DIRECTION ( 'NONE',  ( -1.000000000000000000, -1.084202172485504400E-016, 0.0000000000000000000 ) ) ;
#7086 = EDGE_CURVE ( 'NONE', #8525, #567, #5569, .T. ) ;
#7087 = SURFACE_SIDE_STYLE ('',( #6649 ) ) ;
#7088 = FACE_OUTER_BOUND ( 'NONE', #1537, .T. ) ;
#7089 = ORIENTED_EDGE ( 'NONE', *, *, #7481, .F. ) ;
#7090 = CARTESIAN_POINT ( 'NONE',  ( -24.00000000000000000, -7.749999999999427100, 13.42339375865978600 ) ) ;
#7091 = ORIENTED_EDGE ( 'NONE', *, *, #3972, .T. ) ;
#7092 = CARTESIAN_POINT ( 'NONE',  ( -12.99674123850212700, -0.3276864204188765800, 3.617222462008034000 ) ) ;
#7093 = EDGE_CURVE ( 'NONE', #5817, #5100, #4354, .T. ) ;
#7094 = CIRCLE ( 'NONE', #556, 1.249999999999999300 ) ;
#7095 = AXIS2_PLACEMENT_3D ( 'NONE', #7883, #6577, #7451 ) ;
#7096 =( LENGTH_UNIT ( ) NAMED_UNIT ( * ) SI_UNIT ( .MILLI., .METRE. ) );
#7097 = ORIENTED_EDGE ( 'NONE', *, *, #2869, .F. ) ;
#7098 =( NAMED_UNIT ( * ) SI_UNIT ( $, .STERADIAN. ) SOLID_ANGLE_UNIT ( ) );
#7099 = CARTESIAN_POINT ( 'NONE',  ( -15.59999999999984900, 18.80100000000015100, 41.49999999999999300 ) ) ;
#7100 = LINE ( 'NONE', #1239, #2247 ) ;
#7101 = DIRECTION ( 'NONE',  ( -1.219727444046192700E-016, 1.000000000000000000, -0.0000000000000000000 ) ) ;
#7102 = CARTESIAN_POINT ( 'NONE',  ( 15.60000000000015100, 18.80100000000015100, 7.899999999999997700 ) ) ;
#7103 = DIRECTION ( 'NONE',  ( -1.000000000000000000, 0.0000000000000000000, 0.0000000000000000000 ) ) ;
#7104 = AXIS2_PLACEMENT_3D ( 'NONE', #6407, #861, #854 ) ;
#7105 = EDGE_LOOP ( 'NONE', ( #8082, #1215 ) ) ;
#7106 = DIRECTION ( 'NONE',  ( 0.0000000000000000000, 0.0000000000000000000, -1.000000000000000000 ) ) ;
#7107 = ORIENTED_EDGE ( 'NONE', *, *, #7602, .T. ) ;
#7108 = VERTEX_POINT ( 'NONE', #8759 ) ;
#7109 = AXIS2_PLACEMENT_3D ( 'NONE', #3603, #3890, #8658 ) ;
#7110 = UNCERTAINTY_MEASURE_WITH_UNIT (LENGTH_MEASURE( 1.000000000000000100E-005 ), #2519, 'distance_accuracy_value', 'NONE');
#7111 = COLOUR_RGB ( '',0.7686274509803920900, 0.7686274509803920900, 0.7686274509803920900 ) ;
#7112 = STYLED_ITEM ( 'NONE', ( #6695 ), #5337 ) ;
#7113 = CARTESIAN_POINT ( 'NONE',  ( 15.80000000000015300, 0.0000000000000000000, 48.20000000000000300 ) ) ;
#7114 = ORIENTED_EDGE ( 'NONE', *, *, #3548, .F. ) ;
#7115 = EDGE_LOOP ( 'NONE', ( #4938, #6823 ) ) ;
#7116 = ORIENTED_EDGE ( 'NONE', *, *, #8597, .T. ) ;
#7117 = DIRECTION ( 'NONE',  ( 0.3538011873145060500, -0.09247076486628810800, -0.9307383507194111300 ) ) ;
#7118 = CARTESIAN_POINT ( 'NONE',  ( 12.00000000000000000, 2.328133820953756300, 0.7499999999999997800 ) ) ;
#7119 = AXIS2_PLACEMENT_3D ( 'NONE', #5955, #415, #2117 ) ;
#7120 = ADVANCED_FACE ( 'NONE', ( #5432 ), #7460, .T. ) ;
#7121 = DIRECTION ( 'NONE',  ( 0.0000000000000000000, -1.000000000000000000, 0.0000000000000000000 ) ) ;
#7122 = ORIENTED_EDGE ( 'NONE', *, *, #1470, .F. ) ;
#7123 =( NAMED_UNIT ( * ) SI_UNIT ( $, .STERADIAN. ) SOLID_ANGLE_UNIT ( ) );
#7124 = DIRECTION ( 'NONE',  ( -0.0000000000000000000, -1.000000000000000000, -0.0000000000000000000 ) ) ;
#7125 = ORIENTED_EDGE ( 'NONE', *, *, #7009, .F. ) ;
#7126 = ORIENTED_EDGE ( 'NONE', *, *, #972, .F. ) ;
#7127 = CARTESIAN_POINT ( 'NONE',  ( 0.0000000000000000000, 5.000000000000000000, 0.0000000000000000000 ) ) ;
#7128 = MECHANICAL_DESIGN_GEOMETRIC_PRESENTATION_REPRESENTATION (  '', ( #4320 ), #5404 ) ;
#7129 = AXIS2_PLACEMENT_3D ( 'NONE', #8637, #2300, #4714 ) ;
#7130 = DIRECTION ( 'NONE',  ( 0.0000000000000000000, -1.000000000000000000, 0.0000000000000000000 ) ) ;
#7131 = ADVANCED_FACE ( 'NONE', ( #6291 ), #5724, .F. ) ;
#7132 = VECTOR ( 'NONE', #3124, 1000.000000000000000 ) ;
#7133 = CARTESIAN_POINT ( 'NONE',  ( 17.00000000000000000, 1.828133820953756800, -0.7500000000000006700 ) ) ;
#7134 = EDGE_LOOP ( 'NONE', ( #5540, #3878 ) ) ;
#7135 = DIRECTION ( 'NONE',  ( 0.0000000000000000000, 0.0000000000000000000, 1.000000000000000000 ) ) ;
#7136 = CARTESIAN_POINT ( 'NONE',  ( 31.00000000000000000, -6.999999999999998200, 0.0000000000000000000 ) ) ;
#7137 = DIRECTION ( 'NONE',  ( -0.5150380749100544900, 0.0000000000000000000, 0.8571673007021121100 ) ) ;
#7138 = ORIENTED_EDGE ( 'NONE', *, *, #4312, .T. ) ;
#7139 = AXIS2_PLACEMENT_3D ( 'NONE', #848, #3971, #6096 ) ;
#7140 = CARTESIAN_POINT ( 'NONE',  ( -25.00000000000000000, -13.42339375865880800, -6.499999999998880000 ) ) ;
#7141 = ORIENTED_EDGE ( 'NONE', *, *, #395, .F. ) ;
#7142 = APPLICATION_PROTOCOL_DEFINITION ( 'draft international standard', 'automotive_design', 1998, #6613 ) ;
#7143 = FACE_OUTER_BOUND ( 'NONE', #7054, .T. ) ;
#7144 = EDGE_LOOP ( 'NONE', ( #366, #8544 ) ) ;
#7145 = FILL_AREA_STYLE ('',( #8446 ) ) ;
#7146 = PRESENTATION_STYLE_ASSIGNMENT (( #5111 ) ) ;
#7147 = AXIS2_PLACEMENT_3D ( 'NONE', #4310, #620, #2991 ) ;
#7148 = EDGE_CURVE ( 'NONE', #5972, #5076, #1886, .T. ) ;
#7149 = ADVANCED_FACE ( 'NONE', ( #2856 ), #8207, .T. ) ;
#7150 = MECHANICAL_DESIGN_GEOMETRIC_PRESENTATION_REPRESENTATION (  '', ( #8645 ), #3154 ) ;
#7151 = VERTEX_POINT ( 'NONE', #7902 ) ;
#7152 = ORIENTED_EDGE ( 'NONE', *, *, #4434, .F. ) ;
#7153 = ORIENTED_EDGE ( 'NONE', *, *, #8165, .T. ) ;
#7154 = DIRECTION ( 'NONE',  ( -1.219727444046192700E-016, 1.000000000000000000, 0.0000000000000000000 ) ) ;
#7155 = FACE_OUTER_BOUND ( 'NONE', #8693, .T. ) ;
#7156 = CARTESIAN_POINT ( 'NONE',  ( -8.227241335952159700, -4.750000000000013300, 4.799999999999999800 ) ) ;
#7157 = CIRCLE ( 'NONE', #5430, 1.574999999999997700 ) ;
#7158 = CARTESIAN_POINT ( 'NONE',  ( 9.500000000000000000, 3.578133820953755900, 5.000000000000000000 ) ) ;
#7159 =( LENGTH_UNIT ( ) NAMED_UNIT ( * ) SI_UNIT ( .MILLI., .METRE. ) );
#7160 =( NAMED_UNIT ( * ) SI_UNIT ( $, .STERADIAN. ) SOLID_ANGLE_UNIT ( ) );
#7161 = ADVANCED_FACE ( 'NONE', ( #1042 ), #4308, .F. ) ;
#7162 = DIRECTION ( 'NONE',  ( 0.0000000000000000000, 1.000000000000000000, 1.334402673828312800E-016 ) ) ;
#7163 = DIRECTION ( 'NONE',  ( -1.000000000000000000, 0.0000000000000000000, 0.0000000000000000000 ) ) ;
#7164 = AXIS2_PLACEMENT_3D ( 'NONE', #83, #218, #8528 ) ;
#7165 = CARTESIAN_POINT ( 'NONE',  ( 15.60000000000015100, -20.80000000000000100, 46.30000000000000400 ) ) ;
#7166 = DIRECTION ( 'NONE',  ( -0.0000000000000000000, -0.0000000000000000000, -1.000000000000000000 ) ) ;
#7167 = FILL_AREA_STYLE ('',( #7175 ) ) ;
#7168 = AXIS2_PLACEMENT_3D ( 'NONE', #803, #2617, #3479 ) ;
#7169 = CARTESIAN_POINT ( 'NONE',  ( 12.00000000000000000, 3.578133820953756300, 5.000000000000000000 ) ) ;
#7170 = EDGE_CURVE ( 'NONE', #6450, #4236, #6603, .T. ) ;
#7171 = SURFACE_STYLE_FILL_AREA ( #1030 ) ;
#7172 = CARTESIAN_POINT ( 'NONE',  ( 0.7579850260068163900, 5.079133820953757100, 13.04999999999999900 ) ) ;
#7173 = COLOUR_RGB ( '',0.6509803921568627600, 0.6196078431372549200, 0.5882352941176470800 ) ;
#7174 = CIRCLE ( 'NONE', #2760, 0.3600000000000001000 ) ;
#7175 = FILL_AREA_STYLE_COLOUR ( '', #5174 ) ;
#7176 =( LENGTH_UNIT ( ) NAMED_UNIT ( * ) SI_UNIT ( .MILLI., .METRE. ) );
#7177 = FILL_AREA_STYLE_COLOUR ( '', #2338 ) ;
#7178 = CYLINDRICAL_SURFACE ( 'NONE', #2866, 1.600000000000004100 ) ;
#7179 = STYLED_ITEM ( 'NONE', ( #4101 ), #5642 ) ;
#7180 = VECTOR ( 'NONE', #1405, 1000.000000000000000 ) ;
#7181 = CARTESIAN_POINT ( 'NONE',  ( 0.7471507068104801300, 0.0000000000000000000, 0.0000000000000000000 ) ) ;
#7182 = DIRECTION ( 'NONE',  ( 0.0000000000000000000, -1.000000000000000000, 0.0000000000000000000 ) ) ;
#7183 = FILL_AREA_STYLE ('',( #1883 ) ) ;
#7184 = VERTEX_POINT ( 'NONE', #4585 ) ;
#7185 = EDGE_LOOP ( 'NONE', ( #4117, #1092, #3525, #8196, #4509, #2985, #8554 ) ) ;
#7186 = DIRECTION ( 'NONE',  ( 0.0000000000000000000, 0.0000000000000000000, 1.000000000000000000 ) ) ;
#7187 = DIRECTION ( 'NONE',  ( -6.195440985631452900E-017, -1.000000000000000000, 0.0000000000000000000 ) ) ;
#7188 = EDGE_CURVE ( 'NONE', #8057, #5915, #4175, .T. ) ;
#7189 = ORIENTED_EDGE ( 'NONE', *, *, #6320, .F. ) ;
#7190 = CIRCLE ( 'NONE', #1481, 6.599999999999999600 ) ;
#7191 = DIRECTION ( 'NONE',  ( -1.000000000000000000, -0.0000000000000000000, -0.0000000000000000000 ) ) ;
#7192 = FILL_AREA_STYLE_COLOUR ( '', #2569 ) ;
#7193 = STYLED_ITEM ( 'NONE', ( #7943 ), #3389 ) ;
#7194 = STYLED_ITEM ( 'NONE', ( #3446 ), #6774 ) ;
#7196 = ORIENTED_EDGE ( 'NONE', *, *, #5899, .T. ) ;
#7195 = AXIS2_PLACEMENT_3D ( 'NONE', #5462, #8059, #911 ) ;
#7197 = CARTESIAN_POINT ( 'NONE',  ( -6.100000000000158600, 13.42339375865871200, 0.0000000000000000000 ) ) ;
#7198 = CARTESIAN_POINT ( 'NONE',  ( -8.227241335952159700, -4.750000000000013300, 4.799999999999999800 ) ) ;
#7199 = ORIENTED_EDGE ( 'NONE', *, *, #7602, .F. ) ;
#7200 = EDGE_CURVE ( 'NONE', #426, #3459, #2584, .T. ) ;
#7201 = EDGE_CURVE ( 'NONE', #1237, #1413, #2188, .T. ) ;
#7202 = CARTESIAN_POINT ( 'NONE',  ( 8.227241335952131300, -4.750000000000065700, 4.799999999999999800 ) ) ;
#7203 = PLANE ( 'NONE',  #4040 ) ;
#7204 = DIRECTION ( 'NONE',  ( 0.0000000000000000000, 0.0000000000000000000, 1.000000000000000000 ) ) ;
#7205 = DIRECTION ( 'NONE',  ( -0.0000000000000000000, -1.149055390210327300E-016, 1.000000000000000000 ) ) ;
#7206 = VECTOR ( 'NONE', #3536, 1000.000000000000000 ) ;
#7207 = ORIENTED_EDGE ( 'NONE', *, *, #1823, .F. ) ;
#7208 = APPLICATION_CONTEXT ( 'automotive_design' ) ;
#7209 = LINE ( 'NONE', #3315, #2714 ) ;
#7210 = DIRECTION ( 'NONE',  ( 0.0000000000000000000, 0.0000000000000000000, -1.000000000000000000 ) ) ;
#7211 = CARTESIAN_POINT ( 'NONE',  ( -15.59999999999984900, 18.80100000000015100, 33.50000000000000000 ) ) ;
#7212 = ORIENTED_EDGE ( 'NONE', *, *, #6854, .F. ) ;
#7213 = AXIS2_PLACEMENT_3D ( 'NONE', #1487, #7655, #7944 ) ;
#7214 = CARTESIAN_POINT ( 'NONE',  ( 30.00000000000000000, -1.249999999999998000, 12.05000000000000100 ) ) ;
#7215 = PLANE ( 'NONE',  #546 ) ;
#7216 = STYLED_ITEM ( 'NONE', ( #4580 ), #4337 ) ;
#7217 = CARTESIAN_POINT ( 'NONE',  ( 7.749999999999874800, 13.42339375865887000, 51.20100000000000100 ) ) ;
#7218 = VERTEX_POINT ( 'NONE', #1322 ) ;
#7219 = ADVANCED_FACE ( 'NONE', ( #480 ), #2171, .F. ) ;
#7220 = CIRCLE ( 'NONE', #5230, 18.80000000000015300 ) ;
#7221 = FILL_AREA_STYLE_COLOUR ( '', #1690 ) ;
#7222 = CARTESIAN_POINT ( 'NONE',  ( -7.749999999999968900, -13.42339375865881700, 51.20100000000000100 ) ) ;
#7223 = FACE_OUTER_BOUND ( 'NONE', #5931, .T. ) ;
#7224 = ORIENTED_EDGE ( 'NONE', *, *, #3987, .F. ) ;
#7225 = ORIENTED_EDGE ( 'NONE', *, *, #8052, .T. ) ;
#7226 = UNCERTAINTY_MEASURE_WITH_UNIT (LENGTH_MEASURE( 1.000000000000000100E-005 ), #5209, 'distance_accuracy_value', 'NONE');
#7227 = ADVANCED_FACE ( 'NONE', ( #4024, #7324 ), #8643, .T. ) ;
#7228 = CARTESIAN_POINT ( 'NONE',  ( 13.84999999999999800, 1.082359215041371300E-013, 0.0000000000000000000 ) ) ;
#7229 = FACE_OUTER_BOUND ( 'NONE', #370, .T. ) ;
#7230 = VERTEX_POINT ( 'NONE', #1597 ) ;
#7231 = CIRCLE ( 'NONE', #5610, 1.250000000000000000 ) ;
#7232 = CARTESIAN_POINT ( 'NONE',  ( -29.84999999999999800, -6.999999999999998200, 0.0000000000000000000 ) ) ;
#7233 = CARTESIAN_POINT ( 'NONE',  ( 15.60000000000015100, -20.80000000000000100, 47.90000000000000600 ) ) ;
#7234 = SURFACE_SIDE_STYLE ('',( #371 ) ) ;
#7235 = DIRECTION ( 'NONE',  ( 1.219727444046192700E-016, -1.000000000000000000, 0.0000000000000000000 ) ) ;
#7236 = AXIS2_PLACEMENT_3D ( 'NONE', #408, #5798, #8717 ) ;
#7237 = DIRECTION ( 'NONE',  ( 1.000000000000000000, -0.0000000000000000000, -0.0000000000000000000 ) ) ;
#7238 = ORIENTED_EDGE ( 'NONE', *, *, #964, .T. ) ;
#7239 = DIRECTION ( 'NONE',  ( -0.0000000000000000000, 1.149055390210327300E-016, -1.000000000000000000 ) ) ;
#7240 = CIRCLE ( 'NONE', #134, 1.249999999999997600 ) ;
#7241 = STYLED_ITEM ( 'NONE', ( #6446 ), #6921 ) ;
#7242 = UNCERTAINTY_MEASURE_WITH_UNIT (LENGTH_MEASURE( 1.000000000000000100E-005 ), #2545, 'distance_accuracy_value', 'NONE');
#7243 = CIRCLE ( 'NONE', #4596, 5.999999999999996400 ) ;
#7244 = EDGE_CURVE ( 'NONE', #2713, #8117, #7477, .T. ) ;
#7245 = ORIENTED_EDGE ( 'NONE', *, *, #2756, .T. ) ;
#7246 =( NAMED_UNIT ( * ) SI_UNIT ( $, .STERADIAN. ) SOLID_ANGLE_UNIT ( ) );
#7247 = DIRECTION ( 'NONE',  ( -1.000000000000000000, 0.0000000000000000000, 0.0000000000000000000 ) ) ;
#7248 = STYLED_ITEM ( 'NONE', ( #3819 ), #2314 ) ;
#7249 = DIRECTION ( 'NONE',  ( 0.0000000000000000000, 0.0000000000000000000, 1.000000000000000000 ) ) ;
#7250 = ORIENTED_EDGE ( 'NONE', *, *, #2683, .T. ) ;
#7251 = PRESENTATION_LAYER_ASSIGNMENT (  '', '', ( #3395 ) ) ;
#7252 =( GEOMETRIC_REPRESENTATION_CONTEXT ( 3 ) GLOBAL_UNCERTAINTY_ASSIGNED_CONTEXT ( ( #2816 ) ) GLOBAL_UNIT_ASSIGNED_CONTEXT ( ( #1652, #6063, #2779 ) ) REPRESENTATION_CONTEXT ( 'NONE', 'WORKASPACE' ) );
#7253 = CIRCLE ( 'NONE', #4866, 1.574999999999998200 ) ;
#7254 = CYLINDRICAL_SURFACE ( 'NONE', #6766, 1.249999999999994200 ) ;
#7255 = VERTEX_POINT ( 'NONE', #6475 ) ;
#7256 = SHAPE_REPRESENTATION_RELATIONSHIP ( 'NONE' , 'NONE' ,  #5408, #3783 ) ;
#7257 = CARTESIAN_POINT ( 'NONE',  ( 15.60000000000015100, -20.80000000000000100, 35.10000000000000900 ) ) ;
#7258 = ORIENTED_EDGE ( 'NONE', *, *, #8805, .F. ) ;
#7259 = ORIENTED_EDGE ( 'NONE', *, *, #4924, .F. ) ;
#7260 = EDGE_CURVE ( 'NONE', #3953, #294, #220, .T. ) ;
#7261 = UNCERTAINTY_MEASURE_WITH_UNIT (LENGTH_MEASURE( 1.000000000000000100E-005 ), #4289, 'distance_accuracy_value', 'NONE');
#7262 = ADVANCED_FACE ( 'NONE', ( #2590 ), #1755, .F. ) ;
#7263 = DIRECTION ( 'NONE',  ( -1.000000000000000000, 0.0000000000000000000, 0.0000000000000000000 ) ) ;
#7264 = SURFACE_STYLE_USAGE ( .BOTH. , #6526 ) ;
#7265 = VERTEX_POINT ( 'NONE', #4318 ) ;
#7266 =( LENGTH_UNIT ( ) NAMED_UNIT ( * ) SI_UNIT ( .MILLI., .METRE. ) );
#7267 = FACE_OUTER_BOUND ( 'NONE', #1776, .T. ) ;
#7268 = CARTESIAN_POINT ( 'NONE',  ( -24.00000000000000000, -7.749999999999427100, 13.42339375865978600 ) ) ;
#7269 = VERTEX_POINT ( 'NONE', #8783 ) ;
#7270 = ORIENTED_EDGE ( 'NONE', *, *, #3883, .T. ) ;
#7271 = DIRECTION ( 'NONE',  ( 0.0000000000000000000, 0.0000000000000000000, 1.000000000000000000 ) ) ;
#7272 = DIRECTION ( 'NONE',  ( -1.000000000000000000, -0.0000000000000000000, -0.0000000000000000000 ) ) ;
#7273 = PLANE ( 'NONE',  #1137 ) ;
#7274 = ORIENTED_EDGE ( 'NONE', *, *, #2745, .F. ) ;
#7275 = SHAPE_REPRESENTATION_RELATIONSHIP ( 'NONE' , 'NONE' ,  #7928, #329 ) ;
#7276 = EDGE_LOOP ( 'NONE', ( #3515, #3440 ) ) ;
#7277 = CYLINDRICAL_SURFACE ( 'NONE', #8541, 1.250000000000000000 ) ;
#7278 = CARTESIAN_POINT ( 'NONE',  ( -2.901777406261242000, -0.7706403458501809300, 5.602714376497609700 ) ) ;
#7279 = AXIS2_PLACEMENT_3D ( 'NONE', #7462, #5424, #7453 ) ;
#7280 = ORIENTED_EDGE ( 'NONE', *, *, #1193, .T. ) ;
#7281 = EDGE_LOOP ( 'NONE', ( #4761, #3143, #5263, #8497, #1834, #8097, #1496 ) ) ;
#7282 = DIRECTION ( 'NONE',  ( -1.219727444046192700E-016, 1.000000000000000000, -0.0000000000000000000 ) ) ;
#7283 = ADVANCED_FACE ( 'NONE', ( #2733 ), #7779, .F. ) ;
#7284 = DIRECTION ( 'NONE',  ( -1.219727444046192700E-016, 1.000000000000000000, -0.0000000000000000000 ) ) ;
#7285 =( NAMED_UNIT ( * ) PLANE_ANGLE_UNIT ( ) SI_UNIT ( $, .RADIAN. ) );
#7286 = ORIENTED_EDGE ( 'NONE', *, *, #8765, .T. ) ;
#7287 = CONTEXT_DEPENDENT_SHAPE_REPRESENTATION ( #1443, #2184 ) ;
#7288 = VERTEX_POINT ( 'NONE', #2175 ) ;
#7289 = EDGE_CURVE ( 'NONE', #2588, #843, #8789, .T. ) ;
#7290 = MECHANICAL_DESIGN_GEOMETRIC_PRESENTATION_REPRESENTATION (  '', ( #6745 ), #4732 ) ;
#7291 = DIRECTION ( 'NONE',  ( -1.000000000000000000, -0.0000000000000000000, -0.0000000000000000000 ) ) ;
#7292 = VECTOR ( 'NONE', #2715, 1000.000000000000000 ) ;
#7293 = CARTESIAN_POINT ( 'NONE',  ( -24.00000000000000000, -7.749999999999427100, 14.67339375865978500 ) ) ;
#7294 = VERTEX_POINT ( 'NONE', #7057 ) ;
#7295 = FACE_OUTER_BOUND ( 'NONE', #5399, .T. ) ;
#7296 = DIRECTION ( 'NONE',  ( -0.0000000000000000000, -1.000000000000000000, -0.0000000000000000000 ) ) ;
#7297 = ORIENTED_EDGE ( 'NONE', *, *, #1330, .T. ) ;
#7298 = DIRECTION ( 'NONE',  ( 1.219727444046192700E-016, -1.000000000000000000, 0.0000000000000000000 ) ) ;
#7299 = COLOUR_RGB ( '',0.6509803921568627600, 0.6196078431372549200, 0.5882352941176470800 ) ;
#7300 = DIRECTION ( 'NONE',  ( 1.000000000000000000, 7.703719777548944800E-033, -0.0000000000000000000 ) ) ;
#7301 = DIRECTION ( 'NONE',  ( -0.5150380749100541600, 1.049727191138618700E-016, -0.8571673007021122200 ) ) ;
#7302 = LINE ( 'NONE', #3412, #4634 ) ;
#7303 = FACE_OUTER_BOUND ( 'NONE', #3937, .T. ) ;
#7304 = FILL_AREA_STYLE ('',( #4834 ) ) ;
#7305 = CARTESIAN_POINT ( 'NONE',  ( -20.03406985621170500, -6.999999999999998200, 3.878959614448864200E-015 ) ) ;
#7306 = CARTESIAN_POINT ( 'NONE',  ( 0.8873228869518060600, 2.755735814439283600, 0.1426628679824749100 ) ) ;
#7307 = EDGE_CURVE ( 'NONE', #4470, #230, #8361, .T. ) ;
#7308 =( NAMED_UNIT ( * ) SI_UNIT ( $, .STERADIAN. ) SOLID_ANGLE_UNIT ( ) );
#7309 = LINE ( 'NONE', #22, #2193 ) ;
#7310 = DIRECTION ( 'NONE',  ( 0.0000000000000000000, 0.0000000000000000000, 1.000000000000000000 ) ) ;
#7311 = CARTESIAN_POINT ( 'NONE',  ( 0.8861523977875061000, -0.04758959478390539800, 2.758814999002185500 ) ) ;
#7312 = DIRECTION ( 'NONE',  ( -1.000000000000000000, -0.0000000000000000000, -0.0000000000000000000 ) ) ;
#7313 = VECTOR ( 'NONE', #593, 1000.000000000000000 ) ;
#7314 = ORIENTED_EDGE ( 'NONE', *, *, #142, .F. ) ;
#7315 = DIRECTION ( 'NONE',  ( -1.000000000000000000, -0.0000000000000000000, -0.0000000000000000000 ) ) ;
#7316 = CARTESIAN_POINT ( 'NONE',  ( -15.59999999999984900, -20.80000000000000100, 19.09999999999999800 ) ) ;
#7317 = EDGE_CURVE ( 'NONE', #2588, #3108, #350, .T. ) ;
#7318 = ADVANCED_FACE ( 'NONE', ( #5590 ), #6913, .F. ) ;
#7319 =( NAMED_UNIT ( * ) PLANE_ANGLE_UNIT ( ) SI_UNIT ( $, .RADIAN. ) );
#7320 = SURFACE_STYLE_FILL_AREA ( #8761 ) ;
#7321 = ORIENTED_EDGE ( 'NONE', *, *, #7597, .T. ) ;
#7322 = DIRECTION ( 'NONE',  ( 0.0000000000000000000, 1.000000000000000000, 0.0000000000000000000 ) ) ;
#7323 = STYLED_ITEM ( 'NONE', ( #2513 ), #5632 ) ;
#7324 = FACE_OUTER_BOUND ( 'NONE', #5170, .T. ) ;
#7325 = DIRECTION ( 'NONE',  ( 0.0000000000000000000, 0.0000000000000000000, 1.000000000000000000 ) ) ;
#7326 = PRESENTATION_LAYER_ASSIGNMENT (  '', '', ( #8668 ) ) ;
#7327 = DIRECTION ( 'NONE',  ( 0.0000000000000000000, -1.000000000000000000, -5.892403111334263500E-017 ) ) ;
#7328 = VERTEX_POINT ( 'NONE', #4598 ) ;
#7329 = SURFACE_STYLE_FILL_AREA ( #7777 ) ;
#7330 = EDGE_CURVE ( 'NONE', #8057, #6531, #4149, .T. ) ;
#7331 = FILL_AREA_STYLE ('',( #3732 ) ) ;
#7332 = ORIENTED_EDGE ( 'NONE', *, *, #2915, .F. ) ;
#7333 = EDGE_CURVE ( 'NONE', #6951, #4877, #4325, .T. ) ;
#7334 = FACE_BOUND ( 'NONE', #4518, .T. ) ;
#7335 = EDGE_LOOP ( 'NONE', ( #3517, #4059 ) ) ;
#7336 = AXIS2_PLACEMENT_3D ( 'NONE', #2959, #732, #5692 ) ;
#7337 = CARTESIAN_POINT ( 'NONE',  ( -2.795424827010851000, 1.090973826841366900, 1.768428193407452400 ) ) ;
#7338 =( NAMED_UNIT ( * ) PLANE_ANGLE_UNIT ( ) SI_UNIT ( $, .RADIAN. ) );
#7339 = CARTESIAN_POINT ( 'NONE',  ( -2.831708547879880000, -0.9978600834227996400, 3.169982695082548500 ) ) ;
#7340 = FACE_BOUND ( 'NONE', #7036, .T. ) ;
#7341 = ORIENTED_EDGE ( 'NONE', *, *, #2548, .F. ) ;
#7342 = STYLED_ITEM ( 'NONE', ( #634 ), #6819 ) ;
#7343 = VECTOR ( 'NONE', #8416, 1000.000000000000000 ) ;
#7344 = CARTESIAN_POINT ( 'NONE',  ( 0.0000000000000000000, 0.0000000000000000000, 0.0000000000000000000 ) ) ;
#7345 = AXIS2_PLACEMENT_3D ( 'NONE', #5330, #2596, #2185 ) ;
#7346 = ADVANCED_FACE ( 'NONE', ( #4185 ), #8797, .F. ) ;
#7347 = VERTEX_POINT ( 'NONE', #4468 ) ;
#7348 = LINE ( 'NONE', #5901, #8334 ) ;
#7349 = STYLED_ITEM ( 'NONE', ( #1719 ), #2318 ) ;
#7350 = EDGE_CURVE ( 'NONE', #2551, #978, #3357, .T. ) ;
#7351 = APPLICATION_CONTEXT ( 'automotive_design' ) ;
#7352 = B_SPLINE_CURVE_WITH_KNOTS ( 'NONE', 3,
 ( #1398, #703, #8146, #2527, #6392, #3225, #7988, #7558, #3084, #6982, #4108, #5106, #4957, #560, #4661, #5529, #7709, #6699, #3803, #5668, #4248, #4800 ),
 .UNSPECIFIED., .F., .F.,
 ( 4, 2, 2, 2, 2, 2, 2, 2, 2, 2, 4 ),
 ( 0.003953707732116449800, 0.004447523194763868300, 0.004941338657411286800, 0.005188246388734996100, 0.005435154120058706200, 0.005682061851382416400, 0.005928969582706126500, 0.006422785045353544100, 0.006916600508000960900, 0.007410415970648379400, 0.007904231433295796200 ),
 .UNSPECIFIED. ) ;
#7353 = AXIS2_PLACEMENT_3D ( 'NONE', #7946, #1489, #228 ) ;
#7354 = EDGE_LOOP ( 'NONE', ( #4798, #8173, #5323, #6980 ) ) ;
#7355 = CARTESIAN_POINT ( 'NONE',  ( -24.00000000000000000, 13.42339375865977000, 7.750000000000561300 ) ) ;
#7356 = UNCERTAINTY_MEASURE_WITH_UNIT (LENGTH_MEASURE( 1.000000000000000100E-005 ), #7159, 'distance_accuracy_value', 'NONE');
#7357 = DIRECTION ( 'NONE',  ( -0.0000000000000000000, -0.0000000000000000000, -1.000000000000000000 ) ) ;
#7358 = VERTEX_POINT ( 'NONE', #2320 ) ;
#7359 = DIRECTION ( 'NONE',  ( -0.0000000000000000000, 1.000000000000000000, -0.0000000000000000000 ) ) ;
#7360 = FILL_AREA_STYLE ('',( #940 ) ) ;
#7361 = EDGE_CURVE ( 'NONE', #4220, #2407, #991, .T. ) ;
#7362 = VECTOR ( 'NONE', #4156, 1000.000000000000000 ) ;
#7363 = EDGE_CURVE ( 'NONE', #7562, #2622, #5295, .T. ) ;
#7364 = VERTEX_POINT ( 'NONE', #63 ) ;
#7365 = MECHANICAL_DESIGN_GEOMETRIC_PRESENTATION_REPRESENTATION (  '', ( #5983 ), #4933 ) ;
#7366 = PRESENTATION_STYLE_ASSIGNMENT (( #944 ) ) ;
#7367 = CARTESIAN_POINT ( 'NONE',  ( -11.00000000000000000, 1.078133820953753400, 2.000000000000000000 ) ) ;
#7368 = FACE_OUTER_BOUND ( 'NONE', #6928, .T. ) ;
#7369 = VERTEX_POINT ( 'NONE', #1196 ) ;
#7370 = CARTESIAN_POINT ( 'NONE',  ( -12.94299609104235300, -1.217706825695666500, 2.073572556626243700 ) ) ;
#7371 = CIRCLE ( 'NONE', #1258, 1.249999999999988900 ) ;
#7372 = EDGE_LOOP ( 'NONE', ( #6387, #2052, #8430, #8267 ) ) ;
#7373 = CARTESIAN_POINT ( 'NONE',  ( -24.00000000000000000, -1.423940491903678500E-015, -16.74999999999999600 ) ) ;
#7374 = ORIENTED_EDGE ( 'NONE', *, *, #4264, .T. ) ;
#7375 = CARTESIAN_POINT ( 'NONE',  ( -15.59999999999984900, -20.80000000000000100, 7.899999999999997700 ) ) ;
#7376 = VECTOR ( 'NONE', #785, 1000.000000000000000 ) ;
#7377 = AXIS2_PLACEMENT_3D ( 'NONE', #6763, #478, #5442 ) ;
#7378 = DIRECTION ( 'NONE',  ( 0.0000000000000000000, -1.000000000000000000, 0.0000000000000000000 ) ) ;
#7379 = EDGE_CURVE ( 'NONE', #3775, #5114, #1475, .T. ) ;
#7380 = ORIENTED_EDGE ( 'NONE', *, *, #1753, .T. ) ;
#7381 = SURFACE_STYLE_USAGE ( .BOTH. , #680 ) ;
#7382 = ORIENTED_EDGE ( 'NONE', *, *, #505, .F. ) ;
#7383 = ORIENTED_EDGE ( 'NONE', *, *, #7916, .T. ) ;
#7384 = DIRECTION ( 'NONE',  ( -1.000000000000000000, 0.0000000000000000000, 0.0000000000000000000 ) ) ;
#7385 = PRESENTATION_LAYER_ASSIGNMENT (  '', '', ( #6008 ) ) ;
#7386 = EDGE_CURVE ( 'NONE', #8702, #5388, #6885, .T. ) ;
#7387 = VECTOR ( 'NONE', #5997, 1000.000000000000000 ) ;
#7388 = DIRECTION ( 'NONE',  ( 0.0000000000000000000, 0.0000000000000000000, 1.000000000000000000 ) ) ;
#7389 = VERTEX_POINT ( 'NONE', #7731 ) ;
#7390 = DIRECTION ( 'NONE',  ( 0.0000000000000000000, 0.0000000000000000000, 1.000000000000000000 ) ) ;
#7391 = VERTEX_POINT ( 'NONE', #6562 ) ;
#7392 = VERTEX_POINT ( 'NONE', #2685 ) ;
#7393 = SURFACE_SIDE_STYLE ('',( #830 ) ) ;
#7394 = DIRECTION ( 'NONE',  ( 0.0000000000000000000, -1.000000000000000000, 0.0000000000000000000 ) ) ;
#7395 = CARTESIAN_POINT ( 'NONE',  ( 30.09999999999999800, -6.999999999999997300, 5.999999999999996400 ) ) ;
#7396 = DIRECTION ( 'NONE',  ( -1.000000000000000000, 0.0000000000000000000, 0.0000000000000000000 ) ) ;
#7397 = FILL_AREA_STYLE ('',( #5949 ) ) ;
#7398 = CARTESIAN_POINT ( 'NONE',  ( 9.399999999999879600, 13.42339375865887000, 51.20100000000000100 ) ) ;
#7399 = ORIENTED_EDGE ( 'NONE', *, *, #6879, .T. ) ;
#7400 = DIRECTION ( 'NONE',  ( 1.000000000000000000, 7.605039678220088100E-018, -1.146535924827773400E-016 ) ) ;
#7401 = SURFACE_STYLE_FILL_AREA ( #4654 ) ;
#7402 = DIRECTION ( 'NONE',  ( 0.0000000000000000000, 0.0000000000000000000, 1.000000000000000000 ) ) ;
#7403 = ORIENTED_EDGE ( 'NONE', *, *, #674, .T. ) ;
#7404 = ORIENTED_EDGE ( 'NONE', *, *, #2346, .F. ) ;
#7405 = CARTESIAN_POINT ( 'NONE',  ( 0.0000000000000000000, 0.0000000000000000000, 0.0000000000000000000 ) ) ;
#7406 = AXIS2_PLACEMENT_3D ( 'NONE', #8318, #7024, #5851 ) ;
#7407 = AXIS2_PLACEMENT_3D ( 'NONE', #1317, #5582, #3135 ) ;
#7408 = EDGE_CURVE ( 'NONE', #7710, #3026, #3129, .T. ) ;
#7409 = AXIS2_PLACEMENT_3D ( 'NONE', #7769, #8774, #7039 ) ;
#7410 = CLOSED_SHELL ( 'NONE', ( #6198, #1924, #5078, #3017 ) ) ;
#7411 = EDGE_CURVE ( 'NONE', #417, #545, #1194, .T. ) ;
#7412 = ORIENTED_EDGE ( 'NONE', *, *, #5913, .T. ) ;
#7413 =( NAMED_UNIT ( * ) PLANE_ANGLE_UNIT ( ) SI_UNIT ( $, .RADIAN. ) );
#7414 = ORIENTED_EDGE ( 'NONE', *, *, #5782, .F. ) ;
#7415 =( LENGTH_UNIT ( ) NAMED_UNIT ( * ) SI_UNIT ( .MILLI., .METRE. ) );
#7416 =( NAMED_UNIT ( * ) PLANE_ANGLE_UNIT ( ) SI_UNIT ( $, .RADIAN. ) );
#7417 = EDGE_CURVE ( 'NONE', #1257, #6515, #1678, .T. ) ;
#7418 = VERTEX_POINT ( 'NONE', #3541 ) ;
#7419 = ITEM_DEFINED_TRANSFORMATION ( 'NONE', 'NONE', #340,  #3481 ) ;
#7420 = ORIENTED_EDGE ( 'NONE', *, *, #142, .T. ) ;
#7421 = CARTESIAN_POINT ( 'NONE',  ( -25.00000000000000000, -7.000000000000002700, 9.685169074414750100 ) ) ;
#7422 = CIRCLE ( 'NONE', #3963, 1.600000000000000800 ) ;
#7423 = DIRECTION ( 'NONE',  ( 0.0000000000000000000, 1.000000000000000000, 1.445602896647339400E-016 ) ) ;
#7424 = FILL_AREA_STYLE_COLOUR ( '', #2524 ) ;
#7425 = ORIENTED_EDGE ( 'NONE', *, *, #631, .F. ) ;
#7426 = DIRECTION ( 'NONE',  ( 0.0000000000000000000, 0.0000000000000000000, 1.000000000000000000 ) ) ;
#7427 = VERTEX_POINT ( 'NONE', #434 ) ;
#7428 = DIRECTION ( 'NONE',  ( -0.0000000000000000000, -1.000000000000000000, -0.0000000000000000000 ) ) ;
#7429 = PRODUCT_DEFINITION_SHAPE ( 'NONE', 'NONE',  #8883 ) ;
#7430 = DIRECTION ( 'NONE',  ( -0.0000000000000000000, -1.000000000000000000, -0.0000000000000000000 ) ) ;
#7431 = DIRECTION ( 'NONE',  ( 0.0000000000000000000, 0.0000000000000000000, -1.000000000000000000 ) ) ;
#7432 = DIRECTION ( 'NONE',  ( -1.000000000000000000, -1.219727444046192700E-016, 0.0000000000000000000 ) ) ;
#7433 = FILL_AREA_STYLE ('',( #8310 ) ) ;
#7434 = EDGE_CURVE ( 'NONE', #4810, #6064, #274, .T. ) ;
#7435 = EDGE_CURVE ( 'NONE', #1474, #3364, #5386, .T. ) ;
#7436 = VERTEX_POINT ( 'NONE', #5696 ) ;
#7437 = DIRECTION ( 'NONE',  ( -0.0000000000000000000, -1.149055390210327300E-016, 1.000000000000000000 ) ) ;
#7438 = VECTOR ( 'NONE', #1526, 1000.000000000000000 ) ;
#7439 = DIRECTION ( 'NONE',  ( -0.9397934234884370900, 0.0000000000000000000, -0.3417430630867045500 ) ) ;
#7440 = DIRECTION ( 'NONE',  ( 0.0000000000000000000, 0.0000000000000000000, -1.000000000000000000 ) ) ;
#7441 = DIRECTION ( 'NONE',  ( 0.0000000000000000000, -1.000000000000000000, 0.0000000000000000000 ) ) ;
#7442 = DIRECTION ( 'NONE',  ( -1.000000000000000000, -0.0000000000000000000, -0.0000000000000000000 ) ) ;
#7443 =( LENGTH_UNIT ( ) NAMED_UNIT ( * ) SI_UNIT ( .MILLI., .METRE. ) );
#7444 = DIRECTION ( 'NONE',  ( 0.0000000000000000000, 0.0000000000000000000, 1.000000000000000000 ) ) ;
#7445 = PRESENTATION_LAYER_ASSIGNMENT (  '', '', ( #14 ) ) ;
#7446 =( GEOMETRIC_REPRESENTATION_CONTEXT ( 3 ) GLOBAL_UNCERTAINTY_ASSIGNED_CONTEXT ( ( #2486 ) ) GLOBAL_UNIT_ASSIGNED_CONTEXT ( ( #6384, #5089, #6230 ) ) REPRESENTATION_CONTEXT ( 'NONE', 'WORKASPACE' ) );
#7447 = UNCERTAINTY_MEASURE_WITH_UNIT (LENGTH_MEASURE( 1.000000000000000100E-005 ), #4418, 'distance_accuracy_value', 'NONE');
#7448 = CYLINDRICAL_SURFACE ( 'NONE', #8746, 13.00000000000000200 ) ;
#7449 = DIRECTION ( 'NONE',  ( 1.219727444046192700E-016, -1.000000000000000000, -0.0000000000000000000 ) ) ;
#7450 = CARTESIAN_POINT ( 'NONE',  ( -25.00000000000000000, -13.42339375865880800, -8.999999999998863100 ) ) ;
#7451 = DIRECTION ( 'NONE',  ( 0.5532485264119162400, 2.908460681892397100E-015, -0.8330162471543055600 ) ) ;
#7452 = DIRECTION ( 'NONE',  ( -1.000000000000000000, -6.308085367188390000E-017, -0.0000000000000000000 ) ) ;
#7453 = DIRECTION ( 'NONE',  ( -1.000000000000000000, -7.703719777548944800E-033, 0.0000000000000000000 ) ) ;
#7454 = EDGE_CURVE ( 'NONE', #3219, #7358, #3422, .T. ) ;
#7455 = LINE ( 'NONE', #7169, #5049 ) ;
#7456 = CARTESIAN_POINT ( 'NONE',  ( 0.7579850260068163900, 5.079133820953757100, 12.04999999999999900 ) ) ;
#7457 = DIRECTION ( 'NONE',  ( -0.0000000000000000000, -1.000000000000000000, -0.0000000000000000000 ) ) ;
#7458 = ORIENTED_EDGE ( 'NONE', *, *, #5456, .T. ) ;
#7459 = FACE_OUTER_BOUND ( 'NONE', #8392, .T. ) ;
#7460 = PLANE ( 'NONE',  #3702 ) ;
#7461 = DIRECTION ( 'NONE',  ( -0.0000000000000000000, -1.000000000000000000, -0.0000000000000000000 ) ) ;
#7462 = CARTESIAN_POINT ( 'NONE',  ( 35.86999999999999700, -1.249999999999998200, -12.05000000000000100 ) ) ;
#7463 = VECTOR ( 'NONE', #5568, 1000.000000000000000 ) ;
#7464 = CARTESIAN_POINT ( 'NONE',  ( 15.60000000000015100, 18.80100000000015100, 27.09999999999999800 ) ) ;
#7465 = ADVANCED_FACE ( 'NONE', ( #8178 ), #6428, .T. ) ;
#7466 = DIRECTION ( 'NONE',  ( 1.219727444046192700E-016, -1.000000000000000000, -0.0000000000000000000 ) ) ;
#7467 = ORIENTED_EDGE ( 'NONE', *, *, #4501, .F. ) ;
#7468 = AXIS2_PLACEMENT_3D ( 'NONE', #3679, #5110, #4967 ) ;
#7469 = MECHANICAL_DESIGN_GEOMETRIC_PRESENTATION_REPRESENTATION (  '', ( #359 ), #7079 ) ;
#7470 = DIRECTION ( 'NONE',  ( 0.0000000000000000000, 1.000000000000000000, 1.334402673828312800E-016 ) ) ;
#7471 = DIRECTION ( 'NONE',  ( -1.000000000000000000, -1.219727444046192700E-016, -0.0000000000000000000 ) ) ;
#7472 = DIRECTION ( 'NONE',  ( -0.5150380749100544900, 0.0000000000000000000, 0.8571673007021121100 ) ) ;
#7473 = DIRECTION ( 'NONE',  ( -0.0000000000000000000, -1.149055390210327300E-016, 1.000000000000000000 ) ) ;
#7474 = FACE_OUTER_BOUND ( 'NONE', #6983, .T. ) ;
#7475 = EDGE_LOOP ( 'NONE', ( #2804, #8452, #616, #7297 ) ) ;
#7476 = CARTESIAN_POINT ( 'NONE',  ( 0.9135550145826626400, 2.686727433228564000, -0.6812299393704405200 ) ) ;
#7477 = LINE ( 'NONE', #1188, #7614 ) ;
#7478 =( NAMED_UNIT ( * ) PLANE_ANGLE_UNIT ( ) SI_UNIT ( $, .RADIAN. ) );
#7479 = FACE_OUTER_BOUND ( 'NONE', #6007, .T. ) ;
#7480 = DIRECTION ( 'NONE',  ( 0.0000000000000000000, 0.0000000000000000000, -1.000000000000000000 ) ) ;
#7481 = EDGE_CURVE ( 'NONE', #7265, #1313, #5416, .T. ) ;
#7482 = EDGE_CURVE ( 'NONE', #7218, #3381, #592, .T. ) ;
#7483 = ORIENTED_EDGE ( 'NONE', *, *, #5990, .F. ) ;
#7484 = UNCERTAINTY_MEASURE_WITH_UNIT (LENGTH_MEASURE( 1.000000000000000100E-005 ), #5609, 'distance_accuracy_value', 'NONE');
#7485 = DIRECTION ( 'NONE',  ( -0.0000000000000000000, -0.0000000000000000000, -1.000000000000000000 ) ) ;
#7486 = CIRCLE ( 'NONE', #7213, 4.349999999999989000 ) ;
#7487 = CIRCLE ( 'NONE', #5335, 4.349999999999989000 ) ;
#7488 = ORIENTED_EDGE ( 'NONE', *, *, #6622, .F. ) ;
#7489 = FACE_OUTER_BOUND ( 'NONE', #1393, .T. ) ;
#7490 = LINE ( 'NONE', #2464, #902 ) ;
#7491 = CIRCLE ( 'NONE', #8044, 1.250000000000000000 ) ;
#7492 = EDGE_LOOP ( 'NONE', ( #3501, #7107, #7270, #6621 ) ) ;
#7493 = EDGE_CURVE ( 'NONE', #5388, #8702, #8715, .T. ) ;
#7494 = CYLINDRICAL_SURFACE ( 'NONE', #6453, 2.999999999999999100 ) ;
#7495 = LINE ( 'NONE', #4467, #6389 ) ;
#7496 = AXIS2_PLACEMENT_3D ( 'NONE', #3667, #1683, #8427 ) ;
#7497 = VECTOR ( 'NONE', #1532, 1000.000000000000000 ) ;
#7498 = VERTEX_POINT ( 'NONE', #8323 ) ;
#7499 = PLANE ( 'NONE',  #1156 ) ;
#7500 = STYLED_ITEM ( 'NONE', ( #4005 ), #630 ) ;
#7502 = EDGE_LOOP ( 'NONE', ( #7076, #561, #5613, #2538 ) ) ;
#7501 =( GEOMETRIC_REPRESENTATION_CONTEXT ( 3 ) GLOBAL_UNCERTAINTY_ASSIGNED_CONTEXT ( ( #3238 ) ) GLOBAL_UNIT_ASSIGNED_CONTEXT ( ( #1033, #3122, #2155 ) ) REPRESENTATION_CONTEXT ( 'NONE', 'WORKASPACE' ) );
#7503 = DIRECTION ( 'NONE',  ( -0.0000000000000000000, 1.149055390210327300E-016, -1.000000000000000000 ) ) ;
#7504 = AXIS2_PLACEMENT_3D ( 'NONE', #21, #2276, #3423 ) ;
#7505 = CARTESIAN_POINT ( 'NONE',  ( 7.750000000000063100, -13.42339375865876500, 51.20100000000000100 ) ) ;
#7506 = ORIENTED_EDGE ( 'NONE', *, *, #582, .F. ) ;
#7507 = EDGE_CURVE ( 'NONE', #2603, #2201, #5141, .T. ) ;
#7508 = AXIS2_PLACEMENT_3D ( 'NONE', #135, #1275, #700 ) ;
#7509 = CYLINDRICAL_SURFACE ( 'NONE', #2728, 1.650000000000002100 ) ;
#7510 = EDGE_CURVE ( 'NONE', #2126, #2313, #4417, .T. ) ;
#7511 = VERTEX_POINT ( 'NONE', #5847 ) ;
#7512 =( NAMED_UNIT ( * ) PLANE_ANGLE_UNIT ( ) SI_UNIT ( $, .RADIAN. ) );
#7513 = VECTOR ( 'NONE', #4812, 1000.000000000000000 ) ;
#7514 = AXIS2_PLACEMENT_3D ( 'NONE', #4686, #736, #6737 ) ;
#7515 = CARTESIAN_POINT ( 'NONE',  ( 8.227241335952197000, 4.749999999999955600, 8.673617379884035500E-016 ) ) ;
#7516 = ORIENTED_EDGE ( 'NONE', *, *, #3883, .F. ) ;
#7517 = CIRCLE ( 'NONE', #6058, 5.999999999999999100 ) ;
#7518 = CARTESIAN_POINT ( 'NONE',  ( 15.60000000000015100, 18.80100000000015100, 46.30000000000000400 ) ) ;
#7519 = ORIENTED_EDGE ( 'NONE', *, *, #2042, .T. ) ;
#7520 = CARTESIAN_POINT ( 'NONE',  ( 1.760000000000000000, -0.4599999999999983500, -0.4600000000000015200 ) ) ;
#7521 = CARTESIAN_POINT ( 'NONE',  ( 12.00000000000000000, 2.328133820953756300, 0.7499999999999997800 ) ) ;
#7522 = EDGE_CURVE ( 'NONE', #5520, #3390, #6085, .T. ) ;
#7523 = EDGE_LOOP ( 'NONE', ( #5278, #2679, #3692 ) ) ;
#7524 = ADVANCED_FACE ( 'NONE', ( #2011 ), #7215, .F. ) ;
#7525 = CARTESIAN_POINT ( 'NONE',  ( 18.80000000000015300, -20.80000000000000100, 48.20000000000000300 ) ) ;
#7526 = VERTEX_POINT ( 'NONE', #7645 ) ;
#7527 = ORIENTED_EDGE ( 'NONE', *, *, #2510, .T. ) ;
#7528 = FACE_BOUND ( 'NONE', #6339, .T. ) ;
#7529 = CARTESIAN_POINT ( 'NONE',  ( -8.227241335952163200, 3.175000000000008300, 4.799999999999999800 ) ) ;
#7530 =( LENGTH_UNIT ( ) NAMED_UNIT ( * ) SI_UNIT ( .MILLI., .METRE. ) );
#7531 = CARTESIAN_POINT ( 'NONE',  ( -11.00000000000000000, 6.078133820953753200, 2.000000000000000000 ) ) ;
#7532 = UNCERTAINTY_MEASURE_WITH_UNIT (LENGTH_MEASURE( 1.000000000000000100E-005 ), #3307, 'distance_accuracy_value', 'NONE');
#7533 = DIRECTION ( 'NONE',  ( 0.0000000000000000000, 0.0000000000000000000, 1.000000000000000000 ) ) ;
#7534 = EDGE_LOOP ( 'NONE', ( #5890, #819, #7683, #5376 ) ) ;
#7535 = FILL_AREA_STYLE ('',( #3362 ) ) ;
#7536 = DIRECTION ( 'NONE',  ( -7.703719777548944800E-033, 1.000000000000000000, 0.0000000000000000000 ) ) ;
#7537 = CARTESIAN_POINT ( 'NONE',  ( -14.96987028341762200, -0.4218661790462474600, 0.0000000000000000000 ) ) ;
#7538 = ORIENTED_EDGE ( 'NONE', *, *, #6263, .F. ) ;
#7539 = ORIENTED_EDGE ( 'NONE', *, *, #6853, .F. ) ;
#7540 = DIRECTION ( 'NONE',  ( -1.000000000000000000, -0.0000000000000000000, -0.0000000000000000000 ) ) ;
#7541 = CARTESIAN_POINT ( 'NONE',  ( 0.0000000000000000000, 0.9199999999999822800, 5.090000000000003400 ) ) ;
#7542 = DIRECTION ( 'NONE',  ( 0.0000000000000000000, 0.0000000000000000000, -1.000000000000000000 ) ) ;
#7543 =( NAMED_UNIT ( * ) PLANE_ANGLE_UNIT ( ) SI_UNIT ( $, .RADIAN. ) );
#7544 = DIRECTION ( 'NONE',  ( -1.000000000000000000, -1.219727444046192700E-016, -0.0000000000000000000 ) ) ;
#7545 = VECTOR ( 'NONE', #5213, 1000.000000000000000 ) ;
#7546 = DIRECTION ( 'NONE',  ( -1.000000000000000000, -0.0000000000000000000, -0.0000000000000000000 ) ) ;
#7547 = ORIENTED_EDGE ( 'NONE', *, *, #2599, .T. ) ;
#7548 = FACE_OUTER_BOUND ( 'NONE', #4353, .T. ) ;
#7549 = CARTESIAN_POINT ( 'NONE',  ( -15.59999999999984900, -18.79999999999999700, 12.70000000000000100 ) ) ;
#7550 = ORIENTED_EDGE ( 'NONE', *, *, #8015, .F. ) ;
#7551 = VERTEX_POINT ( 'NONE', #1210 ) ;
#7552 = EDGE_CURVE ( 'NONE', #7570, #8265, #6494, .T. ) ;
#7553 = CARTESIAN_POINT ( 'NONE',  ( 9.500000000000000000, 3.578133820953755900, 5.000000000000000000 ) ) ;
#7554 = DIRECTION ( 'NONE',  ( 1.219727444046192700E-016, -1.000000000000000000, 0.0000000000000000000 ) ) ;
#7555 = CARTESIAN_POINT ( 'NONE',  ( -25.00000000000000000, -13.42339375865879900, 9.000000000001119100 ) ) ;
#7556 = EDGE_LOOP ( 'NONE', ( #3353, #7383, #2465, #8545 ) ) ;
#7557 = DIRECTION ( 'NONE',  ( 1.000000000000000000, 0.0000000000000000000, 0.0000000000000000000 ) ) ;
#7558 = CARTESIAN_POINT ( 'NONE',  ( -2.798057190654501100, 1.083131656273818700, 7.229163561067975000 ) ) ;
#7559 = ORIENTED_EDGE ( 'NONE', *, *, #4871, .F. ) ;
#7560 = CIRCLE ( 'NONE', #5943, 1.200000000000000600 ) ;
#7561 = VERTEX_POINT ( 'NONE', #8802 ) ;
#7562 = VERTEX_POINT ( 'NONE', #2195 ) ;
#7563 = VECTOR ( 'NONE', #5536, 1000.000000000000000 ) ;
#7564 = CARTESIAN_POINT ( 'NONE',  ( -24.00000000000000000, 13.42339375865879700, -6.500000000000000900 ) ) ;
#7565 = DIRECTION ( 'NONE',  ( 0.0000000000000000000, 0.0000000000000000000, -1.000000000000000000 ) ) ;
#7566 = PLANE ( 'NONE',  #7468 ) ;
#7567 = ORIENTED_EDGE ( 'NONE', *, *, #3125, .T. ) ;
#7568 = ITEM_DEFINED_TRANSFORMATION ( 'NONE', 'NONE', #3358,  #3481 ) ;
#7569 = CARTESIAN_POINT ( 'NONE',  ( 1.760000000000000000, 0.4599999999999984100, 0.4599999999999967400 ) ) ;
#7570 = VERTEX_POINT ( 'NONE', #2057 ) ;
#7571 = CYLINDRICAL_SURFACE ( 'NONE', #3761, 5.999999999999999100 ) ;
#7572 = ADVANCED_FACE ( 'NONE', ( #6923 ), #4882, .F. ) ;
#7573 = LINE ( 'NONE', #289, #1216 ) ;
#7574 = AXIS2_PLACEMENT_3D ( 'NONE', #1125, #7856, #6121 ) ;
#7575 = VECTOR ( 'NONE', #7327, 1000.000000000000000 ) ;
#7576 = UNCERTAINTY_MEASURE_WITH_UNIT (LENGTH_MEASURE( 1.000000000000000100E-005 ), #681, 'distance_accuracy_value', 'NONE');
#7577 = PLANE ( 'NONE',  #6812 ) ;
#7578 = ORIENTED_EDGE ( 'NONE', *, *, #3499, .T. ) ;
#7579 =( NAMED_UNIT ( * ) PLANE_ANGLE_UNIT ( ) SI_UNIT ( $, .RADIAN. ) );
#7580 = ORIENTED_EDGE ( 'NONE', *, *, #1726, .F. ) ;
#7581 = MECHANICAL_DESIGN_GEOMETRIC_PRESENTATION_REPRESENTATION (  '', ( #3911 ), #3447 ) ;
#7582 = ADVANCED_FACE ( 'NONE', ( #3466 ), #1242, .F. ) ;
#7583 = DIRECTION ( 'NONE',  ( -0.0000000000000000000, 0.0000000000000000000, -1.000000000000000000 ) ) ;
#7584 = FACE_BOUND ( 'NONE', #2911, .T. ) ;
#7585 = CARTESIAN_POINT ( 'NONE',  ( -15.59999999999984900, 18.80100000000015100, 20.69999999999999900 ) ) ;
#7586 = VERTEX_POINT ( 'NONE', #6489 ) ;
#7587 = CARTESIAN_POINT ( 'NONE',  ( 30.09999999999999800, -6.999999999999998200, -2.999999999999997800 ) ) ;
#7588 = DIRECTION ( 'NONE',  ( 0.3417430630867046000, 5.537641692574745000E-017, -0.9397934234884370900 ) ) ;
#7589 =( REPRESENTATION_RELATIONSHIP ('NONE','NONE', #4393, #6897 ) REPRESENTATION_RELATIONSHIP_WITH_TRANSFORMATION ( #8298 )SHAPE_REPRESENTATION_RELATIONSHIP( ) );
#7590 = MECHANICAL_DESIGN_GEOMETRIC_PRESENTATION_REPRESENTATION (  '', ( #6644 ), #2159 ) ;
#7591 =( GEOMETRIC_REPRESENTATION_CONTEXT ( 3 ) GLOBAL_UNCERTAINTY_ASSIGNED_CONTEXT ( ( #4963 ) ) GLOBAL_UNIT_ASSIGNED_CONTEXT ( ( #3421, #4993, #152 ) ) REPRESENTATION_CONTEXT ( 'NONE', 'WORKASPACE' ) );
#7592 = CARTESIAN_POINT ( 'NONE',  ( 0.0000000000000000000, -8.673617379884035500E-016, 6.173195309819862000 ) ) ;
#7593 = CARTESIAN_POINT ( 'NONE',  ( 17.00000000000000000, 1.828133820953756800, 2.250000000000000000 ) ) ;
#7594 = DIRECTION ( 'NONE',  ( 0.0000000000000000000, 0.0000000000000000000, -1.000000000000000000 ) ) ;
#7595 = LINE ( 'NONE', #311, #5508 ) ;
#7596 = FACE_OUTER_BOUND ( 'NONE', #544, .T. ) ;
#7597 = EDGE_CURVE ( 'NONE', #7703, #4480, #3295, .T. ) ;
#7598 = CYLINDRICAL_SURFACE ( 'NONE', #8254, 1.650000000000002100 ) ;
#7599 = LINE ( 'NONE', #4695, #6010 ) ;
#7600 = LINE ( 'NONE', #2847, #8549 ) ;
#7601 = EDGE_CURVE ( 'NONE', #5272, #7230, #706, .T. ) ;
#7602 = EDGE_CURVE ( 'NONE', #3085, #2877, #6197, .T. ) ;
#7603 = FACE_OUTER_BOUND ( 'NONE', #4858, .T. ) ;
#7604 = COLOUR_RGB ( '',0.7686274509803920900, 0.7686274509803920900, 0.7686274509803920900 ) ;
#7605 =( NAMED_UNIT ( * ) SI_UNIT ( $, .STERADIAN. ) SOLID_ANGLE_UNIT ( ) );
#7606 = SURFACE_STYLE_USAGE ( .BOTH. , #8632 ) ;
#7607 = CARTESIAN_POINT ( 'NONE',  ( -9.500000000000000000, 6.078133820953754100, -2.000000000000000000 ) ) ;
#7608 = CIRCLE ( 'NONE', #4410, 1.249999999999988900 ) ;
#7609 = ORIENTED_EDGE ( 'NONE', *, *, #2882, .T. ) ;
#7610 = CARTESIAN_POINT ( 'NONE',  ( -23.24892422621555000, -13.42339375865880800, -7.749999999998868500 ) ) ;
#7611 = DIRECTION ( 'NONE',  ( 1.000000000000000000, 1.219727444046192700E-016, 0.0000000000000000000 ) ) ;
#7612 = STYLED_ITEM ( 'NONE', ( #7146 ), #4028 ) ;
#7613 = PRESENTATION_STYLE_ASSIGNMENT (( #4168 ) ) ;
#7614 = VECTOR ( 'NONE', #1602, 1000.000000000000000 ) ;
#7615 = SURFACE_STYLE_USAGE ( .BOTH. , #2576 ) ;
#7616 = PRODUCT_DEFINITION_FORMATION_WITH_SPECIFIED_SOURCE ( 'ANY', '', #3473, .NOT_KNOWN. ) ;
#7617 = ORIENTED_EDGE ( 'NONE', *, *, #6760, .F. ) ;
#7618 = AXIS2_PLACEMENT_3D ( 'NONE', #7885, #5419, #1571 ) ;
#7619 = CARTESIAN_POINT ( 'NONE',  ( -25.00000000000000000, 15.49999999999999800, 1.249999999999992200 ) ) ;
#7620 = ADVANCED_FACE ( 'NONE', ( #5902 ), #3169, .F. ) ;
#7621 = VERTEX_POINT ( 'NONE', #6495 ) ;
#7622 = CIRCLE ( 'NONE', #5998, 1.600000000000004100 ) ;
#7623 = MECHANICAL_DESIGN_GEOMETRIC_PRESENTATION_REPRESENTATION (  '', ( #1003 ), #4782 ) ;
#7624 = CARTESIAN_POINT ( 'NONE',  ( 0.8861523977870063900, 2.338087061785999900E-012, 2.758814999003500500 ) ) ;
#7625 = DIRECTION ( 'NONE',  ( 0.0000000000000000000, -1.000000000000000000, 0.0000000000000000000 ) ) ;
#7626 = ORIENTED_EDGE ( 'NONE', *, *, #7552, .F. ) ;
#7627 = DIRECTION ( 'NONE',  ( 0.0000000000000000000, -1.000000000000000000, 0.0000000000000000000 ) ) ;
#7628 = ORIENTED_EDGE ( 'NONE', *, *, #8360, .F. ) ;
#7629 =( REPRESENTATION_RELATIONSHIP ('NONE','NONE', #4393, #1465 ) REPRESENTATION_RELATIONSHIP_WITH_TRANSFORMATION ( #6257 )SHAPE_REPRESENTATION_RELATIONSHIP( ) );
#7630 = DIRECTION ( 'NONE',  ( -1.000000000000000000, -0.0000000000000000000, -0.0000000000000000000 ) ) ;
#7631 =( NAMED_UNIT ( * ) SI_UNIT ( $, .STERADIAN. ) SOLID_ANGLE_UNIT ( ) );
#7632 = CARTESIAN_POINT ( 'NONE',  ( -15.80000000000015300, -2.319191847113661700E-013, 51.20000000000000300 ) ) ;
#7633 = CARTESIAN_POINT ( 'NONE',  ( -2.936726770424066000, -0.6315044571477501600, 3.490960842288945500 ) ) ;
#7634 = DIRECTION ( 'NONE',  ( -1.000000000000000000, -0.0000000000000000000, -0.0000000000000000000 ) ) ;
#7635 = ORIENTED_EDGE ( 'NONE', *, *, #4403, .T. ) ;
#7636 = CARTESIAN_POINT ( 'NONE',  ( 0.7579850260068163900, 5.079133820953757100, -12.05000000000000100 ) ) ;
#7637 = UNCERTAINTY_MEASURE_WITH_UNIT (LENGTH_MEASURE( 1.000000000000000100E-005 ), #7266, 'distance_accuracy_value', 'NONE');
#7638 = CARTESIAN_POINT ( 'NONE',  ( 15.60000000000015100, 18.80100000000015100, 39.89999999999999900 ) ) ;
#7639 = DIRECTION ( 'NONE',  ( -1.000000000000000000, 0.0000000000000000000, 0.0000000000000000000 ) ) ;
#7640 = PRODUCT_DEFINITION ( 'UNKNOWN', '', #4943, #806 ) ;
#7641 = AXIS2_PLACEMENT_3D ( 'NONE', #3831, #5417, #3409 ) ;
#7642 = ORIENTED_EDGE ( 'NONE', *, *, #8582, .T. ) ;
#7643 = LINE ( 'NONE', #4607, #7376 ) ;
#7644 = DIRECTION ( 'NONE',  ( -0.0000000000000000000, 1.000000000000000000, -0.0000000000000000000 ) ) ;
#7645 = CARTESIAN_POINT ( 'NONE',  ( 0.0000000000000000000, 13.00000000000000200, 4.800000000000000700 ) ) ;
#7646 = AXIS2_PLACEMENT_3D ( 'NONE', #7102, #3199, #5778 ) ;
#7647 = EDGE_LOOP ( 'NONE', ( #7990, #3374, #7935, #1617 ) ) ;
#7648 = CIRCLE ( 'NONE', #5755, 1.249999999999988900 ) ;
#7649 = FACE_OUTER_BOUND ( 'NONE', #3731, .T. ) ;
#7650 = LINE ( 'NONE', #8380, #3342 ) ;
#7651 = DIRECTION ( 'NONE',  ( 1.000000000000000000, 1.219727444046192700E-016, 0.0000000000000000000 ) ) ;
#7652 = ORIENTED_EDGE ( 'NONE', *, *, #1235, .F. ) ;
#7653 = STYLED_ITEM ( 'NONE', ( #3572 ), #1944 ) ;
#7654 = SURFACE_SIDE_STYLE ('',( #8527 ) ) ;
#7655 = DIRECTION ( 'NONE',  ( -1.000000000000000000, 0.0000000000000000000, 0.0000000000000000000 ) ) ;
#7656 = EDGE_CURVE ( 'NONE', #2812, #7498, #7051, .T. ) ;
#7657 = CARTESIAN_POINT ( 'NONE',  ( -5.951770555479769500, -0.7681220519353013600, 7.599519475157877400 ) ) ;
#7658 = ADVANCED_FACE ( 'NONE', ( #6498 ), #2063, .T. ) ;
#7659 = VECTOR ( 'NONE', #4286, 1000.000000000000000 ) ;
#7660 = ORIENTED_EDGE ( 'NONE', *, *, #8238, .F. ) ;
#7661 = PRESENTATION_LAYER_ASSIGNMENT (  '', '', ( #1051 ) ) ;
#7662 = DIRECTION ( 'NONE',  ( 0.0000000000000000000, 0.0000000000000000000, -1.000000000000000000 ) ) ;
#7663 = STYLED_ITEM ( 'NONE', ( #3954 ), #1411 ) ;
#7664 = AXIS2_PLACEMENT_3D ( 'NONE', #652, #935, #6642 ) ;
#7665 = FILL_AREA_STYLE_COLOUR ( '', #3312 ) ;
#7666 = ORIENTED_EDGE ( 'NONE', *, *, #4789, .F. ) ;
#7667 = DIRECTION ( 'NONE',  ( 1.000000000000000000, 0.0000000000000000000, 0.0000000000000000000 ) ) ;
#7668 = COLOUR_RGB ( '',0.6509803921568627600, 0.6196078431372549200, 0.5882352941176470800 ) ;
#7669 = UNCERTAINTY_MEASURE_WITH_UNIT (LENGTH_MEASURE( 1.000000000000000100E-005 ), #8042, 'distance_accuracy_value', 'NONE');
#7670 = AXIS2_PLACEMENT_3D ( 'NONE', #7181, #5864, #8336 ) ;
#7671 = ORIENTED_EDGE ( 'NONE', *, *, #8262, .F. ) ;
#7672 = PRESENTATION_STYLE_ASSIGNMENT (( #5792 ) ) ;
#7673 =( GEOMETRIC_REPRESENTATION_CONTEXT ( 3 ) GLOBAL_UNCERTAINTY_ASSIGNED_CONTEXT ( ( #4745 ) ) GLOBAL_UNIT_ASSIGNED_CONTEXT ( ( #3104, #6551, #2409 ) ) REPRESENTATION_CONTEXT ( 'NONE', 'WORKASPACE' ) );
#7674 = VERTEX_POINT ( 'NONE', #3915 ) ;
#7675 = CARTESIAN_POINT ( 'NONE',  ( -15.59999999999984900, 18.80100000000015100, 44.70000000000000300 ) ) ;
#7676 = ORIENTED_EDGE ( 'NONE', *, *, #3048, .F. ) ;
#7677 = DIRECTION ( 'NONE',  ( -1.219727444046192700E-016, 1.000000000000000000, 0.0000000000000000000 ) ) ;
#7678 = LINE ( 'NONE', #5086, #2719 ) ;
#7679 = VECTOR ( 'NONE', #3356, 1000.000000000000000 ) ;
#7680 = CARTESIAN_POINT ( 'NONE',  ( -15.59999999999984900, 18.80100000000015100, 12.70000000000000100 ) ) ;
#7681 = EDGE_LOOP ( 'NONE', ( #4204, #8255 ) ) ;
#7682 = CARTESIAN_POINT ( 'NONE',  ( -25.00000000000000000, -7.749999999999427100, 12.17339375865979700 ) ) ;
#7683 = ORIENTED_EDGE ( 'NONE', *, *, #746, .F. ) ;
#7684 = EDGE_LOOP ( 'NONE', ( #2115, #6504 ) ) ;
#7685 = AXIS2_PLACEMENT_3D ( 'NONE', #1047, #7473, #194 ) ;
#7686 = LINE ( 'NONE', #7541, #4903 ) ;
#7687 = CIRCLE ( 'NONE', #1334, 3.000000000000000000 ) ;
#7688 = SURFACE_STYLE_USAGE ( .BOTH. , #7833 ) ;
#7689 = EDGE_CURVE ( 'NONE', #2713, #8656, #88, .T. ) ;
#7690 = VECTOR ( 'NONE', #341, 1000.000000000000000 ) ;
#7691 = EDGE_LOOP ( 'NONE', ( #8163, #7152, #121, #7122, #4171 ) ) ;
#7692 = FILL_AREA_STYLE_COLOUR ( '', #1688 ) ;
#7693 = EDGE_LOOP ( 'NONE', ( #385, #2913 ) ) ;
#7694 = ORIENTED_EDGE ( 'NONE', *, *, #7030, .T. ) ;
#7695 = DIRECTION ( 'NONE',  ( 0.0000000000000000000, -1.000000000000000000, 0.0000000000000000000 ) ) ;
#7696 = DIRECTION ( 'NONE',  ( -1.000000000000000000, -0.0000000000000000000, -0.0000000000000000000 ) ) ;
#7697 = FILL_AREA_STYLE_COLOUR ( '', #1772 ) ;
#7698 = EDGE_CURVE ( 'NONE', #3004, #2497, #2583, .T. ) ;
#7699 = PRODUCT_DEFINITION ( 'UNKNOWN', '', #1146, #3990 ) ;
#7700 = VECTOR ( 'NONE', #5228, 1000.000000000000000 ) ;
#7701 = ORIENTED_EDGE ( 'NONE', *, *, #1470, .T. ) ;
#7702 =( NAMED_UNIT ( * ) SI_UNIT ( $, .STERADIAN. ) SOLID_ANGLE_UNIT ( ) );
#7703 = VERTEX_POINT ( 'NONE', #8242 ) ;
#7704 = ORIENTED_EDGE ( 'NONE', *, *, #3408, .F. ) ;
#7705 = DIRECTION ( 'NONE',  ( 1.000000000000000000, -0.0000000000000000000, -0.0000000000000000000 ) ) ;
#7706 = CARTESIAN_POINT ( 'NONE',  ( -15.59999999999984900, -20.80000000000000100, 15.90000000000000000 ) ) ;
#7707 = ORIENTED_EDGE ( 'NONE', *, *, #1978, .F. ) ;
#7708 = PRODUCT_CONTEXT ( 'NONE', #5172, 'mechanical' ) ;
#7709 = CARTESIAN_POINT ( 'NONE',  ( -2.831303043553764700, 0.9990650749151246400, 5.831423702748674400 ) ) ;
#7710 = VERTEX_POINT ( 'NONE', #4486 ) ;
#7711 = DIRECTION ( 'NONE',  ( 0.0000000000000000000, 0.0000000000000000000, 1.000000000000000000 ) ) ;
#7712 = PRESENTATION_LAYER_ASSIGNMENT (  '', '', ( #6777 ) ) ;
#7713 = DIRECTION ( 'NONE',  ( -0.0000000000000000000, -0.0000000000000000000, -1.000000000000000000 ) ) ;
#7714 = FACE_OUTER_BOUND ( 'NONE', #3044, .T. ) ;
#7715 = EDGE_CURVE ( 'NONE', #6590, #5907, #7486, .T. ) ;
#7716 = EDGE_LOOP ( 'NONE', ( #5734, #3544, #2687, #992, #1682, #985, #1542, #6838, #3485, #2582 ) ) ;
#7717 = SURFACE_STYLE_FILL_AREA ( #4115 ) ;
#7718 = VERTEX_POINT ( 'NONE', #6796 ) ;
#7719 = ADVANCED_FACE ( 'NONE', ( #6046 ), #7813, .T. ) ;
#7720 = EDGE_CURVE ( 'NONE', #230, #6675, #4348, .T. ) ;
#7721 = COLOUR_RGB ( '',1.000000000000000000, 0.9372549019607843100, 0.1372549019607843300 ) ;
#7722 = AXIS2_PLACEMENT_3D ( 'NONE', #5826, #8447, #719 ) ;
#7723 = CYLINDRICAL_SURFACE ( 'NONE', #4806, 5.999999999999999100 ) ;
#7724 =( LENGTH_UNIT ( ) NAMED_UNIT ( * ) SI_UNIT ( .MILLI., .METRE. ) );
#7725 = EDGE_LOOP ( 'NONE', ( #98, #2230, #7519 ) ) ;
#7726 = ORIENTED_EDGE ( 'NONE', *, *, #5169, .T. ) ;
#7727 = CARTESIAN_POINT ( 'NONE',  ( 0.0000000000000000000, -1.123233931208116200E-015, 8.400000000000000400 ) ) ;
#7728 = CARTESIAN_POINT ( 'NONE',  ( 1.760000000000000000, -0.4599999999999999100, -0.4600000000000000200 ) ) ;
#7729 = CARTESIAN_POINT ( 'NONE',  ( 0.03012971658237818100, 4.578133820953755000, 0.0000000000000000000 ) ) ;
#7730 = DIRECTION ( 'NONE',  ( -0.0000000000000000000, -1.000000000000000000, -0.0000000000000000000 ) ) ;
#7731 = CARTESIAN_POINT ( 'NONE',  ( -15.59999999999984900, -20.80000000000000100, 41.49999999999999300 ) ) ;
#7732 = AXIS2_PLACEMENT_3D ( 'NONE', #547, #5794, #4931 ) ;
#7733 = DIRECTION ( 'NONE',  ( -1.467842941211163900E-014, 1.000000000000000000, -0.0000000000000000000 ) ) ;
#7734 = ORIENTED_EDGE ( 'NONE', *, *, #4158, .T. ) ;
#7735 = LINE ( 'NONE', #4130, #2960 ) ;
#7736 = VERTEX_POINT ( 'NONE', #4067 ) ;
#7737 = DIRECTION ( 'NONE',  ( -1.219727444046192700E-016, 1.000000000000000000, -0.0000000000000000000 ) ) ;
#7738 = LINE ( 'NONE', #2271, #7871 ) ;
#7739 = STYLED_ITEM ( 'NONE', ( #7068 ), #3051 ) ;
#7740 =( GEOMETRIC_REPRESENTATION_CONTEXT ( 3 ) GLOBAL_UNCERTAINTY_ASSIGNED_CONTEXT ( ( #5854 ) ) GLOBAL_UNIT_ASSIGNED_CONTEXT ( ( #1876, #35, #6439 ) ) REPRESENTATION_CONTEXT ( 'NONE', 'WORKASPACE' ) );
#7741 = EDGE_CURVE ( 'NONE', #4126, #2456, #3344, .T. ) ;
#7742 = CARTESIAN_POINT ( 'NONE',  ( -25.00000000000000000, -7.750000000000578200, -14.67339375865779900 ) ) ;
#7743 = CARTESIAN_POINT ( 'NONE',  ( 17.00000000000000000, 2.828133820953756800, 2.250000000000000000 ) ) ;
#7744 = LINE ( 'NONE', #5866, #5299 ) ;
#7745 =( NAMED_UNIT ( * ) PLANE_ANGLE_UNIT ( ) SI_UNIT ( $, .RADIAN. ) );
#7746 = CARTESIAN_POINT ( 'NONE',  ( -24.00000000000000000, 15.49999999999999800, -1.951563910473908000E-015 ) ) ;
#7747 = CARTESIAN_POINT ( 'NONE',  ( -25.00000000000000000, -7.749999999999427100, 13.42339375865978600 ) ) ;
#7748 = DIRECTION ( 'NONE',  ( -1.000000000000000000, 0.0000000000000000000, 0.0000000000000000000 ) ) ;
#7749 = SURFACE_SIDE_STYLE ('',( #8757 ) ) ;
#7750 = CARTESIAN_POINT ( 'NONE',  ( 17.00000000000000000, 2.328133820953756800, -2.250000000000000400 ) ) ;
#7751 = DIRECTION ( 'NONE',  ( 0.0000000000000000000, 1.000000000000000000, 0.0000000000000000000 ) ) ;
#7752 = CARTESIAN_POINT ( 'NONE',  ( 0.0000000000000000000, -1.892425610156516600E-015, 0.0000000000000000000 ) ) ;
#7753 = EDGE_LOOP ( 'NONE', ( #7819, #4039, #5781, #6081 ) ) ;
#7754 = CARTESIAN_POINT ( 'NONE',  ( -15.59999999999984900, 18.80100000000015100, 33.50000000000000000 ) ) ;
#7755 = FACE_OUTER_BOUND ( 'NONE', #1417, .T. ) ;
#7756 = FILL_AREA_STYLE ('',( #4167 ) ) ;
#7757 = AXIS2_PLACEMENT_3D ( 'NONE', #1563, #7737, #4420 ) ;
#7758 = EDGE_CURVE ( 'NONE', #2177, #6231, #94, .T. ) ;
#7759 = PRODUCT_DEFINITION_SHAPE ( 'NONE', 'NONE',  #8879 ) ;
#7760 = CARTESIAN_POINT ( 'NONE',  ( 30.00000000000000000, 3.531534763726595800E-032, 0.0000000000000000000 ) ) ;
#7761 = ORIENTED_EDGE ( 'NONE', *, *, #1389, .F. ) ;
#7762 = AXIS2_PLACEMENT_3D ( 'NONE', #3995, #159, #5144 ) ;
#7763 = CARTESIAN_POINT ( 'NONE',  ( -11.00000000000000000, 6.078133820953753200, -2.000000000000000000 ) ) ;
#7764 = DIRECTION ( 'NONE',  ( 0.0000000000000000000, 0.0000000000000000000, -1.000000000000000000 ) ) ;
#7765 = DIRECTION ( 'NONE',  ( 0.0000000000000000000, 0.0000000000000000000, -1.000000000000000000 ) ) ;
#7766 = DIRECTION ( 'NONE',  ( -1.000000000000000000, -6.308085367188390000E-017, -0.0000000000000000000 ) ) ;
#7767 = DIRECTION ( 'NONE',  ( -0.0000000000000000000, -0.0000000000000000000, -1.000000000000000000 ) ) ;
#7768 = SURFACE_SIDE_STYLE ('',( #47 ) ) ;
#7769 = CARTESIAN_POINT ( 'NONE',  ( 30.09999999999999800, -6.999999999999998200, 0.0000000000000000000 ) ) ;
#7770 = EDGE_CURVE ( 'NONE', #937, #2395, #2472, .T. ) ;
#7771 = CARTESIAN_POINT ( 'NONE',  ( -7.657190594775175200E-016, 6.078133820953755000, 0.0000000000000000000 ) ) ;
#7772 = DIRECTION ( 'NONE',  ( -0.0000000000000000000, -1.000000000000000000, -0.0000000000000000000 ) ) ;
#7773 = DIRECTION ( 'NONE',  ( 0.0000000000000000000, 0.0000000000000000000, -1.000000000000000000 ) ) ;
#7774 = FACE_OUTER_BOUND ( 'NONE', #8008, .T. ) ;
#7775 = AXIS2_PLACEMENT_3D ( 'NONE', #8021, #1557, #863 ) ;
#7776 = ORIENTED_EDGE ( 'NONE', *, *, #2342, .T. ) ;
#7777 = FILL_AREA_STYLE ('',( #2732 ) ) ;
#7778 = UNCERTAINTY_MEASURE_WITH_UNIT (LENGTH_MEASURE( 1.000000000000000100E-005 ), #8266, 'distance_accuracy_value', 'NONE');
#7779 = CYLINDRICAL_SURFACE ( 'NONE', #4942, 1.574999999999998200 ) ;
#7780 = LINE ( 'NONE', #1603, #1445 ) ;
#7781 = CARTESIAN_POINT ( 'NONE',  ( -8.227241335952163200, 4.750000000000006200, 4.799999999999999800 ) ) ;
#7782 = CARTESIAN_POINT ( 'NONE',  ( -13.00000000000000200, 0.0000000000000000000, 1.149999999999998400 ) ) ;
#7783 = ORIENTED_EDGE ( 'NONE', *, *, #7656, .F. ) ;
#7784 = ADVANCED_FACE ( 'NONE', ( #5920 ), #8538, .T. ) ;
#7785 = DIRECTION ( 'NONE',  ( -0.0000000000000000000, -1.000000000000000000, -0.0000000000000000000 ) ) ;
#7786 = LINE ( 'NONE', #777, #6860 ) ;
#7787 = ADVANCED_FACE ( 'NONE', ( #5773 ), #1503, .F. ) ;
#7788 = VERTEX_POINT ( 'NONE', #5357 ) ;
#7789 = SURFACE_SIDE_STYLE ('',( #6779 ) ) ;
#7790 = DIRECTION ( 'NONE',  ( -1.000000000000000000, 0.0000000000000000000, 0.0000000000000000000 ) ) ;
#7791 = DIRECTION ( 'NONE',  ( 0.0000000000000000000, 1.000000000000000000, 1.149055390210327300E-016 ) ) ;
#7792 = ORIENTED_EDGE ( 'NONE', *, *, #5927, .T. ) ;
#7793 =( GEOMETRIC_REPRESENTATION_CONTEXT ( 3 ) GLOBAL_UNCERTAINTY_ASSIGNED_CONTEXT ( ( #1241 ) ) GLOBAL_UNIT_ASSIGNED_CONTEXT ( ( #6220, #1518, #2227 ) ) REPRESENTATION_CONTEXT ( 'NONE', 'WORKASPACE' ) );
#7794 = LINE ( 'NONE', #2471, #4780 ) ;
#7795 = VERTEX_POINT ( 'NONE', #2498 ) ;
#7796 = AXIS2_PLACEMENT_3D ( 'NONE', #4139, #6570, #8727 ) ;
#7797 = EDGE_CURVE ( 'NONE', #8125, #8711, #1500, .T. ) ;
#7798 = AXIS2_PLACEMENT_3D ( 'NONE', #7202, #8368, #773 ) ;
#7799 = DIRECTION ( 'NONE',  ( -1.000000000000000000, 0.0000000000000000000, 0.0000000000000000000 ) ) ;
#7800 = ORIENTED_EDGE ( 'NONE', *, *, #4033, .T. ) ;
#7801 = CARTESIAN_POINT ( 'NONE',  ( -4.969870283417622000, 5.078133820953755000, 0.0000000000000000000 ) ) ;
#7802 = PLANE ( 'NONE',  #6736 ) ;
#7803 = CARTESIAN_POINT ( 'NONE',  ( 0.03012971658237860800, 1.078133820953753900, 0.0000000000000000000 ) ) ;
#7804 = CIRCLE ( 'NONE', #4594, 3.000000000000000000 ) ;
#7805 = DIRECTION ( 'NONE',  ( 0.0000000000000000000, 0.0000000000000000000, -1.000000000000000000 ) ) ;
#7806 = ORIENTED_EDGE ( 'NONE', *, *, #306, .F. ) ;
#7807 = PRESENTATION_STYLE_ASSIGNMENT (( #4064 ) ) ;
#7808 = CARTESIAN_POINT ( 'NONE',  ( -5.951561186396124200, -0.7696664105633579400, 5.601753623105509800 ) ) ;
#7809 = DIRECTION ( 'NONE',  ( -0.0000000000000000000, -1.000000000000000000, -0.0000000000000000000 ) ) ;
#7810 = CARTESIAN_POINT ( 'NONE',  ( 0.9135550145826626400, 0.6812299393704310800, 2.686727433228566700 ) ) ;
#7811 = EDGE_CURVE ( 'NONE', #1517, #7108, #2852, .T. ) ;
#7812 = ORIENTED_EDGE ( 'NONE', *, *, #5022, .F. ) ;
#7813 = PLANE ( 'NONE',  #2429 ) ;
#7814 = VECTOR ( 'NONE', #8804, 1000.000000000000000 ) ;
#7815 = FILL_AREA_STYLE ('',( #2206 ) ) ;
#7816 = EDGE_CURVE ( 'NONE', #7950, #5414, #1649, .T. ) ;
#7817 = ORIENTED_EDGE ( 'NONE', *, *, #4826, .T. ) ;
#7818 = CARTESIAN_POINT ( 'NONE',  ( 15.60000000000015100, -20.80000000000000100, 33.50000000000000000 ) ) ;
#7819 = ORIENTED_EDGE ( 'NONE', *, *, #1403, .T. ) ;
#7820 = DIRECTION ( 'NONE',  ( 0.0000000000000000000, 0.0000000000000000000, 1.000000000000000000 ) ) ;
#7821 = FACE_BOUND ( 'NONE', #656, .T. ) ;
#7822 = EDGE_LOOP ( 'NONE', ( #6080, #3063, #3500, #1957 ) ) ;
#7823 = DIRECTION ( 'NONE',  ( -0.0000000000000000000, -1.000000000000000000, -0.0000000000000000000 ) ) ;
#7824 = EDGE_LOOP ( 'NONE', ( #6609, #2209 ) ) ;
#7825 = EDGE_LOOP ( 'NONE', ( #3647, #4649 ) ) ;
#7826 = EDGE_CURVE ( 'NONE', #6515, #2407, #4075, .T. ) ;
#7827 = EDGE_CURVE ( 'NONE', #4483, #107, #8630, .T. ) ;
#7828 = EDGE_CURVE ( 'NONE', #8573, #2943, #3120, .T. ) ;
#7829 = PRESENTATION_STYLE_ASSIGNMENT (( #7264 ) ) ;
#7830 = ORIENTED_EDGE ( 'NONE', *, *, #5597, .T. ) ;
#7831 = EDGE_LOOP ( 'NONE', ( #8232, #1400, #8712, #3318 ) ) ;
#7832 = ORIENTED_EDGE ( 'NONE', *, *, #2088, .T. ) ;
#7833 = SURFACE_SIDE_STYLE ('',( #2640 ) ) ;
#7834 =( LENGTH_UNIT ( ) NAMED_UNIT ( * ) SI_UNIT ( .MILLI., .METRE. ) );
#7835 = EDGE_LOOP ( 'NONE', ( #407, #1525, #1390, #1170 ) ) ;
#7836 = DIRECTION ( 'NONE',  ( 2.555768209550241500E-048, -0.9978073595024058400, -0.06618514427601295000 ) ) ;
#7837 = ORIENTED_EDGE ( 'NONE', *, *, #6059, .T. ) ;
#7838 = ORIENTED_EDGE ( 'NONE', *, *, #3548, .T. ) ;
#7839 = CARTESIAN_POINT ( 'NONE',  ( 15.60000000000015100, 18.80100000000015100, 39.89999999999999900 ) ) ;
#7840 = CARTESIAN_POINT ( 'NONE',  ( -18.80000000000015300, -2.765565554341287700E-013, 2.000000000000000000 ) ) ;
#7841 = LINE ( 'NONE', #4521, #8512 ) ;
#7842 = PLANE ( 'NONE',  #3245 ) ;
#7843 = ORIENTED_EDGE ( 'NONE', *, *, #4904, .T. ) ;
#7844 = SURFACE_SIDE_STYLE ('',( #4956 ) ) ;
#7845 = FILL_AREA_STYLE ('',( #2806 ) ) ;
#7846 = ORIENTED_EDGE ( 'NONE', *, *, #3283, .T. ) ;
#7847 = ADVANCED_FACE ( 'NONE', ( #1461 ), #8650, .F. ) ;
#7848 = MECHANICAL_DESIGN_GEOMETRIC_PRESENTATION_REPRESENTATION (  '', ( #2926 ), #2145 ) ;
#7849 = FACE_OUTER_BOUND ( 'NONE', #7534, .T. ) ;
#7850 = AXIS2_PLACEMENT_3D ( 'NONE', #7232, #1789, #6203 ) ;
#7851 = PRESENTATION_LAYER_ASSIGNMENT (  '', '', ( #8645 ) ) ;
#7852 =( NAMED_UNIT ( * ) SI_UNIT ( $, .STERADIAN. ) SOLID_ANGLE_UNIT ( ) );
#7853 = ORIENTED_EDGE ( 'NONE', *, *, #2183, .T. ) ;
#7854 = DIRECTION ( 'NONE',  ( 0.0000000000000000000, 0.0000000000000000000, -1.000000000000000000 ) ) ;
#7855 = ORIENTED_EDGE ( 'NONE', *, *, #3034, .F. ) ;
#7856 = DIRECTION ( 'NONE',  ( -0.0000000000000000000, 1.000000000000000000, -0.0000000000000000000 ) ) ;
#7857 = ADVANCED_FACE ( 'NONE', ( #7033 ), #5171, .F. ) ;
#7858 = CARTESIAN_POINT ( 'NONE',  ( -5.951628850031973200, 0.7691680017106983200, 5.601341621895598700 ) ) ;
#7859 = DIRECTION ( 'NONE',  ( -1.000000000000000000, -7.703719777548944800E-033, -0.0000000000000000000 ) ) ;
#7860 = ORIENTED_EDGE ( 'NONE', *, *, #8432, .T. ) ;
#7861 = ORIENTED_EDGE ( 'NONE', *, *, #3452, .F. ) ;
#7862 = UNCERTAINTY_MEASURE_WITH_UNIT (LENGTH_MEASURE( 1.000000000000000100E-005 ), #2368, 'distance_accuracy_value', 'NONE');
#7863 = CARTESIAN_POINT ( 'NONE',  ( -13.00100000000000100, 0.0000000000000000000, 6.599999999999999600 ) ) ;
#7864 = DIRECTION ( 'NONE',  ( 0.0000000000000000000, 0.0000000000000000000, -1.000000000000000000 ) ) ;
#7865 =( NAMED_UNIT ( * ) PLANE_ANGLE_UNIT ( ) SI_UNIT ( $, .RADIAN. ) );
#7866 = EDGE_LOOP ( 'NONE', ( #7660, #8531, #4662, #2251 ) ) ;
#7867 = SURFACE_STYLE_FILL_AREA ( #301 ) ;
#7868 = ADVANCED_FACE ( 'NONE', ( #7479, #905 ), #6152, .T. ) ;
#7869 = COLOUR_RGB ( '',1.000000000000000000, 1.000000000000000000, 1.000000000000000000 ) ;
#7870 = VECTOR ( 'NONE', #6813, 1000.000000000000000 ) ;
#7871 = VECTOR ( 'NONE', #731, 1000.000000000000000 ) ;
#7872 =( NAMED_UNIT ( * ) SI_UNIT ( $, .STERADIAN. ) SOLID_ANGLE_UNIT ( ) );
#7873 = EDGE_CURVE ( 'NONE', #6951, #2578, #4716, .T. ) ;
#7874 = CARTESIAN_POINT ( 'NONE',  ( -1.742014973993182900, -0.4218661790462451300, 13.04999999999999900 ) ) ;
#7875 =( LENGTH_UNIT ( ) NAMED_UNIT ( * ) SI_UNIT ( .MILLI., .METRE. ) );
#7876 = AXIS2_PLACEMENT_3D ( 'NONE', #4118, #4961, #2814 ) ;
#7877 =( NAMED_UNIT ( * ) PLANE_ANGLE_UNIT ( ) SI_UNIT ( $, .RADIAN. ) );
#7878 = CIRCLE ( 'NONE', #8438, 13.00000000000000200 ) ;
#7879 = CARTESIAN_POINT ( 'NONE',  ( -13.00100000000000100, 1.530808498934191600E-016, 3.649999999999998600 ) ) ;
#7880 = FACE_OUTER_BOUND ( 'NONE', #2258, .T. ) ;
#7881 = LINE ( 'NONE', #858, #2785 ) ;
#7882 = CARTESIAN_POINT ( 'NONE',  ( 35.86999999999999700, -1.249999999999998200, -12.05000000000000100 ) ) ;
#7883 = CARTESIAN_POINT ( 'NONE',  ( 0.0000000000000000000, 0.9199999999999923800, 2.190000000000003100 ) ) ;
#7884 = CARTESIAN_POINT ( 'NONE',  ( 0.03012971658237848700, 2.078133820953756300, 0.0000000000000000000 ) ) ;
#7885 = CARTESIAN_POINT ( 'NONE',  ( 15.60000000000015100, -18.79999999999999700, 20.69999999999999900 ) ) ;
#7886 = ADVANCED_FACE ( 'NONE', ( #1011 ), #4555, .T. ) ;
#7887 = DIRECTION ( 'NONE',  ( -0.3553236068676327600, 0.9347433521574656200, 0.0000000000000000000 ) ) ;
#7888 = AXIS2_PLACEMENT_3D ( 'NONE', #2000, #442, #5133 ) ;
#7889 = VECTOR ( 'NONE', #7936, 1000.000000000000000 ) ;
#7890 = ORIENTED_EDGE ( 'NONE', *, *, #2473, .F. ) ;
#7891 = CARTESIAN_POINT ( 'NONE',  ( -9.500000000000000000, 1.078133820953753700, 2.000000000000000000 ) ) ;
#7892 = ADVANCED_FACE ( 'NONE', ( #6593 ), #7903, .T. ) ;
#7893 = DIRECTION ( 'NONE',  ( 0.0000000000000000000, -1.000000000000000000, 0.0000000000000000000 ) ) ;
#7894 = EDGE_CURVE ( 'NONE', #1087, #8606, #185, .T. ) ;
#7895 = PRESENTATION_LAYER_ASSIGNMENT (  '', '', ( #7500 ) ) ;
#7896 = CARTESIAN_POINT ( 'NONE',  ( -1.742014973993183200, 1.078133820953754800, -12.05000000000000100 ) ) ;
#7897 = FILL_AREA_STYLE ('',( #1165 ) ) ;
#7898 = CIRCLE ( 'NONE', #8284, 4.985974264778329600 ) ;
#7899 = VERTEX_POINT ( 'NONE', #5006 ) ;
#7900 = CIRCLE ( 'NONE', #5842, 1.499999999999999600 ) ;
#7901 = DIRECTION ( 'NONE',  ( 0.0000000000000000000, 0.0000000000000000000, 1.000000000000000000 ) ) ;
#7902 = CARTESIAN_POINT ( 'NONE',  ( -15.59999999999984900, -18.79999999999999700, 47.89999999999999900 ) ) ;
#7903 = CYLINDRICAL_SURFACE ( 'NONE', #4604, 3.000000000000000000 ) ;
#7904 = VECTOR ( 'NONE', #5311, 1000.000000000000000 ) ;
#7905 = CARTESIAN_POINT ( 'NONE',  ( -1.742014973993183200, 1.078133820953756500, -12.05000000000000100 ) ) ;
#7906 = FILL_AREA_STYLE_COLOUR ( '', #4441 ) ;
#7907 = DIRECTION ( 'NONE',  ( 1.000000000000000000, 1.219727444046192700E-016, 0.0000000000000000000 ) ) ;
#7908 = ORIENTED_EDGE ( 'NONE', *, *, #4202, .F. ) ;
#7909 = AXIS2_PLACEMENT_3D ( 'NONE', #7156, #8308, #3821 ) ;
#7910 = CIRCLE ( 'NONE', #6288, 18.40000000000000200 ) ;
#7911 = MECHANICAL_DESIGN_GEOMETRIC_PRESENTATION_REPRESENTATION (  '', ( #7241 ), #2834 ) ;
#7912 = CIRCLE ( 'NONE', #6290, 1.599999999999999000 ) ;
#7913 = SURFACE_STYLE_FILL_AREA ( #4868 ) ;
#7914 = CARTESIAN_POINT ( 'NONE',  ( -20.50000000000000000, 0.0000000000000000000, 0.0000000000000000000 ) ) ;
#7915 = ORIENTED_EDGE ( 'NONE', *, *, #8529, .F. ) ;
#7916 = EDGE_CURVE ( 'NONE', #1561, #8077, #651, .T. ) ;
#7917 = CARTESIAN_POINT ( 'NONE',  ( -12.98561836685314600, 0.6298195455248621900, 3.492102446164010700 ) ) ;
#7918 = AXIS2_PLACEMENT_3D ( 'NONE', #7727, #295, #2832 ) ;
#7919 = ORIENTED_EDGE ( 'NONE', *, *, #6758, .T. ) ;
#7920 = AXIS2_PLACEMENT_3D ( 'NONE', #7456, #2973, #5301 ) ;
#7921 = CARTESIAN_POINT ( 'NONE',  ( 9.500000000000000000, 3.578133820953755900, -5.000000000000000000 ) ) ;
#7922 = EDGE_CURVE ( 'NONE', #4483, #5414, #8484, .T. ) ;
#7923 = FACE_BOUND ( 'NONE', #7681, .T. ) ;
#7924 = FACE_OUTER_BOUND ( 'NONE', #2242, .T. ) ;
#7925 = ORIENTED_EDGE ( 'NONE', *, *, #8805, .T. ) ;
#7926 = SURFACE_SIDE_STYLE ('',( #7329 ) ) ;
#7927 = VECTOR ( 'NONE', #4217, 1000.000000000000000 ) ;
#7928 = SHAPE_REPRESENTATION ( 'pan cross head_am_B18.6.7M - M3 x 0.5 x 4 Type I Cross Recessed PHMS --4N', ( #3481 ), #7446 ) ;
#7929 = CARTESIAN_POINT ( 'NONE',  ( 35.86999999999999700, 1.250000000000002000, 13.04999999999999900 ) ) ;
#7930 = ORIENTED_EDGE ( 'NONE', *, *, #2548, .T. ) ;
#7931 =( LENGTH_UNIT ( ) NAMED_UNIT ( * ) SI_UNIT ( .MILLI., .METRE. ) );
#7932 = DIRECTION ( 'NONE',  ( 0.0000000000000000000, -1.000000000000000000, 0.0000000000000000000 ) ) ;
#7933 = DIRECTION ( 'NONE',  ( 0.3417430630867046000, 0.9397934234884370900, 3.336647617403127800E-015 ) ) ;
#7934 = AXIS2_PLACEMENT_3D ( 'NONE', #8194, #463, #5001 ) ;
#7935 = ORIENTED_EDGE ( 'NONE', *, *, #7041, .T. ) ;
#7936 = DIRECTION ( 'NONE',  ( -0.0000000000000000000, -1.000000000000000000, -0.0000000000000000000 ) ) ;
#7937 = CARTESIAN_POINT ( 'NONE',  ( -9.500000000000000000, 6.078133820953754100, 2.000000000000000000 ) ) ;
#7938 = ADVANCED_FACE ( 'NONE', ( #6009 ), #8346, .T. ) ;
#7939 = DIRECTION ( 'NONE',  ( -0.0000000000000000000, -1.000000000000000000, -0.0000000000000000000 ) ) ;
#7940 = MECHANICAL_DESIGN_GEOMETRIC_PRESENTATION_REPRESENTATION (  '', ( #2120 ), #659 ) ;
#7941 = VERTEX_POINT ( 'NONE', #8491 ) ;
#7942 = ORIENTED_EDGE ( 'NONE', *, *, #1378, .T. ) ;
#7943 = PRESENTATION_STYLE_ASSIGNMENT (( #5346 ) ) ;
#7944 = DIRECTION ( 'NONE',  ( 0.0000000000000000000, 0.0000000000000000000, 1.000000000000000000 ) ) ;
#7945 = CARTESIAN_POINT ( 'NONE',  ( -5.968822576319730000, -0.6292449150185006600, 7.692287091189953700 ) ) ;
#7946 = CARTESIAN_POINT ( 'NONE',  ( 12.00000000000000000, 2.328133820953756300, -3.750000000000000000 ) ) ;
#7947 = ADVANCED_FACE ( 'NONE', ( #5444 ), #4449, .T. ) ;
#7948 = DIRECTION ( 'NONE',  ( 0.3523941971920080400, -0.9270370073857937500, 0.1281433444334574800 ) ) ;
#7949 = ADVANCED_FACE ( 'NONE', ( #5581 ), #2356, .F. ) ;
#7950 = VERTEX_POINT ( 'NONE', #8049 ) ;
#7951 = MECHANICAL_DESIGN_GEOMETRIC_PRESENTATION_REPRESENTATION (  '', ( #670 ), #5027 ) ;
#7952 = SURFACE_STYLE_FILL_AREA ( #3913 ) ;
#7953 = ORIENTED_EDGE ( 'NONE', *, *, #6758, .F. ) ;
#7954 = CIRCLE ( 'NONE', #1539, 1.650000000000003000 ) ;
#7955 = DIRECTION ( 'NONE',  ( -1.000000000000000000, -0.0000000000000000000, -0.0000000000000000000 ) ) ;
#7956 = VERTEX_POINT ( 'NONE', #328 ) ;
#7957 = CIRCLE ( 'NONE', #6233, 1.599999999999997200 ) ;
#7958 = CIRCLE ( 'NONE', #1071, 1.649999999999997900 ) ;
#7959 = ORIENTED_EDGE ( 'NONE', *, *, #1491, .T. ) ;
#7960 = CIRCLE ( 'NONE', #4746, 1.649999999999997900 ) ;
#7961 = CARTESIAN_POINT ( 'NONE',  ( -24.00000000000000000, 15.49999999999999800, -1.250000000000001300 ) ) ;
#7962 = FACE_OUTER_BOUND ( 'NONE', #7556, .T. ) ;
#7963 = EDGE_CURVE ( 'NONE', #4231, #4775, #2443, .T. ) ;
#7964 = EDGE_LOOP ( 'NONE', ( #2180, #1909 ) ) ;
#7965 =( NAMED_UNIT ( * ) PLANE_ANGLE_UNIT ( ) SI_UNIT ( $, .RADIAN. ) );
#7966 = ORIENTED_EDGE ( 'NONE', *, *, #7188, .F. ) ;
#7967 = ORIENTED_EDGE ( 'NONE', *, *, #6865, .F. ) ;
#7968 = FACE_BOUND ( 'NONE', #6390, .T. ) ;
#7969 = DIRECTION ( 'NONE',  ( -0.0000000000000000000, -1.149055390210327300E-016, 1.000000000000000000 ) ) ;
#7970 = UNCERTAINTY_MEASURE_WITH_UNIT (LENGTH_MEASURE( 1.000000000000000100E-005 ), #8204, 'distance_accuracy_value', 'NONE');
#7971 = EDGE_CURVE ( 'NONE', #1561, #1844, #4319, .T. ) ;
#7972 = AXIS2_PLACEMENT_3D ( 'NONE', #7217, #6639, #1484 ) ;
#7973 = LINE ( 'NONE', #7680, #3626 ) ;
#7974 = DIRECTION ( 'NONE',  ( -1.000000000000000000, 0.0000000000000000000, 0.0000000000000000000 ) ) ;
#7975 = VERTEX_POINT ( 'NONE', #3729 ) ;
#7976 = ORIENTED_EDGE ( 'NONE', *, *, #6227, .F. ) ;
#7977 = DIRECTION ( 'NONE',  ( 0.0000000000000000000, 0.0000000000000000000, 1.000000000000000000 ) ) ;
#7978 = PRESENTATION_LAYER_ASSIGNMENT (  '', '', ( #4400 ) ) ;
#7979 = VERTEX_POINT ( 'NONE', #6164 ) ;
#7980 = SURFACE_STYLE_FILL_AREA ( #262 ) ;
#7981 = CARTESIAN_POINT ( 'NONE',  ( 0.8312045148683049300, -0.1222561872248475300, 2.727583696466712800 ) ) ;
#7982 = ORIENTED_EDGE ( 'NONE', *, *, #6083, .T. ) ;
#7983 = EDGE_LOOP ( 'NONE', ( #1700, #4595, #4069, #5647 ) ) ;
#7984 = DIRECTION ( 'NONE',  ( 1.000000000000000000, 1.301042606982605300E-016, 0.0000000000000000000 ) ) ;
#7985 = LINE ( 'NONE', #6247, #5353 ) ;
#7986 =( NAMED_UNIT ( * ) PLANE_ANGLE_UNIT ( ) SI_UNIT ( $, .RADIAN. ) );
#7987 = EDGE_LOOP ( 'NONE', ( #4511, #8825, #6404 ) ) ;
#7988 = CARTESIAN_POINT ( 'NONE',  ( -2.831236465045988900, 0.9931758686102493100, 7.363297232674451500 ) ) ;
#7989 = FACE_OUTER_BOUND ( 'NONE', #2777, .T. ) ;
#7990 = ORIENTED_EDGE ( 'NONE', *, *, #2157, .T. ) ;
#7991 = SURFACE_STYLE_FILL_AREA ( #5108 ) ;
#7992 = MECHANICAL_DESIGN_GEOMETRIC_PRESENTATION_REPRESENTATION (  '', ( #4616 ), #718 ) ;
#7993 = AXIS2_PLACEMENT_3D ( 'NONE', #8459, #3552, #6133 ) ;
#7994 = CARTESIAN_POINT ( 'NONE',  ( -25.39999999999996300, 1.836970198721029400E-016, -1.499999999999999600 ) ) ;
#7995 = MECHANICAL_DESIGN_GEOMETRIC_PRESENTATION_REPRESENTATION (  '', ( #8668 ), #5670 ) ;
#7996 = CARTESIAN_POINT ( 'NONE',  ( -2.795467654412648900, -1.090854170987476800, 5.968373438305556900 ) ) ;
#7997 = EDGE_CURVE ( 'NONE', #133, #978, #2035, .T. ) ;
#7998 = AXIS2_PLACEMENT_3D ( 'NONE', #7638, #3460, #7210 ) ;
#7999 = ORIENTED_EDGE ( 'NONE', *, *, #2421, .T. ) ;
#8000 = CARTESIAN_POINT ( 'NONE',  ( 0.0000000000000000000, 0.0000000000000000000, 0.0000000000000000000 ) ) ;
#8001 = ORIENTED_EDGE ( 'NONE', *, *, #3734, .T. ) ;
#8002 = DIRECTION ( 'NONE',  ( -1.000000000000000000, -0.0000000000000000000, -0.0000000000000000000 ) ) ;
#8003 = DIRECTION ( 'NONE',  ( -0.0000000000000000000, 0.0000000000000000000, 1.000000000000000000 ) ) ;
#8004 = DIRECTION ( 'NONE',  ( 0.0000000000000000000, 0.0000000000000000000, -1.000000000000000000 ) ) ;
#8005 = LINE ( 'NONE', #3240, #6500 ) ;
#8006 = FILL_AREA_STYLE ('',( #280 ) ) ;
#8007 = VECTOR ( 'NONE', #1058, 1000.000000000000000 ) ;
#8008 = EDGE_LOOP ( 'NONE', ( #4193, #3790, #7539, #8268 ) ) ;
#8009 = CONTEXT_DEPENDENT_SHAPE_REPRESENTATION ( #7629, #8390 ) ;
#8010 = EDGE_LOOP ( 'NONE', ( #205, #2469, #263, #1344 ) ) ;
#8011 = CARTESIAN_POINT ( 'NONE',  ( 7.750000000000063100, -13.42339375865876500, 2.000000000000001800 ) ) ;
#8012 = STYLED_ITEM ( 'NONE', ( #5892 ), #912 ) ;
#8013 = AXIS2_PLACEMENT_3D ( 'NONE', #1132, #714, #6408 ) ;
#8014 = CIRCLE ( 'NONE', #4958, 1.249999999999997600 ) ;
#8015 = EDGE_CURVE ( 'NONE', #813, #2126, #7780, .T. ) ;
#8016 = ORIENTED_EDGE ( 'NONE', *, *, #5120, .T. ) ;
#8017 = ORIENTED_EDGE ( 'NONE', *, *, #6641, .F. ) ;
#8018 =( NAMED_UNIT ( * ) PLANE_ANGLE_UNIT ( ) SI_UNIT ( $, .RADIAN. ) );
#8019 = CARTESIAN_POINT ( 'NONE',  ( 15.60000000000015100, 18.80100000000015100, 19.09999999999999400 ) ) ;
#8020 = B_SPLINE_CURVE_WITH_KNOTS ( 'NONE', 2,
 ( #3794, #834, #5796 ),
 .UNSPECIFIED., .F., .F.,
 ( 3, 3 ),
 ( 0.0000000000000000000, 1.000000000000000000 ),
 .UNSPECIFIED. ) ;
#8021 = CARTESIAN_POINT ( 'NONE',  ( 2.050127744336241700E-017, 17.75000000000000000, 0.0000000000000000000 ) ) ;
#8022 = CYLINDRICAL_SURFACE ( 'NONE', #1282, 1.250000000000000200 ) ;
#8023 = FACE_OUTER_BOUND ( 'NONE', #2830, .T. ) ;
#8024 = CARTESIAN_POINT ( 'NONE',  ( -4.919582659568534000E-016, 3.578133820953754100, 0.0000000000000000000 ) ) ;
#8025 = DIRECTION ( 'NONE',  ( -1.219727444046192700E-016, 1.000000000000000000, -0.0000000000000000000 ) ) ;
#8026 = DIRECTION ( 'NONE',  ( -0.0000000000000000000, 1.149055390210327300E-016, -1.000000000000000000 ) ) ;
#8027 = DIRECTION ( 'NONE',  ( -0.0000000000000000000, 1.149055390210327300E-016, -1.000000000000000000 ) ) ;
#8028 = PRESENTATION_STYLE_ASSIGNMENT (( #1997 ) ) ;
#8029 = SURFACE_SIDE_STYLE ('',( #3416 ) ) ;
#8030 = DIRECTION ( 'NONE',  ( -0.0000000000000000000, 1.000000000000000000, -0.0000000000000000000 ) ) ;
#8031 =( LENGTH_UNIT ( ) NAMED_UNIT ( * ) SI_UNIT ( .MILLI., .METRE. ) );
#8032 = EDGE_CURVE ( 'NONE', #2107, #7427, #7517, .T. ) ;
#8033 = DIRECTION ( 'NONE',  ( 0.3417430630867046000, 5.537641692574745000E-017, -0.9397934234884370900 ) ) ;
#8034 = SURFACE_STYLE_USAGE ( .BOTH. , #7749 ) ;
#8035 = DIRECTION ( 'NONE',  ( -1.000000000000000000, -1.219727444046192700E-016, -0.0000000000000000000 ) ) ;
#8036 = VECTOR ( 'NONE', #965, 1000.000000000000000 ) ;
#8037 = EDGE_CURVE ( 'NONE', #6219, #3375, #8353, .T. ) ;
#8038 = CARTESIAN_POINT ( 'NONE',  ( 0.7579850260068163900, 5.079133820953757100, -13.04999999999999900 ) ) ;
#8039 = VERTEX_POINT ( 'NONE', #4176 ) ;
#8040 = FILL_AREA_STYLE_COLOUR ( '', #1759 ) ;
#8041 = DIRECTION ( 'NONE',  ( 1.000000000000000000, -0.0000000000000000000, -0.0000000000000000000 ) ) ;
#8042 =( LENGTH_UNIT ( ) NAMED_UNIT ( * ) SI_UNIT ( .MILLI., .METRE. ) );
#8043 = DIRECTION ( 'NONE',  ( -0.0000000000000000000, 1.000000000000000000, 0.0000000000000000000 ) ) ;
#8044 = AXIS2_PLACEMENT_3D ( 'NONE', #7127, #6690, #5251 ) ;
#8045 = VERTEX_POINT ( 'NONE', #334 ) ;
#8046 = AXIS2_PLACEMENT_3D ( 'NONE', #2537, #4114, #7854 ) ;
#8047 = LINE ( 'NONE', #7763, #3991 ) ;
#8048 = SURFACE_STYLE_USAGE ( .BOTH. , #6602 ) ;
#8049 = CARTESIAN_POINT ( 'NONE',  ( 30.00000000000000000, -1.249999999999998200, -13.04999999999999900 ) ) ;
#8050 = CARTESIAN_POINT ( 'NONE',  ( 17.00000000000000000, 2.328133820953756800, 3.750000000000000000 ) ) ;
#8051 = CARTESIAN_POINT ( 'NONE',  ( -25.00000000000000000, 13.42339375865977000, 6.500000000000572000 ) ) ;
#8052 = EDGE_CURVE ( 'NONE', #6332, #117, #7034, .T. ) ;
#8053 = ORIENTED_EDGE ( 'NONE', *, *, #7317, .T. ) ;
#8054 = AXIS2_PLACEMENT_3D ( 'NONE', #3503, #8697, #1376 ) ;
#8055 = LINE ( 'NONE', #3002, #2518 ) ;
#8056 = AXIS2_PLACEMENT_3D ( 'NONE', #6302, #2439, #6456 ) ;
#8057 = VERTEX_POINT ( 'NONE', #8362 ) ;
#8058 = CIRCLE ( 'NONE', #7670, 2.629310344827586700 ) ;
#8059 = DIRECTION ( 'NONE',  ( 0.0000000000000000000, 1.000000000000000000, 0.0000000000000000000 ) ) ;
#8060 = STYLED_ITEM ( 'NONE', ( #3039 ), #1222 ) ;
#8061 = ORIENTED_EDGE ( 'NONE', *, *, #2683, .F. ) ;
#8062 = EDGE_CURVE ( 'NONE', #8690, #5644, #5030, .T. ) ;
#8063 = EDGE_CURVE ( 'NONE', #2825, #1528, #2995, .T. ) ;
#8064 = PRODUCT_DEFINITION_CONTEXT ( 'detailed design', #4456, 'design' ) ;
#8065 = DIRECTION ( 'NONE',  ( 6.195440985631452900E-017, 1.000000000000000000, -0.0000000000000000000 ) ) ;
#8066 = SURFACE_STYLE_USAGE ( .BOTH. , #4336 ) ;
#8067 = CARTESIAN_POINT ( 'NONE',  ( -2.756148245018291000, -1.185255300110551200, 2.805540178546218400 ) ) ;
#8068 = VERTEX_POINT ( 'NONE', #1189 ) ;
#8069 = AXIS2_PLACEMENT_3D ( 'NONE', #160, #4559, #6873 ) ;
#8070 = DIRECTION ( 'NONE',  ( -0.0000000000000000000, 0.0000000000000000000, -1.000000000000000000 ) ) ;
#8071 = CIRCLE ( 'NONE', #1720, 2.629310344827586700 ) ;
#8072 = CIRCLE ( 'NONE', #953, 2.999999999999997300 ) ;
#8073 = DIRECTION ( 'NONE',  ( 0.0000000000000000000, 0.0000000000000000000, 1.000000000000000000 ) ) ;
#8074 = CIRCLE ( 'NONE', #583, 1.249999999999988900 ) ;
#8075 = AXIS2_PLACEMENT_3D ( 'NONE', #3923, #4339, #215 ) ;
#8076 = DIRECTION ( 'NONE',  ( 0.0000000000000000000, 0.0000000000000000000, -1.000000000000000000 ) ) ;
#8077 = VERTEX_POINT ( 'NONE', #2740 ) ;
#8078 = CARTESIAN_POINT ( 'NONE',  ( 15.60000000000015100, 18.80100000000015100, 14.30000000000000100 ) ) ;
#8079 = DIRECTION ( 'NONE',  ( -1.000000000000000000, 0.0000000000000000000, -0.0000000000000000000 ) ) ;
#8080 = CARTESIAN_POINT ( 'NONE',  ( -1.742014973993183600, 1.078133820953754800, -13.04999999999999900 ) ) ;
#8081 = LINE ( 'NONE', #929, #2476 ) ;
#8082 = ORIENTED_EDGE ( 'NONE', *, *, #3568, .F. ) ;
#8083 = EDGE_CURVE ( 'NONE', #7328, #3062, #3882, .T. ) ;
#8084 = AXIS2_PLACEMENT_3D ( 'NONE', #2580, #6161, #192 ) ;
#8085 = VECTOR ( 'NONE', #6927, 1000.000000000000000 ) ;
#8086 =( GEOMETRIC_REPRESENTATION_CONTEXT ( 3 ) GLOBAL_UNCERTAINTY_ASSIGNED_CONTEXT ( ( #3350 ) ) GLOBAL_UNIT_ASSIGNED_CONTEXT ( ( #8288, #6836, #6545 ) ) REPRESENTATION_CONTEXT ( 'NONE', 'WORKASPACE' ) );
#8087 =( LENGTH_UNIT ( ) NAMED_UNIT ( * ) SI_UNIT ( .MILLI., .METRE. ) );
#8088 =( LENGTH_UNIT ( ) NAMED_UNIT ( * ) SI_UNIT ( .MILLI., .METRE. ) );
#8089 = VERTEX_POINT ( 'NONE', #1762 ) ;
#8090 = FILL_AREA_STYLE_COLOUR ( '', #7173 ) ;
#8091 = ADVANCED_FACE ( 'NONE', ( #6169 ), #8654, .T. ) ;
#8092 = DIRECTION ( 'NONE',  ( 0.0000000000000000000, 0.0000000000000000000, -1.000000000000000000 ) ) ;
#8093 = DIRECTION ( 'NONE',  ( 0.0000000000000000000, 0.0000000000000000000, -1.000000000000000000 ) ) ;
#8094 = CARTESIAN_POINT ( 'NONE',  ( -5.992815780368898600, -0.3300052203812341400, 5.383402181232425800 ) ) ;
#8095 = DIRECTION ( 'NONE',  ( -1.000000000000000000, 0.0000000000000000000, 0.0000000000000000000 ) ) ;
#8096 = MECHANICAL_DESIGN_GEOMETRIC_PRESENTATION_REPRESENTATION (  '', ( #6777 ), #1083 ) ;
#8097 = ORIENTED_EDGE ( 'NONE', *, *, #4303, .F. ) ;
#8098 = FILL_AREA_STYLE ('',( #6358 ) ) ;
#8099 = CARTESIAN_POINT ( 'NONE',  ( 17.00000000000000000, 2.328133820953756800, 2.250000000000000000 ) ) ;
#8100 = UNCERTAINTY_MEASURE_WITH_UNIT (LENGTH_MEASURE( 1.000000000000000100E-005 ), #3527, 'distance_accuracy_value', 'NONE');
#8101 = CARTESIAN_POINT ( 'NONE',  ( -24.00000000000000000, -13.42339375865880800, -8.999999999998868500 ) ) ;
#8102 = ORIENTED_EDGE ( 'NONE', *, *, #5181, .F. ) ;
#8103 = CARTESIAN_POINT ( 'NONE',  ( 15.50000000000000000, 1.082359215041371300E-013, 0.0000000000000000000 ) ) ;
#8104 = PLANE ( 'NONE',  #308 ) ;
#8105 = AXIS2_PLACEMENT_3D ( 'NONE', #5996, #5313, #8199 ) ;
#8106 = EDGE_CURVE ( 'NONE', #5930, #2588, #8784, .T. ) ;
#8107 = DIRECTION ( 'NONE',  ( 0.0000000000000000000, -1.000000000000000000, 0.0000000000000000000 ) ) ;
#8108 = CARTESIAN_POINT ( 'NONE',  ( 17.00000000000000000, 1.828133820953756800, -2.250000000000000400 ) ) ;
#8109 = VECTOR ( 'NONE', #250, 1000.000000000000000 ) ;
#8110 = ORIENTED_EDGE ( 'NONE', *, *, #3237, .F. ) ;
#8111 = EDGE_CURVE ( 'NONE', #2608, #8793, #7960, .T. ) ;
#8112 = FILL_AREA_STYLE ('',( #2359 ) ) ;
#8113 = ORIENTED_EDGE ( 'NONE', *, *, #5764, .T. ) ;
#8114 = FACE_BOUND ( 'NONE', #1527, .T. ) ;
#8115 = VECTOR ( 'NONE', #8337, 1000.000000000000000 ) ;
#8116 = FACE_BOUND ( 'NONE', #8145, .T. ) ;
#8117 = VERTEX_POINT ( 'NONE', #3891 ) ;
#8118 = ORIENTED_EDGE ( 'NONE', *, *, #972, .T. ) ;
#8119 = ORIENTED_EDGE ( 'NONE', *, *, #5956, .T. ) ;
#8120 = LINE ( 'NONE', #4224, #1014 ) ;
#8121 = MANIFOLD_SOLID_BREP ( 'Cut-Extrude3', #6480 ) ;
#8122 = DIRECTION ( 'NONE',  ( 0.0000000000000000000, 1.000000000000000000, 0.0000000000000000000 ) ) ;
#8123 = CARTESIAN_POINT ( 'NONE',  ( 35.86999999999999700, -1.249999999999998200, -12.05000000000000100 ) ) ;
#8124 = FILL_AREA_STYLE ('',( #8562 ) ) ;
#8125 = VERTEX_POINT ( 'NONE', #2744 ) ;
#8126 =( NAMED_UNIT ( * ) PLANE_ANGLE_UNIT ( ) SI_UNIT ( $, .RADIAN. ) );
#8127 = LINE ( 'NONE', #2800, #5548 ) ;
#8128 = ORIENTED_EDGE ( 'NONE', *, *, #1281, .F. ) ;
#8129 = VERTEX_POINT ( 'NONE', #3456 ) ;
#8130 = DIRECTION ( 'NONE',  ( -0.0000000000000000000, -1.000000000000000000, -0.0000000000000000000 ) ) ;
#8131 = CIRCLE ( 'NONE', #3999, 5.000000000000000000 ) ;
#8132 = EDGE_CURVE ( 'NONE', #8592, #5858, #1197, .T. ) ;
#8133 = AXIS2_PLACEMENT_3D ( 'NONE', #169, #5494, #4777 ) ;
#8134 = AXIS2_PLACEMENT_3D ( 'NONE', #7518, #6359, #8250 ) ;
#8135 = SURFACE_STYLE_USAGE ( .BOTH. , #8707 ) ;
#8136 = FACE_BOUND ( 'NONE', #8834, .T. ) ;
#8137 = PRESENTATION_STYLE_ASSIGNMENT (( #2794 ) ) ;
#8138 = ORIENTED_EDGE ( 'NONE', *, *, #4764, .T. ) ;
#8139 = CARTESIAN_POINT ( 'NONE',  ( 6.005683964081104200, 2.239787194412715000, -14.72512064222238600 ) ) ;
#8140 =( NAMED_UNIT ( * ) PLANE_ANGLE_UNIT ( ) SI_UNIT ( $, .RADIAN. ) );
#8141 = ORIENTED_EDGE ( 'NONE', *, *, #6679, .T. ) ;
#8142 = ORIENTED_EDGE ( 'NONE', *, *, #441, .F. ) ;
#8143 = LINE ( 'NONE', #1677, #8626 ) ;
#8144 = COLOUR_RGB ( '',1.000000000000000000, 1.000000000000000000, 1.000000000000000000 ) ;
#8145 = EDGE_LOOP ( 'NONE', ( #2630, #8061 ) ) ;
#8146 = CARTESIAN_POINT ( 'NONE',  ( -2.985691635112557300, 0.3303861670773015600, 7.816652467050015000 ) ) ;
#8147 = SURFACE_SIDE_STYLE ('',( #2938 ) ) ;
#8148 = AXIS2_PLACEMENT_3D ( 'NONE', #4902, #6053, #3043 ) ;
#8149 = ORIENTED_EDGE ( 'NONE', *, *, #3722, .T. ) ;
#8150 = CARTESIAN_POINT ( 'NONE',  ( 0.0000000000000000000, 0.1799999999999822600, 5.090000000000000700 ) ) ;
#8151 = CARTESIAN_POINT ( 'NONE',  ( -25.00000000000000000, 15.49999999999999800, -1.951563910473908000E-015 ) ) ;
#8152 = AXIS2_PLACEMENT_3D ( 'NONE', #4095, #6825, #2923 ) ;
#8153 = EDGE_LOOP ( 'NONE', ( #5372, #2846 ) ) ;
#8154 = ITEM_DEFINED_TRANSFORMATION ( 'NONE', 'NONE', #4036,  #3481 ) ;
#8155 = EDGE_LOOP ( 'NONE', ( #2388, #44, #868, #8053 ) ) ;
#8156 = ADVANCED_FACE ( 'NONE', ( #7489 ), #351, .F. ) ;
#8157 = CARTESIAN_POINT ( 'NONE',  ( -5.881677493222344600, 1.186126370351686900, 7.002913886768642000 ) ) ;
#8158 = AXIS2_PLACEMENT_3D ( 'NONE', #4910, #1369, #6361 ) ;
#8159 = DIRECTION ( 'NONE',  ( -0.0000000000000000000, 0.0000000000000000000, 1.000000000000000000 ) ) ;
#8160 = DIRECTION ( 'NONE',  ( -0.0000000000000000000, -1.149055390210327300E-016, 1.000000000000000000 ) ) ;
#8161 =( NAMED_UNIT ( * ) SI_UNIT ( $, .STERADIAN. ) SOLID_ANGLE_UNIT ( ) );
#8162 = ORIENTED_EDGE ( 'NONE', *, *, #6760, .T. ) ;
#8163 = ORIENTED_EDGE ( 'NONE', *, *, #8037, .T. ) ;
#8164 = DIRECTION ( 'NONE',  ( -1.000000000000000000, 0.0000000000000000000, 0.0000000000000000000 ) ) ;
#8165 = EDGE_CURVE ( 'NONE', #843, #5212, #3896, .T. ) ;
#8166 = DIRECTION ( 'NONE',  ( 0.0000000000000000000, 0.0000000000000000000, -1.000000000000000000 ) ) ;
#8167 = CIRCLE ( 'NONE', #6938, 1.650000000000002100 ) ;
#8168 = PLANE ( 'NONE',  #8634 ) ;
#8169 = VECTOR ( 'NONE', #8451, 1000.000000000000000 ) ;
#8170 = SURFACE_STYLE_USAGE ( .BOTH. , #298 ) ;
#8171 = CARTESIAN_POINT ( 'NONE',  ( 2.949029909160572100E-014, 7.925000000000003400, 4.799999999999999800 ) ) ;
#8172 = ORIENTED_EDGE ( 'NONE', *, *, #7827, .F. ) ;
#8173 = ORIENTED_EDGE ( 'NONE', *, *, #2940, .F. ) ;
#8174 = PRODUCT_DEFINITION_FORMATION_WITH_SPECIFIED_SOURCE ( 'ANY', '', #3650, .NOT_KNOWN. ) ;
#8175 =( LENGTH_UNIT ( ) NAMED_UNIT ( * ) SI_UNIT ( .MILLI., .METRE. ) );
#8176 = CARTESIAN_POINT ( 'NONE',  ( 17.00000000000000000, 2.828133820953756800, 0.7499999999999998900 ) ) ;
#8177 =( GEOMETRIC_REPRESENTATION_CONTEXT ( 3 ) GLOBAL_UNCERTAINTY_ASSIGNED_CONTEXT ( ( #5073 ) ) GLOBAL_UNIT_ASSIGNED_CONTEXT ( ( #6876, #7745, #3268 ) ) REPRESENTATION_CONTEXT ( 'NONE', 'WORKASPACE' ) );
#8178 = FACE_OUTER_BOUND ( 'NONE', #2635, .T. ) ;
#8179 = CARTESIAN_POINT ( 'NONE',  ( 1.119685152675939400E-015, -17.75000000000000700, 0.0000000000000000000 ) ) ;
#8180 = CARTESIAN_POINT ( 'NONE',  ( 15.60000000000015100, -18.79999999999999700, 6.299999999999992700 ) ) ;
#8181 = DIRECTION ( 'NONE',  ( -1.000000000000000000, -1.219727444046192700E-016, 0.0000000000000000000 ) ) ;
#8182 = FACE_OUTER_BOUND ( 'NONE', #4935, .T. ) ;
#8183 = CIRCLE ( 'NONE', #734, 2.999999999999999600 ) ;
#8184 = ADVANCED_FACE ( 'NONE', ( #645 ), #3607, .T. ) ;
#8185 = CYLINDRICAL_SURFACE ( 'NONE', #3360, 1.600000000000004100 ) ;
#8186 = CARTESIAN_POINT ( 'NONE',  ( 5.030129716582378000, 5.078133820953755000, 0.0000000000000000000 ) ) ;
#8187 = FACE_BOUND ( 'NONE', #6848, .T. ) ;
#8188 = EDGE_CURVE ( 'NONE', #5179, #1182, #5837, .T. ) ;
#8189 = EDGE_CURVE ( 'NONE', #2255, #7436, #8829, .T. ) ;
#8190 = AXIS2_PLACEMENT_3D ( 'NONE', #7818, #5071, #1671 ) ;
#8191 = DIRECTION ( 'NONE',  ( -0.0000000000000000000, -1.149055390210327300E-016, 1.000000000000000000 ) ) ;
#8192 = CARTESIAN_POINT ( 'NONE',  ( 0.03012971658237860800, 1.078133820953754800, 0.0000000000000000000 ) ) ;
#8193 = CARTESIAN_POINT ( 'NONE',  ( 2.949029909160572100E-014, 7.925000000000003400, 1.553747252018680800E-015 ) ) ;
#8194 = CARTESIAN_POINT ( 'NONE',  ( 15.60000000000015100, -20.80000000000000100, 27.09999999999999800 ) ) ;
#8195 = VECTOR ( 'NONE', #3, 1000.000000000000000 ) ;
#8196 = ORIENTED_EDGE ( 'NONE', *, *, #2362, .T. ) ;
#8197 =( GEOMETRIC_REPRESENTATION_CONTEXT ( 3 ) GLOBAL_UNCERTAINTY_ASSIGNED_CONTEXT ( ( #2711 ) ) GLOBAL_UNIT_ASSIGNED_CONTEXT ( ( #6896, #8773, #2308 ) ) REPRESENTATION_CONTEXT ( 'NONE', 'WORKASPACE' ) );
#8198 = PRESENTATION_STYLE_ASSIGNMENT (( #753 ) ) ;
#8199 = DIRECTION ( 'NONE',  ( 0.0000000000000000000, 0.0000000000000000000, -1.000000000000000000 ) ) ;
#8200 = DIRECTION ( 'NONE',  ( -1.000000000000000000, -0.0000000000000000000, -0.0000000000000000000 ) ) ;
#8201 = DIRECTION ( 'NONE',  ( 0.5475537709387658900, -0.1431106446771746000, -0.8244417573793924000 ) ) ;
#8202 = PRODUCT_DEFINITION_CONTEXT ( 'detailed design', #8623, 'design' ) ;
#8203 = CARTESIAN_POINT ( 'NONE',  ( 31.00000000000000000, -6.999999999999998200, 0.0000000000000000000 ) ) ;
#8204 =( LENGTH_UNIT ( ) NAMED_UNIT ( * ) SI_UNIT ( .MILLI., .METRE. ) );
#8205 = CARTESIAN_POINT ( 'NONE',  ( 17.00000000000000000, 2.328133820953756800, 3.750000000000000000 ) ) ;
#8206 = ORIENTED_EDGE ( 'NONE', *, *, #7201, .T. ) ;
#8207 = PLANE ( 'NONE',  #1860 ) ;
#8208 = CARTESIAN_POINT ( 'NONE',  ( 5.000000000000000900, -5.204748896376250900E-015, 0.0000000000000000000 ) ) ;
#8209 = CARTESIAN_POINT ( 'NONE',  ( -6.100000000000158600, 13.42339375865871200, 51.20100000000000100 ) ) ;
#8210 = CARTESIAN_POINT ( 'NONE',  ( 15.60000000000015100, -18.79999999999999700, 12.69999999999999600 ) ) ;
#8211 = ORIENTED_EDGE ( 'NONE', *, *, #3032, .F. ) ;
#8212 = DIRECTION ( 'NONE',  ( 1.445602896647339700E-016, -1.000000000000000000, 0.0000000000000000000 ) ) ;
#8213 = DIRECTION ( 'NONE',  ( 0.0000000000000000000, -1.000000000000000000, -1.149055390210327300E-016 ) ) ;
#8214 = CARTESIAN_POINT ( 'NONE',  ( -18.79999999999984800, -18.79999999999999700, 2.000000000000000000 ) ) ;
#8215 = DIRECTION ( 'NONE',  ( -0.0000000000000000000, -1.149055390210327300E-016, 1.000000000000000000 ) ) ;
#8216 = FACE_OUTER_BOUND ( 'NONE', #7987, .T. ) ;
#8217 = ORIENTED_EDGE ( 'NONE', *, *, #3874, .T. ) ;
#8218 = DIRECTION ( 'NONE',  ( 0.0000000000000000000, 0.0000000000000000000, 1.000000000000000000 ) ) ;
#8219 = AXIS2_PLACEMENT_3D ( 'NONE', #6684, #6238, #5661 ) ;
#8220 = EDGE_LOOP ( 'NONE', ( #6912, #4978 ) ) ;
#8221 = CARTESIAN_POINT ( 'NONE',  ( -3.000000000000000000, 1.530757073763571900E-016, 3.649999999999998600 ) ) ;
#8222 = EDGE_CURVE ( 'NONE', #622, #1313, #2375, .T. ) ;
#8223 = VECTOR ( 'NONE', #7449, 1000.000000000000000 ) ;
#8224 = VERTEX_POINT ( 'NONE', #2233 ) ;
#8225 = VECTOR ( 'NONE', #6276, 1000.000000000000000 ) ;
#8226 = DIRECTION ( 'NONE',  ( 1.000000000000000000, -0.0000000000000000000, -0.0000000000000000000 ) ) ;
#8227 = ADVANCED_FACE ( 'NONE', ( #3511 ), #8455, .T. ) ;
#8228 = CARTESIAN_POINT ( 'NONE',  ( 0.0000000000000000000, 5.000000000000000000, 0.0000000000000000000 ) ) ;
#8229 = DIRECTION ( 'NONE',  ( 0.0000000000000000000, -1.000000000000000000, 0.0000000000000000000 ) ) ;
#8230 = ORIENTED_EDGE ( 'NONE', *, *, #6028, .F. ) ;
#8231 = DIRECTION ( 'NONE',  ( 0.0000000000000000000, 0.0000000000000000000, -1.000000000000000000 ) ) ;
#8232 = ORIENTED_EDGE ( 'NONE', *, *, #6733, .F. ) ;
#8233 = EDGE_CURVE ( 'NONE', #4006, #4987, #3634, .T. ) ;
#8234 = EDGE_LOOP ( 'NONE', ( #7838, #3470, #6092, #3610 ) ) ;
#8235 = MECHANICAL_DESIGN_GEOMETRIC_PRESENTATION_REPRESENTATION (  '', ( #946 ), #8785 ) ;
#8236 = DIRECTION ( 'NONE',  ( 0.0000000000000000000, 0.0000000000000000000, -1.000000000000000000 ) ) ;
#8237 = ADVANCED_FACE ( 'NONE', ( #3065 ), #1513, .F. ) ;
#8238 = EDGE_CURVE ( 'NONE', #5107, #3090, #7678, .T. ) ;
#8239 = DIRECTION ( 'NONE',  ( -0.0000000000000000000, 1.000000000000000000, -0.0000000000000000000 ) ) ;
#8240 = EDGE_LOOP ( 'NONE', ( #1290, #6556 ) ) ;
#8241 =( LENGTH_UNIT ( ) NAMED_UNIT ( * ) SI_UNIT ( .MILLI., .METRE. ) );
#8242 = CARTESIAN_POINT ( 'NONE',  ( 15.60000000000015100, -20.80000000000000100, 12.69999999999999600 ) ) ;
#8243 = LINE ( 'NONE', #805, #10 ) ;
#8244 = CARTESIAN_POINT ( 'NONE',  ( 15.60000000000015100, 18.80100000000015100, 47.90000000000000600 ) ) ;
#8245 = AXIS2_PLACEMENT_3D ( 'NONE', #6278, #7442, #8467 ) ;
#8246 = DIRECTION ( 'NONE',  ( 0.0000000000000000000, 0.0000000000000000000, 1.000000000000000000 ) ) ;
#8247 = EDGE_LOOP ( 'NONE', ( #1066, #5514, #2515, #5239 ) ) ;
#8248 = ORIENTED_EDGE ( 'NONE', *, *, #7408, .T. ) ;
#8249 =( GEOMETRIC_REPRESENTATION_CONTEXT ( 3 ) GLOBAL_UNCERTAINTY_ASSIGNED_CONTEXT ( ( #2502 ) ) GLOBAL_UNIT_ASSIGNED_CONTEXT ( ( #4680, #6419, #1560 ) ) REPRESENTATION_CONTEXT ( 'NONE', 'WORKASPACE' ) );
#8250 = DIRECTION ( 'NONE',  ( 0.0000000000000000000, 0.0000000000000000000, -1.000000000000000000 ) ) ;
#8251 = SURFACE_STYLE_USAGE ( .BOTH. , #6950 ) ;
#8252 = ORIENTED_EDGE ( 'NONE', *, *, #1582, .T. ) ;
#8253 = CARTESIAN_POINT ( 'NONE',  ( -20.50000000000000000, 0.0000000000000000000, 0.0000000000000000000 ) ) ;
#8254 = AXIS2_PLACEMENT_3D ( 'NONE', #5991, #6676, #975 ) ;
#8255 = ORIENTED_EDGE ( 'NONE', *, *, #8863, .F. ) ;
#8256 = EDGE_LOOP ( 'NONE', ( #6534, #2381, #4749, #5531 ) ) ;
#8257 = CIRCLE ( 'NONE', #6366, 6.600000000000001400 ) ;
#8258 = EDGE_LOOP ( 'NONE', ( #2654, #268, #6272, #4831 ) ) ;
#8259 = DIRECTION ( 'NONE',  ( 0.0000000000000000000, 0.0000000000000000000, 1.000000000000000000 ) ) ;
#8260 =( GEOMETRIC_REPRESENTATION_CONTEXT ( 3 ) GLOBAL_UNCERTAINTY_ASSIGNED_CONTEXT ( ( #4213 ) ) GLOBAL_UNIT_ASSIGNED_CONTEXT ( ( #3855, #6592, #2293 ) ) REPRESENTATION_CONTEXT ( 'NONE', 'WORKASPACE' ) );
#8261 = CARTESIAN_POINT ( 'NONE',  ( -7.749999999999968900, -13.42339375865881700, 0.0000000000000000000 ) ) ;
#8262 = EDGE_CURVE ( 'NONE', #3331, #7941, #783, .T. ) ;
#8263 = CYLINDRICAL_SURFACE ( 'NONE', #3998, 3.000000000000000000 ) ;
#8264 = AXIS2_PLACEMENT_3D ( 'NONE', #3253, #300, #1568 ) ;
#8265 = VERTEX_POINT ( 'NONE', #2508 ) ;
#8266 =( LENGTH_UNIT ( ) NAMED_UNIT ( * ) SI_UNIT ( .MILLI., .METRE. ) );
#8267 = ORIENTED_EDGE ( 'NONE', *, *, #5267, .F. ) ;
#8268 = ORIENTED_EDGE ( 'NONE', *, *, #1990, .T. ) ;
#8269 = STYLED_ITEM ( 'NONE', ( #1419 ), #3709 ) ;
#8270 = FACE_OUTER_BOUND ( 'NONE', #2244, .T. ) ;
#8271 = CARTESIAN_POINT ( 'NONE',  ( 15.60000000000015100, -20.80000000000000100, 19.09999999999999400 ) ) ;
#8272 = EDGE_CURVE ( 'NONE', #8606, #2253, #2565, .T. ) ;
#8273 = VECTOR ( 'NONE', #7823, 1000.000000000000000 ) ;
#8274 = FACE_OUTER_BOUND ( 'NONE', #5820, .T. ) ;
#8275 = ORIENTED_EDGE ( 'NONE', *, *, #5243, .F. ) ;
#8276 = CARTESIAN_POINT ( 'NONE',  ( 17.00000000000000000, 2.328133820953756800, -2.250000000000000400 ) ) ;
#8277 = CYLINDRICAL_SURFACE ( 'NONE', #2975, 0.5000000000000000000 ) ;
#8278 = CIRCLE ( 'NONE', #827, 1.249999999999998400 ) ;
#8279 = ORIENTED_EDGE ( 'NONE', *, *, #4262, .F. ) ;
#8280 = ORIENTED_EDGE ( 'NONE', *, *, #6854, .T. ) ;
#8281 = FILL_AREA_STYLE ('',( #7697 ) ) ;
#8282 = ORIENTED_EDGE ( 'NONE', *, *, #8222, .F. ) ;
#8283 = DIRECTION ( 'NONE',  ( 0.0000000000000000000, 0.0000000000000000000, 1.000000000000000000 ) ) ;
#8284 = AXIS2_PLACEMENT_3D ( 'NONE', #1975, #2530, #562 ) ;
#8285 = ORIENTED_EDGE ( 'NONE', *, *, #3582, .F. ) ;
#8286 = ORIENTED_EDGE ( 'NONE', *, *, #8454, .T. ) ;
#8287 = PRODUCT_CONTEXT ( 'NONE', #6842, 'mechanical' ) ;
#8288 =( LENGTH_UNIT ( ) NAMED_UNIT ( * ) SI_UNIT ( .MILLI., .METRE. ) );
#8289 = ORIENTED_EDGE ( 'NONE', *, *, #6207, .T. ) ;
#8290 =( LENGTH_UNIT ( ) NAMED_UNIT ( * ) SI_UNIT ( .MILLI., .METRE. ) );
#8291 = AXIS2_PLACEMENT_3D ( 'NONE', #2507, #6668, #1510 ) ;
#8292 = AXIS2_PLACEMENT_3D ( 'NONE', #2102, #6683, #7396 ) ;
#8293 = AXIS2_PLACEMENT_3D ( 'NONE', #5733, #6309, #5587 ) ;
#8294 = EDGE_CURVE ( 'NONE', #5124, #5107, #1872, .T. ) ;
#8295 = AXIS2_PLACEMENT_3D ( 'NONE', #4377, #7384, #8259 ) ;
#8296 = EDGE_CURVE ( 'NONE', #5578, #5328, #4570, .T. ) ;
#8297 = EDGE_LOOP ( 'NONE', ( #479, #1144, #3371, #1421 ) ) ;
#8298 = ITEM_DEFINED_TRANSFORMATION ( 'NONE', 'NONE', #7496,  #3481 ) ;
#8299 = CARTESIAN_POINT ( 'NONE',  ( 0.0000000000000000000, 5.999999999999998200, 8.400000000000000400 ) ) ;
#8300 = ORIENTED_EDGE ( 'NONE', *, *, #173, .F. ) ;
#8301 = CARTESIAN_POINT ( 'NONE',  ( -24.00000000000000000, -7.000000000000003600, -9.685169074414748300 ) ) ;
#8302 = DIRECTION ( 'NONE',  ( 0.0000000000000000000, 0.0000000000000000000, -1.000000000000000000 ) ) ;
#8303 = ORIENTED_EDGE ( 'NONE', *, *, #7454, .T. ) ;
#8304 = FACE_OUTER_BOUND ( 'NONE', #1956, .T. ) ;
#8305 = DIRECTION ( 'NONE',  ( -1.000000000000000000, -1.219727444046192700E-016, 0.0000000000000000000 ) ) ;
#8306 = VECTOR ( 'NONE', #3335, 1000.000000000000000 ) ;
#8307 = FILL_AREA_STYLE ('',( #6129 ) ) ;
#8308 = DIRECTION ( 'NONE',  ( -0.0000000000000000000, -1.149055390210327300E-016, 1.000000000000000000 ) ) ;
#8309 = CARTESIAN_POINT ( 'NONE',  ( 7.750000000000063100, -13.42339375865876500, -0.0000000000000000000 ) ) ;
#8310 = FILL_AREA_STYLE_COLOUR ( '', #1792 ) ;
#8311 = EDGE_CURVE ( 'NONE', #1528, #2825, #3872, .T. ) ;
#8312 = CYLINDRICAL_SURFACE ( 'NONE', #2579, 1.600000000000004100 ) ;
#8313 = SURFACE_STYLE_FILL_AREA ( #3833 ) ;
#8314 =( REPRESENTATION_RELATIONSHIP ('NONE','NONE', #4393, #470 ) REPRESENTATION_RELATIONSHIP_WITH_TRANSFORMATION ( #2254 )SHAPE_REPRESENTATION_RELATIONSHIP( ) );
#8315 = DIRECTION ( 'NONE',  ( -1.000000000000000000, -0.0000000000000000000, -0.0000000000000000000 ) ) ;
#8316 =( GEOMETRIC_REPRESENTATION_CONTEXT ( 3 ) GLOBAL_UNCERTAINTY_ASSIGNED_CONTEXT ( ( #8732 ) ) GLOBAL_UNIT_ASSIGNED_CONTEXT ( ( #6055, #2491, #3187 ) ) REPRESENTATION_CONTEXT ( 'NONE', 'WORKASPACE' ) );
#8317 = UNCERTAINTY_MEASURE_WITH_UNIT (LENGTH_MEASURE( 1.000000000000000100E-005 ), #5161, 'distance_accuracy_value', 'NONE');
#8318 = CARTESIAN_POINT ( 'NONE',  ( 18.80000000000015300, -18.79999999999999700, 2.000000000000000000 ) ) ;
#8319 = DIRECTION ( 'NONE',  ( -1.000000000000000000, -0.0000000000000000000, -0.0000000000000000000 ) ) ;
#8320 = DIRECTION ( 'NONE',  ( 0.0000000000000000000, 1.000000000000000000, 0.0000000000000000000 ) ) ;
#8321 = DIRECTION ( 'NONE',  ( 1.000000000000000000, 1.219727444046192700E-016, 0.0000000000000000000 ) ) ;
#8322 = DIRECTION ( 'NONE',  ( 0.0000000000000000000, -1.000000000000000000, 0.0000000000000000000 ) ) ;
#8323 = CARTESIAN_POINT ( 'NONE',  ( -14.96987028341762200, 1.078133820953752300, 0.0000000000000000000 ) ) ;
#8324 = AXIS2_PLACEMENT_3D ( 'NONE', #4153, #4142, #7021 ) ;
#8325 = FACE_BOUND ( 'NONE', #7831, .T. ) ;
#8326 = CYLINDRICAL_SURFACE ( 'NONE', #8684, 1.249999999999994200 ) ;
#8327 = ORIENTED_EDGE ( 'NONE', *, *, #2874, .T. ) ;
#8328 = CARTESIAN_POINT ( 'NONE',  ( 0.8865422136078272600, -0.09514391553308644600, 2.757789517611227000 ) ) ;
#8329 = DIRECTION ( 'NONE',  ( 0.0000000000000000000, -1.000000000000000000, 0.0000000000000000000 ) ) ;
#8330 =( NAMED_UNIT ( * ) PLANE_ANGLE_UNIT ( ) SI_UNIT ( $, .RADIAN. ) );
#8331 = EDGE_CURVE ( 'NONE', #5050, #7391, #3483, .T. ) ;
#8332 = FACE_OUTER_BOUND ( 'NONE', #7866, .T. ) ;
#8333 = LINE ( 'NONE', #6155, #3254 ) ;
#8334 = VECTOR ( 'NONE', #7503, 1000.000000000000000 ) ;
#8335 = EDGE_LOOP ( 'NONE', ( #1709, #8303, #7046, #6206 ) ) ;
#8336 = DIRECTION ( 'NONE',  ( 0.0000000000000000000, 0.0000000000000000000, 1.000000000000000000 ) ) ;
#8337 = DIRECTION ( 'NONE',  ( 0.0000000000000000000, 0.0000000000000000000, -1.000000000000000000 ) ) ;
#8338 = DIRECTION ( 'NONE',  ( -1.000000000000000000, -0.0000000000000000000, -0.0000000000000000000 ) ) ;
#8339 = CYLINDRICAL_SURFACE ( 'NONE', #3928, 1.650000000000002100 ) ;
#8340 = AXIS2_PLACEMENT_3D ( 'NONE', #6939, #3040, #8095 ) ;
#8341 = CARTESIAN_POINT ( 'NONE',  ( -25.00000000000000000, -13.42339375865879900, 6.500000000001142200 ) ) ;
#8342 = EDGE_CURVE ( 'NONE', #1844, #2475, #6681, .T. ) ;
#8343 = ORIENTED_EDGE ( 'NONE', *, *, #5677, .T. ) ;
#8344 = ORIENTED_EDGE ( 'NONE', *, *, #8233, .F. ) ;
#8345 = CARTESIAN_POINT ( 'NONE',  ( -24.00000000000000000, 15.49999999999999800, 1.249999999999997300 ) ) ;
#8346 = CYLINDRICAL_SURFACE ( 'NONE', #3564, 2.000000000000000000 ) ;
#8347 = CIRCLE ( 'NONE', #3535, 13.00000000000000200 ) ;
#8348 = CIRCLE ( 'NONE', #232, 1.599999999999997200 ) ;
#8349 = DIRECTION ( 'NONE',  ( -1.000000000000000000, -0.0000000000000000000, -0.0000000000000000000 ) ) ;
#8350 = ORIENTED_EDGE ( 'NONE', *, *, #8726, .F. ) ;
#8351 = VECTOR ( 'NONE', #1456, 1000.000000000000000 ) ;
#8352 = LINE ( 'NONE', #4452, #2181 ) ;
#8353 = LINE ( 'NONE', #49, #1722 ) ;
#8354 = CARTESIAN_POINT ( 'NONE',  ( -7.750000000000157200, 13.42339375865871200, 51.20100000000000100 ) ) ;
#8355 = FACE_BOUND ( 'NONE', #7693, .T. ) ;
#8356 = CARTESIAN_POINT ( 'NONE',  ( -13.00000000000000500, 0.1652835404540989600, 1.149999999999998400 ) ) ;
#8357 = LINE ( 'NONE', #629, #685 ) ;
#8358 = ORIENTED_EDGE ( 'NONE', *, *, #672, .T. ) ;
#8359 = UNCERTAINTY_MEASURE_WITH_UNIT (LENGTH_MEASURE( 1.000000000000000100E-005 ), #7007, 'distance_accuracy_value', 'NONE');
#8360 = EDGE_CURVE ( 'NONE', #6723, #752, #633, .T. ) ;
#8361 = LINE ( 'NONE', #7921, #5448 ) ;
#8362 = CARTESIAN_POINT ( 'NONE',  ( 5.030129716582378000, 4.578133820953755900, 6.123233995736766300E-016 ) ) ;
#8363 = EDGE_CURVE ( 'NONE', #6394, #332, #3570, .T. ) ;
#8364 = ADVANCED_FACE ( 'NONE', ( #1584 ), #4164, .F. ) ;
#8365 = ORIENTED_EDGE ( 'NONE', *, *, #3213, .T. ) ;
#8366 = CIRCLE ( 'NONE', #6765, 1.650000000000002100 ) ;
#8367 = STYLED_ITEM ( 'NONE', ( #1245 ), #5617 ) ;
#8368 = DIRECTION ( 'NONE',  ( -0.0000000000000000000, -1.149055390210327300E-016, 1.000000000000000000 ) ) ;
#8369 = DIRECTION ( 'NONE',  ( -0.0000000000000000000, 1.149055390210327300E-016, -1.000000000000000000 ) ) ;
#8370 = EDGE_LOOP ( 'NONE', ( #4610, #5334, #3509, #2239 ) ) ;
#8371 = DIRECTION ( 'NONE',  ( -1.219727444046192700E-016, 1.000000000000000000, -0.0000000000000000000 ) ) ;
#8372 = CARTESIAN_POINT ( 'NONE',  ( -3.000000000000000400, 0.1671054223428518600, 1.149999999999998400 ) ) ;
#8373 = DIRECTION ( 'NONE',  ( 0.0000000000000000000, 0.0000000000000000000, -1.000000000000000000 ) ) ;
#8374 = DIRECTION ( 'NONE',  ( -0.9397934234884368600, 0.3417430630867044900, 0.0000000000000000000 ) ) ;
#8375 = CARTESIAN_POINT ( 'NONE',  ( 6.599999999999998800, 7.000000000000000900, 2.000000000000001800 ) ) ;
#8376 = EDGE_LOOP ( 'NONE', ( #2389, #2399, #2087, #3618 ) ) ;
#8377 = ADVANCED_FACE ( 'NONE', ( #2290 ), #4297, .F. ) ;
#8378 = SURFACE_STYLE_USAGE ( .BOTH. , #211 ) ;
#8379 = ORIENTED_EDGE ( 'NONE', *, *, #3985, .T. ) ;
#8380 = CARTESIAN_POINT ( 'NONE',  ( -24.00000000000000000, 15.49999999999999800, -1.250000000000001300 ) ) ;
#8381 = EDGE_LOOP ( 'NONE', ( #3518, #840, #1921, #8575 ) ) ;
#8382 = EDGE_CURVE ( 'NONE', #237, #5521, #4846, .T. ) ;
#8383 = ORIENTED_EDGE ( 'NONE', *, *, #1787, .F. ) ;
#8384 = CIRCLE ( 'NONE', #6786, 1.600000000000004100 ) ;
#8385 = CARTESIAN_POINT ( 'NONE',  ( -17.15000000000000200, 0.0000000000000000000, 51.20100000000000100 ) ) ;
#8386 = CARTESIAN_POINT ( 'NONE',  ( -5.999999999999997300, -0.1656262679825010500, 5.349999999999997900 ) ) ;
#8387 = LINE ( 'NONE', #4350, #208 ) ;
#8388 = MECHANICAL_DESIGN_GEOMETRIC_PRESENTATION_REPRESENTATION (  '', ( #5188 ), #3023 ) ;
#8389 = DIRECTION ( 'NONE',  ( -1.000000000000000000, -1.734723475976807100E-016, 0.0000000000000000000 ) ) ;
#8390 = PRODUCT_DEFINITION_SHAPE ( 'NONE', 'NONE',  #8873 ) ;
#8391 = EDGE_CURVE ( 'NONE', #3497, #4433, #6336, .T. ) ;
#8392 = EDGE_LOOP ( 'NONE', ( #5093, #7066, #4927, #4510 ) ) ;
#8393 = PRODUCT_RELATED_PRODUCT_CATEGORY ( 'part', '', ( #715 ) ) ;
#8394 = FACE_OUTER_BOUND ( 'NONE', #8381, .T. ) ;
#8395 = AXIS2_PLACEMENT_3D ( 'NONE', #6870, #3249, #6415 ) ;
#8396 = EDGE_LOOP ( 'NONE', ( #5493, #2781, #2506, #6488 ) ) ;
#8397 =( LENGTH_UNIT ( ) NAMED_UNIT ( * ) SI_UNIT ( .MILLI., .METRE. ) );
#8398 = VECTOR ( 'NONE', #2077, 1000.000000000000000 ) ;
#8399 = FACE_OUTER_BOUND ( 'NONE', #950, .T. ) ;
#8400 = AXIS2_PLACEMENT_3D ( 'NONE', #7118, #1669, #7394 ) ;
#8401 = AXIS2_PLACEMENT_3D ( 'NONE', #8501, #5325, #1060 ) ;
#8402 = EDGE_LOOP ( 'NONE', ( #1128, #5565 ) ) ;
#8403 = PRESENTATION_STYLE_ASSIGNMENT (( #8251 ) ) ;
#8404 = ORIENTED_EDGE ( 'NONE', *, *, #5058, .T. ) ;
#8405 = DIRECTION ( 'NONE',  ( 1.000000000000000000, -0.0000000000000000000, -0.0000000000000000000 ) ) ;
#8406 = FACE_BOUND ( 'NONE', #251, .T. ) ;
#8407 = DIRECTION ( 'NONE',  ( -1.000000000000000000, -7.703719777548944800E-033, -0.0000000000000000000 ) ) ;
#8408 = CARTESIAN_POINT ( 'NONE',  ( -7.969870283417621200, 2.578133820953754500, 0.0000000000000000000 ) ) ;
#8409 = EDGE_CURVE ( 'NONE', #647, #6688, #6150, .T. ) ;
#8410 = DIRECTION ( 'NONE',  ( -1.000000000000000000, -0.0000000000000000000, -0.0000000000000000000 ) ) ;
#8411 = CARTESIAN_POINT ( 'NONE',  ( 0.0000000000000000000, -8.673617379884035500E-016, 6.173195309819862000 ) ) ;
#8412 = EDGE_CURVE ( 'NONE', #7551, #3218, #8058, .T. ) ;
#8413 = ORIENTED_EDGE ( 'NONE', *, *, #8689, .F. ) ;
#8414 = VERTEX_POINT ( 'NONE', #2721 ) ;
#8415 = EDGE_LOOP ( 'NONE', ( #423, #136, #709, #4209, #3487, #3925, #7141, #4457 ) ) ;
#8416 = DIRECTION ( 'NONE',  ( -0.0000000000000000000, 1.149055390210327300E-016, -1.000000000000000000 ) ) ;
#8417 = LINE ( 'NONE', #2652, #1575 ) ;
#8418 = VECTOR ( 'NONE', #1991, 1000.000000000000000 ) ;
#8419 = DIRECTION ( 'NONE',  ( 1.000000000000000000, 6.308085367188390000E-017, 0.0000000000000000000 ) ) ;
#8420 = EDGE_LOOP ( 'NONE', ( #4275, #2550, #6754, #1993 ) ) ;
#8421 = SURFACE_STYLE_FILL_AREA ( #5654 ) ;
#8422 = SURFACE_SIDE_STYLE ('',( #7401 ) ) ;
#8423 = DIRECTION ( 'NONE',  ( -0.0000000000000000000, -0.0000000000000000000, -1.000000000000000000 ) ) ;
#8424 = ORIENTED_EDGE ( 'NONE', *, *, #7522, .T. ) ;
#8425 = ORIENTED_EDGE ( 'NONE', *, *, #6623, .F. ) ;
#8426 = VERTEX_POINT ( 'NONE', #7610 ) ;
#8427 = DIRECTION ( 'NONE',  ( -1.219727444046192500E-016, -1.000000000000000000, 0.0000000000000000000 ) ) ;
#8428 = FILL_AREA_STYLE ('',( #6250 ) ) ;
#8429 = CARTESIAN_POINT ( 'NONE',  ( -24.99999999999999600, -3.469446951953614200E-015, 0.0000000000000000000 ) ) ;
#8430 = ORIENTED_EDGE ( 'NONE', *, *, #6051, .T. ) ;
#8431 = DIRECTION ( 'NONE',  ( 0.0000000000000000000, 0.0000000000000000000, -1.000000000000000000 ) ) ;
#8432 = EDGE_CURVE ( 'NONE', #4638, #5599, #1163, .T. ) ;
#8433 = AXIS2_PLACEMENT_3D ( 'NONE', #1870, #8319, #594 ) ;
#8434 = MECHANICAL_DESIGN_GEOMETRIC_PRESENTATION_REPRESENTATION (  '', ( #7323 ), #8535 ) ;
#8435 = VERTEX_POINT ( 'NONE', #4853 ) ;
#8436 = APPLICATION_PROTOCOL_DEFINITION ( 'draft international standard', 'automotive_design', 1998, #748 ) ;
#8437 = EDGE_LOOP ( 'NONE', ( #2112, #4113, #6650, #4347 ) ) ;
#8438 = AXIS2_PLACEMENT_3D ( 'NONE', #4257, #5398, #278 ) ;
#8439 = PLANE ( 'NONE',  #8831 ) ;
#8440 = CIRCLE ( 'NONE', #4940, 5.000000000000000000 ) ;
#8441 = EDGE_LOOP ( 'NONE', ( #8142, #392 ) ) ;
#8442 = CONTEXT_DEPENDENT_SHAPE_REPRESENTATION ( #2231, #7759 ) ;
#8443 = PLANE ( 'NONE',  #968 ) ;
#8444 = ORIENTED_EDGE ( 'NONE', *, *, #126, .T. ) ;
#8445 = MECHANICAL_DESIGN_GEOMETRIC_PRESENTATION_REPRESENTATION (  '', ( #7112 ), #8822 ) ;
#8446 = FILL_AREA_STYLE_COLOUR ( '', #6671 ) ;
#8447 = DIRECTION ( 'NONE',  ( -1.000000000000000000, -6.308085367188390000E-017, -0.0000000000000000000 ) ) ;
#8448 = UNCERTAINTY_MEASURE_WITH_UNIT (LENGTH_MEASURE( 1.000000000000000100E-005 ), #7415, 'distance_accuracy_value', 'NONE');
#8449 = FACE_OUTER_BOUND ( 'NONE', #4773, .T. ) ;
#8450 = VERTEX_POINT ( 'NONE', #898 ) ;
#8451 = DIRECTION ( 'NONE',  ( 0.0000000000000000000, 0.0000000000000000000, 1.000000000000000000 ) ) ;
#8452 = ORIENTED_EDGE ( 'NONE', *, *, #7317, .F. ) ;
#8453 =( LENGTH_UNIT ( ) NAMED_UNIT ( * ) SI_UNIT ( .MILLI., .METRE. ) );
#8454 = EDGE_CURVE ( 'NONE', #2497, #8585, #3282, .T. ) ;
#8455 = CONICAL_SURFACE ( 'NONE', #4043, 1208.232863989273300, 0.8794185559660870900 ) ;
#8456 = DIRECTION ( 'NONE',  ( -0.0000000000000000000, 1.000000000000000000, -0.0000000000000000000 ) ) ;
#8457 = PRESENTATION_LAYER_ASSIGNMENT (  '', '', ( #5134 ) ) ;
#8458 = DIRECTION ( 'NONE',  ( -0.0000000000000000000, 1.149055390210327300E-016, -1.000000000000000000 ) ) ;
#8459 = CARTESIAN_POINT ( 'NONE',  ( 17.00000000000000000, 2.328133820953756800, -2.250000000000000400 ) ) ;
#8460 = DIRECTION ( 'NONE',  ( -0.0000000000000000000, -0.0000000000000000000, -1.000000000000000000 ) ) ;
#8461 = CYLINDRICAL_SURFACE ( 'NONE', #3886, 1.249999999999994200 ) ;
#8462 = ADVANCED_FACE ( 'NONE', ( #6756 ), #4472, .F. ) ;
#8463 = PRESENTATION_STYLE_ASSIGNMENT (( #5976 ) ) ;
#8464 = PRESENTATION_LAYER_ASSIGNMENT (  '', '', ( #1171 ) ) ;
#8465 = CARTESIAN_POINT ( 'NONE',  ( 7.749999999999874800, 13.42339375865887000, 2.000000000000001800 ) ) ;
#8466 = SURFACE_STYLE_FILL_AREA ( #1728 ) ;
#8467 = DIRECTION ( 'NONE',  ( 0.0000000000000000000, 0.0000000000000000000, 1.000000000000000000 ) ) ;
#8468 =( LENGTH_UNIT ( ) NAMED_UNIT ( * ) SI_UNIT ( .MILLI., .METRE. ) );
#8469 = LINE ( 'NONE', #2564, #2697 ) ;
#8470 = CARTESIAN_POINT ( 'NONE',  ( -25.39999999999996300, 0.0000000000000000000, 1.499999999999999600 ) ) ;
#8471 = CARTESIAN_POINT ( 'NONE',  ( 17.00000000000000000, 2.328133820953756800, 0.7499999999999997800 ) ) ;
#8472 = DIRECTION ( 'NONE',  ( 1.000000000000000000, 1.219727444046192700E-016, 0.0000000000000000000 ) ) ;
#8473 = FILL_AREA_STYLE ('',( #5422 ) ) ;
#8474 = CARTESIAN_POINT ( 'NONE',  ( 18.80000000000015300, -18.79999999999999700, 51.20000000000000300 ) ) ;
#8475 = ADVANCED_FACE ( 'NONE', ( #5440 ), #1155, .T. ) ;
#8476 = PRESENTATION_LAYER_ASSIGNMENT (  '', '', ( #8367 ) ) ;
#8477 = DIRECTION ( 'NONE',  ( 0.1961161351381842100, -0.9805806756909202200, 0.0000000000000000000 ) ) ;
#8478 = AXIS2_PLACEMENT_3D ( 'NONE', #5143, #8618, #735 ) ;
#8479 = SURFACE_SIDE_STYLE ('',( #1995 ) ) ;
#8480 = VERTEX_POINT ( 'NONE', #6381 ) ;
#8481 = EDGE_CURVE ( 'NONE', #978, #2551, #1966, .T. ) ;
#8482 = EDGE_CURVE ( 'NONE', #8414, #2780, #8540, .T. ) ;
#8483 = PRESENTATION_STYLE_ASSIGNMENT (( #4709 ) ) ;
#8484 = LINE ( 'NONE', #4581, #6771 ) ;
#8485 = DIRECTION ( 'NONE',  ( 0.0000000000000000000, 0.0000000000000000000, 1.000000000000000000 ) ) ;
#8486 = DIRECTION ( 'NONE',  ( 0.0000000000000000000, 0.0000000000000000000, -1.000000000000000000 ) ) ;
#8487 = PLANE ( 'NONE',  #2365 ) ;
#8488 = DIRECTION ( 'NONE',  ( 0.0000000000000000000, -1.000000000000000000, 0.0000000000000000000 ) ) ;
#8489 = ORIENTED_EDGE ( 'NONE', *, *, #171, .F. ) ;
#8490 = DIRECTION ( 'NONE',  ( -1.000000000000000000, -6.308085367188390000E-017, -0.0000000000000000000 ) ) ;
#8491 = CARTESIAN_POINT ( 'NONE',  ( -9.454242944073598700E-014, -11.07499999999999600, -1.048337961946529800E-015 ) ) ;
#8492 = CARTESIAN_POINT ( 'NONE',  ( -25.00000000000000000, -1.577021341797097400E-015, -15.50000000000000000 ) ) ;
#8493 = AXIS2_PLACEMENT_3D ( 'NONE', #7752, #3433, #315 ) ;
#8494 = CIRCLE ( 'NONE', #2211, 0.3600000000000001000 ) ;
#8495 = EDGE_CURVE ( 'NONE', #1480, #343, #3256, .T. ) ;
#8496 = CARTESIAN_POINT ( 'NONE',  ( 0.9135550145826626400, 0.6812299393704310800, 2.686727433228566700 ) ) ;
#8497 = ORIENTED_EDGE ( 'NONE', *, *, #2758, .F. ) ;
#8498 = AXIS2_PLACEMENT_3D ( 'NONE', #2158, #3275, #8329 ) ;
#8499 = VECTOR ( 'NONE', #87, 1000.000000000000100 ) ;
#8500 = CARTESIAN_POINT ( 'NONE',  ( -26.50000000000000400, -4.000000000000000900, 0.0000000000000000000 ) ) ;
#8501 = CARTESIAN_POINT ( 'NONE',  ( -24.00000000000000000, -1.577021341797097400E-015, -15.50000000000000000 ) ) ;
#8502 = CARTESIAN_POINT ( 'NONE',  ( -13.00000000000000200, 1.530808409109832400E-016, 3.649999999999998600 ) ) ;
#8503 = DIRECTION ( 'NONE',  ( 0.0000000000000000000, 0.0000000000000000000, 1.000000000000000000 ) ) ;
#8504 =( GEOMETRIC_REPRESENTATION_CONTEXT ( 3 ) GLOBAL_UNCERTAINTY_ASSIGNED_CONTEXT ( ( #4550 ) ) GLOBAL_UNIT_ASSIGNED_CONTEXT ( ( #2929, #5946, #5097 ) ) REPRESENTATION_CONTEXT ( 'NONE', 'WORKASPACE' ) );
#8505 = ORIENTED_EDGE ( 'NONE', *, *, #5740, .F. ) ;
#8506 = CIRCLE ( 'NONE', #3745, 1.599999999999997200 ) ;
#8507 = CARTESIAN_POINT ( 'NONE',  ( -2.745638533331271200, 1.209043735589297600, 2.727844310577045100 ) ) ;
#8508 = VECTOR ( 'NONE', #468, 1000.000000000000000 ) ;
#8509 = PRESENTATION_LAYER_ASSIGNMENT (  '', '', ( #1862 ) ) ;
#8510 = AXIS2_PLACEMENT_3D ( 'NONE', #4394, #5382, #2528 ) ;
#8511 = EDGE_LOOP ( 'NONE', ( #3980, #7314, #2236, #5318 ) ) ;
#8512 = VECTOR ( 'NONE', #2110, 1000.000000000000000 ) ;
#8513 = LINE ( 'NONE', #5745, #3385 ) ;
#8514 = EDGE_CURVE ( 'NONE', #7391, #8517, #528, .T. ) ;
#8515 = DIRECTION ( 'NONE',  ( 0.0000000000000000000, -1.000000000000000000, 0.0000000000000000000 ) ) ;
#8516 = FACE_BOUND ( 'NONE', #6117, .T. ) ;
#8517 = VERTEX_POINT ( 'NONE', #1505 ) ;
#8518 = FILL_AREA_STYLE ('',( #500 ) ) ;
#8519 = EDGE_CURVE ( 'NONE', #7151, #1819, #8348, .T. ) ;
#8520 = VERTEX_POINT ( 'NONE', #3512 ) ;
#8521 = DIRECTION ( 'NONE',  ( -1.000000000000000000, 0.0000000000000000000, 0.0000000000000000000 ) ) ;
#8522 = DIRECTION ( 'NONE',  ( 0.0000000000000000000, -1.000000000000000000, 0.0000000000000000000 ) ) ;
#8523 = AXIS2_PLACEMENT_3D ( 'NONE', #1297, #1711, #1009 ) ;
#8524 = CARTESIAN_POINT ( 'NONE',  ( -15.79999999999985000, -20.80000000000000100, 51.20000000000000300 ) ) ;
#8525 = VERTEX_POINT ( 'NONE', #5922 ) ;
#8526 = UNCERTAINTY_MEASURE_WITH_UNIT (LENGTH_MEASURE( 1.000000000000000100E-005 ), #3424, 'distance_accuracy_value', 'NONE');
#8527 = SURFACE_STYLE_FILL_AREA ( #3472 ) ;
#8528 = DIRECTION ( 'NONE',  ( 0.0000000000000000000, 0.0000000000000000000, -1.000000000000000000 ) ) ;
#8529 = EDGE_CURVE ( 'NONE', #3085, #4971, #8688, .T. ) ;
#8530 = EDGE_CURVE ( 'NONE', #343, #1480, #667, .T. ) ;
#8531 = ORIENTED_EDGE ( 'NONE', *, *, #1632, .T. ) ;
#8532 = VECTOR ( 'NONE', #6006, 1000.000000000000000 ) ;
#8533 = ORIENTED_EDGE ( 'NONE', *, *, #7188, .T. ) ;
#8534 = DIRECTION ( 'NONE',  ( 1.000000000000000000, 1.219727444046192700E-016, 0.0000000000000000000 ) ) ;
#8535 =( GEOMETRIC_REPRESENTATION_CONTEXT ( 3 ) GLOBAL_UNCERTAINTY_ASSIGNED_CONTEXT ( ( #7778 ) ) GLOBAL_UNIT_ASSIGNED_CONTEXT ( ( #8266, #6072, #5512 ) ) REPRESENTATION_CONTEXT ( 'NONE', 'WORKASPACE' ) );
#8536 = AXIS2_PLACEMENT_3D ( 'NONE', #763, #8490, #1314 ) ;
#8537 = ORIENTED_EDGE ( 'NONE', *, *, #1898, .F. ) ;
#8538 = PLANE ( 'NONE',  #602 ) ;
#8539 = LINE ( 'NONE', #3188, #3643 ) ;
#8540 = LINE ( 'NONE', #1935, #5506 ) ;
#8541 = AXIS2_PLACEMENT_3D ( 'NONE', #3228, #7705, #8431 ) ;
#8542 = ADVANCED_FACE ( 'NONE', ( #3934, #1943, #4911, #6953, #5637, #8116, #7821, #105 ), #3635, .T. ) ;
#8543 = COLOUR_RGB ( '',0.8980392156862745400, 0.9215686274509803400, 0.9294117647058823800 ) ;
#8544 = ORIENTED_EDGE ( 'NONE', *, *, #8495, .F. ) ;
#8545 = ORIENTED_EDGE ( 'NONE', *, *, #7062, .T. ) ;
#8546 = DIRECTION ( 'NONE',  ( 0.0000000000000000000, -1.000000000000000000, 0.0000000000000000000 ) ) ;
#8547 = AXIS2_PLACEMENT_3D ( 'NONE', #2030, #7042, #8213 ) ;
#8548 = DIRECTION ( 'NONE',  ( 1.000000000000000000, 1.219727444046192700E-016, 0.0000000000000000000 ) ) ;
#8549 = VECTOR ( 'NONE', #459, 1000.000000000000000 ) ;
#8550 = CYLINDRICAL_SURFACE ( 'NONE', #2763, 1.650000000000002100 ) ;
#8551 = CARTESIAN_POINT ( 'NONE',  ( -25.00000000000000000, -13.42339375865879900, 7.750000000001130700 ) ) ;
#8552 =( GEOMETRIC_REPRESENTATION_CONTEXT ( 3 ) GLOBAL_UNCERTAINTY_ASSIGNED_CONTEXT ( ( #7447 ) ) GLOBAL_UNIT_ASSIGNED_CONTEXT ( ( #4418, #5550, #2410 ) ) REPRESENTATION_CONTEXT ( 'NONE', 'WORKASPACE' ) );
#8553 = ADVANCED_FACE ( 'NONE', ( #8399 ), #8550, .F. ) ;
#8554 = ORIENTED_EDGE ( 'NONE', *, *, #1632, .F. ) ;
#8555 = EDGE_LOOP ( 'NONE', ( #1350, #691, #2522, #2881 ) ) ;
#8556 = EDGE_LOOP ( 'NONE', ( #924, #1825, #124, #4094 ) ) ;
#8557 = MECHANICAL_DESIGN_GEOMETRIC_PRESENTATION_REPRESENTATION (  '', ( #5190 ), #5608 ) ;
#8558 = FACE_OUTER_BOUND ( 'NONE', #1788, .T. ) ;
#8559 = CIRCLE ( 'NONE', #1366, 0.5000000000000000000 ) ;
#8560 = CYLINDRICAL_SURFACE ( 'NONE', #7067, 0.5000000000000000000 ) ;
#8561 = FACE_OUTER_BOUND ( 'NONE', #6977, .T. ) ;
#8562 = FILL_AREA_STYLE_COLOUR ( '', #6946 ) ;
#8563 = ORIENTED_EDGE ( 'NONE', *, *, #6305, .F. ) ;
#8564 = CARTESIAN_POINT ( 'NONE',  ( -1.742014973993182900, -0.4218661790462451300, -12.05000000000000100 ) ) ;
#8565 = CARTESIAN_POINT ( 'NONE',  ( -31.50000000000000000, -6.999999999999998200, 0.0000000000000000000 ) ) ;
#8566 = ORIENTED_EDGE ( 'NONE', *, *, #8704, .T. ) ;
#8567 = APPLICATION_CONTEXT ( 'automotive_design' ) ;
#8568 = FACE_OUTER_BOUND ( 'NONE', #1454, .T. ) ;
#8569 = ADVANCED_FACE ( 'NONE', ( #4641 ), #8560, .T. ) ;
#8570 = DIRECTION ( 'NONE',  ( 0.0000000000000000000, 0.0000000000000000000, -1.000000000000000000 ) ) ;
#8571 = SURFACE_SIDE_STYLE ('',( #3069 ) ) ;
#8572 = MECHANICAL_DESIGN_GEOMETRIC_PRESENTATION_REPRESENTATION (  '', ( #1166 ), #787 ) ;
#8573 = VERTEX_POINT ( 'NONE', #2509 ) ;
#8574 = CARTESIAN_POINT ( 'NONE',  ( 9.400000000000066100, -13.42339375865876500, 2.000000000000001800 ) ) ;
#8575 = ORIENTED_EDGE ( 'NONE', *, *, #2978, .F. ) ;
#8576 = ORIENTED_EDGE ( 'NONE', *, *, #2549, .T. ) ;
#8577 = FILL_AREA_STYLE_COLOUR ( '', #1408 ) ;
#8578 = VECTOR ( 'NONE', #4513, 1000.000000000000100 ) ;
#8579 = LINE ( 'NONE', #3079, #4197 ) ;
#8580 = VECTOR ( 'NONE', #7634, 1000.000000000000000 ) ;
#8581 = STYLED_ITEM ( 'NONE', ( #5184 ), #8121 ) ;
#8582 = EDGE_CURVE ( 'NONE', #5624, #6600, #8846, .T. ) ;
#8583 = ORIENTED_EDGE ( 'NONE', *, *, #236, .T. ) ;
#8584 = SHAPE_DEFINITION_REPRESENTATION ( #915, #5719 ) ;
#8585 = VERTEX_POINT ( 'NONE', #4227 ) ;
#8586 = CARTESIAN_POINT ( 'NONE',  ( -8.500000000000000000, 2.399999999999999500, -1.800000000000000300 ) ) ;
#8587 = CARTESIAN_POINT ( 'NONE',  ( 15.60000000000015100, -20.80000000000000100, 7.899999999999997700 ) ) ;
#8588 =( NAMED_UNIT ( * ) SI_UNIT ( $, .STERADIAN. ) SOLID_ANGLE_UNIT ( ) );
#8589 = ORIENTED_EDGE ( 'NONE', *, *, #8810, .T. ) ;
#8590 = CONTEXT_DEPENDENT_SHAPE_REPRESENTATION ( #786, #6228 ) ;
#8591 = SURFACE_STYLE_USAGE ( .BOTH. , #2398 ) ;
#8592 = VERTEX_POINT ( 'NONE', #3945 ) ;
#8593 = CIRCLE ( 'NONE', #1829, 1.000000000000008000 ) ;
#8594 = CARTESIAN_POINT ( 'NONE',  ( -5.875645812392039400, 1.216893427121906300, 6.271118810987211100 ) ) ;
#8595 = EDGE_CURVE ( 'NONE', #1554, #3463, #6214, .T. ) ;
#8596 = FILL_AREA_STYLE ('',( #7424 ) ) ;
#8597 = EDGE_CURVE ( 'NONE', #5328, #4820, #6373, .T. ) ;
#8598 = EDGE_LOOP ( 'NONE', ( #5919, #3099, #7527, #6815 ) ) ;
#8599 = CARTESIAN_POINT ( 'NONE',  ( 15.60000000000015100, 18.80100000000015100, 46.30000000000000400 ) ) ;
#8600 = ORIENTED_EDGE ( 'NONE', *, *, #7333, .F. ) ;
#8601 = DIRECTION ( 'NONE',  ( -0.0000000000000000000, 1.149055390210327300E-016, -1.000000000000000000 ) ) ;
#8602 = DIRECTION ( 'NONE',  ( -1.000000000000000000, -0.0000000000000000000, -0.0000000000000000000 ) ) ;
#8603 = FILL_AREA_STYLE ('',( #5604 ) ) ;
#8604 = MECHANICAL_DESIGN_GEOMETRIC_PRESENTATION_REPRESENTATION (  '', ( #102 ), #1043 ) ;
#8605 = PRESENTATION_STYLE_ASSIGNMENT (( #3106 ) ) ;
#8606 = VERTEX_POINT ( 'NONE', #8855 ) ;
#8607 = SURFACE_SIDE_STYLE ('',( #2413 ) ) ;
#8608 = SURFACE_SIDE_STYLE ('',( #12 ) ) ;
#8609 = FILL_AREA_STYLE_COLOUR ( '', #2458 ) ;
#8610 =( GEOMETRIC_REPRESENTATION_CONTEXT ( 3 ) GLOBAL_UNCERTAINTY_ASSIGNED_CONTEXT ( ( #3696 ) ) GLOBAL_UNIT_ASSIGNED_CONTEXT ( ( #2717, #7035, #896 ) ) REPRESENTATION_CONTEXT ( 'NONE', 'WORKASPACE' ) );
#8611 = DIRECTION ( 'NONE',  ( 0.0000000000000000000, 0.0000000000000000000, 1.000000000000000000 ) ) ;
#8612 = CARTESIAN_POINT ( 'NONE',  ( -15.59999999999984900, 18.80100000000015100, 31.90000000000000600 ) ) ;
#8613 =( NAMED_UNIT ( * ) PLANE_ANGLE_UNIT ( ) SI_UNIT ( $, .RADIAN. ) );
#8614 =( NAMED_UNIT ( * ) PLANE_ANGLE_UNIT ( ) SI_UNIT ( $, .RADIAN. ) );
#8615 = CARTESIAN_POINT ( 'NONE',  ( 12.00000000000000000, 2.828133820953756300, -3.750000000000000000 ) ) ;
#8616 =( NAMED_UNIT ( * ) PLANE_ANGLE_UNIT ( ) SI_UNIT ( $, .RADIAN. ) );
#8617 = EDGE_CURVE ( 'NONE', #1192, #8592, #8673, .T. ) ;
#8618 = DIRECTION ( 'NONE',  ( -0.0000000000000000000, 1.000000000000000000, -0.0000000000000000000 ) ) ;
#8619 = CARTESIAN_POINT ( 'NONE',  ( -11.00000000000000000, 1.078133820953753400, -2.000000000000000000 ) ) ;
#8620 = DIRECTION ( 'NONE',  ( 0.0000000000000000000, 0.0000000000000000000, 1.000000000000000000 ) ) ;
#8621 =( NAMED_UNIT ( * ) SI_UNIT ( $, .STERADIAN. ) SOLID_ANGLE_UNIT ( ) );
#8622 = CIRCLE ( 'NONE', #5885, 1.599999999999997200 ) ;
#8623 = APPLICATION_CONTEXT ( 'automotive_design' ) ;
#8624 = FACE_OUTER_BOUND ( 'NONE', #1243, .T. ) ;
#8625 = AXIS2_PLACEMENT_3D ( 'NONE', #1840, #570, #3241 ) ;
#8626 = VECTOR ( 'NONE', #6691, 1000.000000000000000 ) ;
#8627 = ADVANCED_FACE ( 'NONE', ( #687 ), #2648, .T. ) ;
#8628 = ORIENTED_EDGE ( 'NONE', *, *, #2587, .F. ) ;
#8629 = LINE ( 'NONE', #6004, #8115 ) ;
#8630 = LINE ( 'NONE', #335, #916 ) ;
#8631 = CARTESIAN_POINT ( 'NONE',  ( -24.00000000000000000, 13.42339375865879700, -7.750000000000000000 ) ) ;
#8632 = SURFACE_SIDE_STYLE ('',( #1448 ) ) ;
#8633 = DIRECTION ( 'NONE',  ( -1.000000000000000000, -6.308085367188390000E-017, 0.0000000000000000000 ) ) ;
#8634 = AXIS2_PLACEMENT_3D ( 'NONE', #3096, #8159, #3812 ) ;
#8635 = ORIENTED_EDGE ( 'NONE', *, *, #5899, .F. ) ;
#8636 = MECHANICAL_DESIGN_GEOMETRIC_PRESENTATION_REPRESENTATION (  '', ( #8060 ), #7020 ) ;
#8637 = CARTESIAN_POINT ( 'NONE',  ( -24.00000000000000000, 15.49999999999999800, -1.951563910473908000E-015 ) ) ;
#8638 =( NAMED_UNIT ( * ) SI_UNIT ( $, .STERADIAN. ) SOLID_ANGLE_UNIT ( ) );
#8639 = DIRECTION ( 'NONE',  ( 0.0000000000000000000, 1.000000000000000000, 0.0000000000000000000 ) ) ;
#8640 = CARTESIAN_POINT ( 'NONE',  ( 17.00000000000000000, 2.828133820953756800, 2.250000000000000000 ) ) ;
#8641 = ORIENTED_EDGE ( 'NONE', *, *, #1787, .T. ) ;
#8642 = SURFACE_STYLE_FILL_AREA ( #1321 ) ;
#8643 = PLANE ( 'NONE',  #8547 ) ;
#8644 = DIRECTION ( 'NONE',  ( 0.0000000000000000000, -1.000000000000000000, 0.0000000000000000000 ) ) ;
#8645 = STYLED_ITEM ( 'NONE', ( #2969 ), #85 ) ;
#8646 = EDGE_CURVE ( 'NONE', #8525, #5940, #3590, .T. ) ;
#8647 = ORIENTED_EDGE ( 'NONE', *, *, #5038, .F. ) ;
#8648 = UNCERTAINTY_MEASURE_WITH_UNIT (LENGTH_MEASURE( 1.000000000000000100E-005 ), #867, 'distance_accuracy_value', 'NONE');
#8649 = DIRECTION ( 'NONE',  ( -0.0000000000000000000, -1.149055390210327300E-016, 1.000000000000000000 ) ) ;
#8650 = CYLINDRICAL_SURFACE ( 'NONE', #5282, 1.600000000000004100 ) ;
#8651 = ORIENTED_EDGE ( 'NONE', *, *, #3081, .T. ) ;
#8652 = PRESENTATION_LAYER_ASSIGNMENT (  '', '', ( #1117 ) ) ;
#8653 = CARTESIAN_POINT ( 'NONE',  ( 0.03012971658237818100, 4.578133820953755000, 0.0000000000000000000 ) ) ;
#8654 = PLANE ( 'NONE',  #3277 ) ;
#8655 = DIRECTION ( 'NONE',  ( -0.0000000000000000000, 1.149055390210327300E-016, -1.000000000000000000 ) ) ;
#8656 = VERTEX_POINT ( 'NONE', #2934 ) ;
#8657 = EDGE_CURVE ( 'NONE', #7956, #3586, #7841, .T. ) ;
#8658 = DIRECTION ( 'NONE',  ( -1.000000000000000000, -1.807003620809161800E-016, 0.0000000000000000000 ) ) ;
#8659 = CARTESIAN_POINT ( 'NONE',  ( -2.727227335716033700, -1.249892424674353000, 2.233936689907104700 ) ) ;
#8660 = DIRECTION ( 'NONE',  ( -0.0000000000000000000, -1.149055390210327300E-016, 1.000000000000000000 ) ) ;
#8661 = ORIENTED_EDGE ( 'NONE', *, *, #7963, .F. ) ;
#8662 = FACE_OUTER_BOUND ( 'NONE', #6033, .T. ) ;
#8663 = DIRECTION ( 'NONE',  ( 1.219727444046192700E-016, -1.000000000000000000, -0.0000000000000000000 ) ) ;
#8664 = PRESENTATION_LAYER_ASSIGNMENT (  '', '', ( #4506 ) ) ;
#8665 = EDGE_LOOP ( 'NONE', ( #339, #6943, #3989, #6126 ) ) ;
#8666 = PLANE ( 'NONE',  #4633 ) ;
#8667 = SURFACE_STYLE_FILL_AREA ( #8518 ) ;
#8668 = STYLED_ITEM ( 'NONE', ( #7807 ), #3429 ) ;
#8669 = CARTESIAN_POINT ( 'NONE',  ( -24.00000000000000000, 13.42339375865879700, -7.750000000000000000 ) ) ;
#8670 = ORIENTED_EDGE ( 'NONE', *, *, #5455, .T. ) ;
#8671 = CIRCLE ( 'NONE', #3580, 1.574999999999997500 ) ;
#8672 = FACE_OUTER_BOUND ( 'NONE', #432, .T. ) ;
#8673 = CIRCLE ( 'NONE', #292, 3.000000000000002700 ) ;
#8674 =( GEOMETRIC_REPRESENTATION_CONTEXT ( 3 ) GLOBAL_UNCERTAINTY_ASSIGNED_CONTEXT ( ( #3396 ) ) GLOBAL_UNIT_ASSIGNED_CONTEXT ( ( #3271, #3566, #2850 ) ) REPRESENTATION_CONTEXT ( 'NONE', 'WORKASPACE' ) );
#8675 = CIRCLE ( 'NONE', #6393, 15.00000000000000200 ) ;
#8676 = PRODUCT ( 'pan cross head_am_B18.6.7M - M3 x 0.5 x 4 Type I Cross Recessed PHMS --4N', 'pan cross head_am_B18.6.7M - M3 x 0.5 x 4 Type I Cross Recessed PHMS --4N', '', ( #3966 ) ) ;
#8677 = DIRECTION ( 'NONE',  ( 0.0000000000000000000, 0.0000000000000000000, -1.000000000000000000 ) ) ;
#8678 =( GEOMETRIC_REPRESENTATION_CONTEXT ( 3 ) GLOBAL_UNCERTAINTY_ASSIGNED_CONTEXT ( ( #6580 ) ) GLOBAL_UNIT_ASSIGNED_CONTEXT ( ( #8031, #1433, #7308 ) ) REPRESENTATION_CONTEXT ( 'NONE', 'WORKASPACE' ) );
#8679 = LINE ( 'NONE', #6797, #5363 ) ;
#8680 = VECTOR ( 'NONE', #747, 1000.000000000000000 ) ;
#8681 = EDGE_LOOP ( 'NONE', ( #1673, #6966 ) ) ;
#8682 = CIRCLE ( 'NONE', #5574, 1.499999999999999600 ) ;
#8683 = CARTESIAN_POINT ( 'NONE',  ( -25.00000000000000000, -1.577021341797097400E-015, -15.50000000000000000 ) ) ;
#8684 = AXIS2_PLACEMENT_3D ( 'NONE', #7747, #1161, #5706 ) ;
#8685 = ORIENTED_EDGE ( 'NONE', *, *, #5449, .F. ) ;
#8686 = CARTESIAN_POINT ( 'NONE',  ( -12.97772958825898600, -0.7693253882615078700, 1.401398098649561800 ) ) ;
#8687 = CARTESIAN_POINT ( 'NONE',  ( -9.454242944073598700E-014, -9.499999999999998200, 4.799999999999999800 ) ) ;
#8688 = LINE ( 'NONE', #2351, #8398 ) ;
#8689 = EDGE_CURVE ( 'NONE', #6665, #6002, #8014, .T. ) ;
#8690 = VERTEX_POINT ( 'NONE', #6246 ) ;
#8691 = DIRECTION ( 'NONE',  ( 0.0000000000000000000, -1.000000000000000000, 0.0000000000000000000 ) ) ;
#8692 = DIRECTION ( 'NONE',  ( -1.000000000000000000, -0.0000000000000000000, -0.0000000000000000000 ) ) ;
#8693 = EDGE_LOOP ( 'NONE', ( #2931, #2108 ) ) ;
#8694 = ORIENTED_EDGE ( 'NONE', *, *, #8482, .T. ) ;
#8695 = ORIENTED_EDGE ( 'NONE', *, *, #7689, .T. ) ;
#8696 = CARTESIAN_POINT ( 'NONE',  ( -20.50000000000000000, 2.400000000000000400, 3.001000000000000300 ) ) ;
#8697 = DIRECTION ( 'NONE',  ( -0.0000000000000000000, 1.149055390210327300E-016, -1.000000000000000000 ) ) ;
#8699 = AXIS2_PLACEMENT_3D ( 'NONE', #8099, #1797, #4497 ) ;
#8698 = SURFACE_STYLE_USAGE ( .BOTH. , #5087 ) ;
#8700 = VERTEX_POINT ( 'NONE', #6388 ) ;
#8701 =( NAMED_UNIT ( * ) PLANE_ANGLE_UNIT ( ) SI_UNIT ( $, .RADIAN. ) );
#8702 = VERTEX_POINT ( 'NONE', #5254 ) ;
#8703 = ORIENTED_EDGE ( 'NONE', *, *, #4650, .T. ) ;
#8704 = EDGE_CURVE ( 'NONE', #4109, #825, #413, .T. ) ;
#8705 = AXIS2_PLACEMENT_3D ( 'NONE', #7165, #4283, #5296 ) ;
#8706 = EDGE_CURVE ( 'NONE', #5644, #5173, #2718, .T. ) ;
#8707 = SURFACE_SIDE_STYLE ('',( #2792 ) ) ;
#8708 = DIRECTION ( 'NONE',  ( -0.0000000000000000000, 0.0000000000000000000, 1.000000000000000000 ) ) ;
#8709 = VERTEX_POINT ( 'NONE', #4389 ) ;
#8710 = DIRECTION ( 'NONE',  ( -1.000000000000000000, -0.0000000000000000000, -0.0000000000000000000 ) ) ;
#8711 = VERTEX_POINT ( 'NONE', #3221 ) ;
#8712 = ORIENTED_EDGE ( 'NONE', *, *, #7816, .F. ) ;
#8713 = CARTESIAN_POINT ( 'NONE',  ( 8.227241335952131300, -6.325000000000062400, -1.809762239581262600E-016 ) ) ;
#8714 = DIRECTION ( 'NONE',  ( 0.0000000000000000000, 0.0000000000000000000, 1.000000000000000000 ) ) ;
#8715 = CIRCLE ( 'NONE', #1048, 1.600000000000000800 ) ;
#8716 = ORIENTED_EDGE ( 'NONE', *, *, #4857, .T. ) ;
#8717 = DIRECTION ( 'NONE',  ( 1.000000000000000000, 0.0000000000000000000, 0.0000000000000000000 ) ) ;
#8718 = COLOUR_RGB ( '',0.6509803921568627600, 0.6196078431372549200, 0.5882352941176470800 ) ;
#8719 = DIRECTION ( 'NONE',  ( 1.000000000000000000, 1.219727444046192700E-016, 0.0000000000000000000 ) ) ;
#8720 = VERTEX_POINT ( 'NONE', #3520 ) ;
#8721 = CYLINDRICAL_SURFACE ( 'NONE', #824, 2.800000000000000300 ) ;
#8722 = VERTEX_POINT ( 'NONE', #5385 ) ;
#8723 = SHAPE_DEFINITION_REPRESENTATION ( #2893, #5408 ) ;
#8724 = EDGE_LOOP ( 'NONE', ( #5957, #5951, #6473, #1277 ) ) ;
#8725 = CARTESIAN_POINT ( 'NONE',  ( -25.00000000000000000, 9.741652934026770300E-013, 16.75000000000055800 ) ) ;
#8726 = EDGE_CURVE ( 'NONE', #7498, #2812, #8675, .T. ) ;
#8727 = DIRECTION ( 'NONE',  ( -1.000000000000000000, -1.219727444046192700E-016, 0.0000000000000000000 ) ) ;
#8728 = VERTEX_POINT ( 'NONE', #7140 ) ;
#8729 = DIRECTION ( 'NONE',  ( -0.0000000000000000000, -1.000000000000000000, -0.0000000000000000000 ) ) ;
#8730 = ORIENTED_EDGE ( 'NONE', *, *, #6733, .T. ) ;
#8731 = DIRECTION ( 'NONE',  ( 0.0000000000000000000, 1.000000000000000000, 1.445602896647339400E-016 ) ) ;
#8732 = UNCERTAINTY_MEASURE_WITH_UNIT (LENGTH_MEASURE( 1.000000000000000100E-005 ), #6055, 'distance_accuracy_value', 'NONE');
#8733 = EDGE_CURVE ( 'NONE', #1380, #2177, #989, .T. ) ;
#8734 = CIRCLE ( 'NONE', #7508, 1.249999999999990700 ) ;
#8735 =( GEOMETRIC_REPRESENTATION_CONTEXT ( 3 ) GLOBAL_UNCERTAINTY_ASSIGNED_CONTEXT ( ( #6906 ) ) GLOBAL_UNIT_ASSIGNED_CONTEXT ( ( #757, #2166, #1173 ) ) REPRESENTATION_CONTEXT ( 'NONE', 'WORKASPACE' ) );
#8736 = DIRECTION ( 'NONE',  ( 1.000000000000000000, 7.703719777548944800E-033, 0.0000000000000000000 ) ) ;
#8737 = CARTESIAN_POINT ( 'NONE',  ( -25.00000000000000000, -13.42339375865880800, -6.499999999998874700 ) ) ;
#8738 = ORIENTED_EDGE ( 'NONE', *, *, #671, .T. ) ;
#8739 = ORIENTED_EDGE ( 'NONE', *, *, #3153, .T. ) ;
#8740 = LINE ( 'NONE', #4402, #5461 ) ;
#8741 = CARTESIAN_POINT ( 'NONE',  ( -1.169870283417621800, -0.4218661790462440700, 0.0000000000000000000 ) ) ;
#8742 = ORIENTED_EDGE ( 'NONE', *, *, #4434, .T. ) ;
#8743 = VECTOR ( 'NONE', #7766, 1000.000000000000000 ) ;
#8744 = PRESENTATION_STYLE_ASSIGNMENT (( #3701 ) ) ;
#8745 = SURFACE_SIDE_STYLE ('',( #3992 ) ) ;
#8746 = AXIS2_PLACEMENT_3D ( 'NONE', #3121, #8749, #7162 ) ;
#8747 = EDGE_CURVE ( 'NONE', #5289, #973, #5245, .T. ) ;
#8748 = UNCERTAINTY_MEASURE_WITH_UNIT (LENGTH_MEASURE( 1.000000000000000100E-005 ), #226, 'distance_accuracy_value', 'NONE');
#8749 = DIRECTION ( 'NONE',  ( -0.0000000000000000000, 1.149055390210327300E-016, -1.000000000000000000 ) ) ;
#8750 = CYLINDRICAL_SURFACE ( 'NONE', #7514, 5.000000000000000000 ) ;
#8751 = CARTESIAN_POINT ( 'NONE',  ( -24.00000000000000000, 9.743183742525703300E-013, 14.25000000000056700 ) ) ;
#8752 = FILL_AREA_STYLE ('',( #2562 ) ) ;
#8753 = ADVANCED_FACE ( 'NONE', ( #7849 ), #4965, .T. ) ;
#8754 = DIRECTION ( 'NONE',  ( 0.0000000000000000000, -2.168404344971010300E-016, -1.000000000000000000 ) ) ;
#8755 = CARTESIAN_POINT ( 'NONE',  ( -20.50000000000000000, 3.673940397442059900E-016, -3.000000000000000000 ) ) ;
#8756 =( LENGTH_UNIT ( ) NAMED_UNIT ( * ) SI_UNIT ( .MILLI., .METRE. ) );
#8757 = SURFACE_STYLE_FILL_AREA ( #8473 ) ;
#8758 = PRESENTATION_LAYER_ASSIGNMENT (  '', '', ( #4606 ) ) ;
#8759 = CARTESIAN_POINT ( 'NONE',  ( 0.7471507068104801300, -2.629310344827593400, -3.219976497758129100E-016 ) ) ;
#8760 = DIRECTION ( 'NONE',  ( 0.0000000000000000000, -1.000000000000000000, 0.0000000000000000000 ) ) ;
#8761 = FILL_AREA_STYLE ('',( #6296 ) ) ;
#8762 =( LENGTH_UNIT ( ) NAMED_UNIT ( * ) SI_UNIT ( .MILLI., .METRE. ) );
#8763 = ORIENTED_EDGE ( 'NONE', *, *, #6622, .T. ) ;
#8764 = CARTESIAN_POINT ( 'NONE',  ( 0.0000000000000000000, -1.123233931208116200E-015, 8.400000000000000400 ) ) ;
#8765 = EDGE_CURVE ( 'NONE', #3529, #2379, #2116, .T. ) ;
#8766 = EDGE_CURVE ( 'NONE', #7551, #6787, #7898, .T. ) ;
#8767 = CARTESIAN_POINT ( 'NONE',  ( 6.600000000000001400, -7.000000000000000000, 51.20100000000000100 ) ) ;
#8768 = ORIENTED_EDGE ( 'NONE', *, *, #8189, .F. ) ;
#8769 = CYLINDRICAL_SURFACE ( 'NONE', #1588, 1.599999999999997200 ) ;
#8770 = STYLED_ITEM ( 'NONE', ( #1121 ), #1556 ) ;
#8771 = AXIS2_PLACEMENT_3D ( 'NONE', #5118, #576, #6552 ) ;
#8772 = CARTESIAN_POINT ( 'NONE',  ( -24.00000000000000000, 9.741652934026770300E-013, 16.75000000000056100 ) ) ;
#8773 =( NAMED_UNIT ( * ) PLANE_ANGLE_UNIT ( ) SI_UNIT ( $, .RADIAN. ) );
#8774 = DIRECTION ( 'NONE',  ( 1.000000000000000000, -0.0000000000000000000, -0.0000000000000000000 ) ) ;
#8775 = ORIENTED_EDGE ( 'NONE', *, *, #5623, .T. ) ;
#8776 =( GEOMETRIC_REPRESENTATION_CONTEXT ( 3 ) GLOBAL_UNCERTAINTY_ASSIGNED_CONTEXT ( ( #3215 ) ) GLOBAL_UNIT_ASSIGNED_CONTEXT ( ( #1816, #8701, #2778 ) ) REPRESENTATION_CONTEXT ( 'NONE', 'WORKASPACE' ) );
#8777 = FACE_BOUND ( 'NONE', #811, .T. ) ;
#8778 = DIRECTION ( 'NONE',  ( -1.000000000000000000, 0.0000000000000000000, 0.0000000000000000000 ) ) ;
#8779 = VERTEX_POINT ( 'NONE', #1839 ) ;
#8780 = PRESENTATION_LAYER_ASSIGNMENT (  '', '', ( #5191 ) ) ;
#8781 = VECTOR ( 'NONE', #5821, 1000.000000000000000 ) ;
#8782 = ADVANCED_FACE ( 'NONE', ( #6112 ), #8439, .F. ) ;
#8783 = CARTESIAN_POINT ( 'NONE',  ( -15.59999999999984900, -18.79999999999999700, 19.09999999999999800 ) ) ;
#8784 = LINE ( 'NONE', #1466, #5156 ) ;
#8785 =( GEOMETRIC_REPRESENTATION_CONTEXT ( 3 ) GLOBAL_UNCERTAINTY_ASSIGNED_CONTEXT ( ( #3881 ) ) GLOBAL_UNIT_ASSIGNED_CONTEXT ( ( #497, #7338, #2324 ) ) REPRESENTATION_CONTEXT ( 'NONE', 'WORKASPACE' ) );
#8786 = LINE ( 'NONE', #6021, #1233 ) ;
#8787 = CARTESIAN_POINT ( 'NONE',  ( 13.84999999999999800, 1.082359215041371300E-013, 51.20100000000000100 ) ) ;
#8788 = VERTEX_POINT ( 'NONE', #2676 ) ;
#8789 = LINE ( 'NONE', #5033, #6835 ) ;
#8790 = EDGE_CURVE ( 'NONE', #1186, #2521, #2539, .T. ) ;
#8791 = DIRECTION ( 'NONE',  ( -1.000000000000000000, -0.0000000000000000000, -0.0000000000000000000 ) ) ;
#8792 = CYLINDRICAL_SURFACE ( 'NONE', #5593, 1.574999999999997500 ) ;
#8793 = VERTEX_POINT ( 'NONE', #4807 ) ;
#8794 = CONICAL_SURFACE ( 'NONE', #7850, 5.999999999999996400, 0.7853981633974498300 ) ;
#8795 =( GEOMETRIC_REPRESENTATION_CONTEXT ( 3 ) GLOBAL_UNCERTAINTY_ASSIGNED_CONTEXT ( ( #4731 ) ) GLOBAL_UNIT_ASSIGNED_CONTEXT ( ( #1190, #5453, #196 ) ) REPRESENTATION_CONTEXT ( 'NONE', 'WORKASPACE' ) );
#8796 = CARTESIAN_POINT ( 'NONE',  ( 0.0000000000000000000, 0.0000000000000000000, -1.250000000000000000 ) ) ;
#8797 = CYLINDRICAL_SURFACE ( 'NONE', #7998, 1.600000000000004100 ) ;
#8798 = PRESENTATION_STYLE_ASSIGNMENT (( #8066 ) ) ;
#8799 = ORIENTED_EDGE ( 'NONE', *, *, #7062, .F. ) ;
#8800 = FACE_BOUND ( 'NONE', #6674, .T. ) ;
#8801 = DIRECTION ( 'NONE',  ( -0.0000000000000000000, -0.0000000000000000000, -1.000000000000000000 ) ) ;
#8802 = CARTESIAN_POINT ( 'NONE',  ( -24.00000000000000000, -7.000000000000002700, 9.685169074414750100 ) ) ;
#8803 = B_SPLINE_CURVE_WITH_KNOTS ( 'NONE', 3,
 ( #3502, #5241, #4376, #1523 ),
 .UNSPECIFIED., .F., .F.,
 ( 4, 4 ),
 ( 0.0001814316147980494600, 0.0003794841311880577900 ),
 .UNSPECIFIED. ) ;
#8804 = DIRECTION ( 'NONE',  ( -0.5150380749100544900, 0.0000000000000000000, 0.8571673007021121100 ) ) ;
#8805 = EDGE_CURVE ( 'NONE', #2657, #2754, #883, .T. ) ;
#8806 = EDGE_LOOP ( 'NONE', ( #8102, #1765, #7245, #7332 ) ) ;
#8807 = MECHANICAL_DESIGN_GEOMETRIC_PRESENTATION_REPRESENTATION (  '', ( #1783 ), #7591 ) ;
#8808 = DIRECTION ( 'NONE',  ( -0.0000000000000000000, -1.000000000000000000, -0.0000000000000000000 ) ) ;
#8809 = DIRECTION ( 'NONE',  ( -1.000000000000000000, 0.0000000000000000000, -0.0000000000000000000 ) ) ;
#8810 = EDGE_CURVE ( 'NONE', #2379, #7718, #7900, .T. ) ;
#8811 = LINE ( 'NONE', #6193, #8085 ) ;
#8812 = ORIENTED_EDGE ( 'NONE', *, *, #6199, .F. ) ;
#8813 = FILL_AREA_STYLE_COLOUR ( '', #3718 ) ;
#8814 = CARTESIAN_POINT ( 'NONE',  ( -5.875572544199749300, -1.217283505800179400, 6.928199954778641300 ) ) ;
#8815 = CARTESIAN_POINT ( 'NONE',  ( 7.750000000000063100, -13.42339375865876500, 51.20100000000000100 ) ) ;
#8816 = VECTOR ( 'NONE', #7452, 1000.000000000000000 ) ;
#8817 = DIRECTION ( 'NONE',  ( -0.0000000000000000000, -0.0000000000000000000, -1.000000000000000000 ) ) ;
#8818 = AXIS2_PLACEMENT_3D ( 'NONE', #8150, #6400, #2665 ) ;
#8819 = ADVANCED_FACE ( 'NONE', ( #143 ), #6268, .F. ) ;
#8820 = ADVANCED_FACE ( 'NONE', ( #2826 ), #3983, .F. ) ;
#8821 = EDGE_LOOP ( 'NONE', ( #3797, #5266 ) ) ;
#8822 =( GEOMETRIC_REPRESENTATION_CONTEXT ( 3 ) GLOBAL_UNCERTAINTY_ASSIGNED_CONTEXT ( ( #6809 ) ) GLOBAL_UNIT_ASSIGNED_CONTEXT ( ( #5378, #7986, #836 ) ) REPRESENTATION_CONTEXT ( 'NONE', 'WORKASPACE' ) );
#8823 = AXIS2_PLACEMENT_3D ( 'NONE', #5028, #5450, #2999 ) ;
#8824 = CYLINDRICAL_SURFACE ( 'NONE', #66, 1.200000000000000200 ) ;
#8825 = ORIENTED_EDGE ( 'NONE', *, *, #5567, .T. ) ;
#8826 = SURFACE_SIDE_STYLE ('',( #404 ) ) ;
#8827 = PRESENTATION_LAYER_ASSIGNMENT (  '', '', ( #8012 ) ) ;
#8828 = AXIS2_PLACEMENT_3D ( 'NONE', #7592, #6872, #884 ) ;
#8829 = CIRCLE ( 'NONE', #5498, 1.600000000000004100 ) ;
#8830 = DIRECTION ( 'NONE',  ( 0.0000000000000000000, 0.0000000000000000000, -1.000000000000000000 ) ) ;
#8831 = AXIS2_PLACEMENT_3D ( 'NONE', #5402, #8003, #5671 ) ;
#8832 = ORIENTED_EDGE ( 'NONE', *, *, #4885, .F. ) ;
#8833 =( NAMED_UNIT ( * ) SI_UNIT ( $, .STERADIAN. ) SOLID_ANGLE_UNIT ( ) );
#8834 = EDGE_LOOP ( 'NONE', ( #4499, #5112 ) ) ;
#8835 = CARTESIAN_POINT ( 'NONE',  ( -25.00000000000000000, -7.987769275717528900, -8.659297907259983200 ) ) ;
#8836 = FILL_AREA_STYLE_COLOUR ( '', #5752 ) ;
#8837 = EDGE_CURVE ( 'NONE', #8585, #6864, #353, .T. ) ;
#8838 = UNCERTAINTY_MEASURE_WITH_UNIT (LENGTH_MEASURE( 1.000000000000000100E-005 ), #2621, 'distance_accuracy_value', 'NONE');
#8839 = PRESENTATION_LAYER_ASSIGNMENT (  '', '', ( #7241 ) ) ;
#8840 = VECTOR ( 'NONE', #8371, 1000.000000000000000 ) ;
#8841 = CARTESIAN_POINT ( 'NONE',  ( -15.59999999999984900, -20.80000000000000100, 47.89999999999999900 ) ) ;
#8842 = VERTEX_POINT ( 'NONE', #8301 ) ;
#8843 = ORIENTED_EDGE ( 'NONE', *, *, #4508, .F. ) ;
#8844 = ORIENTED_EDGE ( 'NONE', *, *, #3119, .T. ) ;
#8845 =( LENGTH_UNIT ( ) NAMED_UNIT ( * ) SI_UNIT ( .MILLI., .METRE. ) );
#8846 = LINE ( 'NONE', #4645, #3862 ) ;
#8847 = ORIENTED_EDGE ( 'NONE', *, *, #331, .F. ) ;
#8848 = DIRECTION ( 'NONE',  ( -1.000000000000000000, -0.0000000000000000000, -0.0000000000000000000 ) ) ;
#8849 = LINE ( 'NONE', #2237, #3577 ) ;
#8850 = ORIENTED_EDGE ( 'NONE', *, *, #7307, .T. ) ;
#8851 = ORIENTED_EDGE ( 'NONE', *, *, #5784, .T. ) ;
#8852 = CARTESIAN_POINT ( 'NONE',  ( 12.00000000000000000, 2.828133820953756300, -0.7500000000000005600 ) ) ;
#8853 = FILL_AREA_STYLE_COLOUR ( '', #248 ) ;
#8854 = CARTESIAN_POINT ( 'NONE',  ( -24.00000000000000000, -13.42339375865879900, 6.500000000001131500 ) ) ;
#8855 = CARTESIAN_POINT ( 'NONE',  ( -9.399999999999970200, -13.42339375865881700, 0.0000000000000000000 ) ) ;
#8856 = AXIS2_PLACEMENT_3D ( 'NONE', #2288, #4437, #4575 ) ;
#8857 =( NAMED_UNIT ( * ) PLANE_ANGLE_UNIT ( ) SI_UNIT ( $, .RADIAN. ) );
#8858 = VECTOR ( 'NONE', #4693, 1000.000000000000100 ) ;
#8859 = ORIENTED_EDGE ( 'NONE', *, *, #3568, .T. ) ;
#8860 = DIRECTION ( 'NONE',  ( -1.219727444046192700E-016, 1.000000000000000000, 0.0000000000000000000 ) ) ;
#8861 = ORIENTED_EDGE ( 'NONE', *, *, #7386, .T. ) ;
#8862 = ORIENTED_EDGE ( 'NONE', *, *, #6178, .F. ) ;
#8863 = EDGE_CURVE ( 'NONE', #7389, #6713, #6677, .T. ) ;
#8864 = ORIENTED_EDGE ( 'NONE', *, *, #948, .T. ) ;
#8865 = APPLICATION_PROTOCOL_DEFINITION ( 'draft international standard', 'automotive_design', 1998, #6842 ) ;
#8866 =( LENGTH_UNIT ( ) NAMED_UNIT ( * ) SI_UNIT ( .MILLI., .METRE. ) );
#8867 = DIRECTION ( 'NONE',  ( -0.0000000000000000000, 1.000000000000000000, -0.0000000000000000000 ) ) ;
#8868 = ORIENTED_EDGE ( 'NONE', *, *, #713, .T. ) ;
#8869 = CARTESIAN_POINT ( 'NONE',  ( -8.500000000000000000, 2.400000000000000400, 3.001000000000000300 ) ) ;
#8870 = EDGE_CURVE ( 'NONE', #6521, #4805, #2291, .T. ) ;
#8871 = ORIENTED_EDGE ( 'NONE', *, *, #6589, .T. ) ;
#8872 = NEXT_ASSEMBLY_USAGE_OCCURRENCE ( 'NAUO1', ' ', ' ', #5772, #7640, $ ) ;
#8873 = NEXT_ASSEMBLY_USAGE_OCCURRENCE ( 'NAUO2', ' ', ' ', #5772, #2423, $ ) ;
#8874 = NEXT_ASSEMBLY_USAGE_OCCURRENCE ( 'NAUO3', ' ', ' ', #5772, #7011, $ ) ;
#8875 = NEXT_ASSEMBLY_USAGE_OCCURRENCE ( 'NAUO4', ' ', ' ', #5772, #4989, $ ) ;
#8876 = NEXT_ASSEMBLY_USAGE_OCCURRENCE ( 'NAUO5', ' ', ' ', #5772, #7699, $ ) ;
#8877 = NEXT_ASSEMBLY_USAGE_OCCURRENCE ( 'NAUO6', ' ', ' ', #5772, #5605, $ ) ;
#8878 = NEXT_ASSEMBLY_USAGE_OCCURRENCE ( 'NAUO7', ' ', ' ', #5772, #2348, $ ) ;
#8879 = NEXT_ASSEMBLY_USAGE_OCCURRENCE ( 'NAUO8', ' ', ' ', #5772, #2348, $ ) ;
#8880 = NEXT_ASSEMBLY_USAGE_OCCURRENCE ( 'NAUO9', ' ', ' ', #5772, #2348, $ ) ;
#8881 = NEXT_ASSEMBLY_USAGE_OCCURRENCE ( 'NAUO10', ' ', ' ', #5772, #2348, $ ) ;
#8882 = NEXT_ASSEMBLY_USAGE_OCCURRENCE ( 'NAUO11', ' ', ' ', #5772, #2348, $ ) ;
#8883 = NEXT_ASSEMBLY_USAGE_OCCURRENCE ( 'NAUO12', ' ', ' ', #5772, #2348, $ ) ;
ENDSEC;
END-ISO-10303-21;
